Date;Région;Filière;Valeur (TWh)
2014-01;"Île-de-France";"Autre";-1,7011392294819E-19
2014-02;"Île-de-France";"Autre";-1,7047821487814E-19
2014-03;"Île-de-France";"Autre";-5,7370774797505E-20
2014-04;"Île-de-France";"Autre";-1,157962614684E-19
2014-05;"Île-de-France";"Autre";-7,3543948708732E-19
2014-06;"Île-de-France";"Autre";-5,3045241810157E-20
2014-07;"Île-de-France";"Autre";-8,8960089295043E-20
2014-08;"Île-de-France";"Autre";2,5274921044982E-20
2014-09;"Île-de-France";"Autre";-1,1577891423364E-19
2014-10;"Île-de-France";"Autre";-4,7807244274445E-20
2014-11;"Île-de-France";"Autre";-1,3035232615532E-19
2014-12;"Île-de-France";"Autre";-2,8427347281701E-19
2015-01;"Île-de-France";"Autre";1,7231875648616E-19
2015-02;"Île-de-France";"Autre";-5,6852959839926E-20
2015-03;"Île-de-France";"Autre";-2,1505019986989E-19
2015-04;"Île-de-France";"Autre";3,6888721244299E-19
2015-05;"Île-de-France";"Autre";-2,2903554053322E-19
2015-06;"Île-de-France";"Autre";-2,2765036383765E-19
2015-07;"Île-de-France";"Autre";1,9773158804748E-19
2015-08;"Île-de-France";"Autre";6,3837650443599E-19
2015-09;"Île-de-France";"Autre";6,2611027473736E-19
2015-10;"Île-de-France";"Autre";-1,5768636396629E-20
2015-11;"Île-de-France";"Autre";1,215083589301E-18
2015-12;"Île-de-France";"Autre";4,2714963510715E-20
2016-01;"Île-de-France";"Autre";-4,5536577980565E-19
2016-02;"Île-de-France";"Autre";-3,9798112722034E-19
2016-03;"Île-de-France";"Autre";-2,1481080803021E-19
2016-04;"Île-de-France";"Autre";1,9913758142476E-19
2016-05;"Île-de-France";"Autre";1,4563003580825E-21
2016-06;"Île-de-France";"Autre";-1,0009354456386E-21
2016-07;"Île-de-France";"Autre";5,6341216414513E-20
2016-08;"Île-de-France";"Autre";-2,2658264153819E-19
2016-09;"Île-de-France";"Autre";-8,5201810884339E-20
2016-10;"Île-de-France";"Autre";1,4273738441206E-19
2016-11;"Île-de-France";"Autre";-4,8430703891711E-19
2016-12;"Île-de-France";"Autre";6,927791673661E-20
2017-01;"Île-de-France";"Autre";0,000360282
2017-02;"Île-de-France";"Autre";0,000325416
2017-03;"Île-de-France";"Autre";0,000360292
2017-04;"Île-de-France";"Autre";0,00034866
2017-05;"Île-de-France";"Autre";0,000360282
2017-06;"Île-de-France";"Autre";0,00034866
2017-07;"Île-de-France";"Autre";0,000360282
2017-08;"Île-de-France";"Autre";0,000360282
2017-09;"Île-de-France";"Autre";0,00034866
2017-10;"Île-de-France";"Autre";0,00036027
2017-11;"Île-de-France";"Autre";0,00034866
2017-12;"Île-de-France";"Autre";0,000360282
2018-01;"Île-de-France";"Autre";0,00051956
2018-02;"Île-de-France";"Autre";0,00046928
2018-03;"Île-de-France";"Autre";0,000519573
2018-04;"Île-de-France";"Autre";0,0005028
2018-05;"Île-de-France";"Autre";0,00051956
2018-06;"Île-de-France";"Autre";0,0005238
2018-07;"Île-de-France";"Autre";0,00051956
2018-08;"Île-de-France";"Autre";0,00051956
2018-09;"Île-de-France";"Autre";0,0005028
2018-10;"Île-de-France";"Autre";0,000519544
2018-11;"Île-de-France";"Autre";0,0005028
2018-12;"Île-de-France";"Autre";0,000520676
2019-01;"Île-de-France";"Autre";4,4857E-5
2019-02;"Île-de-France";"Autre";4,0516E-5
2019-03;"Île-de-France";"Autre";4,4858E-5
2019-04;"Île-de-France";"Autre";4,341E-5
2019-05;"Île-de-France";"Autre";4,4857E-5
2019-06;"Île-de-France";"Autre";7,212E-5
2019-07;"Île-de-France";"Autre";4,4857E-5
2019-08;"Île-de-France";"Autre";4,4857E-5
2019-09;"Île-de-France";"Autre";4,341E-5
2019-10;"Île-de-France";"Autre";4,4855000000001E-5
2019-11;"Île-de-France";"Autre";4,3410000000001E-5
2019-12;"Île-de-France";"Autre";4,4856999999999E-5
2020-01;"Île-de-France";"Autre";4,4857E-5
2020-02;"Île-de-France";"Autre";4,0512999999998E-5
2020-03;"Île-de-France";"Autre";4,4858E-5
2020-04;"Île-de-France";"Autre";4,3409999999999E-5
2020-05;"Île-de-France";"Autre";4,4857E-5
2020-06;"Île-de-France";"Autre";4,341E-5
2020-07;"Île-de-France";"Autre";4,4857E-5
2020-08;"Île-de-France";"Autre";4,4857E-5
2020-09;"Île-de-France";"Autre";4,341E-5
2020-10;"Île-de-France";"Autre";4,4855E-5
2020-11;"Île-de-France";"Autre";4,341E-5
2020-12;"Île-de-France";"Autre";4,4856999999999E-5
2021-01;"Île-de-France";"Autre";4,4857000000001E-5
2021-02;"Île-de-France";"Autre";4,0516E-5
2021-03;"Île-de-France";"Autre";4,4859E-5
2021-04;"Île-de-France";"Autre";4,341E-5
2021-05;"Île-de-France";"Autre";4,4856999999999E-5
2021-06;"Île-de-France";"Autre";4,341E-5
2021-07;"Île-de-France";"Autre";4,4857E-5
2021-08;"Île-de-France";"Autre";4,4857E-5
2021-09;"Île-de-France";"Autre";4,341E-5
2021-10;"Île-de-France";"Autre";4,4855E-5
2021-11;"Île-de-France";"Autre";4,341E-5
2021-12;"Île-de-France";"Autre";4,4857E-5
2022-01;"Île-de-France";"Autre";5,1462877E-5
2022-02;"Île-de-France";"Autre";5,2336264999999E-5
2022-03;"Île-de-France";"Autre";5,0943615E-5
2022-04;"Île-de-France";"Autre";5,0093599999999E-5
2022-05;"Île-de-France";"Autre";4,8984227E-5
2022-06;"Île-de-France";"Autre";4,3666074E-5
2022-07;"Île-de-France";"Autre";4,5154837E-5
2022-08;"Île-de-France";"Autre";4,5112003000001E-5
2022-09;"Île-de-France";"Autre";4,357839E-5
2022-10;"Île-de-France";"Autre";4,3580264E-5
2022-11;"Île-de-France";"Autre";4,3457378E-5
2022-12;"Île-de-France";"Autre";4,3433666E-5
2023-01;"Île-de-France";"Autre";4,3487607000002E-5
2023-02;"Île-de-France";"Autre";5,0113567E-5
2023-03;"Île-de-France";"Autre";4,6882634000001E-5
2023-04;"Île-de-France";"Autre";4,681302E-5
2023-05;"Île-de-France";"Autre";4,670801E-5
2023-06;"Île-de-France";"Autre";4,361088E-5
2023-07;"Île-de-France";"Autre";4,3477066E-5
2023-08;"Île-de-France";"Autre";4,3477066E-5
2023-09;"Île-de-France";"Autre";4,347489E-5
2023-10;"Île-de-France";"Autre";4,3478088999999E-5
2023-11;"Île-de-France";"Autre";4,347489E-5
2023-12;"Île-de-France";"Autre";4,7251068E-5
2024-01;"Île-de-France";"Autre";4,9792076000002E-5
2024-02;"Île-de-France";"Autre";6,6864272E-5
2024-03;"Île-de-France";"Autre";5,4646725E-5
2024-04;"Île-de-France";"Autre";0,000502131377
2024-05;"Île-de-France";"Autre";0,000157977763
2024-06;"Île-de-France";"Autre";4,4316035E-5
2024-07;"Île-de-France";"Autre";4,4183515E-5
2024-08;"Île-de-France";"Autre";4,4425573E-5
2024-09;"Île-de-France";"Autre";4,4476148000001E-5
2024-10;"Île-de-France";"Autre";4,5215794E-5
2024-11;"Île-de-France";"Autre";4,9703597E-5
2024-12;"Île-de-France";"Autre";8,830748E-5
2025-01;"Île-de-France";"Autre";0,000406341554
2025-02;"Île-de-France";"Autre";0,001024595433
2025-03;"Île-de-France";"Autre";0,001035560658
2025-04;"Île-de-France";"Autre";7,2902376999999E-5
2025-05;"Île-de-France";"Autre";4,4548984E-5
2025-06;"Île-de-France";"Autre";4,454898E-5
2025-07;"Île-de-France";"Autre";4,4548984000001E-5
2025-08;"Île-de-France";"Autre";4,4548984E-5
2025-09;"Île-de-France";"Autre";4,4618970000001E-5
2025-10;"Île-de-France";"Autre";4,5924981000001E-5
2025-11;"Île-de-France";"Autre";5,507699E-5
2014-01;"Île-de-France";"Solaire";0,001568198
2014-02;"Île-de-France";"Solaire";0,002938564
2014-03;"Île-de-France";"Solaire";0,006590477
2014-04;"Île-de-France";"Solaire";0,006938747
2014-05;"Île-de-France";"Solaire";0,008347582
2014-06;"Île-de-France";"Solaire";0,009424704
2014-07;"Île-de-France";"Solaire";0,007915417
2014-08;"Île-de-France";"Solaire";0,007530585
2014-09;"Île-de-France";"Solaire";0,007394077
2014-10;"Île-de-France";"Solaire";0,00408071
2014-11;"Île-de-France";"Solaire";0,002239658
2014-12;"Île-de-France";"Solaire";0,001151801
2015-01;"Île-de-France";"Solaire";0,001538583
2015-02;"Île-de-France";"Solaire";0,003066745
2015-03;"Île-de-France";"Solaire";0,005437119
2015-04;"Île-de-France";"Solaire";0,008214703
2015-05;"Île-de-France";"Solaire";0,008762019
2015-06;"Île-de-France";"Solaire";0,010710409
2015-07;"Île-de-France";"Solaire";0,009782637
2015-08;"Île-de-France";"Solaire";0,008748197
2015-09;"Île-de-France";"Solaire";0,007058791
2015-10;"Île-de-France";"Solaire";0,004246589
2015-11;"Île-de-France";"Solaire";0,002461669
2015-12;"Île-de-France";"Solaire";0,00198863
2016-01;"Île-de-France";"Solaire";0,001823095
2016-02;"Île-de-France";"Solaire";0,003281579
2016-03;"Île-de-France";"Solaire";0,00525377
2016-04;"Île-de-France";"Solaire";0,007529361
2016-05;"Île-de-France";"Solaire";0,007656379
2016-06;"Île-de-France";"Solaire";0,007253587
2016-07;"Île-de-France";"Solaire";0,009636728
2016-08;"Île-de-France";"Solaire";0,009140396
2016-09;"Île-de-France";"Solaire";0,006379216
2016-10;"Île-de-France";"Solaire";0,007304798
2016-11;"Île-de-France";"Solaire";0,002348157
2016-12;"Île-de-France";"Solaire";0,002082958
2017-01;"Île-de-France";"Solaire";0,002019666
2017-02;"Île-de-France";"Solaire";0,002601705
2017-03;"Île-de-France";"Solaire";0,005006775
2017-04;"Île-de-France";"Solaire";0,008255512
2017-05;"Île-de-France";"Solaire";0,009589074
2017-06;"Île-de-France";"Solaire";0,010448398
2017-07;"Île-de-France";"Solaire";0,008926919
2017-08;"Île-de-France";"Solaire";0,008252599
2017-09;"Île-de-France";"Solaire";0,006419982
2017-10;"Île-de-France";"Solaire";0,00479446
2017-11;"Île-de-France";"Solaire";0,002478069
2017-12;"Île-de-France";"Solaire";0,001284421
2018-01;"Île-de-France";"Solaire";0,000958052
2018-02;"Île-de-France";"Solaire";0,003502731
2018-03;"Île-de-France";"Solaire";0,004866465
2018-04;"Île-de-France";"Solaire";0,007989227
2018-05;"Île-de-France";"Solaire";0,011182367
2018-06;"Île-de-France";"Solaire";0,010522259
2018-07;"Île-de-France";"Solaire";0,011766364
2018-08;"Île-de-France";"Solaire";0,010047543
2018-09;"Île-de-France";"Solaire";0,008653703
2018-10;"Île-de-France";"Solaire";0,007805353
2018-11;"Île-de-France";"Solaire";0,004672982
2018-12;"Île-de-France";"Solaire";0,000897361
2019-01;"Île-de-France";"Solaire";0,00271484
2019-02;"Île-de-France";"Solaire";0,005526852
2019-03;"Île-de-France";"Solaire";0,007778985
2019-04;"Île-de-France";"Solaire";0,008912594
2019-05;"Île-de-France";"Solaire";0,011155217
2019-06;"Île-de-France";"Solaire";0,012084752
2019-07;"Île-de-France";"Solaire";0,013074514
2019-08;"Île-de-France";"Solaire";0,011756139
2019-09;"Île-de-France";"Solaire";0,011172904
2019-10;"Île-de-France";"Solaire";0,007219754
2019-11;"Île-de-France";"Solaire";0,004472633
2019-12;"Île-de-France";"Solaire";0,004291969
2020-01;"Île-de-France";"Solaire";0,003572626
2020-02;"Île-de-France";"Solaire";0,005413672
2020-03;"Île-de-France";"Solaire";0,008535863
2020-04;"Île-de-France";"Solaire";0,012641117
2020-05;"Île-de-France";"Solaire";0,015653545
2020-06;"Île-de-France";"Solaire";0,013980431
2020-07;"Île-de-France";"Solaire";0,017495586
2020-08;"Île-de-France";"Solaire";0,016739053
2020-09;"Île-de-France";"Solaire";0,014295583
2020-10;"Île-de-France";"Solaire";0,008018861
2020-11;"Île-de-France";"Solaire";0,006335949
2020-12;"Île-de-France";"Solaire";0,003754804
2021-01;"Île-de-France";"Solaire";0,003014319
2021-02;"Île-de-France";"Solaire";0,006233257
2021-03;"Île-de-France";"Solaire";0,012121204
2021-04;"Île-de-France";"Solaire";0,016737091
2021-05;"Île-de-France";"Solaire";0,016545799
2021-06;"Île-de-France";"Solaire";0,017194568
2021-07;"Île-de-France";"Solaire";0,016422902
2021-08;"Île-de-France";"Solaire";0,019991109
2021-09;"Île-de-France";"Solaire";0,018544478
2021-10;"Île-de-France";"Solaire";0,014546118
2021-11;"Île-de-France";"Solaire";0,007508963
2021-12;"Île-de-France";"Solaire";0,004819789
2022-01;"Île-de-France";"Solaire";0,005709587638
2022-02;"Île-de-France";"Solaire";0,010013071039
2022-03;"Île-de-France";"Solaire";0,017558099367
2022-04;"Île-de-France";"Solaire";0,021853883486
2022-05;"Île-de-France";"Solaire";0,028727569339
2022-06;"Île-de-France";"Solaire";0,027885773828
2022-07;"Île-de-France";"Solaire";0,033395328992
2022-08;"Île-de-France";"Solaire";0,031943797516
2022-09;"Île-de-France";"Solaire";0,021854779349
2022-10;"Île-de-France";"Solaire";0,017918430202
2022-11;"Île-de-France";"Solaire";0,008789126378
2022-12;"Île-de-France";"Solaire";0,004732001447
2023-01;"Île-de-France";"Solaire";0,005930356723
2023-02;"Île-de-France";"Solaire";0,014332818447
2023-03;"Île-de-France";"Solaire";0,022323936766
2023-04;"Île-de-France";"Solaire";0,031072562347
2023-05;"Île-de-France";"Solaire";0,042135655331
2023-06;"Île-de-France";"Solaire";0,050968221055
2023-07;"Île-de-France";"Solaire";0,04197441113
2023-08;"Île-de-France";"Solaire";0,038974738147
2023-09;"Île-de-France";"Solaire";0,034820042954
2023-10;"Île-de-France";"Solaire";0,023530102076
2023-11;"Île-de-France";"Solaire";0,010982759391
2023-12;"Île-de-France";"Solaire";0,006877359514
2024-01;"Île-de-France";"Solaire";0,009331543618
2024-02;"Île-de-France";"Solaire";0,010846483616
2024-03;"Île-de-France";"Solaire";0,02720429717
2024-04;"Île-de-France";"Solaire";0,032013872605
2024-05;"Île-de-France";"Solaire";0,039660776732
2024-06;"Île-de-France";"Solaire";0,044466087382
2024-07;"Île-de-France";"Solaire";0,047176947051
2024-08;"Île-de-France";"Solaire";0,049001275748
2024-09;"Île-de-France";"Solaire";0,035579449741
2024-10;"Île-de-France";"Solaire";0,022671743008
2024-11;"Île-de-France";"Solaire";0,010236089187
2024-12;"Île-de-France";"Solaire";0,007413646765
2025-01;"Île-de-France";"Solaire";0,008017959696
2025-02;"Île-de-France";"Solaire";0,015378375945
2025-03;"Île-de-France";"Solaire";0,03590703247
2025-04;"Île-de-France";"Solaire";0,042565283999
2025-05;"Île-de-France";"Solaire";0,045025347428
2025-06;"Île-de-France";"Solaire";0,051805705204
2025-07;"Île-de-France";"Solaire";0,061211604664
2025-08;"Île-de-France";"Solaire";0,057905204888
2025-09;"Île-de-France";"Solaire";0,040579229361
2025-10;"Île-de-France";"Solaire";0,028046520055
2025-11;"Île-de-France";"Solaire";0,013587180982
2014-01;"Île-de-France";"Hydraulique";0,001826858
2014-02;"Île-de-France";"Hydraulique";0,000748735
2014-03;"Île-de-France";"Hydraulique";0,004151241
2014-04;"Île-de-France";"Hydraulique";0,006856836
2014-05;"Île-de-France";"Hydraulique";0,005799564
2014-06;"Île-de-France";"Hydraulique";0,00350147
2014-07;"Île-de-France";"Hydraulique";0,003470074
2014-08;"Île-de-France";"Hydraulique";0,005154374
2014-09;"Île-de-France";"Hydraulique";0,004613762
2014-10;"Île-de-France";"Hydraulique";0,005938675
2014-11;"Île-de-France";"Hydraulique";0,00581355
2014-12;"Île-de-France";"Hydraulique";0,004351787
2015-01;"Île-de-France";"Hydraulique";0,002077706
2015-02;"Île-de-France";"Hydraulique";0,002286306
2015-03;"Île-de-France";"Hydraulique";0,004125536
2015-04;"Île-de-France";"Hydraulique";0,00496674
2015-05;"Île-de-France";"Hydraulique";0,00343586
2015-06;"Île-de-France";"Hydraulique";0,005995462
2015-07;"Île-de-France";"Hydraulique";0,003572401
2015-08;"Île-de-France";"Hydraulique";0,004043142
2015-09;"Île-de-France";"Hydraulique";0,005832511
2015-10;"Île-de-France";"Hydraulique";0,006094675
2015-11;"Île-de-France";"Hydraulique";0,005381088
2015-12;"Île-de-France";"Hydraulique";0,007410761
2016-01;"Île-de-France";"Hydraulique";0,007935245
2016-02;"Île-de-France";"Hydraulique";0,001555935
2016-03;"Île-de-France";"Hydraulique";0,003672791
2016-04;"Île-de-France";"Hydraulique";0,005277027
2016-05;"Île-de-France";"Hydraulique";0,006348993
2016-06;"Île-de-France";"Hydraulique";8,8929E-5
2016-07;"Île-de-France";"Hydraulique";0,005518768
2016-08;"Île-de-France";"Hydraulique";0,004894685
2016-09;"Île-de-France";"Hydraulique";0,004997439
2016-10;"Île-de-France";"Hydraulique";0,004962375
2016-11;"Île-de-France";"Hydraulique";0,005672035
2016-12;"Île-de-France";"Hydraulique";0,007056373
2017-01;"Île-de-France";"Hydraulique";0,007334798
2017-02;"Île-de-France";"Hydraulique";0,007678721
2017-03;"Île-de-France";"Hydraulique";0,004801386
2017-04;"Île-de-France";"Hydraulique";0,006889016
2017-05;"Île-de-France";"Hydraulique";0,004877823
2017-06;"Île-de-France";"Hydraulique";0,003244537
2017-07;"Île-de-France";"Hydraulique";0,003529257
2017-08;"Île-de-France";"Hydraulique";0,003409626
2017-09;"Île-de-France";"Hydraulique";0,003646612
2017-10;"Île-de-France";"Hydraulique";0,004309842
2017-11;"Île-de-France";"Hydraulique";0,004136519
2017-12;"Île-de-France";"Hydraulique";0,004826679
2018-01;"Île-de-France";"Hydraulique";0,000235514
2018-02;"Île-de-France";"Hydraulique";4,9452E-5
2018-03;"Île-de-France";"Hydraulique";0,000100971
2018-04;"Île-de-France";"Hydraulique";0,001044584
2018-05;"Île-de-France";"Hydraulique";0,006005708
2018-06;"Île-de-France";"Hydraulique";0,005921192
2018-07;"Île-de-France";"Hydraulique";0,005091257
2018-08;"Île-de-France";"Hydraulique";0,004350598
2018-09;"Île-de-France";"Hydraulique";0,003381238
2018-10;"Île-de-France";"Hydraulique";0,003985127
2018-11;"Île-de-France";"Hydraulique";0,003894444
2018-12;"Île-de-France";"Hydraulique";0,006639787
2019-01;"Île-de-France";"Hydraulique";0,006255959
2019-02;"Île-de-France";"Hydraulique";0,006034964
2019-03;"Île-de-France";"Hydraulique";0,007321056
2019-04;"Île-de-France";"Hydraulique";0,007152864
2019-05;"Île-de-France";"Hydraulique";0,007119362
2019-06;"Île-de-France";"Hydraulique";0,004767881
2019-07;"Île-de-France";"Hydraulique";0,003336776
2019-08;"Île-de-France";"Hydraulique";0,002110724
2019-09;"Île-de-France";"Hydraulique";0,003449546
2019-10;"Île-de-France";"Hydraulique";0,0049215
2019-11;"Île-de-France";"Hydraulique";0,006261926
2019-12;"Île-de-France";"Hydraulique";0,003097816
2020-01;"Île-de-France";"Hydraulique";0,00415321
2020-02;"Île-de-France";"Hydraulique";0,001704285
2020-03;"Île-de-France";"Hydraulique";0,001000753
2020-04;"Île-de-France";"Hydraulique";0,005519763
2020-05;"Île-de-France";"Hydraulique";0,005111381
2020-06;"Île-de-France";"Hydraulique";0,003288522
2020-07;"Île-de-France";"Hydraulique";0,002818361
2020-08;"Île-de-France";"Hydraulique";0,002541021
2020-09;"Île-de-France";"Hydraulique";0,002608331
2020-10;"Île-de-France";"Hydraulique";0,004899062
2020-11;"Île-de-France";"Hydraulique";0,005103581
2020-12;"Île-de-France";"Hydraulique";0,004089429
2021-01;"Île-de-France";"Hydraulique";0,002715561
2021-02;"Île-de-France";"Hydraulique";0,000594807
2021-03;"Île-de-France";"Hydraulique";0,006553463
2021-04;"Île-de-France";"Hydraulique";0,007804261
2021-05;"Île-de-France";"Hydraulique";0,007836165
2021-06;"Île-de-France";"Hydraulique";0,006978564
2021-07;"Île-de-France";"Hydraulique";0,006149788
2021-08;"Île-de-France";"Hydraulique";0,006373122
2021-09;"Île-de-France";"Hydraulique";0,004661806
2021-10;"Île-de-France";"Hydraulique";0,005355063
2021-11;"Île-de-France";"Hydraulique";0,005509406
2021-12;"Île-de-France";"Hydraulique";0,004724068
2022-01;"Île-de-France";"Hydraulique";0,002857630172
2022-02;"Île-de-France";"Hydraulique";0,006260902069
2022-03;"Île-de-France";"Hydraulique";0,006813417397
2022-04;"Île-de-France";"Hydraulique";0,006236648373
2022-05;"Île-de-France";"Hydraulique";0,003877657725
2022-06;"Île-de-France";"Hydraulique";0,003755047699
2022-07;"Île-de-France";"Hydraulique";0,00380861073
2022-08;"Île-de-France";"Hydraulique";0,003223726976
2022-09;"Île-de-France";"Hydraulique";0,003512442639
2022-10;"Île-de-France";"Hydraulique";0,006203631647
2022-11;"Île-de-France";"Hydraulique";0,005368479662
2022-12;"Île-de-France";"Hydraulique";0,005499034645
2023-01;"Île-de-France";"Hydraulique";0,004806356141
2023-02;"Île-de-France";"Hydraulique";0,006058702923
2023-03;"Île-de-France";"Hydraulique";0,007778268437
2023-04;"Île-de-France";"Hydraulique";0,007290082531
2023-05;"Île-de-France";"Hydraulique";0,007420343595
2023-06;"Île-de-France";"Hydraulique";0,004632115719
2023-07;"Île-de-France";"Hydraulique";0,004166754264
2023-08;"Île-de-France";"Hydraulique";0,005729732274
2023-09;"Île-de-France";"Hydraulique";0,004961714746
2023-10;"Île-de-France";"Hydraulique";0,005461278321
2023-11;"Île-de-France";"Hydraulique";0,005759383592
2023-12;"Île-de-France";"Hydraulique";0,001789078374
2024-01;"Île-de-France";"Hydraulique";0,002751522617
2024-02;"Île-de-France";"Hydraulique";0,003070905755
2024-03;"Île-de-France";"Hydraulique";0,000840440073
2024-04;"Île-de-France";"Hydraulique";0,002562323416
2024-05;"Île-de-France";"Hydraulique";0,005604987077
2024-06;"Île-de-France";"Hydraulique";0,007186563421
2024-07;"Île-de-France";"Hydraulique";0,00565609599
2024-08;"Île-de-France";"Hydraulique";0,007461152472
2024-09;"Île-de-France";"Hydraulique";0,00740341416
2024-10;"Île-de-France";"Hydraulique";0,00453558318
2024-11;"Île-de-France";"Hydraulique";0,006495188991
2024-12;"Île-de-France";"Hydraulique";0,002101001532
2025-01;"Île-de-France";"Hydraulique";0,000482428118
2025-02;"Île-de-France";"Hydraulique";0,004683954307
2025-03;"Île-de-France";"Hydraulique";0,006772469699
2025-04;"Île-de-France";"Hydraulique";0,007125943585
2025-05;"Île-de-France";"Hydraulique";0,006653699047
2025-06;"Île-de-France";"Hydraulique";0,005156962963
2025-07;"Île-de-France";"Hydraulique";0,004815069911
2025-08;"Île-de-France";"Hydraulique";0,004552285333
2025-09;"Île-de-France";"Hydraulique";0,006338633676
2025-10;"Île-de-France";"Hydraulique";0,007543913265
2025-11;"Île-de-France";"Hydraulique";0,006867859917
2014-01;"Île-de-France";"Eolien";0,005468478
2014-02;"Île-de-France";"Eolien";0,006518962
2014-03;"Île-de-France";"Eolien";0,002870897
2014-04;"Île-de-France";"Eolien";0,002027738
2014-05;"Île-de-France";"Eolien";0,003492562
2014-06;"Île-de-France";"Eolien";0,002303832
2014-07;"Île-de-France";"Eolien";0,001990316
2014-08;"Île-de-France";"Eolien";0,002100074
2014-09;"Île-de-France";"Eolien";0,001554756
2014-10;"Île-de-France";"Eolien";0,002616291
2014-11;"Île-de-France";"Eolien";0,002681983
2014-12;"Île-de-France";"Eolien";0,004273956
2015-01;"Île-de-France";"Eolien";0,004955532
2015-02;"Île-de-France";"Eolien";0,004224572
2015-03;"Île-de-France";"Eolien";0,003825026
2015-04;"Île-de-France";"Eolien";0,002959761
2015-05;"Île-de-France";"Eolien";0,002823627
2015-06;"Île-de-France";"Eolien";0,002234207
2015-07;"Île-de-France";"Eolien";0,00263819
2015-08;"Île-de-France";"Eolien";0,003327361
2015-09;"Île-de-France";"Eolien";0,006494558
2015-10;"Île-de-France";"Eolien";0,003765193
2015-11;"Île-de-France";"Eolien";0,008272335
2015-12;"Île-de-France";"Eolien";0,007185513
2016-01;"Île-de-France";"Eolien";0,009028153
2016-02;"Île-de-France";"Eolien";0,009330716
2016-03;"Île-de-France";"Eolien";0,008301743
2016-04;"Île-de-France";"Eolien";0,004792996
2016-05;"Île-de-France";"Eolien";0,004199535
2016-06;"Île-de-France";"Eolien";0,002831293
2016-07;"Île-de-France";"Eolien";0,002742603
2016-08;"Île-de-France";"Eolien";0,003403213
2016-09;"Île-de-France";"Eolien";0,002362542
2016-10;"Île-de-France";"Eolien";0,004345413
2016-11;"Île-de-France";"Eolien";0,006722276
2016-12;"Île-de-France";"Eolien";0,002891709
2017-01;"Île-de-France";"Eolien";0,005146914
2017-02;"Île-de-France";"Eolien";0,007200451
2017-03;"Île-de-France";"Eolien";0,009908314
2017-04;"Île-de-France";"Eolien";0,00476272
2017-05;"Île-de-France";"Eolien";0,005166935
2017-06;"Île-de-France";"Eolien";0,005034175
2017-07;"Île-de-France";"Eolien";0,006627431
2017-08;"Île-de-France";"Eolien";0,005415824
2017-09;"Île-de-France";"Eolien";0,007996202
2017-10;"Île-de-France";"Eolien";0,008528743
2017-11;"Île-de-France";"Eolien";0,01075893
2017-12;"Île-de-France";"Eolien";0,015182519
2018-01;"Île-de-France";"Eolien";0,018716374
2018-02;"Île-de-France";"Eolien";0,011961159
2018-03;"Île-de-France";"Eolien";0,013467804
2018-04;"Île-de-France";"Eolien";0,008524407
2018-05;"Île-de-France";"Eolien";0,007875408
2018-06;"Île-de-France";"Eolien";0,005720199
2018-07;"Île-de-France";"Eolien";0,005751059
2018-08;"Île-de-France";"Eolien";0,007953794
2018-09;"Île-de-France";"Eolien";0,009285845
2018-10;"Île-de-France";"Eolien";0,012751086
2018-11;"Île-de-France";"Eolien";0,01305108
2018-12;"Île-de-France";"Eolien";0,018676912
2019-01;"Île-de-France";"Eolien";0,010901178
2019-02;"Île-de-France";"Eolien";0,009257178
2019-03;"Île-de-France";"Eolien";0,019218873
2019-04;"Île-de-France";"Eolien";0,009741224
2019-05;"Île-de-France";"Eolien";0,010372797
2019-06;"Île-de-France";"Eolien";0,008990391
2019-07;"Île-de-France";"Eolien";0,009292484
2019-08;"Île-de-France";"Eolien";0,012185115
2019-09;"Île-de-France";"Eolien";0,019651981
2019-10;"Île-de-France";"Eolien";0,023063093
2019-11;"Île-de-France";"Eolien";0,022877183
2019-12;"Île-de-France";"Eolien";0,029593645
2020-01;"Île-de-France";"Eolien";0,026638232
2020-02;"Île-de-France";"Eolien";0,037631122
2020-03;"Île-de-France";"Eolien";0,029586563
2020-04;"Île-de-France";"Eolien";0,015484952
2020-05;"Île-de-France";"Eolien";0,01740369
2020-06;"Île-de-France";"Eolien";0,012848945
2020-07;"Île-de-France";"Eolien";0,01384675
2020-08;"Île-de-France";"Eolien";0,014087969
2020-09;"Île-de-France";"Eolien";0,015557885
2020-10;"Île-de-France";"Eolien";0,030645928
2020-11;"Île-de-France";"Eolien";0,019670269
2020-12;"Île-de-France";"Eolien";0,032276899
2021-01;"Île-de-France";"Eolien";0,026512185
2021-02;"Île-de-France";"Eolien";0,028453629
2021-03;"Île-de-France";"Eolien";0,024762332
2021-04;"Île-de-France";"Eolien";0,021158509
2021-05;"Île-de-France";"Eolien";0,029126751
2021-06;"Île-de-France";"Eolien";0,007418704
2021-07;"Île-de-France";"Eolien";0,01777894
2021-08;"Île-de-France";"Eolien";0,019082215
2021-09;"Île-de-France";"Eolien";0,014104271
2021-10;"Île-de-France";"Eolien";0,028331988
2021-11;"Île-de-France";"Eolien";0,023065048
2021-12;"Île-de-France";"Eolien";0,03406888
2022-01;"Île-de-France";"Eolien";0,025062037333
2022-02;"Île-de-France";"Eolien";0,043615189502
2022-03;"Île-de-France";"Eolien";0,02953144683
2022-04;"Île-de-France";"Eolien";0,031021191672
2022-05;"Île-de-France";"Eolien";0,019626171159
2022-06;"Île-de-France";"Eolien";0,016363267667
2022-07;"Île-de-France";"Eolien";0,015300361158
2022-08;"Île-de-France";"Eolien";0,019031048651
2022-09;"Île-de-France";"Eolien";0,018492148497
2022-10;"Île-de-France";"Eolien";0,027601170615
2022-11;"Île-de-France";"Eolien";0,038416430837
2022-12;"Île-de-France";"Eolien";0,038088756935
2023-01;"Île-de-France";"Eolien";0,050382291946
2023-02;"Île-de-France";"Eolien";0,025648667104
2023-03;"Île-de-France";"Eolien";0,048888923766
2023-04;"Île-de-France";"Eolien";0,032631690834
2023-05;"Île-de-France";"Eolien";0,033571980955
2023-06;"Île-de-France";"Eolien";0,01728179932
2023-07;"Île-de-France";"Eolien";0,026966160601
2023-08;"Île-de-France";"Eolien";0,019136916939
2023-09;"Île-de-France";"Eolien";0,016964566321
2023-10;"Île-de-France";"Eolien";0,034189962848
2023-11;"Île-de-France";"Eolien";0,049012824087
2023-12;"Île-de-France";"Eolien";0,049934682105
2024-01;"Île-de-France";"Eolien";0,038313185262
2024-02;"Île-de-France";"Eolien";0,041848844833
2024-03;"Île-de-France";"Eolien";0,03002746059
2024-04;"Île-de-France";"Eolien";0,030837914834
2024-05;"Île-de-France";"Eolien";0,017711279506
2024-06;"Île-de-France";"Eolien";0,01742225967
2024-07;"Île-de-France";"Eolien";0,013964727332
2024-08;"Île-de-France";"Eolien";0,013740185917
2024-09;"Île-de-France";"Eolien";0,030070232254
2024-10;"Île-de-France";"Eolien";0,023454394245
2024-11;"Île-de-France";"Eolien";0,027084491244
2024-12;"Île-de-France";"Eolien";0,034935404341
2025-01;"Île-de-France";"Eolien";0,038798666496
2025-02;"Île-de-France";"Eolien";0,020981802251
2025-03;"Île-de-France";"Eolien";0,026056316755
2025-04;"Île-de-France";"Eolien";0,026321120416
2025-05;"Île-de-France";"Eolien";0,023970404995
2025-06;"Île-de-France";"Eolien";0,018208650834
2025-07;"Île-de-France";"Eolien";0,021011363675
2025-08;"Île-de-France";"Eolien";0,017439613586
2025-09;"Île-de-France";"Eolien";0,0269331175
2025-10;"Île-de-France";"Eolien";0,038030502163
2025-11;"Île-de-France";"Eolien";0,031810896824
2014-01;"Île-de-France";"Thermique fossile";0,334075567602
2014-02;"Île-de-France";"Thermique fossile";0,189322590998
2014-03;"Île-de-France";"Thermique fossile";0,278186441786
2014-04;"Île-de-France";"Thermique fossile";0,076749687667
2014-05;"Île-de-France";"Thermique fossile";0,046221559333
2014-06;"Île-de-France";"Thermique fossile";0,047426602667
2014-07;"Île-de-France";"Thermique fossile";0,001887734167
2014-08;"Île-de-France";"Thermique fossile";-0,000287106667
2014-09;"Île-de-France";"Thermique fossile";0,111608457498
2014-10;"Île-de-France";"Thermique fossile";0,176400411832
2014-11;"Île-de-France";"Thermique fossile";0,320090341998
2014-12;"Île-de-France";"Thermique fossile";0,481684793665
2015-01;"Île-de-France";"Thermique fossile";0,497360694268
2015-02;"Île-de-France";"Thermique fossile";0,593456180669
2015-03;"Île-de-France";"Thermique fossile";0,49122439445
2015-04;"Île-de-France";"Thermique fossile";0,050410618167
2015-05;"Île-de-France";"Thermique fossile";0,010160597333
2015-06;"Île-de-France";"Thermique fossile";0,011135846833
2015-07;"Île-de-France";"Thermique fossile";0,01282073
2015-08;"Île-de-France";"Thermique fossile";0,003368050665
2015-09;"Île-de-France";"Thermique fossile";0,0062721135
2015-10;"Île-de-France";"Thermique fossile";0,024617809664
2015-11;"Île-de-France";"Thermique fossile";0,35269048033
2015-12;"Île-de-France";"Thermique fossile";0,330739935672
2016-01;"Île-de-France";"Thermique fossile";0,353283645167
2016-02;"Île-de-France";"Thermique fossile";0,335569533498
2016-03;"Île-de-France";"Thermique fossile";0,316039157331
2016-04;"Île-de-France";"Thermique fossile";0,030423212578
2016-05;"Île-de-France";"Thermique fossile";0,022466223438
2016-06;"Île-de-France";"Thermique fossile";0,016234216332
2016-07;"Île-de-France";"Thermique fossile";0,012218340336
2016-08;"Île-de-France";"Thermique fossile";0,008031253169
2016-09;"Île-de-France";"Thermique fossile";0,049740659
2016-10;"Île-de-France";"Thermique fossile";0,149574874001
2016-11;"Île-de-France";"Thermique fossile";0,513587876502
2016-12;"Île-de-France";"Thermique fossile";0,490938286605
2017-01;"Île-de-France";"Thermique fossile";0,819203855766
2017-02;"Île-de-France";"Thermique fossile";0,35382645683
2017-03;"Île-de-France";"Thermique fossile";0,301649736665
2017-04;"Île-de-France";"Thermique fossile";0,002776207164
2017-05;"Île-de-France";"Thermique fossile";0,006066388668
2017-06;"Île-de-France";"Thermique fossile";0,018031861833
2017-07;"Île-de-France";"Thermique fossile";0,003410437335
2017-08;"Île-de-France";"Thermique fossile";0,002313566501
2017-09;"Île-de-France";"Thermique fossile";0,006740358501
2017-10;"Île-de-France";"Thermique fossile";0,045667679166
2017-11;"Île-de-France";"Thermique fossile";0,441769310498
2017-12;"Île-de-France";"Thermique fossile";0,416354672332
2018-01;"Île-de-France";"Thermique fossile";0,277359894999
2018-02;"Île-de-France";"Thermique fossile";0,344498433501
2018-03;"Île-de-France";"Thermique fossile";0,372079832834
2018-04;"Île-de-France";"Thermique fossile";0,002637953499
2018-05;"Île-de-France";"Thermique fossile";0,000943587336
2018-06;"Île-de-France";"Thermique fossile";0,002241175999
2018-07;"Île-de-France";"Thermique fossile";0,005603833665
2018-08;"Île-de-France";"Thermique fossile";0,0130188075
2018-09;"Île-de-France";"Thermique fossile";0,000821565167
2018-10;"Île-de-France";"Thermique fossile";0,011058463
2018-11;"Île-de-France";"Thermique fossile";0,349603370002
2018-12;"Île-de-France";"Thermique fossile";0,345682855499
2019-01;"Île-de-France";"Thermique fossile";0,385514903498
2019-02;"Île-de-France";"Thermique fossile";0,295612660499
2019-03;"Île-de-France";"Thermique fossile";0,262239981336
2019-04;"Île-de-France";"Thermique fossile";0,001772068414
2019-05;"Île-de-France";"Thermique fossile";1,2145601E-5
2019-06;"Île-de-France";"Thermique fossile";0,000854047502
2019-07;"Île-de-France";"Thermique fossile";0,016670717664
2019-08;"Île-de-France";"Thermique fossile";0,013301145333
2019-09;"Île-de-France";"Thermique fossile";0,017173541911
2019-10;"Île-de-France";"Thermique fossile";0,051776272333
2019-11;"Île-de-France";"Thermique fossile";0,344460222501
2019-12;"Île-de-France";"Thermique fossile";0,285706364174
2020-01;"Île-de-France";"Thermique fossile";0,256995348333
2020-02;"Île-de-France";"Thermique fossile";0,214377616837
2020-03;"Île-de-France";"Thermique fossile";0,280669565324
2020-04;"Île-de-France";"Thermique fossile";0,000107410153
2020-05;"Île-de-France";"Thermique fossile";0,000567998745
2020-06;"Île-de-France";"Thermique fossile";0,074264225749
2020-07;"Île-de-France";"Thermique fossile";0,107987620167
2020-08;"Île-de-France";"Thermique fossile";0,037300374167
2020-09;"Île-de-France";"Thermique fossile";0,088804384
2020-10;"Île-de-France";"Thermique fossile";0,002558130668
2020-11;"Île-de-France";"Thermique fossile";0,263563617502
2020-12;"Île-de-France";"Thermique fossile";0,412139007839
2021-01;"Île-de-France";"Thermique fossile";0,407011578933
2021-02;"Île-de-France";"Thermique fossile";0,312319618493
2021-03;"Île-de-France";"Thermique fossile";0,286988281448
2021-04;"Île-de-France";"Thermique fossile";0,029728782997
2021-05;"Île-de-France";"Thermique fossile";0,014430432603
2021-06;"Île-de-France";"Thermique fossile";0,012651293246
2021-07;"Île-de-France";"Thermique fossile";-0,000277744066
2021-08;"Île-de-France";"Thermique fossile";0,003527309939
2021-09;"Île-de-France";"Thermique fossile";0,000965653412
2021-10;"Île-de-France";"Thermique fossile";0,03294429805
2021-11;"Île-de-France";"Thermique fossile";0,412166903001
2021-12;"Île-de-France";"Thermique fossile";0,425066874932
2022-01;"Île-de-France";"Thermique fossile";0,414243603662
2022-02;"Île-de-France";"Thermique fossile";0,345884118733
2022-03;"Île-de-France";"Thermique fossile";0,288068752422
2022-04;"Île-de-France";"Thermique fossile";0,058522988792
2022-05;"Île-de-France";"Thermique fossile";0,004018669424
2022-06;"Île-de-France";"Thermique fossile";0,030932460258
2022-07;"Île-de-France";"Thermique fossile";0,118351554994
2022-08;"Île-de-France";"Thermique fossile";0,039462375285
2022-09;"Île-de-France";"Thermique fossile";0,067042634823
2022-10;"Île-de-France";"Thermique fossile";0,068436775808
2022-11;"Île-de-France";"Thermique fossile";0,249909516857
2022-12;"Île-de-France";"Thermique fossile";0,446932924777
2023-01;"Île-de-France";"Thermique fossile";0,272236874513
2023-02;"Île-de-France";"Thermique fossile";0,33706461719
2023-03;"Île-de-France";"Thermique fossile";0,311637442866
2023-04;"Île-de-France";"Thermique fossile";0,011456274754
2023-05;"Île-de-France";"Thermique fossile";0,006956854228
2023-06;"Île-de-France";"Thermique fossile";0,020649261267
2023-07;"Île-de-France";"Thermique fossile";0,018635986654
2023-08;"Île-de-France";"Thermique fossile";0,059609449863
2023-09;"Île-de-France";"Thermique fossile";0,036796114571
2023-10;"Île-de-France";"Thermique fossile";0,036238851267
2023-11;"Île-de-France";"Thermique fossile";0,232962463372
2023-12;"Île-de-France";"Thermique fossile";0,276446048473
2024-01;"Île-de-France";"Thermique fossile";0,311900331336
2024-02;"Île-de-France";"Thermique fossile";0,233900400214
2024-03;"Île-de-France";"Thermique fossile";0,229852354087
2024-04;"Île-de-France";"Thermique fossile";0,021411600929
2024-05;"Île-de-France";"Thermique fossile";0,00516242505
2024-06;"Île-de-France";"Thermique fossile";0,017051176595
2024-07;"Île-de-France";"Thermique fossile";0,021668753598
2024-08;"Île-de-France";"Thermique fossile";0,005483518244
2024-09;"Île-de-France";"Thermique fossile";0,006377866336
2024-10;"Île-de-France";"Thermique fossile";0,035253698666
2024-11;"Île-de-France";"Thermique fossile";0,174217434759
2024-12;"Île-de-France";"Thermique fossile";0,205983291457
2025-01;"Île-de-France";"Thermique fossile";0,242560994793
2025-02;"Île-de-France";"Thermique fossile";0,226965609492
2025-03;"Île-de-France";"Thermique fossile";0,120346639838
2025-04;"Île-de-France";"Thermique fossile";0,028874673605
2025-05;"Île-de-France";"Thermique fossile";0,008557553056
2025-06;"Île-de-France";"Thermique fossile";0,032821107156
2025-07;"Île-de-France";"Thermique fossile";0,012993858478
2025-08;"Île-de-France";"Thermique fossile";0,019614765036
2025-09;"Île-de-France";"Thermique fossile";0,018697671642
2025-10;"Île-de-France";"Thermique fossile";0,025284462665
2025-11;"Île-de-France";"Thermique fossile";0,115082023268
2014-01;"Île-de-France";"Thermique renouvelable et déchets";0,094012134912
2014-02;"Île-de-France";"Thermique renouvelable et déchets";0,091605957936
2014-03;"Île-de-France";"Thermique renouvelable et déchets";0,097304245069
2014-04;"Île-de-France";"Thermique renouvelable et déchets";0,09653044176
2014-05;"Île-de-France";"Thermique renouvelable et déchets";0,099221558696
2014-06;"Île-de-France";"Thermique renouvelable et déchets";0,079985863
2014-07;"Île-de-France";"Thermique renouvelable et déchets";0,101564973208
2014-08;"Île-de-France";"Thermique renouvelable et déchets";0,088212937688
2014-09;"Île-de-France";"Thermique renouvelable et déchets";0,07779471548
2014-10;"Île-de-France";"Thermique renouvelable et déchets";0,09120080478
2014-11;"Île-de-France";"Thermique renouvelable et déchets";0,08736452692
2014-12;"Île-de-France";"Thermique renouvelable et déchets";0,09470542984
2015-01;"Île-de-France";"Thermique renouvelable et déchets";0,093806042912
2015-02;"Île-de-France";"Thermique renouvelable et déchets";0,081985154936
2015-03;"Île-de-France";"Thermique renouvelable et déchets";0,086896711069
2015-04;"Île-de-France";"Thermique renouvelable et déchets";0,08264459276
2015-05;"Île-de-France";"Thermique renouvelable et déchets";0,072223180696
2015-06;"Île-de-France";"Thermique renouvelable et déchets";0,074513909
2015-07;"Île-de-France";"Thermique renouvelable et déchets";0,077098643208
2015-08;"Île-de-France";"Thermique renouvelable et déchets";0,090504139688
2015-09;"Île-de-France";"Thermique renouvelable et déchets";0,0855866746
2015-10;"Île-de-France";"Thermique renouvelable et déchets";0,095906640615
2015-11;"Île-de-France";"Thermique renouvelable et déchets";0,09250365748
2015-12;"Île-de-France";"Thermique renouvelable et déchets";0,100181979512
2016-01;"Île-de-France";"Thermique renouvelable et déchets";0,103567418648
2016-02;"Île-de-France";"Thermique renouvelable et déchets";0,099628746952
2016-03;"Île-de-France";"Thermique renouvelable et déchets";0,106202099503
2016-04;"Île-de-France";"Thermique renouvelable et déchets";0,08251441724
2016-05;"Île-de-France";"Thermique renouvelable et déchets";0,098958757704
2016-06;"Île-de-France";"Thermique renouvelable et déchets";0,0965551476
2016-07;"Île-de-France";"Thermique renouvelable et déchets";0,126128658344
2016-08;"Île-de-France";"Thermique renouvelable et déchets";0,097818769776
2016-09;"Île-de-France";"Thermique renouvelable et déchets";0,10049218564
2016-10;"Île-de-France";"Thermique renouvelable et déchets";0,103460606595
2016-11;"Île-de-France";"Thermique renouvelable et déchets";0,10649624028
2016-12;"Île-de-France";"Thermique renouvelable et déchets";0,114565891104
2017-01;"Île-de-France";"Thermique renouvelable et déchets";0,107417206536
2017-02;"Île-de-France";"Thermique renouvelable et déchets";0,10055857004
2017-03;"Île-de-France";"Thermique renouvelable et déchets";0,102967235433
2017-04;"Île-de-France";"Thermique renouvelable et déchets";0,10115612156
2017-05;"Île-de-France";"Thermique renouvelable et déchets";0,098046819856
2017-06;"Île-de-France";"Thermique renouvelable et déchets";0,10824368
2017-07;"Île-de-France";"Thermique renouvelable et déchets";0,130043038008
2017-08;"Île-de-France";"Thermique renouvelable et déchets";0,103587489904
2017-09;"Île-de-France";"Thermique renouvelable et déchets";0,11541477492
2017-10;"Île-de-France";"Thermique renouvelable et déchets";0,105960799005
2017-11;"Île-de-France";"Thermique renouvelable et déchets";0,11108187348
2017-12;"Île-de-France";"Thermique renouvelable et déchets";0,113115901888
2018-01;"Île-de-France";"Thermique renouvelable et déchets";0,10911324888
2018-02;"Île-de-France";"Thermique renouvelable et déchets";0,099768988896
2018-03;"Île-de-France";"Thermique renouvelable et déchets";0,104853991125
2018-04;"Île-de-France";"Thermique renouvelable et déchets";0,101397862806
2018-05;"Île-de-France";"Thermique renouvelable et déchets";0,104138927216
2018-06;"Île-de-France";"Thermique renouvelable et déchets";0,10665161116
2018-07;"Île-de-France";"Thermique renouvelable et déchets";0,124352609936
2018-08;"Île-de-France";"Thermique renouvelable et déchets";0,10618454516
2018-09;"Île-de-France";"Thermique renouvelable et déchets";0,1138846024
2018-10;"Île-de-France";"Thermique renouvelable et déchets";0,10302075408
2018-11;"Île-de-France";"Thermique renouvelable et déchets";0,10788571
2018-12;"Île-de-France";"Thermique renouvelable et déchets";0,11427018788
2019-01;"Île-de-France";"Thermique renouvelable et déchets";0,113617063336
2019-02;"Île-de-France";"Thermique renouvelable et déchets";0,100668663464
2019-03;"Île-de-France";"Thermique renouvelable et déchets";0,104831983033
2019-04;"Île-de-France";"Thermique renouvelable et déchets";0,08315350784
2019-05;"Île-de-France";"Thermique renouvelable et déchets";0,09563792736
2019-06;"Île-de-France";"Thermique renouvelable et déchets";0,08103263524
2019-07;"Île-de-France";"Thermique renouvelable et déchets";0,092707141168
2019-08;"Île-de-France";"Thermique renouvelable et déchets";0,0967183788
2019-09;"Île-de-France";"Thermique renouvelable et déchets";0,08804470132
2019-10;"Île-de-France";"Thermique renouvelable et déchets";0,087619915835
2019-11;"Île-de-France";"Thermique renouvelable et déchets";0,089674315
2019-12;"Île-de-France";"Thermique renouvelable et déchets";0,087460839288
2020-01;"Île-de-France";"Thermique renouvelable et déchets";0,088126789232
2020-02;"Île-de-France";"Thermique renouvelable et déchets";0,079582110424
2020-03;"Île-de-France";"Thermique renouvelable et déchets";0,103055664621
2020-04;"Île-de-France";"Thermique renouvelable et déchets";0,09949677884
2020-05;"Île-de-France";"Thermique renouvelable et déchets";0,095961486544
2020-06;"Île-de-France";"Thermique renouvelable et déchets";0,10544973256
2020-07;"Île-de-France";"Thermique renouvelable et déchets";0,114798783856
2020-08;"Île-de-France";"Thermique renouvelable et déchets";0,100218900072
2020-09;"Île-de-France";"Thermique renouvelable et déchets";0,11486993332
2020-10;"Île-de-France";"Thermique renouvelable et déchets";0,069047478005
2020-11;"Île-de-France";"Thermique renouvelable et déchets";0,076098291
2020-12;"Île-de-France";"Thermique renouvelable et déchets";0,08723847
2021-01;"Île-de-France";"Thermique renouvelable et déchets";0,102271224216
2021-02;"Île-de-France";"Thermique renouvelable et déchets";0,092275509336
2021-03;"Île-de-France";"Thermique renouvelable et déchets";0,106444302045
2021-04;"Île-de-France";"Thermique renouvelable et déchets";0,10530850208
2021-05;"Île-de-France";"Thermique renouvelable et déchets";0,094606927736
2021-06;"Île-de-France";"Thermique renouvelable et déchets";0,09519732084
2021-07;"Île-de-France";"Thermique renouvelable et déchets";0,120904357192
2021-08;"Île-de-France";"Thermique renouvelable et déchets";0,101655663216
2021-09;"Île-de-France";"Thermique renouvelable et déchets";0,12732224988
2021-10;"Île-de-France";"Thermique renouvelable et déchets";0,120796426005
2021-11;"Île-de-France";"Thermique renouvelable et déchets";0,10446516812
2021-12;"Île-de-France";"Thermique renouvelable et déchets";0,103036603328
2022-01;"Île-de-France";"Thermique renouvelable et déchets";0,10703257084
2022-02;"Île-de-France";"Thermique renouvelable et déchets";0,091650753083
2022-03;"Île-de-France";"Thermique renouvelable et déchets";0,111523017973
2022-04;"Île-de-France";"Thermique renouvelable et déchets";0,087691536073
2022-05;"Île-de-France";"Thermique renouvelable et déchets";0,111779637866
2022-06;"Île-de-France";"Thermique renouvelable et déchets";0,09470038317
2022-07;"Île-de-France";"Thermique renouvelable et déchets";0,123206212735
2022-08;"Île-de-France";"Thermique renouvelable et déchets";0,099639908242
2022-09;"Île-de-France";"Thermique renouvelable et déchets";0,124801302641
2022-10;"Île-de-France";"Thermique renouvelable et déchets";0,104485751096
2022-11;"Île-de-France";"Thermique renouvelable et déchets";0,097578847192
2022-12;"Île-de-France";"Thermique renouvelable et déchets";0,077987828577
2023-01;"Île-de-France";"Thermique renouvelable et déchets";0,099369778505
2023-02;"Île-de-France";"Thermique renouvelable et déchets";0,090330766871
2023-03;"Île-de-France";"Thermique renouvelable et déchets";0,092828592107
2023-04;"Île-de-France";"Thermique renouvelable et déchets";0,097626772477
2023-05;"Île-de-France";"Thermique renouvelable et déchets";0,097193479329
2023-06;"Île-de-France";"Thermique renouvelable et déchets";0,088259525213
2023-07;"Île-de-France";"Thermique renouvelable et déchets";0,110897820393
2023-08;"Île-de-France";"Thermique renouvelable et déchets";0,094446218071
2023-09;"Île-de-France";"Thermique renouvelable et déchets";0,095292526742
2023-10;"Île-de-France";"Thermique renouvelable et déchets";0,0933468313
2023-11;"Île-de-France";"Thermique renouvelable et déchets";0,089894400891
2023-12;"Île-de-France";"Thermique renouvelable et déchets";0,096219244684
2024-01;"Île-de-France";"Thermique renouvelable et déchets";0,097663302026
2024-02;"Île-de-France";"Thermique renouvelable et déchets";0,093651307271
2024-03;"Île-de-France";"Thermique renouvelable et déchets";0,098784244433
2024-04;"Île-de-France";"Thermique renouvelable et déchets";0,094668803077
2024-05;"Île-de-France";"Thermique renouvelable et déchets";0,09240152381
2024-06;"Île-de-France";"Thermique renouvelable et déchets";0,082855946187
2024-07;"Île-de-France";"Thermique renouvelable et déchets";0,114275000814
2024-08;"Île-de-France";"Thermique renouvelable et déchets";0,108027910297
2024-09;"Île-de-France";"Thermique renouvelable et déchets";0,108627283107
2024-10;"Île-de-France";"Thermique renouvelable et déchets";0,102814613645
2024-11;"Île-de-France";"Thermique renouvelable et déchets";0,101862724955
2024-12;"Île-de-France";"Thermique renouvelable et déchets";0,106152596764
2025-01;"Île-de-France";"Thermique renouvelable et déchets";0,101034334874
2025-02;"Île-de-France";"Thermique renouvelable et déchets";0,090052241087
2025-03;"Île-de-France";"Thermique renouvelable et déchets";0,102485964161
2025-04;"Île-de-France";"Thermique renouvelable et déchets";0,098387461956
2025-05;"Île-de-France";"Thermique renouvelable et déchets";0,096117337644
2025-06;"Île-de-France";"Thermique renouvelable et déchets";0,081056894598
2025-07;"Île-de-France";"Thermique renouvelable et déchets";0,095631252275
2025-08;"Île-de-France";"Thermique renouvelable et déchets";0,079061344831
2025-09;"Île-de-France";"Thermique renouvelable et déchets";0,064621919409
2025-10;"Île-de-France";"Thermique renouvelable et déchets";0,088019123913
2025-11;"Île-de-France";"Thermique renouvelable et déchets";0,108087370414
2014-01;"Île-de-France";"Energie produite";0,436951236514
2014-02;"Île-de-France";"Energie produite";0,291134809934
2014-03;"Île-de-France";"Energie produite";0,389103301855
2014-04;"Île-de-France";"Energie produite";0,189103450427
2014-05;"Île-de-France";"Energie produite";0,163082826029
2014-06;"Île-de-France";"Energie produite";0,142642471667
2014-07;"Île-de-France";"Energie produite";0,116828514375
2014-08;"Île-de-France";"Energie produite";0,102710864021
2014-09;"Île-de-France";"Energie produite";0,202965767978
2014-10;"Île-de-France";"Energie produite";0,280236892612
2014-11;"Île-de-France";"Energie produite";0,418190059918
2014-12;"Île-de-France";"Energie produite";0,586167767505
2015-01;"Île-de-France";"Energie produite";0,59973855818
2015-02;"Île-de-France";"Energie produite";0,685018958605
2015-03;"Île-de-France";"Energie produite";0,591508786519
2015-04;"Île-de-France";"Energie produite";0,149196414927
2015-05;"Île-de-France";"Energie produite";0,097405284029
2015-06;"Île-de-France";"Energie produite";0,104589833833
2015-07;"Île-de-France";"Energie produite";0,105912601208
2015-08;"Île-de-France";"Energie produite";0,109990890353
2015-09;"Île-de-France";"Energie produite";0,1112446481
2015-10;"Île-de-France";"Energie produite";0,134630907279
2015-11;"Île-de-France";"Energie produite";0,46130922981
2015-12;"Île-de-France";"Energie produite";0,447506819184
2016-01;"Île-de-France";"Energie produite";0,475637556815
2016-02;"Île-de-France";"Energie produite";0,44936651045
2016-03;"Île-de-France";"Energie produite";0,439469560834
2016-04;"Île-de-France";"Energie produite";0,130537013818
2016-05;"Île-de-France";"Energie produite";0,139629888142
2016-06;"Île-de-France";"Energie produite";0,122963172932
2016-07;"Île-de-France";"Energie produite";0,15624509768
2016-08;"Île-de-France";"Energie produite";0,123288316945
2016-09;"Île-de-France";"Energie produite";0,16397204164
2016-10;"Île-de-France";"Energie produite";0,269648066596
2016-11;"Île-de-France";"Energie produite";0,634826584782
2016-12;"Île-de-France";"Energie produite";0,617535217709
2017-01;"Île-de-France";"Energie produite";0,941482722302
2017-02;"Île-de-France";"Energie produite";0,47219131987
2017-03;"Île-de-France";"Energie produite";0,424693739098
2017-04;"Île-de-France";"Energie produite";0,124188236724
2017-05;"Île-de-France";"Energie produite";0,124107322524
2017-06;"Île-de-France";"Energie produite";0,145351311833
2017-07;"Île-de-France";"Energie produite";0,152897364343
2017-08;"Île-de-France";"Energie produite";0,123339387405
2017-09;"Île-de-France";"Energie produite";0,140566589421
2017-10;"Île-de-France";"Energie produite";0,169621793171
2017-11;"Île-de-France";"Energie produite";0,570573361978
2017-12;"Île-de-France";"Energie produite";0,55112447522
2018-01;"Île-de-France";"Energie produite";0,406902643879
2018-02;"Île-de-France";"Energie produite";0,460250044397
2018-03;"Île-de-France";"Energie produite";0,495888636959
2018-04;"Île-de-France";"Energie produite";0,122096834305
2018-05;"Île-de-France";"Energie produite";0,130665557552
2018-06;"Île-de-France";"Energie produite";0,131580237159
2018-07;"Île-de-France";"Energie produite";0,153084683601
2018-08;"Île-de-France";"Energie produite";0,14207484766
2018-09;"Île-de-France";"Energie produite";0,136529753567
2018-10;"Île-de-France";"Energie produite";0,13914032708
2018-11;"Île-de-France";"Energie produite";0,479610386002
2018-12;"Île-de-France";"Energie produite";0,486687779379
2019-01;"Île-de-France";"Energie produite";0,519048800834
2019-02;"Île-de-France";"Energie produite";0,417140833963
2019-03;"Île-de-France";"Energie produite";0,401435736369
2019-04;"Île-de-France";"Energie produite";0,110775668254
2019-05;"Île-de-France";"Energie produite";0,124342305961
2019-06;"Île-de-France";"Energie produite";0,107801826742
2019-07;"Île-de-France";"Energie produite";0,135126489832
2019-08;"Île-de-France";"Energie produite";0,136116359133
2019-09;"Île-de-France";"Energie produite";0,139536084231
2019-10;"Île-de-France";"Energie produite";0,174645390168
2019-11;"Île-de-France";"Energie produite";0,467789689501
2019-12;"Île-de-France";"Energie produite";0,410195490462
2020-01;"Île-de-France";"Energie produite";0,379531062565
2020-02;"Île-de-France";"Energie produite";0,338749319261
2020-03;"Île-de-France";"Energie produite";0,422893266945
2020-04;"Île-de-France";"Energie produite";0,133293430993
2020-05;"Île-de-France";"Energie produite";0,134742958289
2020-06;"Île-de-France";"Energie produite";0,209875266309
2020-07;"Île-de-France";"Energie produite";0,256991958023
2020-08;"Île-de-France";"Energie produite";0,170932174239
2020-09;"Île-de-France";"Energie produite";0,23617952632
2020-10;"Île-de-France";"Energie produite";0,115214314673
2020-11;"Île-de-France";"Energie produite";0,370815117502
2020-12;"Île-de-France";"Energie produite";0,539543466839
2021-01;"Île-de-France";"Energie produite";0,541569725149
2021-02;"Île-de-France";"Energie produite";0,439917336829
2021-03;"Île-de-France";"Energie produite";0,436914441493
2021-04;"Île-de-France";"Energie produite";0,180780556077
2021-05;"Île-de-France";"Energie produite";0,162590932339
2021-06;"Île-de-France";"Energie produite";0,139483860086
2021-07;"Île-de-France";"Energie produite";0,161023100126
2021-08;"Île-de-France";"Energie produite";0,150674276155
2021-09;"Île-de-France";"Energie produite";0,165641868292
2021-10;"Île-de-France";"Energie produite";0,202018748055
2021-11;"Île-de-France";"Energie produite";0,552758898121
2021-12;"Île-de-France";"Energie produite";0,57176107226
2022-01;"Île-de-France";"Energie produite";0,554956892522
2022-02;"Île-de-France";"Energie produite";0,497476370691
2022-03;"Île-de-France";"Energie produite";0,453545677604
2022-04;"Île-de-France";"Energie produite";0,205376341996
2022-05;"Île-de-France";"Energie produite";0,16807868974
2022-06;"Île-de-France";"Energie produite";0,173680598696
2022-07;"Île-de-France";"Energie produite";0,294107223446
2022-08;"Île-de-France";"Energie produite";0,193345968673
2022-09;"Île-de-France";"Energie produite";0,235746886339
2022-10;"Île-de-France";"Energie produite";0,224689339632
2022-11;"Île-de-France";"Energie produite";0,400105858304
2022-12;"Île-de-France";"Energie produite";0,573283980047
2023-01;"Île-de-France";"Energie produite";0,432769145435
2023-02;"Île-de-France";"Energie produite";0,473485686102
2023-03;"Île-de-France";"Energie produite";0,483504046576
2023-04;"Île-de-France";"Energie produite";0,180124195963
2023-05;"Île-de-France";"Energie produite";0,187325021448
2023-06;"Île-de-France";"Energie produite";0,181834533454
2023-07;"Île-de-France";"Energie produite";0,202684610108
2023-08;"Île-de-France";"Energie produite";0,21794053236
2023-09;"Île-de-France";"Energie produite";0,188878440224
2023-10;"Île-de-France";"Energie produite";0,192810503901
2023-11;"Île-de-France";"Energie produite";0,388655306223
2023-12;"Île-de-France";"Energie produite";0,431313664218
2024-01;"Île-de-France";"Energie produite";0,460009676935
2024-02;"Île-de-France";"Energie produite";0,383384805961
2024-03;"Île-de-France";"Energie produite";0,386763443078
2024-04;"Île-de-France";"Energie produite";0,181996646238
2024-05;"Île-de-France";"Energie produite";0,160698969938
2024-06;"Île-de-France";"Energie produite";0,16902634929
2024-07;"Île-de-France";"Energie produite";0,2027857083
2024-08;"Île-de-France";"Energie produite";0,183758468251
2024-09;"Île-de-France";"Energie produite";0,188102721746
2024-10;"Île-de-France";"Energie produite";0,188775248538
2024-11;"Île-de-France";"Energie produite";0,319945632733
2024-12;"Île-de-France";"Energie produite";0,356674248339
2025-01;"Île-de-France";"Energie produite";0,391300725531
2025-02;"Île-de-France";"Energie produite";0,359086578515
2025-03;"Île-de-France";"Energie produite";0,292603983581
2025-04;"Île-de-France";"Energie produite";0,203347385938
2025-05;"Île-de-France";"Energie produite";0,180368891154
2025-06;"Île-de-France";"Energie produite";0,189093869735
2025-07;"Île-de-France";"Energie produite";0,195707697987
2025-08;"Île-de-France";"Energie produite";0,178617762658
2025-09;"Île-de-France";"Energie produite";0,157215190558
2025-10;"Île-de-France";"Energie produite";0,186970447042
2025-11;"Île-de-France";"Energie produite";0,275490408395
2014-01;"Centre-Val de Loire";"Autre";5,1747980900352E-18
2014-02;"Centre-Val de Loire";"Autre";-8,9304119654798E-18
2014-03;"Centre-Val de Loire";"Autre";2,6526003615857E-19
2014-04;"Centre-Val de Loire";"Autre";-1,6882953368658E-18
2014-05;"Centre-Val de Loire";"Autre";2,4541826904034E-19
2014-06;"Centre-Val de Loire";"Autre";-2,5949797866076E-18
2014-07;"Centre-Val de Loire";"Autre";-2,8583906075408E-20
2014-08;"Centre-Val de Loire";"Autre";1,3355705430484E-18
2014-09;"Centre-Val de Loire";"Autre";1,7727347367824E-18
2014-10;"Centre-Val de Loire";"Autre";2,9520413891149E-18
2014-11;"Centre-Val de Loire";"Autre";2,2141732891612E-18
2014-12;"Centre-Val de Loire";"Autre";9,9197039471477E-19
2015-01;"Centre-Val de Loire";"Autre";-7,2781017323997E-18
2015-02;"Centre-Val de Loire";"Autre";9,6456176379434E-19
2015-03;"Centre-Val de Loire";"Autre";-2,4529267506068E-18
2015-04;"Centre-Val de Loire";"Autre";5,6193938391402E-19
2015-05;"Centre-Val de Loire";"Autre";-7,0776440264098E-18
2015-06;"Centre-Val de Loire";"Autre";3,0213678781088E-20
2015-07;"Centre-Val de Loire";"Autre";2,2917223674313E-18
2015-08;"Centre-Val de Loire";"Autre";-1,4586248875403E-18
2015-09;"Centre-Val de Loire";"Autre";-2,4484719807205E-18
2015-10;"Centre-Val de Loire";"Autre";1,4951928584139E-18
2015-11;"Centre-Val de Loire";"Autre";3,8724579098926E-18
2015-12;"Centre-Val de Loire";"Autre";1,3483728023012E-18
2016-01;"Centre-Val de Loire";"Autre";-6,2123639565925E-18
2016-02;"Centre-Val de Loire";"Autre";-4,2850029080554E-18
2016-03;"Centre-Val de Loire";"Autre";5,8116844670053E-18
2016-04;"Centre-Val de Loire";"Autre";1,5884515924824E-18
2016-05;"Centre-Val de Loire";"Autre";-4,5773107526514E-19
2016-06;"Centre-Val de Loire";"Autre";-2,29989638445E-19
2016-07;"Centre-Val de Loire";"Autre";1,362826518303E-18
2016-08;"Centre-Val de Loire";"Autre";-4,2124984056535E-19
2016-09;"Centre-Val de Loire";"Autre";-5,0903725679063E-19
2016-10;"Centre-Val de Loire";"Autre";4,4465854609488E-18
2016-11;"Centre-Val de Loire";"Autre";-1,6940060465487E-18
2016-12;"Centre-Val de Loire";"Autre";7,6832984419184E-19
2017-01;"Centre-Val de Loire";"Autre";0,000224502
2017-02;"Centre-Val de Loire";"Autre";0,000202776
2017-03;"Centre-Val de Loire";"Autre";0,00022451
2017-04;"Centre-Val de Loire";"Autre";0,00021726
2017-05;"Centre-Val de Loire";"Autre";0,000224502
2017-06;"Centre-Val de Loire";"Autre";0,00021726
2017-07;"Centre-Val de Loire";"Autre";0,000224502
2017-08;"Centre-Val de Loire";"Autre";0,000224502
2017-09;"Centre-Val de Loire";"Autre";0,00021726
2017-10;"Centre-Val de Loire";"Autre";0,000224494
2017-11;"Centre-Val de Loire";"Autre";0,00021726
2017-12;"Centre-Val de Loire";"Autre";0,00022450200000001
2018-01;"Centre-Val de Loire";"Autre";0,00021427200000001
2018-02;"Centre-Val de Loire";"Autre";0,000193536
2018-03;"Centre-Val de Loire";"Autre";0,000214293
2018-04;"Centre-Val de Loire";"Autre";0,00020736
2018-05;"Centre-Val de Loire";"Autre";0,000214272
2018-06;"Centre-Val de Loire";"Autre";0,00020736
2018-07;"Centre-Val de Loire";"Autre";0,000214272
2018-08;"Centre-Val de Loire";"Autre";0,000214272
2018-09;"Centre-Val de Loire";"Autre";0,00020736
2018-10;"Centre-Val de Loire";"Autre";0,000214281
2018-11;"Centre-Val de Loire";"Autre";0,00020736
2018-12;"Centre-Val de Loire";"Autre";0,00021427200000001
2019-01;"Centre-Val de Loire";"Autre";0,000239537
2019-02;"Centre-Val de Loire";"Autre";0,000216356
2019-03;"Centre-Val de Loire";"Autre";0,00023955499999999
2019-04;"Centre-Val de Loire";"Autre";0,00023180999999999
2019-05;"Centre-Val de Loire";"Autre";0,000239537
2019-06;"Centre-Val de Loire";"Autre";0,00023181
2019-07;"Centre-Val de Loire";"Autre";0,000239537
2019-08;"Centre-Val de Loire";"Autre";0,000239537
2019-09;"Centre-Val de Loire";"Autre";0,00023180999999999
2019-10;"Centre-Val de Loire";"Autre";0,000239549
2019-11;"Centre-Val de Loire";"Autre";0,00023180999999999
2019-12;"Centre-Val de Loire";"Autre";0,000239537
2020-01;"Centre-Val de Loire";"Autre";0,00023953700000001
2020-02;"Centre-Val de Loire";"Autre";0,00021636899999999
2020-03;"Centre-Val de Loire";"Autre";0,00023955500000001
2020-04;"Centre-Val de Loire";"Autre";0,00023181
2020-05;"Centre-Val de Loire";"Autre";0,000239537
2020-06;"Centre-Val de Loire";"Autre";0,00023181
2020-07;"Centre-Val de Loire";"Autre";0,000239537
2020-08;"Centre-Val de Loire";"Autre";0,00023953700000001
2020-09;"Centre-Val de Loire";"Autre";0,00023181
2020-10;"Centre-Val de Loire";"Autre";0,00023954900000001
2020-11;"Centre-Val de Loire";"Autre";0,00023181000000001
2020-12;"Centre-Val de Loire";"Autre";0,000239537
2021-01;"Centre-Val de Loire";"Autre";0,000239537
2021-02;"Centre-Val de Loire";"Autre";0,00021635599999999
2021-03;"Centre-Val de Loire";"Autre";0,00023955599999999
2021-04;"Centre-Val de Loire";"Autre";0,00023181
2021-05;"Centre-Val de Loire";"Autre";0,000239537
2021-06;"Centre-Val de Loire";"Autre";0,00023181
2021-07;"Centre-Val de Loire";"Autre";0,00023953700000001
2021-08;"Centre-Val de Loire";"Autre";0,000239537
2021-09;"Centre-Val de Loire";"Autre";0,00023181
2021-10;"Centre-Val de Loire";"Autre";0,00023954900000001
2021-11;"Centre-Val de Loire";"Autre";0,000687635
2021-12;"Centre-Val de Loire";"Autre";0,00079257500000001
2022-01;"Centre-Val de Loire";"Autre";0,000244081021
2022-02;"Centre-Val de Loire";"Autre";0,000222647012
2022-03;"Centre-Val de Loire";"Autre";0,000261394427
2022-04;"Centre-Val de Loire";"Autre";0,000232240992
2022-05;"Centre-Val de Loire";"Autre";0,000239875
2022-06;"Centre-Val de Loire";"Autre";0,000232306003
2022-07;"Centre-Val de Loire";"Autre";0,000239850997
2022-08;"Centre-Val de Loire";"Autre";0,000240435001
2022-09;"Centre-Val de Loire";"Autre";0,000233113999
2022-10;"Centre-Val de Loire";"Autre";0,00023295101799999
2022-11;"Centre-Val de Loire";"Autre";0,000259190835
2022-12;"Centre-Val de Loire";"Autre";0,00026305633800001
2023-01;"Centre-Val de Loire";"Autre";0,00026138717099999
2023-02;"Centre-Val de Loire";"Autre";0,000259105514
2023-03;"Centre-Val de Loire";"Autre";0,000263772332
2023-04;"Centre-Val de Loire";"Autre";0,00023216799999998
2023-05;"Centre-Val de Loire";"Autre";0,00023255300299999
2023-06;"Centre-Val de Loire";"Autre";0,000233116001
2023-07;"Centre-Val de Loire";"Autre";0,00023306400399999
2023-08;"Centre-Val de Loire";"Autre";0,000232697002
2023-09;"Centre-Val de Loire";"Autre";0,000232573004
2023-10;"Centre-Val de Loire";"Autre";0,000232026136
2023-11;"Centre-Val de Loire";"Autre";0,00025669075
2023-12;"Centre-Val de Loire";"Autre";0,00026355333599998
2024-01;"Centre-Val de Loire";"Autre";0,00026151274899999
2024-02;"Centre-Val de Loire";"Autre";0,000262193157
2024-03;"Centre-Val de Loire";"Autre";0,000259712837
2024-04;"Centre-Val de Loire";"Autre";0,00023181000000001
2024-05;"Centre-Val de Loire";"Autre";0,00023181000200001
2024-06;"Centre-Val de Loire";"Autre";0,00023180999999999
2024-07;"Centre-Val de Loire";"Autre";0,00023181000199999
2024-08;"Centre-Val de Loire";"Autre";0,00023181000200001
2024-09;"Centre-Val de Loire";"Autre";0,00023182082399999
2024-10;"Centre-Val de Loire";"Autre";0,000232430673
2024-11;"Centre-Val de Loire";"Autre";0,000263417248
2024-12;"Centre-Val de Loire";"Autre";0,00026280074199999
2025-01;"Centre-Val de Loire";"Autre";0,000266653243
2025-02;"Centre-Val de Loire";"Autre";0,00026406995
2025-03;"Centre-Val de Loire";"Autre";0,000261047165
2025-04;"Centre-Val de Loire";"Autre";0,000233398783
2025-05;"Centre-Val de Loire";"Autre";0,000232776819
2025-06;"Centre-Val de Loire";"Autre";0,000233113571
2025-07;"Centre-Val de Loire";"Autre";0,000232949657
2025-08;"Centre-Val de Loire";"Autre";0,000232889065
2025-09;"Centre-Val de Loire";"Autre";0,00023205399
2025-10;"Centre-Val de Loire";"Autre";0,000232346811
2025-11;"Centre-Val de Loire";"Autre";0,000263000668
2014-01;"Centre-Val de Loire";"Solaire";0,005552132
2014-02;"Centre-Val de Loire";"Solaire";0,009694378
2014-03;"Centre-Val de Loire";"Solaire";0,020296576
2014-04;"Centre-Val de Loire";"Solaire";0,020468352
2014-05;"Centre-Val de Loire";"Solaire";0,022891185
2014-06;"Centre-Val de Loire";"Solaire";0,025705285
2014-07;"Centre-Val de Loire";"Solaire";0,02310555
2014-08;"Centre-Val de Loire";"Solaire";0,022178414
2014-09;"Centre-Val de Loire";"Solaire";0,022310324
2014-10;"Centre-Val de Loire";"Solaire";0,014057898
2014-11;"Centre-Val de Loire";"Solaire";0,007558981
2014-12;"Centre-Val de Loire";"Solaire";0,004192652
2015-01;"Centre-Val de Loire";"Solaire";0,006034027
2015-02;"Centre-Val de Loire";"Solaire";0,010228383
2015-03;"Centre-Val de Loire";"Solaire";0,016568649
2015-04;"Centre-Val de Loire";"Solaire";0,025493996
2015-05;"Centre-Val de Loire";"Solaire";0,027846088
2015-06;"Centre-Val de Loire";"Solaire";0,032939319
2015-07;"Centre-Val de Loire";"Solaire";0,030405821
2015-08;"Centre-Val de Loire";"Solaire";0,027348608
2015-09;"Centre-Val de Loire";"Solaire";0,023623034
2015-10;"Centre-Val de Loire";"Solaire";0,015017683
2015-11;"Centre-Val de Loire";"Solaire";0,010010521
2015-12;"Centre-Val de Loire";"Solaire";0,008747504
2016-01;"Centre-Val de Loire";"Solaire";0,007040071
2016-02;"Centre-Val de Loire";"Solaire";0,011707469
2016-03;"Centre-Val de Loire";"Solaire";0,019840044
2016-04;"Centre-Val de Loire";"Solaire";0,024041763
2016-05;"Centre-Val de Loire";"Solaire";0,026388693
2016-06;"Centre-Val de Loire";"Solaire";0,024511514
2016-07;"Centre-Val de Loire";"Solaire";0,033204948
2016-08;"Centre-Val de Loire";"Solaire";0,033178048
2016-09;"Centre-Val de Loire";"Solaire";0,023581901
2016-10;"Centre-Val de Loire";"Solaire";0,022475074
2016-11;"Centre-Val de Loire";"Solaire";0,009459131
2016-12;"Centre-Val de Loire";"Solaire";0,009393927
2017-01;"Centre-Val de Loire";"Solaire";0,00959135
2017-02;"Centre-Val de Loire";"Solaire";0,011175067
2017-03;"Centre-Val de Loire";"Solaire";0,018995123
2017-04;"Centre-Val de Loire";"Solaire";0,033081787
2017-05;"Centre-Val de Loire";"Solaire";0,033118124
2017-06;"Centre-Val de Loire";"Solaire";0,036914996
2017-07;"Centre-Val de Loire";"Solaire";0,031054454
2017-08;"Centre-Val de Loire";"Solaire";0,031230154
2017-09;"Centre-Val de Loire";"Solaire";0,024233227
2017-10;"Centre-Val de Loire";"Solaire";0,02067653
2017-11;"Centre-Val de Loire";"Solaire";0,010801129
2017-12;"Centre-Val de Loire";"Solaire";0,005785542
2018-01;"Centre-Val de Loire";"Solaire";0,005366096
2018-02;"Centre-Val de Loire";"Solaire";0,013418507
2018-03;"Centre-Val de Loire";"Solaire";0,020645121
2018-04;"Centre-Val de Loire";"Solaire";0,02885754
2018-05;"Centre-Val de Loire";"Solaire";0,039134411
2018-06;"Centre-Val de Loire";"Solaire";0,038343637
2018-07;"Centre-Val de Loire";"Solaire";0,041364423
2018-08;"Centre-Val de Loire";"Solaire";0,039211636
2018-09;"Centre-Val de Loire";"Solaire";0,034243014
2018-10;"Centre-Val de Loire";"Solaire";0,025210754
2018-11;"Centre-Val de Loire";"Solaire";0,012992448
2018-12;"Centre-Val de Loire";"Solaire";0,005958381
2019-01;"Centre-Val de Loire";"Solaire";0,009217629
2019-02;"Centre-Val de Loire";"Solaire";0,021800659
2019-03;"Centre-Val de Loire";"Solaire";0,0299746
2019-04;"Centre-Val de Loire";"Solaire";0,035237621
2019-05;"Centre-Val de Loire";"Solaire";0,039887239
2019-06;"Centre-Val de Loire";"Solaire";0,042980631
2019-07;"Centre-Val de Loire";"Solaire";0,04765513
2019-08;"Centre-Val de Loire";"Solaire";0,04250574
2019-09;"Centre-Val de Loire";"Solaire";0,035544611
2019-10;"Centre-Val de Loire";"Solaire";0,019456246
2019-11;"Centre-Val de Loire";"Solaire";0,012424899
2019-12;"Centre-Val de Loire";"Solaire";0,012179809
2020-01;"Centre-Val de Loire";"Solaire";0,013795613
2020-02;"Centre-Val de Loire";"Solaire";0,020309138
2020-03;"Centre-Val de Loire";"Solaire";0,032659591
2020-04;"Centre-Val de Loire";"Solaire";0,045604314
2020-05;"Centre-Val de Loire";"Solaire";0,05450736
2020-06;"Centre-Val de Loire";"Solaire";0,046242152
2020-07;"Centre-Val de Loire";"Solaire";0,05798849
2020-08;"Centre-Val de Loire";"Solaire";0,049176159
2020-09;"Centre-Val de Loire";"Solaire";0,042346908
2020-10;"Centre-Val de Loire";"Solaire";0,022013995
2020-11;"Centre-Val de Loire";"Solaire";0,021570448
2020-12;"Centre-Val de Loire";"Solaire";0,010090322
2021-01;"Centre-Val de Loire";"Solaire";0,01209559
2021-02;"Centre-Val de Loire";"Solaire";0,023881974
2021-03;"Centre-Val de Loire";"Solaire";0,049821321
2021-04;"Centre-Val de Loire";"Solaire";0,067271384
2021-05;"Centre-Val de Loire";"Solaire";0,067019661
2021-06;"Centre-Val de Loire";"Solaire";0,069934482
2021-07;"Centre-Val de Loire";"Solaire";0,067832837
2021-08;"Centre-Val de Loire";"Solaire";0,06882642
2021-09;"Centre-Val de Loire";"Solaire";0,064848998
2021-10;"Centre-Val de Loire";"Solaire";0,054786531
2021-11;"Centre-Val de Loire";"Solaire";0,027490527
2021-12;"Centre-Val de Loire";"Solaire";0,017514295
2022-01;"Centre-Val de Loire";"Solaire";0,025449058714
2022-02;"Centre-Val de Loire";"Solaire";0,044143661171
2022-03;"Centre-Val de Loire";"Solaire";0,069515305977
2022-04;"Centre-Val de Loire";"Solaire";0,095477538205
2022-05;"Centre-Val de Loire";"Solaire";0,128810640526
2022-06;"Centre-Val de Loire";"Solaire";0,116211174939
2022-07;"Centre-Val de Loire";"Solaire";0,136491923029
2022-08;"Centre-Val de Loire";"Solaire";0,120616004095
2022-09;"Centre-Val de Loire";"Solaire";0,089887271459
2022-10;"Centre-Val de Loire";"Solaire";0,063913271529
2022-11;"Centre-Val de Loire";"Solaire";0,035023478603
2022-12;"Centre-Val de Loire";"Solaire";0,01586518221
2023-01;"Centre-Val de Loire";"Solaire";0,022979338445
2023-02;"Centre-Val de Loire";"Solaire";0,058529027979
2023-03;"Centre-Val de Loire";"Solaire";0,080711312875
2023-04;"Centre-Val de Loire";"Solaire";0,109454087426
2023-05;"Centre-Val de Loire";"Solaire";0,139822613276
2023-06;"Centre-Val de Loire";"Solaire";0,154248301999
2023-07;"Centre-Val de Loire";"Solaire";0,138063704722
2023-08;"Centre-Val de Loire";"Solaire";0,123207262049
2023-09;"Centre-Val de Loire";"Solaire";0,118433545726
2023-10;"Centre-Val de Loire";"Solaire";0,083501154518
2023-11;"Centre-Val de Loire";"Solaire";0,041162478014
2023-12;"Centre-Val de Loire";"Solaire";0,02794675975
2024-01;"Centre-Val de Loire";"Solaire";0,038232246089
2024-02;"Centre-Val de Loire";"Solaire";0,042004102755
2024-03;"Centre-Val de Loire";"Solaire";0,104612806559
2024-04;"Centre-Val de Loire";"Solaire";0,118561039019
2024-05;"Centre-Val de Loire";"Solaire";0,139168630902
2024-06;"Centre-Val de Loire";"Solaire";0,161122138652
2024-07;"Centre-Val de Loire";"Solaire";0,172838076767
2024-08;"Centre-Val de Loire";"Solaire";0,177615953449
2024-09;"Centre-Val de Loire";"Solaire";0,11760187737
2024-10;"Centre-Val de Loire";"Solaire";0,079963673007
2024-11;"Centre-Val de Loire";"Solaire";0,042078125158
2024-12;"Centre-Val de Loire";"Solaire";0,032572294658
2025-01;"Centre-Val de Loire";"Solaire";0,04335122862
2025-02;"Centre-Val de Loire";"Solaire";0,08353510311
2025-03;"Centre-Val de Loire";"Solaire";0,153630965502
2025-04;"Centre-Val de Loire";"Solaire";0,177680595918
2025-05;"Centre-Val de Loire";"Solaire";0,197198988855
2025-06;"Centre-Val de Loire";"Solaire";0,229018832729
2025-07;"Centre-Val de Loire";"Solaire";0,250978332275
2025-08;"Centre-Val de Loire";"Solaire";0,218513598605
2025-09;"Centre-Val de Loire";"Solaire";0,158062990057
2025-10;"Centre-Val de Loire";"Solaire";0,138472486558
2025-11;"Centre-Val de Loire";"Solaire";0,069589982034
2014-01;"Centre-Val de Loire";"Hydraulique";0,023242236
2014-02;"Centre-Val de Loire";"Hydraulique";0,028834888
2014-03;"Centre-Val de Loire";"Hydraulique";0,020483685
2014-04;"Centre-Val de Loire";"Hydraulique";0,006671705
2014-05;"Centre-Val de Loire";"Hydraulique";0,008126031
2014-06;"Centre-Val de Loire";"Hydraulique";0,003413116
2014-07;"Centre-Val de Loire";"Hydraulique";0,004931164
2014-08;"Centre-Val de Loire";"Hydraulique";0,005311713
2014-09;"Centre-Val de Loire";"Hydraulique";0,002654175
2014-10;"Centre-Val de Loire";"Hydraulique";0,008668699
2014-11;"Centre-Val de Loire";"Hydraulique";0,009037671
2014-12;"Centre-Val de Loire";"Hydraulique";0,017216598
2015-01;"Centre-Val de Loire";"Hydraulique";0,021648704
2015-02;"Centre-Val de Loire";"Hydraulique";0,023629783
2015-03;"Centre-Val de Loire";"Hydraulique";0,023186636
2015-04;"Centre-Val de Loire";"Hydraulique";0,010463684
2015-05;"Centre-Val de Loire";"Hydraulique";0,010948829
2015-06;"Centre-Val de Loire";"Hydraulique";0,002689753
2015-07;"Centre-Val de Loire";"Hydraulique";0,000376737
2015-08;"Centre-Val de Loire";"Hydraulique";0,000333154
2015-09;"Centre-Val de Loire";"Hydraulique";0,000642679
2015-10;"Centre-Val de Loire";"Hydraulique";0,001705169
2015-11;"Centre-Val de Loire";"Hydraulique";0,002032887
2015-12;"Centre-Val de Loire";"Hydraulique";0,001579358
2016-01;"Centre-Val de Loire";"Hydraulique";0,014104741
2016-02;"Centre-Val de Loire";"Hydraulique";0,026875829
2016-03;"Centre-Val de Loire";"Hydraulique";0,020355275
2016-04;"Centre-Val de Loire";"Hydraulique";0,022176568
2016-05;"Centre-Val de Loire";"Hydraulique";0,012611292
2016-06;"Centre-Val de Loire";"Hydraulique";0,017627771
2016-07;"Centre-Val de Loire";"Hydraulique";0,00199293
2016-08;"Centre-Val de Loire";"Hydraulique";0,000519854
2016-09;"Centre-Val de Loire";"Hydraulique";0,000994904
2016-10;"Centre-Val de Loire";"Hydraulique";0,000904644
2016-11;"Centre-Val de Loire";"Hydraulique";0,006469865
2016-12;"Centre-Val de Loire";"Hydraulique";0,003450048
2017-01;"Centre-Val de Loire";"Hydraulique";0,004241533
2017-02;"Centre-Val de Loire";"Hydraulique";0,008425852
2017-03;"Centre-Val de Loire";"Hydraulique";0,020445217
2017-04;"Centre-Val de Loire";"Hydraulique";0,004504637
2017-05;"Centre-Val de Loire";"Hydraulique";0,006313228
2017-06;"Centre-Val de Loire";"Hydraulique";0,003641153
2017-07;"Centre-Val de Loire";"Hydraulique";0,000675828
2017-08;"Centre-Val de Loire";"Hydraulique";0,000345059
2017-09;"Centre-Val de Loire";"Hydraulique";0,003043749
2017-10;"Centre-Val de Loire";"Hydraulique";0,00035553
2017-11;"Centre-Val de Loire";"Hydraulique";0,000823715
2017-12;"Centre-Val de Loire";"Hydraulique";0,014651251
2018-01;"Centre-Val de Loire";"Hydraulique";0,041652518
2018-02;"Centre-Val de Loire";"Hydraulique";0,027143341
2018-03;"Centre-Val de Loire";"Hydraulique";0,021542022
2018-04;"Centre-Val de Loire";"Hydraulique";0,018243404
2018-05;"Centre-Val de Loire";"Hydraulique";0,012971411
2018-06;"Centre-Val de Loire";"Hydraulique";0,012262835
2018-07;"Centre-Val de Loire";"Hydraulique";0,001916947
2018-08;"Centre-Val de Loire";"Hydraulique";0,000209903
2018-09;"Centre-Val de Loire";"Hydraulique";0,000355597
2018-10;"Centre-Val de Loire";"Hydraulique";0,000570754
2018-11;"Centre-Val de Loire";"Hydraulique";0,001312102
2018-12;"Centre-Val de Loire";"Hydraulique";0,00306601
2019-01;"Centre-Val de Loire";"Hydraulique";0,005120168
2019-02;"Centre-Val de Loire";"Hydraulique";0,01136261
2019-03;"Centre-Val de Loire";"Hydraulique";0,009371897
2019-04;"Centre-Val de Loire";"Hydraulique";0,003097411
2019-05;"Centre-Val de Loire";"Hydraulique";0,00400711
2019-06;"Centre-Val de Loire";"Hydraulique";0,002748621
2019-07;"Centre-Val de Loire";"Hydraulique";0,000278777
2019-08;"Centre-Val de Loire";"Hydraulique";0,000392871
2019-09;"Centre-Val de Loire";"Hydraulique";0,000400332
2019-10;"Centre-Val de Loire";"Hydraulique";0,001705886
2019-11;"Centre-Val de Loire";"Hydraulique";0,012902146
2019-12;"Centre-Val de Loire";"Hydraulique";0,032791972
2020-01;"Centre-Val de Loire";"Hydraulique";0,01749995
2020-02;"Centre-Val de Loire";"Hydraulique";0,021002521
2020-03;"Centre-Val de Loire";"Hydraulique";0,022554239
2020-04;"Centre-Val de Loire";"Hydraulique";0,007066914
2020-05;"Centre-Val de Loire";"Hydraulique";0,015601716
2020-06;"Centre-Val de Loire";"Hydraulique";0,004325534
2020-07;"Centre-Val de Loire";"Hydraulique";0,001284339
2020-08;"Centre-Val de Loire";"Hydraulique";0,000897563
2020-09;"Centre-Val de Loire";"Hydraulique";0,000951104
2020-10;"Centre-Val de Loire";"Hydraulique";0,007596224
2020-11;"Centre-Val de Loire";"Hydraulique";0,005647594
2020-12;"Centre-Val de Loire";"Hydraulique";0,022345948
2021-01;"Centre-Val de Loire";"Hydraulique";0,029875203
2021-02;"Centre-Val de Loire";"Hydraulique";0,029964093
2021-03;"Centre-Val de Loire";"Hydraulique";0,013370488
2021-04;"Centre-Val de Loire";"Hydraulique";0,004427546
2021-05;"Centre-Val de Loire";"Hydraulique";0,00806893
2021-06;"Centre-Val de Loire";"Hydraulique";0,006500971
2021-07;"Centre-Val de Loire";"Hydraulique";0,006262946
2021-08;"Centre-Val de Loire";"Hydraulique";0,002769765
2021-09;"Centre-Val de Loire";"Hydraulique";0,002166313
2021-10;"Centre-Val de Loire";"Hydraulique";0,002525701
2021-11;"Centre-Val de Loire";"Hydraulique";0,0060159
2021-12;"Centre-Val de Loire";"Hydraulique";0,017245382
2022-01;"Centre-Val de Loire";"Hydraulique";0,017354724635
2022-02;"Centre-Val de Loire";"Hydraulique";0,009862706449
2022-03;"Centre-Val de Loire";"Hydraulique";0,010451730511
2022-04;"Centre-Val de Loire";"Hydraulique";0,010722481867
2022-05;"Centre-Val de Loire";"Hydraulique";0,002851234179
2022-06;"Centre-Val de Loire";"Hydraulique";0,003050577179
2022-07;"Centre-Val de Loire";"Hydraulique";0,002070833828
2022-08;"Centre-Val de Loire";"Hydraulique";0,000358818097
2022-09;"Centre-Val de Loire";"Hydraulique";0,000476779154
2022-10;"Centre-Val de Loire";"Hydraulique";0,001576507279
2022-11;"Centre-Val de Loire";"Hydraulique";0,001495552812
2022-12;"Centre-Val de Loire";"Hydraulique";0,002988107255
2023-01;"Centre-Val de Loire";"Hydraulique";0,009572884697
2023-02;"Centre-Val de Loire";"Hydraulique";0,003818699262
2023-03;"Centre-Val de Loire";"Hydraulique";0,014347345582
2023-04;"Centre-Val de Loire";"Hydraulique";0,012274206295
2023-05;"Centre-Val de Loire";"Hydraulique";0,006655632438
2023-06;"Centre-Val de Loire";"Hydraulique";0,004329192713
2023-07;"Centre-Val de Loire";"Hydraulique";0,001349447257
2023-08;"Centre-Val de Loire";"Hydraulique";0,000856385068
2023-09;"Centre-Val de Loire";"Hydraulique";0,000550387621
2023-10;"Centre-Val de Loire";"Hydraulique";0,001732696009
2023-11;"Centre-Val de Loire";"Hydraulique";0,025329908011
2023-12;"Centre-Val de Loire";"Hydraulique";0,024170981825
2024-01;"Centre-Val de Loire";"Hydraulique";0,018968702429
2024-02;"Centre-Val de Loire";"Hydraulique";0,017933452294
2024-03;"Centre-Val de Loire";"Hydraulique";0,023173994344
2024-04;"Centre-Val de Loire";"Hydraulique";0,02074010799
2024-05;"Centre-Val de Loire";"Hydraulique";0,031251961144
2024-06;"Centre-Val de Loire";"Hydraulique";0,018516753094
2024-07;"Centre-Val de Loire";"Hydraulique";0,008528867783
2024-08;"Centre-Val de Loire";"Hydraulique";0,002194067926
2024-09;"Centre-Val de Loire";"Hydraulique";0,004232949094
2024-10;"Centre-Val de Loire";"Hydraulique";0,020799135762
2024-11;"Centre-Val de Loire";"Hydraulique";0,011319529508
2024-12;"Centre-Val de Loire";"Hydraulique";0,022934159967
2025-01;"Centre-Val de Loire";"Hydraulique";0,029561148439
2025-02;"Centre-Val de Loire";"Hydraulique";0,018043394466
2025-03;"Centre-Val de Loire";"Hydraulique";0,015780481167
2025-04;"Centre-Val de Loire";"Hydraulique";0,011808301406
2025-05;"Centre-Val de Loire";"Hydraulique";0,006639808103
2025-06;"Centre-Val de Loire";"Hydraulique";0,002129101415
2025-07;"Centre-Val de Loire";"Hydraulique";0,000785234793
2025-08;"Centre-Val de Loire";"Hydraulique";0,000532155335
2025-09;"Centre-Val de Loire";"Hydraulique";0,001639506497
2025-10;"Centre-Val de Loire";"Hydraulique";0,003805849755
2025-11;"Centre-Val de Loire";"Hydraulique";0,01307881631
2014-01;"Centre-Val de Loire";"Eolien";0,214292706
2014-02;"Centre-Val de Loire";"Eolien";0,27208349
2014-03;"Centre-Val de Loire";"Eolien";0,113988982
2014-04;"Centre-Val de Loire";"Eolien";0,090848279
2014-05;"Centre-Val de Loire";"Eolien";0,148466161
2014-06;"Centre-Val de Loire";"Eolien";0,102429008
2014-07;"Centre-Val de Loire";"Eolien";0,084160535
2014-08;"Centre-Val de Loire";"Eolien";0,088967049
2014-09;"Centre-Val de Loire";"Eolien";0,073098156
2014-10;"Centre-Val de Loire";"Eolien";0,111845131
2014-11;"Centre-Val de Loire";"Eolien";0,136126501
2014-12;"Centre-Val de Loire";"Eolien";0,190018039
2015-01;"Centre-Val de Loire";"Eolien";0,224189591
2015-02;"Centre-Val de Loire";"Eolien";0,197658714
2015-03;"Centre-Val de Loire";"Eolien";0,180399883
2015-04;"Centre-Val de Loire";"Eolien";0,150438215
2015-05;"Centre-Val de Loire";"Eolien";0,139699235
2015-06;"Centre-Val de Loire";"Eolien";0,116778196
2015-07;"Centre-Val de Loire";"Eolien";0,12023546
2015-08;"Centre-Val de Loire";"Eolien";0,101104905
2015-09;"Centre-Val de Loire";"Eolien";0,164901066
2015-10;"Centre-Val de Loire";"Eolien";0,109174721
2015-11;"Centre-Val de Loire";"Eolien";0,227590166
2015-12;"Centre-Val de Loire";"Eolien";0,195411056
2016-01;"Centre-Val de Loire";"Eolien";0,262374543
2016-02;"Centre-Val de Loire";"Eolien";0,27535041
2016-03;"Centre-Val de Loire";"Eolien";0,228334582
2016-04;"Centre-Val de Loire";"Eolien";0,129406416
2016-05;"Centre-Val de Loire";"Eolien";0,123472316
2016-06;"Centre-Val de Loire";"Eolien";0,086825081
2016-07;"Centre-Val de Loire";"Eolien";0,086923105
2016-08;"Centre-Val de Loire";"Eolien";0,0960345
2016-09;"Centre-Val de Loire";"Eolien";0,066937298
2016-10;"Centre-Val de Loire";"Eolien";0,130383058
2016-11;"Centre-Val de Loire";"Eolien";0,221558558
2016-12;"Centre-Val de Loire";"Eolien";0,09443583
2017-01;"Centre-Val de Loire";"Eolien";0,166136859
2017-02;"Centre-Val de Loire";"Eolien";0,220285505
2017-03;"Centre-Val de Loire";"Eolien";0,204517252
2017-04;"Centre-Val de Loire";"Eolien";0,109187691
2017-05;"Centre-Val de Loire";"Eolien";0,120610437
2017-06;"Centre-Val de Loire";"Eolien";0,106977041
2017-07;"Centre-Val de Loire";"Eolien";0,142529953
2017-08;"Centre-Val de Loire";"Eolien";0,099879346
2017-09;"Centre-Val de Loire";"Eolien";0,127883956
2017-10;"Centre-Val de Loire";"Eolien";0,13972713
2017-11;"Centre-Val de Loire";"Eolien";0,181759624
2017-12;"Centre-Val de Loire";"Eolien";0,26962556
2018-01;"Centre-Val de Loire";"Eolien";0,30695435
2018-02;"Centre-Val de Loire";"Eolien";0,203410763
2018-03;"Centre-Val de Loire";"Eolien";0,245137143
2018-04;"Centre-Val de Loire";"Eolien";0,142003922
2018-05;"Centre-Val de Loire";"Eolien";0,104558994
2018-06;"Centre-Val de Loire";"Eolien";0,10254804
2018-07;"Centre-Val de Loire";"Eolien";0,076449792
2018-08;"Centre-Val de Loire";"Eolien";0,095553336
2018-09;"Centre-Val de Loire";"Eolien";0,128963723
2018-10;"Centre-Val de Loire";"Eolien";0,1811166
2018-11;"Centre-Val de Loire";"Eolien";0,189704098
2018-12;"Centre-Val de Loire";"Eolien";0,267055359
2019-01;"Centre-Val de Loire";"Eolien";0,23108081
2019-02;"Centre-Val de Loire";"Eolien";0,184965665
2019-03;"Centre-Val de Loire";"Eolien";0,329511496
2019-04;"Centre-Val de Loire";"Eolien";0,169911697
2019-05;"Centre-Val de Loire";"Eolien";0,162189266
2019-06;"Centre-Val de Loire";"Eolien";0,140509508
2019-07;"Centre-Val de Loire";"Eolien";0,136957826
2019-08;"Centre-Val de Loire";"Eolien";0,135098925
2019-09;"Centre-Val de Loire";"Eolien";0,217788562
2019-10;"Centre-Val de Loire";"Eolien";0,266877058
2019-11;"Centre-Val de Loire";"Eolien";0,275272995
2019-12;"Centre-Val de Loire";"Eolien";0,341619662
2020-01;"Centre-Val de Loire";"Eolien";0,33225539
2020-02;"Centre-Val de Loire";"Eolien";0,47685304
2020-03;"Centre-Val de Loire";"Eolien";0,362413546
2020-04;"Centre-Val de Loire";"Eolien";0,176648966
2020-05;"Centre-Val de Loire";"Eolien";0,213922995
2020-06;"Centre-Val de Loire";"Eolien";0,157154712
2020-07;"Centre-Val de Loire";"Eolien";0,155347256
2020-08;"Centre-Val de Loire";"Eolien";0,157552523
2020-09;"Centre-Val de Loire";"Eolien";0,172702189
2020-10;"Centre-Val de Loire";"Eolien";0,328889515
2020-11;"Centre-Val de Loire";"Eolien";0,216318226
2020-12;"Centre-Val de Loire";"Eolien";0,366795598
2021-01;"Centre-Val de Loire";"Eolien";0,320620579
2021-02;"Centre-Val de Loire";"Eolien";0,307265697
2021-03;"Centre-Val de Loire";"Eolien";0,283983349
2021-04;"Centre-Val de Loire";"Eolien";0,240193497
2021-05;"Centre-Val de Loire";"Eolien";0,327022992
2021-06;"Centre-Val de Loire";"Eolien";0,083823808
2021-07;"Centre-Val de Loire";"Eolien";0,193611068
2021-08;"Centre-Val de Loire";"Eolien";0,18164795
2021-09;"Centre-Val de Loire";"Eolien";0,134144726
2021-10;"Centre-Val de Loire";"Eolien";0,264199897
2021-11;"Centre-Val de Loire";"Eolien";0,226073853
2021-12;"Centre-Val de Loire";"Eolien";0,36707512
2022-01;"Centre-Val de Loire";"Eolien";0,221283569091
2022-02;"Centre-Val de Loire";"Eolien";0,380755516096
2022-03;"Centre-Val de Loire";"Eolien";0,246620333015
2022-04;"Centre-Val de Loire";"Eolien";0,256580926759
2022-05;"Centre-Val de Loire";"Eolien";0,157816811888
2022-06;"Centre-Val de Loire";"Eolien";0,14172638874
2022-07;"Centre-Val de Loire";"Eolien";0,143783852713
2022-08;"Centre-Val de Loire";"Eolien";0,168413783722
2022-09;"Centre-Val de Loire";"Eolien";0,164788248384
2022-10;"Centre-Val de Loire";"Eolien";0,26985333655
2022-11;"Centre-Val de Loire";"Eolien";0,358820647869
2022-12;"Centre-Val de Loire";"Eolien";0,361522637072
2023-01;"Centre-Val de Loire";"Eolien";0,40869221057
2023-02;"Centre-Val de Loire";"Eolien";0,239207404453
2023-03;"Centre-Val de Loire";"Eolien";0,441573157621
2023-04;"Centre-Val de Loire";"Eolien";0,282844288577
2023-05;"Centre-Val de Loire";"Eolien";0,271976667254
2023-06;"Centre-Val de Loire";"Eolien";0,143057332358
2023-07;"Centre-Val de Loire";"Eolien";0,245511344177
2023-08;"Centre-Val de Loire";"Eolien";0,19932202981
2023-09;"Centre-Val de Loire";"Eolien";0,163474881296
2023-10;"Centre-Val de Loire";"Eolien";0,358092716966
2023-11;"Centre-Val de Loire";"Eolien";0,487194431647
2023-12;"Centre-Val de Loire";"Eolien";0,48732022055
2024-01;"Centre-Val de Loire";"Eolien";0,371357413229
2024-02;"Centre-Val de Loire";"Eolien";0,399412237211
2024-03;"Centre-Val de Loire";"Eolien";0,316295494167
2024-04;"Centre-Val de Loire";"Eolien";0,291426900326
2024-05;"Centre-Val de Loire";"Eolien";0,182811867831
2024-06;"Centre-Val de Loire";"Eolien";0,157852988571
2024-07;"Centre-Val de Loire";"Eolien";0,137420482745
2024-08;"Centre-Val de Loire";"Eolien";0,132318765233
2024-09;"Centre-Val de Loire";"Eolien";0,302344010455
2024-10;"Centre-Val de Loire";"Eolien";0,231329863999
2024-11;"Centre-Val de Loire";"Eolien";0,296106277446
2024-12;"Centre-Val de Loire";"Eolien";0,370259273746
2025-01;"Centre-Val de Loire";"Eolien";0,433366372007
2025-02;"Centre-Val de Loire";"Eolien";0,22337709764
2025-03;"Centre-Val de Loire";"Eolien";0,26005453366
2025-04;"Centre-Val de Loire";"Eolien";0,25932126874
2025-05;"Centre-Val de Loire";"Eolien";0,22339070845
2025-06;"Centre-Val de Loire";"Eolien";0,169926873068
2025-07;"Centre-Val de Loire";"Eolien";0,212103601608
2025-08;"Centre-Val de Loire";"Eolien";0,165700342
2025-09;"Centre-Val de Loire";"Eolien";0,257113794908
2025-10;"Centre-Val de Loire";"Eolien";0,359689217873
2025-11;"Centre-Val de Loire";"Eolien";0,327963769804
2014-01;"Centre-Val de Loire";"Thermique fossile";0,055138946999
2014-02;"Centre-Val de Loire";"Thermique fossile";0,053882686334
2014-03;"Centre-Val de Loire";"Thermique fossile";0,046232401999
2014-04;"Centre-Val de Loire";"Thermique fossile";0,000472277667
2014-05;"Centre-Val de Loire";"Thermique fossile";6,0348E-5
2014-06;"Centre-Val de Loire";"Thermique fossile";0,000109575335
2014-07;"Centre-Val de Loire";"Thermique fossile";0,000525838664
2014-08;"Centre-Val de Loire";"Thermique fossile";-4,5531E-5
2014-09;"Centre-Val de Loire";"Thermique fossile";1,6400833E-5
2014-10;"Centre-Val de Loire";"Thermique fossile";0,003056786334
2014-11;"Centre-Val de Loire";"Thermique fossile";0,051446172833
2014-12;"Centre-Val de Loire";"Thermique fossile";0,056385393832
2015-01;"Centre-Val de Loire";"Thermique fossile";0,060010559503
2015-02;"Centre-Val de Loire";"Thermique fossile";0,056961386668
2015-03;"Centre-Val de Loire";"Thermique fossile";0,058374316501
2015-04;"Centre-Val de Loire";"Thermique fossile";0,002519417498
2015-05;"Centre-Val de Loire";"Thermique fossile";0,001958705499
2015-06;"Centre-Val de Loire";"Thermique fossile";3,5202666E-5
2015-07;"Centre-Val de Loire";"Thermique fossile";-4,1118E-5
2015-08;"Centre-Val de Loire";"Thermique fossile";-4,2456833E-5
2015-09;"Centre-Val de Loire";"Thermique fossile";-2,4984167E-5
2015-10;"Centre-Val de Loire";"Thermique fossile";0,004635911999
2015-11;"Centre-Val de Loire";"Thermique fossile";0,053359641332
2015-12;"Centre-Val de Loire";"Thermique fossile";0,054585788
2016-01;"Centre-Val de Loire";"Thermique fossile";0,058199777503
2016-02;"Centre-Val de Loire";"Thermique fossile";0,056593108001
2016-03;"Centre-Val de Loire";"Thermique fossile";0,056226206173
2016-04;"Centre-Val de Loire";"Thermique fossile";0,000387447334
2016-05;"Centre-Val de Loire";"Thermique fossile";8,3107E-5
2016-06;"Centre-Val de Loire";"Thermique fossile";-5,3042834E-5
2016-07;"Centre-Val de Loire";"Thermique fossile";-6,7281E-5
2016-08;"Centre-Val de Loire";"Thermique fossile";-5,5235E-5
2016-09;"Centre-Val de Loire";"Thermique fossile";6,4396499E-5
2016-10;"Centre-Val de Loire";"Thermique fossile";0,005434777835
2016-11;"Centre-Val de Loire";"Thermique fossile";0,060441475335
2016-12;"Centre-Val de Loire";"Thermique fossile";0,075049547833
2017-01;"Centre-Val de Loire";"Thermique fossile";0,090851083831
2017-02;"Centre-Val de Loire";"Thermique fossile";0,074552041832
2017-03;"Centre-Val de Loire";"Thermique fossile";0,07645090333
2017-04;"Centre-Val de Loire";"Thermique fossile";0,002228138834
2017-05;"Centre-Val de Loire";"Thermique fossile";0,001642631333
2017-06;"Centre-Val de Loire";"Thermique fossile";0,001843522834
2017-07;"Centre-Val de Loire";"Thermique fossile";0,001304088001
2017-08;"Centre-Val de Loire";"Thermique fossile";2,95E-6
2017-09;"Centre-Val de Loire";"Thermique fossile";0,001079260499
2017-10;"Centre-Val de Loire";"Thermique fossile";0,004792494998
2017-11;"Centre-Val de Loire";"Thermique fossile";0,070101675008
2017-12;"Centre-Val de Loire";"Thermique fossile";0,074094885168
2018-01;"Centre-Val de Loire";"Thermique fossile";0,088260869168
2018-02;"Centre-Val de Loire";"Thermique fossile";0,0751129695
2018-03;"Centre-Val de Loire";"Thermique fossile";0,075423415834
2018-04;"Centre-Val de Loire";"Thermique fossile";0,000389887667
2018-05;"Centre-Val de Loire";"Thermique fossile";0,000122174333
2018-06;"Centre-Val de Loire";"Thermique fossile";0,000175703334
2018-07;"Centre-Val de Loire";"Thermique fossile";5,7498E-5
2018-08;"Centre-Val de Loire";"Thermique fossile";0,0006230785
2018-09;"Centre-Val de Loire";"Thermique fossile";0,007314364837
2018-10;"Centre-Val de Loire";"Thermique fossile";0,008146236002
2018-11;"Centre-Val de Loire";"Thermique fossile";0,059928544494
2018-12;"Centre-Val de Loire";"Thermique fossile";0,069519930162
2019-01;"Centre-Val de Loire";"Thermique fossile";0,09460941633
2019-02;"Centre-Val de Loire";"Thermique fossile";0,06550151484
2019-03;"Centre-Val de Loire";"Thermique fossile";0,069339036335
2019-04;"Centre-Val de Loire";"Thermique fossile";0,008254348834
2019-05;"Centre-Val de Loire";"Thermique fossile";0,004836331166
2019-06;"Centre-Val de Loire";"Thermique fossile";3,5873E-5
2019-07;"Centre-Val de Loire";"Thermique fossile";0,000322701665
2019-08;"Centre-Val de Loire";"Thermique fossile";0,007958421002
2019-09;"Centre-Val de Loire";"Thermique fossile";0,00980082583
2019-10;"Centre-Val de Loire";"Thermique fossile";0,016130468004
2019-11;"Centre-Val de Loire";"Thermique fossile";0,065319193995
2019-12;"Centre-Val de Loire";"Thermique fossile";0,077869180497
2020-01;"Centre-Val de Loire";"Thermique fossile";0,090675075828
2020-02;"Centre-Val de Loire";"Thermique fossile";0,073715495167
2020-03;"Centre-Val de Loire";"Thermique fossile";0,073955918169
2020-04;"Centre-Val de Loire";"Thermique fossile";0,005423697
2020-05;"Centre-Val de Loire";"Thermique fossile";0,002158525332
2020-06;"Centre-Val de Loire";"Thermique fossile";0,003554549334
2020-07;"Centre-Val de Loire";"Thermique fossile";0,006951877834
2020-08;"Centre-Val de Loire";"Thermique fossile";0,007713443501
2020-09;"Centre-Val de Loire";"Thermique fossile";0,010949574497
2020-10;"Centre-Val de Loire";"Thermique fossile";0,0154629495
2020-11;"Centre-Val de Loire";"Thermique fossile";0,054990356333
2020-12;"Centre-Val de Loire";"Thermique fossile";0,0634659205
2021-01;"Centre-Val de Loire";"Thermique fossile";0,088026842668
2021-02;"Centre-Val de Loire";"Thermique fossile";0,064563358501
2021-03;"Centre-Val de Loire";"Thermique fossile";0,062912930507
2021-04;"Centre-Val de Loire";"Thermique fossile";0,008614664332
2021-05;"Centre-Val de Loire";"Thermique fossile";0,002859886167
2021-06;"Centre-Val de Loire";"Thermique fossile";0,003532179667
2021-07;"Centre-Val de Loire";"Thermique fossile";0,009729111498
2021-08;"Centre-Val de Loire";"Thermique fossile";0,006602362667
2021-09;"Centre-Val de Loire";"Thermique fossile";0,000950626835
2021-10;"Centre-Val de Loire";"Thermique fossile";0,007443878498
2021-11;"Centre-Val de Loire";"Thermique fossile";0,059165283167
2021-12;"Centre-Val de Loire";"Thermique fossile";0,076660941334
2022-01;"Centre-Val de Loire";"Thermique fossile";0,075574386403
2022-02;"Centre-Val de Loire";"Thermique fossile";0,058973847478
2022-03;"Centre-Val de Loire";"Thermique fossile";0,052205335204
2022-04;"Centre-Val de Loire";"Thermique fossile";0,018832606049
2022-05;"Centre-Val de Loire";"Thermique fossile";0,012781469896
2022-06;"Centre-Val de Loire";"Thermique fossile";0,008406071115
2022-07;"Centre-Val de Loire";"Thermique fossile";0,013641345045
2022-08;"Centre-Val de Loire";"Thermique fossile";0,015671016711
2022-09;"Centre-Val de Loire";"Thermique fossile";0,019953463497
2022-10;"Centre-Val de Loire";"Thermique fossile";0,02061868362
2022-11;"Centre-Val de Loire";"Thermique fossile";0,034305599651
2022-12;"Centre-Val de Loire";"Thermique fossile";0,071990030447
2023-01;"Centre-Val de Loire";"Thermique fossile";0,069144116767
2023-02;"Centre-Val de Loire";"Thermique fossile";0,060832855026
2023-03;"Centre-Val de Loire";"Thermique fossile";0,046151313996
2023-04;"Centre-Val de Loire";"Thermique fossile";0,007229303663
2023-05;"Centre-Val de Loire";"Thermique fossile";0,002497316694
2023-06;"Centre-Val de Loire";"Thermique fossile";0,001368720738
2023-07;"Centre-Val de Loire";"Thermique fossile";0,004193647045
2023-08;"Centre-Val de Loire";"Thermique fossile";0,003959097047
2023-09;"Centre-Val de Loire";"Thermique fossile";0,003949630646
2023-10;"Centre-Val de Loire";"Thermique fossile";0,002656645569
2023-11;"Centre-Val de Loire";"Thermique fossile";0,039054680661
2023-12;"Centre-Val de Loire";"Thermique fossile";0,052740955149
2024-01;"Centre-Val de Loire";"Thermique fossile";0,062920627746
2024-02;"Centre-Val de Loire";"Thermique fossile";0,04579336408
2024-03;"Centre-Val de Loire";"Thermique fossile";0,039446068106
2024-04;"Centre-Val de Loire";"Thermique fossile";0,000351134793
2024-05;"Centre-Val de Loire";"Thermique fossile";0,000295809592
2024-06;"Centre-Val de Loire";"Thermique fossile";0,000136829117
2024-07;"Centre-Val de Loire";"Thermique fossile";8,2256107E-5
2024-08;"Centre-Val de Loire";"Thermique fossile";6,3996023E-5
2024-09;"Centre-Val de Loire";"Thermique fossile";0,000427265832
2024-10;"Centre-Val de Loire";"Thermique fossile";0,000678272842
2024-11;"Centre-Val de Loire";"Thermique fossile";0,022273567013
2024-12;"Centre-Val de Loire";"Thermique fossile";0,031140919002
2025-01;"Centre-Val de Loire";"Thermique fossile";0,040041941156
2025-02;"Centre-Val de Loire";"Thermique fossile";0,033982647164
2025-03;"Centre-Val de Loire";"Thermique fossile";0,029655218278
2025-04;"Centre-Val de Loire";"Thermique fossile";0,000449953611
2025-05;"Centre-Val de Loire";"Thermique fossile";0,002102739673
2025-06;"Centre-Val de Loire";"Thermique fossile";0,000186843276
2025-07;"Centre-Val de Loire";"Thermique fossile";0,000671869526
2025-08;"Centre-Val de Loire";"Thermique fossile";0,000431219411
2025-09;"Centre-Val de Loire";"Thermique fossile";0,000203614461
2025-10;"Centre-Val de Loire";"Thermique fossile";0,002044639906
2025-11;"Centre-Val de Loire";"Thermique fossile";0,018292798404
2014-01;"Centre-Val de Loire";"Nucléaire";8,017913419
2014-02;"Centre-Val de Loire";"Nucléaire";6,95601831
2014-03;"Centre-Val de Loire";"Nucléaire";7,153754859
2014-04;"Centre-Val de Loire";"Nucléaire";6,402015229
2014-05;"Centre-Val de Loire";"Nucléaire";6,191991412
2014-06;"Centre-Val de Loire";"Nucléaire";5,870098866
2014-07;"Centre-Val de Loire";"Nucléaire";6,1576803
2014-08;"Centre-Val de Loire";"Nucléaire";5,178593506
2014-09;"Centre-Val de Loire";"Nucléaire";4,743707272
2014-10;"Centre-Val de Loire";"Nucléaire";5,619823531
2014-11;"Centre-Val de Loire";"Nucléaire";7,139215884
2014-12;"Centre-Val de Loire";"Nucléaire";8,440306142
2015-01;"Centre-Val de Loire";"Nucléaire";8,445017457
2015-02;"Centre-Val de Loire";"Nucléaire";7,669667159
2015-03;"Centre-Val de Loire";"Nucléaire";8,092041082
2015-04;"Centre-Val de Loire";"Nucléaire";6,027496797
2015-05;"Centre-Val de Loire";"Nucléaire";5,529326171
2015-06;"Centre-Val de Loire";"Nucléaire";6,331093561
2015-07;"Centre-Val de Loire";"Nucléaire";5,540479762
2015-08;"Centre-Val de Loire";"Nucléaire";5,718179285
2015-09;"Centre-Val de Loire";"Nucléaire";6,584340614
2015-10;"Centre-Val de Loire";"Nucléaire";5,685496095
2015-11;"Centre-Val de Loire";"Nucléaire";5,757797147
2015-12;"Centre-Val de Loire";"Nucléaire";7,900518001
2016-01;"Centre-Val de Loire";"Nucléaire";8,460204538
2016-02;"Centre-Val de Loire";"Nucléaire";7,808866255
2016-03;"Centre-Val de Loire";"Nucléaire";7,502718767
2016-04;"Centre-Val de Loire";"Nucléaire";5,932620255
2016-05;"Centre-Val de Loire";"Nucléaire";5,770907743
2016-06;"Centre-Val de Loire";"Nucléaire";5,386861653
2016-07;"Centre-Val de Loire";"Nucléaire";4,432714782
2016-08;"Centre-Val de Loire";"Nucléaire";4,948252622
2016-09;"Centre-Val de Loire";"Nucléaire";4,842251284
2016-10;"Centre-Val de Loire";"Nucléaire";6,031850833
2016-11;"Centre-Val de Loire";"Nucléaire";6,39795626
2016-12;"Centre-Val de Loire";"Nucléaire";8,225842077
2017-01;"Centre-Val de Loire";"Nucléaire";8,538645866
2017-02;"Centre-Val de Loire";"Nucléaire";7,623117107
2017-03;"Centre-Val de Loire";"Nucléaire";8,314526457
2017-04;"Centre-Val de Loire";"Nucléaire";7,800805906
2017-05;"Centre-Val de Loire";"Nucléaire";6,425748803
2017-06;"Centre-Val de Loire";"Nucléaire";5,008815662
2017-07;"Centre-Val de Loire";"Nucléaire";4,649414363
2017-08;"Centre-Val de Loire";"Nucléaire";5,227409063
2017-09;"Centre-Val de Loire";"Nucléaire";4,408502637
2017-10;"Centre-Val de Loire";"Nucléaire";4,482405775
2017-11;"Centre-Val de Loire";"Nucléaire";5,457516959
2017-12;"Centre-Val de Loire";"Nucléaire";6,913838159
2018-01;"Centre-Val de Loire";"Nucléaire";7,352633064
2018-02;"Centre-Val de Loire";"Nucléaire";6,848154203
2018-03;"Centre-Val de Loire";"Nucléaire";7,17807478
2018-04;"Centre-Val de Loire";"Nucléaire";6,190953879
2018-05;"Centre-Val de Loire";"Nucléaire";6,772110682
2018-06;"Centre-Val de Loire";"Nucléaire";5,695733891
2018-07;"Centre-Val de Loire";"Nucléaire";6,191530276
2018-08;"Centre-Val de Loire";"Nucléaire";6,034259475
2018-09;"Centre-Val de Loire";"Nucléaire";5,596178488
2018-10;"Centre-Val de Loire";"Nucléaire";5,220138519
2018-11;"Centre-Val de Loire";"Nucléaire";4,581197674
2018-12;"Centre-Val de Loire";"Nucléaire";6,875120477
2019-01;"Centre-Val de Loire";"Nucléaire";7,662415358
2019-02;"Centre-Val de Loire";"Nucléaire";7,674844778
2019-03;"Centre-Val de Loire";"Nucléaire";7,221389382
2019-04;"Centre-Val de Loire";"Nucléaire";6,563287208
2019-05;"Centre-Val de Loire";"Nucléaire";6,370455195
2019-06;"Centre-Val de Loire";"Nucléaire";5,50904815
2019-07;"Centre-Val de Loire";"Nucléaire";5,176423579
2019-08;"Centre-Val de Loire";"Nucléaire";5,459811032
2019-09;"Centre-Val de Loire";"Nucléaire";4,962655342
2019-10;"Centre-Val de Loire";"Nucléaire";4,746104643
2019-11;"Centre-Val de Loire";"Nucléaire";5,039189969
2019-12;"Centre-Val de Loire";"Nucléaire";5,239765224
2020-01;"Centre-Val de Loire";"Nucléaire";6,951402345
2020-02;"Centre-Val de Loire";"Nucléaire";6,505185313
2020-03;"Centre-Val de Loire";"Nucléaire";6,951800144
2020-04;"Centre-Val de Loire";"Nucléaire";6,245949335
2020-05;"Centre-Val de Loire";"Nucléaire";5,921227249
2020-06;"Centre-Val de Loire";"Nucléaire";3,518624907
2020-07;"Centre-Val de Loire";"Nucléaire";3,870472967
2020-08;"Centre-Val de Loire";"Nucléaire";4,027797497
2020-09;"Centre-Val de Loire";"Nucléaire";4,129135613
2020-10;"Centre-Val de Loire";"Nucléaire";4,783331941
2020-11;"Centre-Val de Loire";"Nucléaire";6,117743357655
2020-12;"Centre-Val de Loire";"Nucléaire";6,731743305061
2021-01;"Centre-Val de Loire";"Nucléaire";7,434847064502
2021-02;"Centre-Val de Loire";"Nucléaire";6,619575551001
2021-03;"Centre-Val de Loire";"Nucléaire";6,346445567
2021-04;"Centre-Val de Loire";"Nucléaire";6,011768310336
2021-05;"Centre-Val de Loire";"Nucléaire";4,512432833832
2021-06;"Centre-Val de Loire";"Nucléaire";4,838042254998
2021-07;"Centre-Val de Loire";"Nucléaire";4,756125946166
2021-08;"Centre-Val de Loire";"Nucléaire";5,444238332333
2021-09;"Centre-Val de Loire";"Nucléaire";5,942362682668
2021-10;"Centre-Val de Loire";"Nucléaire";5,313661790666
2021-11;"Centre-Val de Loire";"Nucléaire";5,421693071
2021-12;"Centre-Val de Loire";"Nucléaire";6,036372344169
2022-01;"Centre-Val de Loire";"Nucléaire";7,623760502666
2022-02;"Centre-Val de Loire";"Nucléaire";6,765582863335
2022-03;"Centre-Val de Loire";"Nucléaire";5,396351312831
2022-04;"Centre-Val de Loire";"Nucléaire";4,336188563669
2022-05;"Centre-Val de Loire";"Nucléaire";4,080107284331
2022-06;"Centre-Val de Loire";"Nucléaire";4,770383319503
2022-07;"Centre-Val de Loire";"Nucléaire";4,868455667502
2022-08;"Centre-Val de Loire";"Nucléaire";4,667857436668
2022-09;"Centre-Val de Loire";"Nucléaire";4,154001036175
2022-10;"Centre-Val de Loire";"Nucléaire";4,423867732828
2022-11;"Centre-Val de Loire";"Nucléaire";4,785059501666
2022-12;"Centre-Val de Loire";"Nucléaire";7,051737219666
2023-01;"Centre-Val de Loire";"Nucléaire";7,56667072866
2023-02;"Centre-Val de Loire";"Nucléaire";6,131901711667
2023-03;"Centre-Val de Loire";"Nucléaire";5,388490432166
2023-04;"Centre-Val de Loire";"Nucléaire";5,422749789501
2023-05;"Centre-Val de Loire";"Nucléaire";5,209770220669
2023-06;"Centre-Val de Loire";"Nucléaire";3,899193848499
2023-07;"Centre-Val de Loire";"Nucléaire";3,591891475161
2023-08;"Centre-Val de Loire";"Nucléaire";2,863824708494
2023-09;"Centre-Val de Loire";"Nucléaire";3,81135278218
2023-10;"Centre-Val de Loire";"Nucléaire";4,185419287498
2023-11;"Centre-Val de Loire";"Nucléaire";4,53872893167
2023-12;"Centre-Val de Loire";"Nucléaire";4,160293891832
2024-01;"Centre-Val de Loire";"Nucléaire";5,881214749665
2024-02;"Centre-Val de Loire";"Nucléaire";4,883863803336
2024-03;"Centre-Val de Loire";"Nucléaire";5,440290859578
2024-04;"Centre-Val de Loire";"Nucléaire";5,316124500913
2024-05;"Centre-Val de Loire";"Nucléaire";5,769088162746
2024-06;"Centre-Val de Loire";"Nucléaire";6,430472179751
2024-07;"Centre-Val de Loire";"Nucléaire";6,278971136761
2024-08;"Centre-Val de Loire";"Nucléaire";5,51150095459
2024-09;"Centre-Val de Loire";"Nucléaire";4,982132962592
2024-10;"Centre-Val de Loire";"Nucléaire";5,673483196007
2024-11;"Centre-Val de Loire";"Nucléaire";6,470690160756
2024-12;"Centre-Val de Loire";"Nucléaire";7,903156662834
2025-01;"Centre-Val de Loire";"Nucléaire";8,398020492904
2025-02;"Centre-Val de Loire";"Nucléaire";6,20818798876
2025-03;"Centre-Val de Loire";"Nucléaire";6,260693784999
2025-04;"Centre-Val de Loire";"Nucléaire";5,010163095419
2025-05;"Centre-Val de Loire";"Nucléaire";4,824424221158
2025-06;"Centre-Val de Loire";"Nucléaire";5,392599999421
2025-07;"Centre-Val de Loire";"Nucléaire";4,753785948666
2025-08;"Centre-Val de Loire";"Nucléaire";5,540252175167
2025-09;"Centre-Val de Loire";"Nucléaire";5,104756936413
2025-10;"Centre-Val de Loire";"Nucléaire";4,949846858833
2025-11;"Centre-Val de Loire";"Nucléaire";5,673842184918
2014-01;"Centre-Val de Loire";"Thermique renouvelable et déchets";0,03698235
2014-02;"Centre-Val de Loire";"Thermique renouvelable et déchets";0,032498854
2014-03;"Centre-Val de Loire";"Thermique renouvelable et déchets";0,037123937
2014-04;"Centre-Val de Loire";"Thermique renouvelable et déchets";0,031200025
2014-05;"Centre-Val de Loire";"Thermique renouvelable et déchets";0,033607623
2014-06;"Centre-Val de Loire";"Thermique renouvelable et déchets";0,032349196
2014-07;"Centre-Val de Loire";"Thermique renouvelable et déchets";0,034894155
2014-08;"Centre-Val de Loire";"Thermique renouvelable et déchets";0,034751608
2014-09;"Centre-Val de Loire";"Thermique renouvelable et déchets";0,033001198
2014-10;"Centre-Val de Loire";"Thermique renouvelable et déchets";0,035011944
2014-11;"Centre-Val de Loire";"Thermique renouvelable et déchets";0,038002638
2014-12;"Centre-Val de Loire";"Thermique renouvelable et déchets";0,036927403
2015-01;"Centre-Val de Loire";"Thermique renouvelable et déchets";0,032361224
2015-02;"Centre-Val de Loire";"Thermique renouvelable et déchets";0,032413561
2015-03;"Centre-Val de Loire";"Thermique renouvelable et déchets";0,035751751
2015-04;"Centre-Val de Loire";"Thermique renouvelable et déchets";0,031546971
2015-05;"Centre-Val de Loire";"Thermique renouvelable et déchets";0,035203206
2015-06;"Centre-Val de Loire";"Thermique renouvelable et déchets";0,031121745
2015-07;"Centre-Val de Loire";"Thermique renouvelable et déchets";0,035991425
2015-08;"Centre-Val de Loire";"Thermique renouvelable et déchets";0,038145043
2015-09;"Centre-Val de Loire";"Thermique renouvelable et déchets";0,036131977
2015-10;"Centre-Val de Loire";"Thermique renouvelable et déchets";0,036345811
2015-11;"Centre-Val de Loire";"Thermique renouvelable et déchets";0,039885575
2015-12;"Centre-Val de Loire";"Thermique renouvelable et déchets";0,037876152
2016-01;"Centre-Val de Loire";"Thermique renouvelable et déchets";0,035729567
2016-02;"Centre-Val de Loire";"Thermique renouvelable et déchets";0,032304086
2016-03;"Centre-Val de Loire";"Thermique renouvelable et déchets";0,031045351
2016-04;"Centre-Val de Loire";"Thermique renouvelable et déchets";0,035160822
2016-05;"Centre-Val de Loire";"Thermique renouvelable et déchets";0,038187979
2016-06;"Centre-Val de Loire";"Thermique renouvelable et déchets";0,034603722
2016-07;"Centre-Val de Loire";"Thermique renouvelable et déchets";0,037647329
2016-08;"Centre-Val de Loire";"Thermique renouvelable et déchets";0,040867034
2016-09;"Centre-Val de Loire";"Thermique renouvelable et déchets";0,036299847
2016-10;"Centre-Val de Loire";"Thermique renouvelable et déchets";0,037886682
2016-11;"Centre-Val de Loire";"Thermique renouvelable et déchets";0,034579574
2016-12;"Centre-Val de Loire";"Thermique renouvelable et déchets";0,037970367
2017-01;"Centre-Val de Loire";"Thermique renouvelable et déchets";0,037986276
2017-02;"Centre-Val de Loire";"Thermique renouvelable et déchets";0,033368179
2017-03;"Centre-Val de Loire";"Thermique renouvelable et déchets";0,038990302
2017-04;"Centre-Val de Loire";"Thermique renouvelable et déchets";0,03763049
2017-05;"Centre-Val de Loire";"Thermique renouvelable et déchets";0,04275983
2017-06;"Centre-Val de Loire";"Thermique renouvelable et déchets";0,042629132
2017-07;"Centre-Val de Loire";"Thermique renouvelable et déchets";0,046357385
2017-08;"Centre-Val de Loire";"Thermique renouvelable et déchets";0,046100392
2017-09;"Centre-Val de Loire";"Thermique renouvelable et déchets";0,044290471
2017-10;"Centre-Val de Loire";"Thermique renouvelable et déchets";0,047580987
2017-11;"Centre-Val de Loire";"Thermique renouvelable et déchets";0,040407239
2017-12;"Centre-Val de Loire";"Thermique renouvelable et déchets";0,042084066
2018-01;"Centre-Val de Loire";"Thermique renouvelable et déchets";0,044333434
2018-02;"Centre-Val de Loire";"Thermique renouvelable et déchets";0,03860587
2018-03;"Centre-Val de Loire";"Thermique renouvelable et déchets";0,038683713
2018-04;"Centre-Val de Loire";"Thermique renouvelable et déchets";0,041984613
2018-05;"Centre-Val de Loire";"Thermique renouvelable et déchets";0,047032614
2018-06;"Centre-Val de Loire";"Thermique renouvelable et déchets";0,040404535
2018-07;"Centre-Val de Loire";"Thermique renouvelable et déchets";0,041071364
2018-08;"Centre-Val de Loire";"Thermique renouvelable et déchets";0,046353875
2018-09;"Centre-Val de Loire";"Thermique renouvelable et déchets";0,047977035
2018-10;"Centre-Val de Loire";"Thermique renouvelable et déchets";0,04895494
2018-11;"Centre-Val de Loire";"Thermique renouvelable et déchets";0,042769962
2018-12;"Centre-Val de Loire";"Thermique renouvelable et déchets";0,042691881
2019-01;"Centre-Val de Loire";"Thermique renouvelable et déchets";0,040154494
2019-02;"Centre-Val de Loire";"Thermique renouvelable et déchets";0,036665937
2019-03;"Centre-Val de Loire";"Thermique renouvelable et déchets";0,040374444
2019-04;"Centre-Val de Loire";"Thermique renouvelable et déchets";0,043152392
2019-05;"Centre-Val de Loire";"Thermique renouvelable et déchets";0,046773725
2019-06;"Centre-Val de Loire";"Thermique renouvelable et déchets";0,041819131
2019-07;"Centre-Val de Loire";"Thermique renouvelable et déchets";0,044813474
2019-08;"Centre-Val de Loire";"Thermique renouvelable et déchets";0,047450604
2019-09;"Centre-Val de Loire";"Thermique renouvelable et déchets";0,046768879
2019-10;"Centre-Val de Loire";"Thermique renouvelable et déchets";0,042970115
2019-11;"Centre-Val de Loire";"Thermique renouvelable et déchets";0,042587423
2019-12;"Centre-Val de Loire";"Thermique renouvelable et déchets";0,043689751
2020-01;"Centre-Val de Loire";"Thermique renouvelable et déchets";0,042951694
2020-02;"Centre-Val de Loire";"Thermique renouvelable et déchets";0,039229148
2020-03;"Centre-Val de Loire";"Thermique renouvelable et déchets";0,042096905
2020-04;"Centre-Val de Loire";"Thermique renouvelable et déchets";0,045626612
2020-05;"Centre-Val de Loire";"Thermique renouvelable et déchets";0,048977826
2020-06;"Centre-Val de Loire";"Thermique renouvelable et déchets";0,043288139
2020-07;"Centre-Val de Loire";"Thermique renouvelable et déchets";0,046502972
2020-08;"Centre-Val de Loire";"Thermique renouvelable et déchets";0,048543738
2020-09;"Centre-Val de Loire";"Thermique renouvelable et déchets";0,039935065
2020-10;"Centre-Val de Loire";"Thermique renouvelable et déchets";0,041948657
2020-11;"Centre-Val de Loire";"Thermique renouvelable et déchets";0,038189548
2020-12;"Centre-Val de Loire";"Thermique renouvelable et déchets";0,044455862
2021-01;"Centre-Val de Loire";"Thermique renouvelable et déchets";0,045333854
2021-02;"Centre-Val de Loire";"Thermique renouvelable et déchets";0,038614006
2021-03;"Centre-Val de Loire";"Thermique renouvelable et déchets";0,043350846
2021-04;"Centre-Val de Loire";"Thermique renouvelable et déchets";0,042477742
2021-05;"Centre-Val de Loire";"Thermique renouvelable et déchets";0,048120858
2021-06;"Centre-Val de Loire";"Thermique renouvelable et déchets";0,045645538
2021-07;"Centre-Val de Loire";"Thermique renouvelable et déchets";0,04972376
2021-08;"Centre-Val de Loire";"Thermique renouvelable et déchets";0,041958573
2021-09;"Centre-Val de Loire";"Thermique renouvelable et déchets";0,040723149
2021-10;"Centre-Val de Loire";"Thermique renouvelable et déchets";0,043146098
2021-11;"Centre-Val de Loire";"Thermique renouvelable et déchets";0,040778418
2021-12;"Centre-Val de Loire";"Thermique renouvelable et déchets";0,04469374
2022-01;"Centre-Val de Loire";"Thermique renouvelable et déchets";0,042151332935
2022-02;"Centre-Val de Loire";"Thermique renouvelable et déchets";0,037357254913
2022-03;"Centre-Val de Loire";"Thermique renouvelable et déchets";0,041715979908
2022-04;"Centre-Val de Loire";"Thermique renouvelable et déchets";0,040049008065
2022-05;"Centre-Val de Loire";"Thermique renouvelable et déchets";0,043133171403
2022-06;"Centre-Val de Loire";"Thermique renouvelable et déchets";0,041591017697
2022-07;"Centre-Val de Loire";"Thermique renouvelable et déchets";0,043942619886
2022-08;"Centre-Val de Loire";"Thermique renouvelable et déchets";0,046146285233
2022-09;"Centre-Val de Loire";"Thermique renouvelable et déchets";0,044373728717
2022-10;"Centre-Val de Loire";"Thermique renouvelable et déchets";0,045620553681
2022-11;"Centre-Val de Loire";"Thermique renouvelable et déchets";0,038973127878
2022-12;"Centre-Val de Loire";"Thermique renouvelable et déchets";0,042273455824
2023-01;"Centre-Val de Loire";"Thermique renouvelable et déchets";0,037245038714
2023-02;"Centre-Val de Loire";"Thermique renouvelable et déchets";0,036505616828
2023-03;"Centre-Val de Loire";"Thermique renouvelable et déchets";0,033546251055
2023-04;"Centre-Val de Loire";"Thermique renouvelable et déchets";0,034282176821
2023-05;"Centre-Val de Loire";"Thermique renouvelable et déchets";0,042607664209
2023-06;"Centre-Val de Loire";"Thermique renouvelable et déchets";0,040546884168
2023-07;"Centre-Val de Loire";"Thermique renouvelable et déchets";0,039131788777
2023-08;"Centre-Val de Loire";"Thermique renouvelable et déchets";0,044301767393
2023-09;"Centre-Val de Loire";"Thermique renouvelable et déchets";0,036398398832
2023-10;"Centre-Val de Loire";"Thermique renouvelable et déchets";0,044206546469
2023-11;"Centre-Val de Loire";"Thermique renouvelable et déchets";0,03678466239
2023-12;"Centre-Val de Loire";"Thermique renouvelable et déchets";0,04021774305
2024-01;"Centre-Val de Loire";"Thermique renouvelable et déchets";0,042737916276
2024-02;"Centre-Val de Loire";"Thermique renouvelable et déchets";0,042825131977
2024-03;"Centre-Val de Loire";"Thermique renouvelable et déchets";0,038298413101
2024-04;"Centre-Val de Loire";"Thermique renouvelable et déchets";0,041359050909
2024-05;"Centre-Val de Loire";"Thermique renouvelable et déchets";0,043293582535
2024-06;"Centre-Val de Loire";"Thermique renouvelable et déchets";0,041819009652
2024-07;"Centre-Val de Loire";"Thermique renouvelable et déchets";0,044956806947
2024-08;"Centre-Val de Loire";"Thermique renouvelable et déchets";0,045242142443
2024-09;"Centre-Val de Loire";"Thermique renouvelable et déchets";0,043033354653
2024-10;"Centre-Val de Loire";"Thermique renouvelable et déchets";0,043173930605
2024-11;"Centre-Val de Loire";"Thermique renouvelable et déchets";0,042450145805
2024-12;"Centre-Val de Loire";"Thermique renouvelable et déchets";0,047059517258
2025-01;"Centre-Val de Loire";"Thermique renouvelable et déchets";0,045597428619
2025-02;"Centre-Val de Loire";"Thermique renouvelable et déchets";0,039852284054
2025-03;"Centre-Val de Loire";"Thermique renouvelable et déchets";0,0399741837
2025-04;"Centre-Val de Loire";"Thermique renouvelable et déchets";0,045733060394
2025-05;"Centre-Val de Loire";"Thermique renouvelable et déchets";0,049041749618
2025-06;"Centre-Val de Loire";"Thermique renouvelable et déchets";0,044744439146
2025-07;"Centre-Val de Loire";"Thermique renouvelable et déchets";0,045877810767
2025-08;"Centre-Val de Loire";"Thermique renouvelable et déchets";0,050665450448
2025-09;"Centre-Val de Loire";"Thermique renouvelable et déchets";0,047617857224
2025-10;"Centre-Val de Loire";"Thermique renouvelable et déchets";0,045888457267
2025-11;"Centre-Val de Loire";"Thermique renouvelable et déchets";0,042271945053
2014-01;"Centre-Val de Loire";"Energie produite";8,353121789999
2014-02;"Centre-Val de Loire";"Energie produite";7,353012606334
2014-03;"Centre-Val de Loire";"Energie produite";7,391880440999
2014-04;"Centre-Val de Loire";"Energie produite";6,551675867667
2014-05;"Centre-Val de Loire";"Energie produite";6,40514276
2014-06;"Centre-Val de Loire";"Energie produite";6,034105046335
2014-07;"Centre-Val de Loire";"Energie produite";6,305297542664
2014-08;"Centre-Val de Loire";"Energie produite";5,329756759
2014-09;"Centre-Val de Loire";"Energie produite";4,874787525833
2014-10;"Centre-Val de Loire";"Energie produite";5,792463989334
2014-11;"Centre-Val de Loire";"Energie produite";7,381387847833
2014-12;"Centre-Val de Loire";"Energie produite";8,745046227832
2015-01;"Centre-Val de Loire";"Energie produite";8,789261562503
2015-02;"Centre-Val de Loire";"Energie produite";7,990558986668
2015-03;"Centre-Val de Loire";"Energie produite";8,406322317501
2015-04;"Centre-Val de Loire";"Energie produite";6,247959080498
2015-05;"Centre-Val de Loire";"Energie produite";5,744982234499
2015-06;"Centre-Val de Loire";"Energie produite";6,514657776666
2015-07;"Centre-Val de Loire";"Energie produite";5,727448087
2015-08;"Centre-Val de Loire";"Energie produite";5,885068538167
2015-09;"Centre-Val de Loire";"Energie produite";6,809614385833
2015-10;"Centre-Val de Loire";"Energie produite";5,852375390999
2015-11;"Centre-Val de Loire";"Energie produite";6,090675937332
2015-12;"Centre-Val de Loire";"Energie produite";8,198717859
2016-01;"Centre-Val de Loire";"Energie produite";8,837653237503
2016-02;"Centre-Val de Loire";"Energie produite";8,211697157001
2016-03;"Centre-Val de Loire";"Energie produite";7,858520225173
2016-04;"Centre-Val de Loire";"Energie produite";6,143793271334
2016-05;"Centre-Val de Loire";"Energie produite";5,97165113
2016-06;"Centre-Val de Loire";"Energie produite";5,550376698166
2016-07;"Centre-Val de Loire";"Energie produite";4,592415813
2016-08;"Centre-Val de Loire";"Energie produite";5,118796823
2016-09;"Centre-Val de Loire";"Energie produite";4,970129630499
2016-10;"Centre-Val de Loire";"Energie produite";6,228935068835
2016-11;"Centre-Val de Loire";"Energie produite";6,730464863335
2016-12;"Centre-Val de Loire";"Energie produite";8,446141796833
2017-01;"Centre-Val de Loire";"Energie produite";8,847677469831
2017-02;"Centre-Val de Loire";"Energie produite";7,971126527832
2017-03;"Centre-Val de Loire";"Energie produite";8,67414976433
2017-04;"Centre-Val de Loire";"Energie produite";7,987655909834
2017-05;"Centre-Val de Loire";"Energie produite";6,630417555333
2017-06;"Centre-Val de Loire";"Energie produite";5,201038766834
2017-07;"Centre-Val de Loire";"Energie produite";4,871560573001
2017-08;"Centre-Val de Loire";"Energie produite";5,405191466
2017-09;"Centre-Val de Loire";"Energie produite";4,609250560499
2017-10;"Centre-Val de Loire";"Energie produite";4,695762940998
2017-11;"Centre-Val de Loire";"Energie produite";5,761627601008
2017-12;"Centre-Val de Loire";"Energie produite";7,320303965168
2018-01;"Centre-Val de Loire";"Energie produite";7,839414603168
2018-02;"Centre-Val de Loire";"Energie produite";7,2060391895
2018-03;"Centre-Val de Loire";"Energie produite";7,579720487834
2018-04;"Centre-Val de Loire";"Energie produite";6,422640605667
2018-05;"Centre-Val de Loire";"Energie produite";6,976144558333
2018-06;"Centre-Val de Loire";"Energie produite";5,889676001334
2018-07;"Centre-Val de Loire";"Energie produite";6,352604572
2018-08;"Centre-Val de Loire";"Energie produite";6,2164255755
2018-09;"Centre-Val de Loire";"Energie produite";5,815239581837
2018-10;"Centre-Val de Loire";"Energie produite";5,484352084002
2018-11;"Centre-Val de Loire";"Energie produite";4,888112188494
2018-12;"Centre-Val de Loire";"Energie produite";7,263626310162
2019-01;"Centre-Val de Loire";"Energie produite";8,04283741233
2019-02;"Centre-Val de Loire";"Energie produite";7,99535751984
2019-03;"Centre-Val de Loire";"Energie produite";7,700200410335
2019-04;"Centre-Val de Loire";"Energie produite";6,823172487834
2019-05;"Centre-Val de Loire";"Energie produite";6,628388403166
2019-06;"Centre-Val de Loire";"Energie produite";5,737373724
2019-07;"Centre-Val de Loire";"Energie produite";5,406691024665
2019-08;"Centre-Val de Loire";"Energie produite";5,693457130002
2019-09;"Centre-Val de Loire";"Energie produite";5,27319036183
2019-10;"Centre-Val de Loire";"Energie produite";5,093483965004
2019-11;"Centre-Val de Loire";"Energie produite";5,447928435995
2019-12;"Centre-Val de Loire";"Energie produite";5,748155135497
2020-01;"Centre-Val de Loire";"Energie produite";7,448819604828
2020-02;"Centre-Val de Loire";"Energie produite";7,136511024167
2020-03;"Centre-Val de Loire";"Energie produite";7,485719898169
2020-04;"Centre-Val de Loire";"Energie produite";6,526551648
2020-05;"Centre-Val de Loire";"Energie produite";6,256635208332
2020-06;"Centre-Val de Loire";"Energie produite";3,773421803334
2020-07;"Centre-Val de Loire";"Energie produite";4,138787438834
2020-08;"Centre-Val de Loire";"Energie produite";4,291920460501
2020-09;"Centre-Val de Loire";"Energie produite";4,396252263497
2020-10;"Centre-Val de Loire";"Energie produite";5,1994828305
2020-11;"Centre-Val de Loire";"Energie produite";6,454691339988
2020-12;"Centre-Val de Loire";"Energie produite";7,239136492561
2021-01;"Centre-Val de Loire";"Energie produite";7,93103867017
2021-02;"Centre-Val de Loire";"Energie produite";7,084081035502
2021-03;"Centre-Val de Loire";"Energie produite";6,800124057507
2021-04;"Centre-Val de Loire";"Energie produite";6,374984953668
2021-05;"Centre-Val de Loire";"Energie produite";4,965764697999
2021-06;"Centre-Val de Loire";"Energie produite";5,047711043665
2021-07;"Centre-Val de Loire";"Energie produite";5,083525205664
2021-08;"Centre-Val de Loire";"Energie produite";5,74628294
2021-09;"Centre-Val de Loire";"Energie produite";6,185428305503
2021-10;"Centre-Val de Loire";"Energie produite";5,686003445164
2021-11;"Centre-Val de Loire";"Energie produite";5,781904687167
2021-12;"Centre-Val de Loire";"Energie produite";6,560354397503
2022-01;"Centre-Val de Loire";"Energie produite";8,005817655465
2022-02;"Centre-Val de Loire";"Energie produite";7,296898496454
2022-03;"Centre-Val de Loire";"Energie produite";5,817121391873
2022-04;"Centre-Val de Loire";"Energie produite";4,758083365606
2022-05;"Centre-Val de Loire";"Energie produite";4,425740487223
2022-06;"Centre-Val de Loire";"Energie produite";5,081600855176
2022-07;"Centre-Val de Loire";"Energie produite";5,208626093
2022-08;"Centre-Val de Loire";"Energie produite";5,019303779527
2022-09;"Centre-Val de Loire";"Energie produite";4,473713641385
2022-10;"Centre-Val de Loire";"Energie produite";4,825683036505
2022-11;"Centre-Val de Loire";"Energie produite";5,253937099314
2022-12;"Centre-Val de Loire";"Energie produite";7,546639688812
2023-01;"Centre-Val de Loire";"Energie produite";8,114565705024
2023-02;"Centre-Val de Loire";"Energie produite";6,531054420729
2023-03;"Centre-Val de Loire";"Energie produite";6,005083585627
2023-04;"Centre-Val de Loire";"Energie produite";5,869066020283
2023-05;"Centre-Val de Loire";"Energie produite";5,673562667543
2023-06;"Centre-Val de Loire";"Energie produite";4,242977396476
2023-07;"Centre-Val de Loire";"Energie produite";4,020374471143
2023-08;"Centre-Val de Loire";"Energie produite";3,235703946863
2023-09;"Centre-Val de Loire";"Energie produite";4,134392199305
2023-10;"Centre-Val de Loire";"Energie produite";4,675841073165
2023-11;"Centre-Val de Loire";"Energie produite";5,168511783143
2023-12;"Centre-Val de Loire";"Energie produite";4,792954105492
2024-01;"Centre-Val de Loire";"Energie produite";6,415693168183
2024-02;"Centre-Val de Loire";"Energie produite";5,43209428481
2024-03;"Centre-Val de Loire";"Energie produite";5,962377348692
2024-04;"Centre-Val de Loire";"Energie produite";5,78879454395
2024-05;"Centre-Val de Loire";"Energie produite";6,166141824752
2024-06;"Centre-Val de Loire";"Energie produite";6,810151708837
2024-07;"Centre-Val de Loire";"Energie produite";6,643029437112
2024-08;"Centre-Val de Loire";"Energie produite";5,869167689666
2024-09;"Centre-Val de Loire";"Energie produite";5,45000424082
2024-10;"Centre-Val de Loire";"Energie produite";6,049660502895
2024-11;"Centre-Val de Loire";"Energie produite";6,885181222934
2024-12;"Centre-Val de Loire";"Energie produite";8,407385628207
2025-01;"Centre-Val de Loire";"Energie produite";8,990205264988
2025-02;"Centre-Val de Loire";"Energie produite";6,607242585144
2025-03;"Centre-Val de Loire";"Energie produite";6,760050214471
2025-04;"Centre-Val de Loire";"Energie produite";5,505389674271
2025-05;"Centre-Val de Loire";"Energie produite";5,303030992676
2025-06;"Centre-Val de Loire";"Energie produite";5,838839202626
2025-07;"Centre-Val de Loire";"Energie produite";5,264435747292
2025-08;"Centre-Val de Loire";"Energie produite";5,976327830031
2025-09;"Centre-Val de Loire";"Energie produite";5,56962675355
2025-10;"Centre-Val de Loire";"Energie produite";5,499979857003
2025-11;"Centre-Val de Loire";"Energie produite";6,145302497191
2014-01;"Bourgogne-Franche-Comté";"Autre";0,018913801
2014-02;"Bourgogne-Franche-Comté";"Autre";0,016295962
2014-03;"Bourgogne-Franche-Comté";"Autre";0,002161533
2014-04;"Bourgogne-Franche-Comté";"Autre";2,9870000000016E-6
2014-05;"Bourgogne-Franche-Comté";"Autre";-0,000134853
2014-06;"Bourgogne-Franche-Comté";"Autre";3,4569999999994E-6
2014-07;"Bourgogne-Franche-Comté";"Autre";3,0200000000013E-6
2014-08;"Bourgogne-Franche-Comté";"Autre";-4,7597000000001E-5
2014-09;"Bourgogne-Franche-Comté";"Autre";3,2560000000017E-6
2014-10;"Bourgogne-Franche-Comté";"Autre";2,0820000000005E-6
2014-11;"Bourgogne-Franche-Comté";"Autre";3,9649999999994E-6
2014-12;"Bourgogne-Franche-Comté";"Autre";5,4049999999989E-6
2015-01;"Bourgogne-Franche-Comté";"Autre";6,3840000000053E-6
2015-02;"Bourgogne-Franche-Comté";"Autre";5,8939999999998E-6
2015-03;"Bourgogne-Franche-Comté";"Autre";-0,00016138599999999
2015-04;"Bourgogne-Franche-Comté";"Autre";4,287E-6
2015-05;"Bourgogne-Franche-Comté";"Autre";-1,3632999999998E-5
2015-06;"Bourgogne-Franche-Comté";"Autre";4,2700000000005E-6
2015-07;"Bourgogne-Franche-Comté";"Autre";4,9810000000016E-6
2015-08;"Bourgogne-Franche-Comté";"Autre";4,3410000000004E-6
2015-09;"Bourgogne-Franche-Comté";"Autre";4,9189999999982E-6
2015-10;"Bourgogne-Franche-Comté";"Autre";-1,0677E-5
2015-11;"Bourgogne-Franche-Comté";"Autre";4,4070000000008E-6
2015-12;"Bourgogne-Franche-Comté";"Autre";4,6420000000022E-6
2016-01;"Bourgogne-Franche-Comté";"Autre";-0,000352003
2016-02;"Bourgogne-Franche-Comté";"Autre";7,6150000000015E-6
2016-03;"Bourgogne-Franche-Comté";"Autre";6,0509999999997E-6
2016-04;"Bourgogne-Franche-Comté";"Autre";-0,000285341
2016-05;"Bourgogne-Franche-Comté";"Autre";3,0759999999987E-6
2016-06;"Bourgogne-Franche-Comté";"Autre";4,3890000000007E-6
2016-07;"Bourgogne-Franche-Comté";"Autre";4,242E-6
2016-08;"Bourgogne-Franche-Comté";"Autre";3,0930000000021E-6
2016-09;"Bourgogne-Franche-Comté";"Autre";3,4000000000012E-6
2016-10;"Bourgogne-Franche-Comté";"Autre";3,5300000000002E-6
2016-11;"Bourgogne-Franche-Comté";"Autre";5,0199999999991E-6
2016-12;"Bourgogne-Franche-Comté";"Autre";4,1959999999992E-6
2017-01;"Bourgogne-Franche-Comté";"Autre";3,9959999999991E-6
2017-02;"Bourgogne-Franche-Comté";"Autre";3,8009999999979E-6
2017-03;"Bourgogne-Franche-Comté";"Autre";-4,0004000000003E-5
2017-04;"Bourgogne-Franche-Comté";"Autre";4,7450000000004E-6
2017-05;"Bourgogne-Franche-Comté";"Autre";2,1359999999992E-6
2017-06;"Bourgogne-Franche-Comté";"Autre";2,5750000000001E-6
2017-07;"Bourgogne-Franche-Comté";"Autre";1,498999999999E-6
2017-08;"Bourgogne-Franche-Comté";"Autre";2,0130000000008E-6
2017-09;"Bourgogne-Franche-Comté";"Autre";2,300999999999E-6
2017-10;"Bourgogne-Franche-Comté";"Autre";2,2779999999992E-6
2017-11;"Bourgogne-Franche-Comté";"Autre";-1,9990000000022E-6
2017-12;"Bourgogne-Franche-Comté";"Autre";-1,0409E-5
2018-01;"Bourgogne-Franche-Comté";"Autre";-1,5354000000004E-5
2018-02;"Bourgogne-Franche-Comté";"Autre";-1,0618999999997E-5
2018-03;"Bourgogne-Franche-Comté";"Autre";-1,0336000000001E-5
2018-04;"Bourgogne-Franche-Comté";"Autre";-6,356999999999E-6
2018-05;"Bourgogne-Franche-Comté";"Autre";-6,0569999999995E-6
2018-06;"Bourgogne-Franche-Comté";"Autre";-5,7490000000002E-6
2018-07;"Bourgogne-Franche-Comté";"Autre";-6,7090000000015E-6
2018-08;"Bourgogne-Franche-Comté";"Autre";-4,5429999999987E-6
2018-09;"Bourgogne-Franche-Comté";"Autre";-6,2270000000001E-6
2018-10;"Bourgogne-Franche-Comté";"Autre";-7,8249999999979E-6
2018-11;"Bourgogne-Franche-Comté";"Autre";-9,4340000000008E-6
2018-12;"Bourgogne-Franche-Comté";"Autre";-9,6030000000019E-6
2019-01;"Bourgogne-Franche-Comté";"Autre";-1,1690000000002E-5
2019-02;"Bourgogne-Franche-Comté";"Autre";-8,7420000000017E-6
2019-03;"Bourgogne-Franche-Comté";"Autre";-8,2889999999982E-6
2019-04;"Bourgogne-Franche-Comté";"Autre";-6,8140000000019E-6
2019-05;"Bourgogne-Franche-Comté";"Autre";-6,1270000000004E-6
2019-06;"Bourgogne-Franche-Comté";"Autre";-5,1199999999983E-6
2019-07;"Bourgogne-Franche-Comté";"Autre";-4,7720000000002E-6
2019-08;"Bourgogne-Franche-Comté";"Autre";-4,0859999999996E-6
2019-09;"Bourgogne-Franche-Comté";"Autre";-4,7139999999989E-6
2019-10;"Bourgogne-Franche-Comté";"Autre";-1,0163999999996E-5
2019-11;"Bourgogne-Franche-Comté";"Autre";-1,0708999999999E-5
2019-12;"Bourgogne-Franche-Comté";"Autre";-9,2579999999946E-6
2020-01;"Bourgogne-Franche-Comté";"Autre";-1,0202999999999E-5
2020-02;"Bourgogne-Franche-Comté";"Autre";-8,8510000000065E-6
2020-03;"Bourgogne-Franche-Comté";"Autre";-4,2639999999992E-6
2020-04;"Bourgogne-Franche-Comté";"Autre";-5,4620000000025E-6
2020-05;"Bourgogne-Franche-Comté";"Autre";-5,1820000000026E-6
2020-06;"Bourgogne-Franche-Comté";"Autre";-4,7100000000003E-6
2020-07;"Bourgogne-Franche-Comté";"Autre";-5,224000000001E-6
2020-08;"Bourgogne-Franche-Comté";"Autre";-5,1710000000012E-6
2020-09;"Bourgogne-Franche-Comté";"Autre";-6,3529999999996E-6
2020-10;"Bourgogne-Franche-Comté";"Autre";-7,9670000000027E-6
2020-11;"Bourgogne-Franche-Comté";"Autre";-8,1870000000027E-6
2020-12;"Bourgogne-Franche-Comté";"Autre";-9,8590000000003E-6
2021-01;"Bourgogne-Franche-Comté";"Autre";-1,1564999999998E-5
2021-02;"Bourgogne-Franche-Comté";"Autre";-8,6489999999878E-6
2021-03;"Bourgogne-Franche-Comté";"Autre";-9,0119999999994E-6
2021-04;"Bourgogne-Franche-Comté";"Autre";-6,9830000000014E-6
2021-05;"Bourgogne-Franche-Comté";"Autre";-5,6359999999943E-6
2021-06;"Bourgogne-Franche-Comté";"Autre";-4,9179999999985E-6
2021-07;"Bourgogne-Franche-Comté";"Autre";-3,4559999999949E-6
2021-08;"Bourgogne-Franche-Comté";"Autre";-3,3009999999973E-6
2021-09;"Bourgogne-Franche-Comté";"Autre";-5,195999999999E-6
2021-10;"Bourgogne-Franche-Comté";"Autre";-6,737000000003E-6
2021-11;"Bourgogne-Franche-Comté";"Autre";-9,4109999999964E-6
2021-12;"Bourgogne-Franche-Comté";"Autre";-9,614999999999E-6
2022-01;"Bourgogne-Franche-Comté";"Autre";2,8425319999985E-6
2022-02;"Bourgogne-Franche-Comté";"Autre";7,4473529999975E-6
2022-03;"Bourgogne-Franche-Comté";"Autre";1,4159734000001E-5
2022-04;"Bourgogne-Franche-Comté";"Autre";1,6985871000005E-5
2022-05;"Bourgogne-Franche-Comté";"Autre";2,5167163999998E-5
2022-06;"Bourgogne-Franche-Comté";"Autre";1,0880911999998E-5
2022-07;"Bourgogne-Franche-Comté";"Autre";1,5497537000002E-5
2022-08;"Bourgogne-Franche-Comté";"Autre";1,2823566999998E-5
2022-09;"Bourgogne-Franche-Comté";"Autre";-4,2110210000002E-6
2022-10;"Bourgogne-Franche-Comté";"Autre";-4,2098330000014E-6
2022-11;"Bourgogne-Franche-Comté";"Autre";-5,5473359999966E-6
2022-12;"Bourgogne-Franche-Comté";"Autre";-7,7461670000012E-6
2023-01;"Bourgogne-Franche-Comté";"Autre";-9,0814999999908E-6
2023-02;"Bourgogne-Franche-Comté";"Autre";-7,9934999999967E-6
2023-03;"Bourgogne-Franche-Comté";"Autre";-6,0540020000051E-6
2023-04;"Bourgogne-Franche-Comté";"Autre";-5,2289980000085E-6
2023-05;"Bourgogne-Franche-Comté";"Autre";-3,994499999998E-6
2023-06;"Bourgogne-Franche-Comté";"Autre";-4,5089979999988E-6
2023-07;"Bourgogne-Franche-Comté";"Autre";0,000139409999
2023-08;"Bourgogne-Franche-Comté";"Autre";0,00029708
2023-09;"Bourgogne-Franche-Comté";"Autre";-8,4253319999997E-6
2023-10;"Bourgogne-Franche-Comté";"Autre";-5,4738360000034E-6
2023-11;"Bourgogne-Franche-Comté";"Autre";0,002076611165
2023-12;"Bourgogne-Franche-Comté";"Autre";0,008059923335
2024-01;"Bourgogne-Franche-Comté";"Autre";-1,272172645006E-17
2024-02;"Bourgogne-Franche-Comté";"Autre";3,7683745013339E-19
2024-03;"Bourgogne-Franche-Comté";"Autre";4,1786019089329E-18
2024-04;"Bourgogne-Franche-Comté";"Autre";8,2951354118954E-19
2024-05;"Bourgogne-Franche-Comté";"Autre";-5,4564230737852E-18
2024-06;"Bourgogne-Franche-Comté";"Autre";6,1590663125166E-19
2024-07;"Bourgogne-Franche-Comté";"Autre";-3,2682428811881E-19
2024-08;"Bourgogne-Franche-Comté";"Autre";2,6296942054471E-18
2024-09;"Bourgogne-Franche-Comté";"Autre";-8,9653666435208E-18
2024-10;"Bourgogne-Franche-Comté";"Autre";-6,8507807933493E-18
2024-11;"Bourgogne-Franche-Comté";"Autre";-2,0952666685003E-18
2024-12;"Bourgogne-Franche-Comté";"Autre";5,6422436167658E-18
2025-01;"Bourgogne-Franche-Comté";"Autre";8,2547519999995E-6
2025-02;"Bourgogne-Franche-Comté";"Autre";6,9396630000022E-6
2025-03;"Bourgogne-Franche-Comté";"Autre";7,0070079999992E-6
2025-04;"Bourgogne-Franche-Comté";"Autre";5,8230809999996E-6
2025-05;"Bourgogne-Franche-Comté";"Autre";7,5157469999977E-6
2025-06;"Bourgogne-Franche-Comté";"Autre";5,6389130000066E-6
2025-07;"Bourgogne-Franche-Comté";"Autre";7,2924869999993E-6
2025-08;"Bourgogne-Franche-Comté";"Autre";4,1938530000012E-6
2025-09;"Bourgogne-Franche-Comté";"Autre";5,809863999997E-6
2025-10;"Bourgogne-Franche-Comté";"Autre";7,0551720000007E-6
2025-11;"Bourgogne-Franche-Comté";"Autre";8,2300120000005E-6
2014-01;"Bourgogne-Franche-Comté";"Solaire";0,005513168
2014-02;"Bourgogne-Franche-Comté";"Solaire";0,00813148
2014-03;"Bourgogne-Franche-Comté";"Solaire";0,019011195
2014-04;"Bourgogne-Franche-Comté";"Solaire";0,020577037
2014-05;"Bourgogne-Franche-Comté";"Solaire";0,023329508
2014-06;"Bourgogne-Franche-Comté";"Solaire";0,027064971
2014-07;"Bourgogne-Franche-Comté";"Solaire";0,020284002
2014-08;"Bourgogne-Franche-Comté";"Solaire";0,021680478
2014-09;"Bourgogne-Franche-Comté";"Solaire";0,021964217
2014-10;"Bourgogne-Franche-Comté";"Solaire";0,013940088
2014-11;"Bourgogne-Franche-Comté";"Solaire";0,007690718
2014-12;"Bourgogne-Franche-Comté";"Solaire";0,003443755
2015-01;"Bourgogne-Franche-Comté";"Solaire";0,00492709
2015-02;"Bourgogne-Franche-Comté";"Solaire";0,010106593
2015-03;"Bourgogne-Franche-Comté";"Solaire";0,017638181
2015-04;"Bourgogne-Franche-Comté";"Solaire";0,024107487
2015-05;"Bourgogne-Franche-Comté";"Solaire";0,025254782
2015-06;"Bourgogne-Franche-Comté";"Solaire";0,028654517
2015-07;"Bourgogne-Franche-Comté";"Solaire";0,029515313
2015-08;"Bourgogne-Franche-Comté";"Solaire";0,026133879
2015-09;"Bourgogne-Franche-Comté";"Solaire";0,021679767
2015-10;"Bourgogne-Franche-Comté";"Solaire";0,013817745
2015-11;"Bourgogne-Franche-Comté";"Solaire";0,009067798
2015-12;"Bourgogne-Franche-Comté";"Solaire";0,008730708
2016-01;"Bourgogne-Franche-Comté";"Solaire";0,006303849
2016-02;"Bourgogne-Franche-Comté";"Solaire";0,007655487
2016-03;"Bourgogne-Franche-Comté";"Solaire";0,017365463
2016-04;"Bourgogne-Franche-Comté";"Solaire";0,019749049
2016-05;"Bourgogne-Franche-Comté";"Solaire";0,023468856
2016-06;"Bourgogne-Franche-Comté";"Solaire";0,023208813
2016-07;"Bourgogne-Franche-Comté";"Solaire";0,029774847
2016-08;"Bourgogne-Franche-Comté";"Solaire";0,02945553
2016-09;"Bourgogne-Franche-Comté";"Solaire";0,022408938
2016-10;"Bourgogne-Franche-Comté";"Solaire";0,021087693
2016-11;"Bourgogne-Franche-Comté";"Solaire";0,007206479
2016-12;"Bourgogne-Franche-Comté";"Solaire";0,007825505
2017-01;"Bourgogne-Franche-Comté";"Solaire";0,007218891
2017-02;"Bourgogne-Franche-Comté";"Solaire";0,010372096
2017-03;"Bourgogne-Franche-Comté";"Solaire";0,017892715
2017-04;"Bourgogne-Franche-Comté";"Solaire";0,02841976
2017-05;"Bourgogne-Franche-Comté";"Solaire";0,029972213
2017-06;"Bourgogne-Franche-Comté";"Solaire";0,032734
2017-07;"Bourgogne-Franche-Comté";"Solaire";0,028824049
2017-08;"Bourgogne-Franche-Comté";"Solaire";0,027986855
2017-09;"Bourgogne-Franche-Comté";"Solaire";0,021110642
2017-10;"Bourgogne-Franche-Comté";"Solaire";0,017784625
2017-11;"Bourgogne-Franche-Comté";"Solaire";0,008281668
2017-12;"Bourgogne-Franche-Comté";"Solaire";0,004523167
2018-01;"Bourgogne-Franche-Comté";"Solaire";0,004407705
2018-02;"Bourgogne-Franche-Comté";"Solaire";0,011542017
2018-03;"Bourgogne-Franche-Comté";"Solaire";0,017891338
2018-04;"Bourgogne-Franche-Comté";"Solaire";0,027833423
2018-05;"Bourgogne-Franche-Comté";"Solaire";0,03277195
2018-06;"Bourgogne-Franche-Comté";"Solaire";0,039173371
2018-07;"Bourgogne-Franche-Comté";"Solaire";0,041924118
2018-08;"Bourgogne-Franche-Comté";"Solaire";0,038577346
2018-09;"Bourgogne-Franche-Comté";"Solaire";0,034086962
2018-10;"Bourgogne-Franche-Comté";"Solaire";0,024358957
2018-11;"Bourgogne-Franche-Comté";"Solaire";0,013727677
2018-12;"Bourgogne-Franche-Comté";"Solaire";0,00537637
2019-01;"Bourgogne-Franche-Comté";"Solaire";0,009315739
2019-02;"Bourgogne-Franche-Comté";"Solaire";0,023140053
2019-03;"Bourgogne-Franche-Comté";"Solaire";0,032169813
2019-04;"Bourgogne-Franche-Comté";"Solaire";0,034859955
2019-05;"Bourgogne-Franche-Comté";"Solaire";0,042607594
2019-06;"Bourgogne-Franche-Comté";"Solaire";0,045036918
2019-07;"Bourgogne-Franche-Comté";"Solaire";0,050420918
2019-08;"Bourgogne-Franche-Comté";"Solaire";0,045654513
2019-09;"Bourgogne-Franche-Comté";"Solaire";0,039079924
2019-10;"Bourgogne-Franche-Comté";"Solaire";0,021346841
2019-11;"Bourgogne-Franche-Comté";"Solaire";0,013149636
2019-12;"Bourgogne-Franche-Comté";"Solaire";0,012945782
2020-01;"Bourgogne-Franche-Comté";"Solaire";0,014008688
2020-02;"Bourgogne-Franche-Comté";"Solaire";0,019779829
2020-03;"Bourgogne-Franche-Comté";"Solaire";0,0318579
2020-04;"Bourgogne-Franche-Comté";"Solaire";0,043236855
2020-05;"Bourgogne-Franche-Comté";"Solaire";0,047680692
2020-06;"Bourgogne-Franche-Comté";"Solaire";0,042783464
2020-07;"Bourgogne-Franche-Comté";"Solaire";0,05183548
2020-08;"Bourgogne-Franche-Comté";"Solaire";0,045376997
2020-09;"Bourgogne-Franche-Comté";"Solaire";0,039153617
2020-10;"Bourgogne-Franche-Comté";"Solaire";0,019645108
2020-11;"Bourgogne-Franche-Comté";"Solaire";0,02025861
2020-12;"Bourgogne-Franche-Comté";"Solaire";0,009356966
2021-01;"Bourgogne-Franche-Comté";"Solaire";0,008788573
2021-02;"Bourgogne-Franche-Comté";"Solaire";0,017376139
2021-03;"Bourgogne-Franche-Comté";"Solaire";0,032122352
2021-04;"Bourgogne-Franche-Comté";"Solaire";0,046804997
2021-05;"Bourgogne-Franche-Comté";"Solaire";0,043928986
2021-06;"Bourgogne-Franche-Comté";"Solaire";0,048210583
2021-07;"Bourgogne-Franche-Comté";"Solaire";0,048047528
2021-08;"Bourgogne-Franche-Comté";"Solaire";0,048705434
2021-09;"Bourgogne-Franche-Comté";"Solaire";0,049056865
2021-10;"Bourgogne-Franche-Comté";"Solaire";0,040687
2021-11;"Bourgogne-Franche-Comté";"Solaire";0,019183978
2021-12;"Bourgogne-Franche-Comté";"Solaire";0,012012512
2022-01;"Bourgogne-Franche-Comté";"Solaire";0,020001972946
2022-02;"Bourgogne-Franche-Comté";"Solaire";0,033374346847
2022-03;"Bourgogne-Franche-Comté";"Solaire";0,057524989887
2022-04;"Bourgogne-Franche-Comté";"Solaire";0,066457768069
2022-05;"Bourgogne-Franche-Comté";"Solaire";0,088592185419
2022-06;"Bourgogne-Franche-Comté";"Solaire";0,084017931728
2022-07;"Bourgogne-Franche-Comté";"Solaire";0,100374933778
2022-08;"Bourgogne-Franche-Comté";"Solaire";0,090088481188
2022-09;"Bourgogne-Franche-Comté";"Solaire";0,071293577555
2022-10;"Bourgogne-Franche-Comté";"Solaire";0,052511234166
2022-11;"Bourgogne-Franche-Comté";"Solaire";0,027002430506
2022-12;"Bourgogne-Franche-Comté";"Solaire";0,013792030691
2023-01;"Bourgogne-Franche-Comté";"Solaire";0,016175653556
2023-02;"Bourgogne-Franche-Comté";"Solaire";0,045438890284
2023-03;"Bourgogne-Franche-Comté";"Solaire";0,064272089382
2023-04;"Bourgogne-Franche-Comté";"Solaire";0,081704747015
2023-05;"Bourgogne-Franche-Comté";"Solaire";0,104706631891
2023-06;"Bourgogne-Franche-Comté";"Solaire";0,123269494009
2023-07;"Bourgogne-Franche-Comté";"Solaire";0,112511380031
2023-08;"Bourgogne-Franche-Comté";"Solaire";0,103256755722
2023-09;"Bourgogne-Franche-Comté";"Solaire";0,101926421039
2023-10;"Bourgogne-Franche-Comté";"Solaire";0,071185394859
2023-11;"Bourgogne-Franche-Comté";"Solaire";0,030287068966
2023-12;"Bourgogne-Franche-Comté";"Solaire";0,020719482595
2024-01;"Bourgogne-Franche-Comté";"Solaire";0,029841303772
2024-02;"Bourgogne-Franche-Comté";"Solaire";0,039540668133
2024-03;"Bourgogne-Franche-Comté";"Solaire";0,078954884659
2024-04;"Bourgogne-Franche-Comté";"Solaire";0,096841351201
2024-05;"Bourgogne-Franche-Comté";"Solaire";0,119242618446
2024-06;"Bourgogne-Franche-Comté";"Solaire";0,128812334138
2024-07;"Bourgogne-Franche-Comté";"Solaire";0,147744783696
2024-08;"Bourgogne-Franche-Comté";"Solaire";0,163940587879
2024-09;"Bourgogne-Franche-Comté";"Solaire";0,109318619309
2024-10;"Bourgogne-Franche-Comté";"Solaire";0,079982404598
2024-11;"Bourgogne-Franche-Comté";"Solaire";0,043358316773
2024-12;"Bourgogne-Franche-Comté";"Solaire";0,03113087161
2025-01;"Bourgogne-Franche-Comté";"Solaire";0,043464390054
2025-02;"Bourgogne-Franche-Comté";"Solaire";0,067764255972
2025-03;"Bourgogne-Franche-Comté";"Solaire";0,133536971601
2025-04;"Bourgogne-Franche-Comté";"Solaire";0,149446881866
2025-05;"Bourgogne-Franche-Comté";"Solaire";0,171088531266
2025-06;"Bourgogne-Franche-Comté";"Solaire";0,198683793948
2025-07;"Bourgogne-Franche-Comté";"Solaire";0,22270768033
2025-08;"Bourgogne-Franche-Comté";"Solaire";0,205480402348
2025-09;"Bourgogne-Franche-Comté";"Solaire";0,144038281001
2025-10;"Bourgogne-Franche-Comté";"Solaire";0,113683253083
2025-11;"Bourgogne-Franche-Comté";"Solaire";0,061676235775
2014-01;"Bourgogne-Franche-Comté";"Hydraulique";0,135015084
2014-02;"Bourgogne-Franche-Comté";"Hydraulique";0,084693886
2014-03;"Bourgogne-Franche-Comté";"Hydraulique";0,08144034
2014-04;"Bourgogne-Franche-Comté";"Hydraulique";0,03203157
2014-05;"Bourgogne-Franche-Comté";"Hydraulique";0,046267706
2014-06;"Bourgogne-Franche-Comté";"Hydraulique";0,018355976
2014-07;"Bourgogne-Franche-Comté";"Hydraulique";0,085206831
2014-08;"Bourgogne-Franche-Comté";"Hydraulique";0,073716028
2014-09;"Bourgogne-Franche-Comté";"Hydraulique";0,066555386
2014-10;"Bourgogne-Franche-Comté";"Hydraulique";0,040410417
2014-11;"Bourgogne-Franche-Comté";"Hydraulique";0,055977733
2014-12;"Bourgogne-Franche-Comté";"Hydraulique";0,070546916
2015-01;"Bourgogne-Franche-Comté";"Hydraulique";0,12233498
2015-02;"Bourgogne-Franche-Comté";"Hydraulique";0,103227074
2015-03;"Bourgogne-Franche-Comté";"Hydraulique";0,094502767
2015-04;"Bourgogne-Franche-Comté";"Hydraulique";0,09146922
2015-05;"Bourgogne-Franche-Comté";"Hydraulique";0,083566493
2015-06;"Bourgogne-Franche-Comté";"Hydraulique";0,026313683
2015-07;"Bourgogne-Franche-Comté";"Hydraulique";0,018989441
2015-08;"Bourgogne-Franche-Comté";"Hydraulique";0,017608216
2015-09;"Bourgogne-Franche-Comté";"Hydraulique";0,049291391
2015-10;"Bourgogne-Franche-Comté";"Hydraulique";0,040143905
2015-11;"Bourgogne-Franche-Comté";"Hydraulique";0,037224494
2015-12;"Bourgogne-Franche-Comté";"Hydraulique";0,057422314
2016-01;"Bourgogne-Franche-Comté";"Hydraulique";0,097317689
2016-02;"Bourgogne-Franche-Comté";"Hydraulique";0,137041217
2016-03;"Bourgogne-Franche-Comté";"Hydraulique";0,107776923
2016-04;"Bourgogne-Franche-Comté";"Hydraulique";0,101844413
2016-05;"Bourgogne-Franche-Comté";"Hydraulique";0,115893589
2016-06;"Bourgogne-Franche-Comté";"Hydraulique";0,132454871
2016-07;"Bourgogne-Franche-Comté";"Hydraulique";0,038429424
2016-08;"Bourgogne-Franche-Comté";"Hydraulique";0,019050104
2016-09;"Bourgogne-Franche-Comté";"Hydraulique";0,051240455
2016-10;"Bourgogne-Franche-Comté";"Hydraulique";0,032046025
2016-11;"Bourgogne-Franche-Comté";"Hydraulique";0,057887647
2016-12;"Bourgogne-Franche-Comté";"Hydraulique";0,053123841
2017-01;"Bourgogne-Franche-Comté";"Hydraulique";0,061890928
2017-02;"Bourgogne-Franche-Comté";"Hydraulique";0,068301759
2017-03;"Bourgogne-Franche-Comté";"Hydraulique";0,096134014
2017-04;"Bourgogne-Franche-Comté";"Hydraulique";0,036837901
2017-05;"Bourgogne-Franche-Comté";"Hydraulique";0,048484906
2017-06;"Bourgogne-Franche-Comté";"Hydraulique";0,028855221
2017-07;"Bourgogne-Franche-Comté";"Hydraulique";0,021758713
2017-08;"Bourgogne-Franche-Comté";"Hydraulique";0,02137764
2017-09;"Bourgogne-Franche-Comté";"Hydraulique";0,059537326
2017-10;"Bourgogne-Franche-Comté";"Hydraulique";0,042858957
2017-11;"Bourgogne-Franche-Comté";"Hydraulique";0,051008154
2017-12;"Bourgogne-Franche-Comté";"Hydraulique";0,103476515
2018-01;"Bourgogne-Franche-Comté";"Hydraulique";0,175905101
2018-02;"Bourgogne-Franche-Comté";"Hydraulique";0,137349526
2018-03;"Bourgogne-Franche-Comté";"Hydraulique";0,118785981
2018-04;"Bourgogne-Franche-Comté";"Hydraulique";0,080327774
2018-05;"Bourgogne-Franche-Comté";"Hydraulique";0,045444823
2018-06;"Bourgogne-Franche-Comté";"Hydraulique";0,060894008
2018-07;"Bourgogne-Franche-Comté";"Hydraulique";0,017480721
2018-08;"Bourgogne-Franche-Comté";"Hydraulique";0,018901658
2018-09;"Bourgogne-Franche-Comté";"Hydraulique";0,060009081
2018-10;"Bourgogne-Franche-Comté";"Hydraulique";0,019144031
2018-11;"Bourgogne-Franche-Comté";"Hydraulique";0,010410751
2018-12;"Bourgogne-Franche-Comté";"Hydraulique";0,071200041
2019-01;"Bourgogne-Franche-Comté";"Hydraulique";0,098755732
2019-02;"Bourgogne-Franche-Comté";"Hydraulique";0,09527388
2019-03;"Bourgogne-Franche-Comté";"Hydraulique";0,117706741
2019-04;"Bourgogne-Franche-Comté";"Hydraulique";0,071267948
2019-05;"Bourgogne-Franche-Comté";"Hydraulique";0,068587207
2019-06;"Bourgogne-Franche-Comté";"Hydraulique";0,037041105
2019-07;"Bourgogne-Franche-Comté";"Hydraulique";0,015743658
2019-08;"Bourgogne-Franche-Comté";"Hydraulique";0,028958761
2019-09;"Bourgogne-Franche-Comté";"Hydraulique";0,039032292
2019-10;"Bourgogne-Franche-Comté";"Hydraulique";0,074068467
2019-11;"Bourgogne-Franche-Comté";"Hydraulique";0,089294465
2019-12;"Bourgogne-Franche-Comté";"Hydraulique";0,143738896
2020-01;"Bourgogne-Franche-Comté";"Hydraulique";0,091348805
2020-02;"Bourgogne-Franche-Comté";"Hydraulique";0,128024428
2020-03;"Bourgogne-Franche-Comté";"Hydraulique";0,11966713
2020-04;"Bourgogne-Franche-Comté";"Hydraulique";0,034641964
2020-05;"Bourgogne-Franche-Comté";"Hydraulique";0,039300433
2020-06;"Bourgogne-Franche-Comté";"Hydraulique";0,040616868
2020-07;"Bourgogne-Franche-Comté";"Hydraulique";0,023829704
2020-08;"Bourgogne-Franche-Comté";"Hydraulique";0,018690533
2020-09;"Bourgogne-Franche-Comté";"Hydraulique";0,046515156
2020-10;"Bourgogne-Franche-Comté";"Hydraulique";0,048113442
2020-11;"Bourgogne-Franche-Comté";"Hydraulique";0,054916454
2020-12;"Bourgogne-Franche-Comté";"Hydraulique";0,083131981
2021-01;"Bourgogne-Franche-Comté";"Hydraulique";0,163532622
2021-02;"Bourgogne-Franche-Comté";"Hydraulique";0,131239276
2021-03;"Bourgogne-Franche-Comté";"Hydraulique";0,080582488832
2021-04;"Bourgogne-Franche-Comté";"Hydraulique";0,0387383465
2021-05;"Bourgogne-Franche-Comté";"Hydraulique";0,101261781667
2021-06;"Bourgogne-Franche-Comté";"Hydraulique";0,053083203833
2021-07;"Bourgogne-Franche-Comté";"Hydraulique";0,108113899167
2021-08;"Bourgogne-Franche-Comté";"Hydraulique";0,060439623665
2021-09;"Bourgogne-Franche-Comté";"Hydraulique";0,0468256945
2021-10;"Bourgogne-Franche-Comté";"Hydraulique";0,041606590834
2021-11;"Bourgogne-Franche-Comté";"Hydraulique";0,052873458833
2021-12;"Bourgogne-Franche-Comté";"Hydraulique";0,1065724045
2022-01;"Bourgogne-Franche-Comté";"Hydraulique";0,107596618786
2022-02;"Bourgogne-Franche-Comté";"Hydraulique";0,110663705702
2022-03;"Bourgogne-Franche-Comté";"Hydraulique";0,070534616351
2022-04;"Bourgogne-Franche-Comté";"Hydraulique";0,063498250151
2022-05;"Bourgogne-Franche-Comté";"Hydraulique";0,040416651406
2022-06;"Bourgogne-Franche-Comté";"Hydraulique";0,020119632055
2022-07;"Bourgogne-Franche-Comté";"Hydraulique";0,018915646874
2022-08;"Bourgogne-Franche-Comté";"Hydraulique";0,020931576292
2022-09;"Bourgogne-Franche-Comté";"Hydraulique";0,030946564999
2022-10;"Bourgogne-Franche-Comté";"Hydraulique";0,066369770633
2022-11;"Bourgogne-Franche-Comté";"Hydraulique";0,10497956641
2022-12;"Bourgogne-Franche-Comté";"Hydraulique";0,100786424438
2023-01;"Bourgogne-Franche-Comté";"Hydraulique";0,159122382422
2023-02;"Bourgogne-Franche-Comté";"Hydraulique";0,061726593902
2023-03;"Bourgogne-Franche-Comté";"Hydraulique";0,068457692968
2023-04;"Bourgogne-Franche-Comté";"Hydraulique";0,071459609734
2023-05;"Bourgogne-Franche-Comté";"Hydraulique";0,054138445845
2023-06;"Bourgogne-Franche-Comté";"Hydraulique";0,017057579855
2023-07;"Bourgogne-Franche-Comté";"Hydraulique";0,015182678086
2023-08;"Bourgogne-Franche-Comté";"Hydraulique";0,016892800393
2023-09;"Bourgogne-Franche-Comté";"Hydraulique";0,03232978505
2023-10;"Bourgogne-Franche-Comté";"Hydraulique";0,042410194294
2023-11;"Bourgogne-Franche-Comté";"Hydraulique";0,124747737823
2023-12;"Bourgogne-Franche-Comté";"Hydraulique";0,183253437718
2024-01;"Bourgogne-Franche-Comté";"Hydraulique";0,132037283159
2024-02;"Bourgogne-Franche-Comté";"Hydraulique";0,100235029189
2024-03;"Bourgogne-Franche-Comté";"Hydraulique";0,090423982016
2024-04;"Bourgogne-Franche-Comté";"Hydraulique";0,079790359116
2024-05;"Bourgogne-Franche-Comté";"Hydraulique";0,107113370351
2024-06;"Bourgogne-Franche-Comté";"Hydraulique";0,079912427217
2024-07;"Bourgogne-Franche-Comté";"Hydraulique";0,057966773766
2024-08;"Bourgogne-Franche-Comté";"Hydraulique";0,035536491008
2024-09;"Bourgogne-Franche-Comté";"Hydraulique";0,068436901241
2024-10;"Bourgogne-Franche-Comté";"Hydraulique";0,113200445887
2024-11;"Bourgogne-Franche-Comté";"Hydraulique";0,074215504123
2024-12;"Bourgogne-Franche-Comté";"Hydraulique";0,126027836905
2025-01;"Bourgogne-Franche-Comté";"Hydraulique";0,122435237874
2025-02;"Bourgogne-Franche-Comté";"Hydraulique";0,10061713851
2025-03;"Bourgogne-Franche-Comté";"Hydraulique";0,067542470915
2025-04;"Bourgogne-Franche-Comté";"Hydraulique";0,041126074132
2025-05;"Bourgogne-Franche-Comté";"Hydraulique";0,027144861004
2025-06;"Bourgogne-Franche-Comté";"Hydraulique";0,035881820214
2025-07;"Bourgogne-Franche-Comté";"Hydraulique";0,017131835982
2025-08;"Bourgogne-Franche-Comté";"Hydraulique";0,028905910305
2025-09;"Bourgogne-Franche-Comté";"Hydraulique";0,055495227227
2025-10;"Bourgogne-Franche-Comté";"Hydraulique";0,074655586909
2025-11;"Bourgogne-Franche-Comté";"Hydraulique";0,123137706711
2014-01;"Bourgogne-Franche-Comté";"Eolien";0,038413979
2014-02;"Bourgogne-Franche-Comté";"Eolien";0,051005441
2014-03;"Bourgogne-Franche-Comté";"Eolien";0,025048575
2014-04;"Bourgogne-Franche-Comté";"Eolien";0,019241375
2014-05;"Bourgogne-Franche-Comté";"Eolien";0,033094845
2014-06;"Bourgogne-Franche-Comté";"Eolien";0,025792747
2014-07;"Bourgogne-Franche-Comté";"Eolien";0,020974989
2014-08;"Bourgogne-Franche-Comté";"Eolien";0,021341756
2014-09;"Bourgogne-Franche-Comté";"Eolien";0,019916771
2014-10;"Bourgogne-Franche-Comté";"Eolien";0,027768397
2014-11;"Bourgogne-Franche-Comté";"Eolien";0,036374573
2014-12;"Bourgogne-Franche-Comté";"Eolien";0,055498379
2015-01;"Bourgogne-Franche-Comté";"Eolien";0,075609008
2015-02;"Bourgogne-Franche-Comté";"Eolien";0,061487549
2015-03;"Bourgogne-Franche-Comté";"Eolien";0,053957033
2015-04;"Bourgogne-Franche-Comté";"Eolien";0,050245378
2015-05;"Bourgogne-Franche-Comté";"Eolien";0,051522072
2015-06;"Bourgogne-Franche-Comté";"Eolien";0,034702731
2015-07;"Bourgogne-Franche-Comté";"Eolien";0,042881086
2015-08;"Bourgogne-Franche-Comté";"Eolien";0,038104154
2015-09;"Bourgogne-Franche-Comté";"Eolien";0,06406066
2015-10;"Bourgogne-Franche-Comté";"Eolien";0,045532717
2015-11;"Bourgogne-Franche-Comté";"Eolien";0,089852593
2015-12;"Bourgogne-Franche-Comté";"Eolien";0,08744938
2016-01;"Bourgogne-Franche-Comté";"Eolien";0,104167853
2016-02;"Bourgogne-Franche-Comté";"Eolien";0,111046602
2016-03;"Bourgogne-Franche-Comté";"Eolien";0,091299533
2016-04;"Bourgogne-Franche-Comté";"Eolien";0,052252755
2016-05;"Bourgogne-Franche-Comté";"Eolien";0,062179448
2016-06;"Bourgogne-Franche-Comté";"Eolien";0,036942782
2016-07;"Bourgogne-Franche-Comté";"Eolien";0,028512866
2016-08;"Bourgogne-Franche-Comté";"Eolien";0,032583135
2016-09;"Bourgogne-Franche-Comté";"Eolien";0,036607537
2016-10;"Bourgogne-Franche-Comté";"Eolien";0,065873746
2016-11;"Bourgogne-Franche-Comté";"Eolien";0,09346206
2016-12;"Bourgogne-Franche-Comté";"Eolien";0,064421392
2017-01;"Bourgogne-Franche-Comté";"Eolien";0,092084224
2017-02;"Bourgogne-Franche-Comté";"Eolien";0,107567798
2017-03;"Bourgogne-Franche-Comté";"Eolien";0,118382068
2017-04;"Bourgogne-Franche-Comté";"Eolien";0,065618963
2017-05;"Bourgogne-Franche-Comté";"Eolien";0,074820817
2017-06;"Bourgogne-Franche-Comté";"Eolien";0,070683326
2017-07;"Bourgogne-Franche-Comté";"Eolien";0,072603387
2017-08;"Bourgogne-Franche-Comté";"Eolien";0,051723121
2017-09;"Bourgogne-Franche-Comté";"Eolien";0,071798081
2017-10;"Bourgogne-Franche-Comté";"Eolien";0,090711006
2017-11;"Bourgogne-Franche-Comté";"Eolien";0,125468147
2017-12;"Bourgogne-Franche-Comté";"Eolien";0,160158102
2018-01;"Bourgogne-Franche-Comté";"Eolien";0,199661087
2018-02;"Bourgogne-Franche-Comté";"Eolien";0,113829672
2018-03;"Bourgogne-Franche-Comté";"Eolien";0,143408937
2018-04;"Bourgogne-Franche-Comté";"Eolien";0,114009639
2018-05;"Bourgogne-Franche-Comté";"Eolien";0,068518474
2018-06;"Bourgogne-Franche-Comté";"Eolien";0,066352338
2018-07;"Bourgogne-Franche-Comté";"Eolien";0,047499682
2018-08;"Bourgogne-Franche-Comté";"Eolien";0,065070282
2018-09;"Bourgogne-Franche-Comté";"Eolien";0,072260671
2018-10;"Bourgogne-Franche-Comté";"Eolien";0,115002498
2018-11;"Bourgogne-Franche-Comté";"Eolien";0,121600675
2018-12;"Bourgogne-Franche-Comté";"Eolien";0,183620638
2019-01;"Bourgogne-Franche-Comté";"Eolien";0,123414027
2019-02;"Bourgogne-Franche-Comté";"Eolien";0,129586042
2019-03;"Bourgogne-Franche-Comté";"Eolien";0,236502379
2019-04;"Bourgogne-Franche-Comté";"Eolien";0,115465434
2019-05;"Bourgogne-Franche-Comté";"Eolien";0,122128887
2019-06;"Bourgogne-Franche-Comté";"Eolien";0,099129627
2019-07;"Bourgogne-Franche-Comté";"Eolien";0,093446611
2019-08;"Bourgogne-Franche-Comté";"Eolien";0,080977224
2019-09;"Bourgogne-Franche-Comté";"Eolien";0,135094351
2019-10;"Bourgogne-Franche-Comté";"Eolien";0,184647882
2019-11;"Bourgogne-Franche-Comté";"Eolien";0,187969614
2019-12;"Bourgogne-Franche-Comté";"Eolien";0,261315427
2020-01;"Bourgogne-Franche-Comté";"Eolien";0,208811086
2020-02;"Bourgogne-Franche-Comté";"Eolien";0,294497576
2020-03;"Bourgogne-Franche-Comté";"Eolien";0,215932577
2020-04;"Bourgogne-Franche-Comté";"Eolien";0,116557062
2020-05;"Bourgogne-Franche-Comté";"Eolien";0,140982367
2020-06;"Bourgogne-Franche-Comté";"Eolien";0,09477927
2020-07;"Bourgogne-Franche-Comté";"Eolien";0,086765846
2020-08;"Bourgogne-Franche-Comté";"Eolien";0,088370405
2020-09;"Bourgogne-Franche-Comté";"Eolien";0,108594024
2020-10;"Bourgogne-Franche-Comté";"Eolien";0,219020097
2020-11;"Bourgogne-Franche-Comté";"Eolien";0,149120134
2020-12;"Bourgogne-Franche-Comté";"Eolien";0,219875812833
2021-01;"Bourgogne-Franche-Comté";"Eolien";0,221399892165
2021-02;"Bourgogne-Franche-Comté";"Eolien";0,219715381167
2021-03;"Bourgogne-Franche-Comté";"Eolien";0,169175408001
2021-04;"Bourgogne-Franche-Comté";"Eolien";0,167584320002
2021-05;"Bourgogne-Franche-Comté";"Eolien";0,226975759667
2021-06;"Bourgogne-Franche-Comté";"Eolien";0,073505422004
2021-07;"Bourgogne-Franche-Comté";"Eolien";0,124570357163
2021-08;"Bourgogne-Franche-Comté";"Eolien";0,104679996171
2021-09;"Bourgogne-Franche-Comté";"Eolien";0,086453251167
2021-10;"Bourgogne-Franche-Comté";"Eolien";0,170506649831
2021-11;"Bourgogne-Franche-Comté";"Eolien";0,133455391003
2021-12;"Bourgogne-Franche-Comté";"Eolien";0,233877099997
2022-01;"Bourgogne-Franche-Comté";"Eolien";0,168347128991
2022-02;"Bourgogne-Franche-Comté";"Eolien";0,257215031499
2022-03;"Bourgogne-Franche-Comté";"Eolien";0,166603627073
2022-04;"Bourgogne-Franche-Comté";"Eolien";0,173670215946
2022-05;"Bourgogne-Franche-Comté";"Eolien";0,119743345472
2022-06;"Bourgogne-Franche-Comté";"Eolien";0,095742917626
2022-07;"Bourgogne-Franche-Comté";"Eolien";0,111638269897
2022-08;"Bourgogne-Franche-Comté";"Eolien";0,120803083438
2022-09;"Bourgogne-Franche-Comté";"Eolien";0,118845277953
2022-10;"Bourgogne-Franche-Comté";"Eolien";0,204365853176
2022-11;"Bourgogne-Franche-Comté";"Eolien";0,231413640449
2022-12;"Bourgogne-Franche-Comté";"Eolien";0,248760658646
2023-01;"Bourgogne-Franche-Comté";"Eolien";0,280614370094
2023-02;"Bourgogne-Franche-Comté";"Eolien";0,160228301526
2023-03;"Bourgogne-Franche-Comté";"Eolien";0,279299063837
2023-04;"Bourgogne-Franche-Comté";"Eolien";0,199800456289
2023-05;"Bourgogne-Franche-Comté";"Eolien";0,196919647458
2023-06;"Bourgogne-Franche-Comté";"Eolien";0,100951493388
2023-07;"Bourgogne-Franche-Comté";"Eolien";0,15696487811
2023-08;"Bourgogne-Franche-Comté";"Eolien";0,155071554047
2023-09;"Bourgogne-Franche-Comté";"Eolien";0,129195523415
2023-10;"Bourgogne-Franche-Comté";"Eolien";0,269029904199
2023-11;"Bourgogne-Franche-Comté";"Eolien";0,367257199437
2023-12;"Bourgogne-Franche-Comté";"Eolien";0,344242424514
2024-01;"Bourgogne-Franche-Comté";"Eolien";0,291472713691
2024-02;"Bourgogne-Franche-Comté";"Eolien";0,25300676235
2024-03;"Bourgogne-Franche-Comté";"Eolien";0,230710651072
2024-04;"Bourgogne-Franche-Comté";"Eolien";0,224880616632
2024-05;"Bourgogne-Franche-Comté";"Eolien";0,124279231954
2024-06;"Bourgogne-Franche-Comté";"Eolien";0,118929706734
2024-07;"Bourgogne-Franche-Comté";"Eolien";0,084322392838
2024-08;"Bourgogne-Franche-Comté";"Eolien";0,073970523559
2024-09;"Bourgogne-Franche-Comté";"Eolien";0,212627976022
2024-10;"Bourgogne-Franche-Comté";"Eolien";0,176869137353
2024-11;"Bourgogne-Franche-Comté";"Eolien";0,202760998653
2024-12;"Bourgogne-Franche-Comté";"Eolien";0,221967854682
2025-01;"Bourgogne-Franche-Comté";"Eolien";0,328947195271
2025-02;"Bourgogne-Franche-Comté";"Eolien";0,154365891509
2025-03;"Bourgogne-Franche-Comté";"Eolien";0,194295081814
2025-04;"Bourgogne-Franche-Comté";"Eolien";0,166648410929
2025-05;"Bourgogne-Franche-Comté";"Eolien";0,137370517846
2025-06;"Bourgogne-Franche-Comté";"Eolien";0,122077891041
2025-07;"Bourgogne-Franche-Comté";"Eolien";0,122366417757
2025-08;"Bourgogne-Franche-Comté";"Eolien";0,105361580679
2025-09;"Bourgogne-Franche-Comté";"Eolien";0,156882987412
2025-10;"Bourgogne-Franche-Comté";"Eolien";0,278533434946
2025-11;"Bourgogne-Franche-Comté";"Eolien";0,207297661078
2014-01;"Bourgogne-Franche-Comté";"Thermique fossile";0,089799307166
2014-02;"Bourgogne-Franche-Comté";"Thermique fossile";0,065995795001
2014-03;"Bourgogne-Franche-Comté";"Thermique fossile";0,074788395002
2014-04;"Bourgogne-Franche-Comté";"Thermique fossile";0,019226758667
2014-05;"Bourgogne-Franche-Comté";"Thermique fossile";0,021488474335
2014-06;"Bourgogne-Franche-Comté";"Thermique fossile";0,0111996255
2014-07;"Bourgogne-Franche-Comté";"Thermique fossile";0,01036204283
2014-08;"Bourgogne-Franche-Comté";"Thermique fossile";0,010923035669
2014-09;"Bourgogne-Franche-Comté";"Thermique fossile";0,011994055665
2014-10;"Bourgogne-Franche-Comté";"Thermique fossile";0,013549043335
2014-11;"Bourgogne-Franche-Comté";"Thermique fossile";0,081952902499
2014-12;"Bourgogne-Franche-Comté";"Thermique fossile";0,071859342666
2015-01;"Bourgogne-Franche-Comté";"Thermique fossile";0,092920361338
2015-02;"Bourgogne-Franche-Comté";"Thermique fossile";0,101793197499
2015-03;"Bourgogne-Franche-Comté";"Thermique fossile";0,104939825503
2015-04;"Bourgogne-Franche-Comté";"Thermique fossile";0,026177919
2015-05;"Bourgogne-Franche-Comté";"Thermique fossile";0,019603040667
2015-06;"Bourgogne-Franche-Comté";"Thermique fossile";0,019333476997
2015-07;"Bourgogne-Franche-Comté";"Thermique fossile";0,018660245334
2015-08;"Bourgogne-Franche-Comté";"Thermique fossile";0,017630921162
2015-09;"Bourgogne-Franche-Comté";"Thermique fossile";0,0158218705
2015-10;"Bourgogne-Franche-Comté";"Thermique fossile";0,021077525002
2015-11;"Bourgogne-Franche-Comté";"Thermique fossile";0,079116129998
2015-12;"Bourgogne-Franche-Comté";"Thermique fossile";0,082387851669
2016-01;"Bourgogne-Franche-Comté";"Thermique fossile";0,106542274335
2016-02;"Bourgogne-Franche-Comté";"Thermique fossile";0,093070939169
2016-03;"Bourgogne-Franche-Comté";"Thermique fossile";0,092138781502
2016-04;"Bourgogne-Franche-Comté";"Thermique fossile";0,019125349667
2016-05;"Bourgogne-Franche-Comté";"Thermique fossile";0,019827404164
2016-06;"Bourgogne-Franche-Comté";"Thermique fossile";0,017204402163
2016-07;"Bourgogne-Franche-Comté";"Thermique fossile";0,020355388833
2016-08;"Bourgogne-Franche-Comté";"Thermique fossile";0,017056866333
2016-09;"Bourgogne-Franche-Comté";"Thermique fossile";0,018907469164
2016-10;"Bourgogne-Franche-Comté";"Thermique fossile";0,045553674834
2016-11;"Bourgogne-Franche-Comté";"Thermique fossile";0,093004802171
2016-12;"Bourgogne-Franche-Comté";"Thermique fossile";0,105670063658
2017-01;"Bourgogne-Franche-Comté";"Thermique fossile";0,126923146497
2017-02;"Bourgogne-Franche-Comté";"Thermique fossile";0,088314429664
2017-03;"Bourgogne-Franche-Comté";"Thermique fossile";0,070028489335
2017-04;"Bourgogne-Franche-Comté";"Thermique fossile";0,026574257833
2017-05;"Bourgogne-Franche-Comté";"Thermique fossile";0,029379986665
2017-06;"Bourgogne-Franche-Comté";"Thermique fossile";0,0228732375
2017-07;"Bourgogne-Franche-Comté";"Thermique fossile";0,023731370998
2017-08;"Bourgogne-Franche-Comté";"Thermique fossile";0,020397473001
2017-09;"Bourgogne-Franche-Comté";"Thermique fossile";0,020154596334
2017-10;"Bourgogne-Franche-Comté";"Thermique fossile";0,044334415003
2017-11;"Bourgogne-Franche-Comté";"Thermique fossile";0,096742683335
2017-12;"Bourgogne-Franche-Comté";"Thermique fossile";0,117868137837
2018-01;"Bourgogne-Franche-Comté";"Thermique fossile";0,112622052333
2018-02;"Bourgogne-Franche-Comté";"Thermique fossile";0,104811545498
2018-03;"Bourgogne-Franche-Comté";"Thermique fossile";0,110516775667
2018-04;"Bourgogne-Franche-Comté";"Thermique fossile";0,016441031832
2018-05;"Bourgogne-Franche-Comté";"Thermique fossile";0,019894225832
2018-06;"Bourgogne-Franche-Comté";"Thermique fossile";0,018050835998
2018-07;"Bourgogne-Franche-Comté";"Thermique fossile";0,0192121095
2018-08;"Bourgogne-Franche-Comté";"Thermique fossile";0,020667784669
2018-09;"Bourgogne-Franche-Comté";"Thermique fossile";0,044574178333
2018-10;"Bourgogne-Franche-Comté";"Thermique fossile";0,043050968502
2018-11;"Bourgogne-Franche-Comté";"Thermique fossile";0,101680267172
2018-12;"Bourgogne-Franche-Comté";"Thermique fossile";0,122927775168
2019-01;"Bourgogne-Franche-Comté";"Thermique fossile";0,118336098828
2019-02;"Bourgogne-Franche-Comté";"Thermique fossile";0,108010990334
2019-03;"Bourgogne-Franche-Comté";"Thermique fossile";0,096387609835
2019-04;"Bourgogne-Franche-Comté";"Thermique fossile";0,0432124205
2019-05;"Bourgogne-Franche-Comté";"Thermique fossile";0,019242607333
2019-06;"Bourgogne-Franche-Comté";"Thermique fossile";0,017151131499
2019-07;"Bourgogne-Franche-Comté";"Thermique fossile";0,019613616664
2019-08;"Bourgogne-Franche-Comté";"Thermique fossile";0,030535387499
2019-09;"Bourgogne-Franche-Comté";"Thermique fossile";0,040411815999
2019-10;"Bourgogne-Franche-Comté";"Thermique fossile";0,0345062845
2019-11;"Bourgogne-Franche-Comté";"Thermique fossile";0,108452218665
2019-12;"Bourgogne-Franche-Comté";"Thermique fossile";0,1111576075
2020-01;"Bourgogne-Franche-Comté";"Thermique fossile";0,118408669001
2020-02;"Bourgogne-Franche-Comté";"Thermique fossile";0,101177090833
2020-03;"Bourgogne-Franche-Comté";"Thermique fossile";0,11074477983
2020-04;"Bourgogne-Franche-Comté";"Thermique fossile";0,020788645333
2020-05;"Bourgogne-Franche-Comté";"Thermique fossile";0,032046197666
2020-06;"Bourgogne-Franche-Comté";"Thermique fossile";0,041775241499
2020-07;"Bourgogne-Franche-Comté";"Thermique fossile";0,023778341502
2020-08;"Bourgogne-Franche-Comté";"Thermique fossile";0,017267638833
2020-09;"Bourgogne-Franche-Comté";"Thermique fossile";0,040900918169
2020-10;"Bourgogne-Franche-Comté";"Thermique fossile";0,042068217502
2020-11;"Bourgogne-Franche-Comté";"Thermique fossile";0,094269016166
2020-12;"Bourgogne-Franche-Comté";"Thermique fossile";0,097471260837
2021-01;"Bourgogne-Franche-Comté";"Thermique fossile";0,100131923168
2021-02;"Bourgogne-Franche-Comté";"Thermique fossile";0,104918808497
2021-03;"Bourgogne-Franche-Comté";"Thermique fossile";0,094904027165
2021-04;"Bourgogne-Franche-Comté";"Thermique fossile";0,041570928668
2021-05;"Bourgogne-Franche-Comté";"Thermique fossile";0,027946674831
2021-06;"Bourgogne-Franche-Comté";"Thermique fossile";0,019740832165
2021-07;"Bourgogne-Franche-Comté";"Thermique fossile";0,021976883502
2021-08;"Bourgogne-Franche-Comté";"Thermique fossile";0,018041808666
2021-09;"Bourgogne-Franche-Comté";"Thermique fossile";0,037263902831
2021-10;"Bourgogne-Franche-Comté";"Thermique fossile";0,0437104525
2021-11;"Bourgogne-Franche-Comté";"Thermique fossile";0,102308054001
2021-12;"Bourgogne-Franche-Comté";"Thermique fossile";0,12629529767
2022-01;"Bourgogne-Franche-Comté";"Thermique fossile";0,121588604931
2022-02;"Bourgogne-Franche-Comté";"Thermique fossile";0,11022241022
2022-03;"Bourgogne-Franche-Comté";"Thermique fossile";0,081102292957
2022-04;"Bourgogne-Franche-Comté";"Thermique fossile";0,019369840333
2022-05;"Bourgogne-Franche-Comté";"Thermique fossile";0,013313842826
2022-06;"Bourgogne-Franche-Comté";"Thermique fossile";0,000475479678
2022-07;"Bourgogne-Franche-Comté";"Thermique fossile";0,000171100347
2022-08;"Bourgogne-Franche-Comté";"Thermique fossile";8,3673328E-5
2022-09;"Bourgogne-Franche-Comté";"Thermique fossile";0,024260908669
2022-10;"Bourgogne-Franche-Comté";"Thermique fossile";0,042527104667
2022-11;"Bourgogne-Franche-Comté";"Thermique fossile";0,085270678355
2022-12;"Bourgogne-Franche-Comté";"Thermique fossile";0,122037599296
2023-01;"Bourgogne-Franche-Comté";"Thermique fossile";0,120827013525
2023-02;"Bourgogne-Franche-Comté";"Thermique fossile";0,10583318068
2023-03;"Bourgogne-Franche-Comté";"Thermique fossile";0,0967105602
2023-04;"Bourgogne-Franche-Comté";"Thermique fossile";0,017001702993
2023-05;"Bourgogne-Franche-Comté";"Thermique fossile";0,017228485025
2023-06;"Bourgogne-Franche-Comté";"Thermique fossile";0,01656843866
2023-07;"Bourgogne-Franche-Comté";"Thermique fossile";0,015959015578
2023-08;"Bourgogne-Franche-Comté";"Thermique fossile";0,015502577668
2023-09;"Bourgogne-Franche-Comté";"Thermique fossile";0,015509126986
2023-10;"Bourgogne-Franche-Comté";"Thermique fossile";0,027487287178
2023-11;"Bourgogne-Franche-Comté";"Thermique fossile";0,074925942833
2023-12;"Bourgogne-Franche-Comté";"Thermique fossile";0,098915168531
2024-01;"Bourgogne-Franche-Comté";"Thermique fossile";0,097488102844
2024-02;"Bourgogne-Franche-Comté";"Thermique fossile";0,101108828421
2024-03;"Bourgogne-Franche-Comté";"Thermique fossile";0,092394280994
2024-04;"Bourgogne-Franche-Comté";"Thermique fossile";0,017232483175
2024-05;"Bourgogne-Franche-Comté";"Thermique fossile";0,016074283524
2024-06;"Bourgogne-Franche-Comté";"Thermique fossile";0,018407367424
2024-07;"Bourgogne-Franche-Comté";"Thermique fossile";0,015848834191
2024-08;"Bourgogne-Franche-Comté";"Thermique fossile";0,016128182777
2024-09;"Bourgogne-Franche-Comté";"Thermique fossile";0,014957731012
2024-10;"Bourgogne-Franche-Comté";"Thermique fossile";0,0163092552
2024-11;"Bourgogne-Franche-Comté";"Thermique fossile";0,068823774823
2024-12;"Bourgogne-Franche-Comté";"Thermique fossile";0,089257177262
2025-01;"Bourgogne-Franche-Comté";"Thermique fossile";0,066330187665
2025-02;"Bourgogne-Franche-Comté";"Thermique fossile";0,073535536404
2025-03;"Bourgogne-Franche-Comté";"Thermique fossile";0,05976867242
2025-04;"Bourgogne-Franche-Comté";"Thermique fossile";0,000458141677
2025-05;"Bourgogne-Franche-Comté";"Thermique fossile";6,7297513E-5
2025-06;"Bourgogne-Franche-Comté";"Thermique fossile";0,000143221093
2025-07;"Bourgogne-Franche-Comté";"Thermique fossile";0,000114186698
2025-08;"Bourgogne-Franche-Comté";"Thermique fossile";8,8215194E-5
2025-09;"Bourgogne-Franche-Comté";"Thermique fossile";6,9787178E-5
2025-10;"Bourgogne-Franche-Comté";"Thermique fossile";0,025422202449
2025-11;"Bourgogne-Franche-Comté";"Thermique fossile";0,07199764028
2014-01;"Bourgogne-Franche-Comté";"Thermique renouvelable et déchets";0,013398478
2014-02;"Bourgogne-Franche-Comté";"Thermique renouvelable et déchets";0,012266094
2014-03;"Bourgogne-Franche-Comté";"Thermique renouvelable et déchets";0,015321681
2014-04;"Bourgogne-Franche-Comté";"Thermique renouvelable et déchets";0,011528653
2014-05;"Bourgogne-Franche-Comté";"Thermique renouvelable et déchets";0,014245058
2014-06;"Bourgogne-Franche-Comté";"Thermique renouvelable et déchets";0,01023565
2014-07;"Bourgogne-Franche-Comté";"Thermique renouvelable et déchets";0,015795532
2014-08;"Bourgogne-Franche-Comté";"Thermique renouvelable et déchets";0,015014865
2014-09;"Bourgogne-Franche-Comté";"Thermique renouvelable et déchets";0,015400152
2014-10;"Bourgogne-Franche-Comté";"Thermique renouvelable et déchets";0,012832099
2014-11;"Bourgogne-Franche-Comté";"Thermique renouvelable et déchets";0,014594623
2014-12;"Bourgogne-Franche-Comté";"Thermique renouvelable et déchets";0,014827191
2015-01;"Bourgogne-Franche-Comté";"Thermique renouvelable et déchets";0,016433531
2015-02;"Bourgogne-Franche-Comté";"Thermique renouvelable et déchets";0,013989183
2015-03;"Bourgogne-Franche-Comté";"Thermique renouvelable et déchets";0,016885636
2015-04;"Bourgogne-Franche-Comté";"Thermique renouvelable et déchets";0,010927047
2015-05;"Bourgogne-Franche-Comté";"Thermique renouvelable et déchets";0,016295009
2015-06;"Bourgogne-Franche-Comté";"Thermique renouvelable et déchets";0,013155183
2015-07;"Bourgogne-Franche-Comté";"Thermique renouvelable et déchets";0,0153917
2015-08;"Bourgogne-Franche-Comté";"Thermique renouvelable et déchets";0,015659261
2015-09;"Bourgogne-Franche-Comté";"Thermique renouvelable et déchets";0,014090782
2015-10;"Bourgogne-Franche-Comté";"Thermique renouvelable et déchets";0,011412022
2015-11;"Bourgogne-Franche-Comté";"Thermique renouvelable et déchets";0,015701749
2015-12;"Bourgogne-Franche-Comté";"Thermique renouvelable et déchets";0,016762491
2016-01;"Bourgogne-Franche-Comté";"Thermique renouvelable et déchets";0,014958133
2016-02;"Bourgogne-Franche-Comté";"Thermique renouvelable et déchets";0,013951738
2016-03;"Bourgogne-Franche-Comté";"Thermique renouvelable et déchets";0,01619333
2016-04;"Bourgogne-Franche-Comté";"Thermique renouvelable et déchets";0,014743905
2016-05;"Bourgogne-Franche-Comté";"Thermique renouvelable et déchets";0,013612907
2016-06;"Bourgogne-Franche-Comté";"Thermique renouvelable et déchets";0,013960046
2016-07;"Bourgogne-Franche-Comté";"Thermique renouvelable et déchets";0,017334984
2016-08;"Bourgogne-Franche-Comté";"Thermique renouvelable et déchets";0,017538629
2016-09;"Bourgogne-Franche-Comté";"Thermique renouvelable et déchets";0,013892829
2016-10;"Bourgogne-Franche-Comté";"Thermique renouvelable et déchets";0,01100488
2016-11;"Bourgogne-Franche-Comté";"Thermique renouvelable et déchets";0,013573626
2016-12;"Bourgogne-Franche-Comté";"Thermique renouvelable et déchets";0,013997601
2017-01;"Bourgogne-Franche-Comté";"Thermique renouvelable et déchets";0,01601821
2017-02;"Bourgogne-Franche-Comté";"Thermique renouvelable et déchets";0,0152065
2017-03;"Bourgogne-Franche-Comté";"Thermique renouvelable et déchets";0,016908968
2017-04;"Bourgogne-Franche-Comté";"Thermique renouvelable et déchets";0,016929893
2017-05;"Bourgogne-Franche-Comté";"Thermique renouvelable et déchets";0,01372834
2017-06;"Bourgogne-Franche-Comté";"Thermique renouvelable et déchets";0,016140211
2017-07;"Bourgogne-Franche-Comté";"Thermique renouvelable et déchets";0,015946092
2017-08;"Bourgogne-Franche-Comté";"Thermique renouvelable et déchets";0,015589416
2017-09;"Bourgogne-Franche-Comté";"Thermique renouvelable et déchets";0,016602411
2017-10;"Bourgogne-Franche-Comté";"Thermique renouvelable et déchets";0,012827877
2017-11;"Bourgogne-Franche-Comté";"Thermique renouvelable et déchets";0,017191816
2017-12;"Bourgogne-Franche-Comté";"Thermique renouvelable et déchets";0,018505758
2018-01;"Bourgogne-Franche-Comté";"Thermique renouvelable et déchets";0,020503422
2018-02;"Bourgogne-Franche-Comté";"Thermique renouvelable et déchets";0,017949025
2018-03;"Bourgogne-Franche-Comté";"Thermique renouvelable et déchets";0,020430217
2018-04;"Bourgogne-Franche-Comté";"Thermique renouvelable et déchets";0,019730206
2018-05;"Bourgogne-Franche-Comté";"Thermique renouvelable et déchets";0,019381959
2018-06;"Bourgogne-Franche-Comté";"Thermique renouvelable et déchets";0,021208477
2018-07;"Bourgogne-Franche-Comté";"Thermique renouvelable et déchets";0,022311083
2018-08;"Bourgogne-Franche-Comté";"Thermique renouvelable et déchets";0,021722222
2018-09;"Bourgogne-Franche-Comté";"Thermique renouvelable et déchets";0,022267278668
2018-10;"Bourgogne-Franche-Comté";"Thermique renouvelable et déchets";0,02837938
2018-11;"Bourgogne-Franche-Comté";"Thermique renouvelable et déchets";0,031246800335
2018-12;"Bourgogne-Franche-Comté";"Thermique renouvelable et déchets";0,0272142355
2019-01;"Bourgogne-Franche-Comté";"Thermique renouvelable et déchets";0,022689111
2019-02;"Bourgogne-Franche-Comté";"Thermique renouvelable et déchets";0,030176742667
2019-03;"Bourgogne-Franche-Comté";"Thermique renouvelable et déchets";0,035061028169
2019-04;"Bourgogne-Franche-Comté";"Thermique renouvelable et déchets";0,034032184335
2019-05;"Bourgogne-Franche-Comté";"Thermique renouvelable et déchets";0,025890970832
2019-06;"Bourgogne-Franche-Comté";"Thermique renouvelable et déchets";0,021172337
2019-07;"Bourgogne-Franche-Comté";"Thermique renouvelable et déchets";0,02076752
2019-08;"Bourgogne-Franche-Comté";"Thermique renouvelable et déchets";0,018123085
2019-09;"Bourgogne-Franche-Comté";"Thermique renouvelable et déchets";0,016666562
2019-10;"Bourgogne-Franche-Comté";"Thermique renouvelable et déchets";0,017959104
2019-11;"Bourgogne-Franche-Comté";"Thermique renouvelable et déchets";0,018251216
2019-12;"Bourgogne-Franche-Comté";"Thermique renouvelable et déchets";0,023851592833
2020-01;"Bourgogne-Franche-Comté";"Thermique renouvelable et déchets";0,032125679498
2020-02;"Bourgogne-Franche-Comté";"Thermique renouvelable et déchets";0,033673859165
2020-03;"Bourgogne-Franche-Comté";"Thermique renouvelable et déchets";0,033386471
2020-04;"Bourgogne-Franche-Comté";"Thermique renouvelable et déchets";0,032615326333
2020-05;"Bourgogne-Franche-Comté";"Thermique renouvelable et déchets";0,034203922998
2020-06;"Bourgogne-Franche-Comté";"Thermique renouvelable et déchets";0,031849011831
2020-07;"Bourgogne-Franche-Comté";"Thermique renouvelable et déchets";0,037466518166
2020-08;"Bourgogne-Franche-Comté";"Thermique renouvelable et déchets";0,022073598333
2020-09;"Bourgogne-Franche-Comté";"Thermique renouvelable et déchets";0,021150196
2020-10;"Bourgogne-Franche-Comté";"Thermique renouvelable et déchets";0,024996938001
2020-11;"Bourgogne-Franche-Comté";"Thermique renouvelable et déchets";0,033495192834
2020-12;"Bourgogne-Franche-Comté";"Thermique renouvelable et déchets";0,029693186
2021-01;"Bourgogne-Franche-Comté";"Thermique renouvelable et déchets";0,033254348168
2021-02;"Bourgogne-Franche-Comté";"Thermique renouvelable et déchets";0,032249756833
2021-03;"Bourgogne-Franche-Comté";"Thermique renouvelable et déchets";0,030096291666
2021-04;"Bourgogne-Franche-Comté";"Thermique renouvelable et déchets";0,033051230002
2021-05;"Bourgogne-Franche-Comté";"Thermique renouvelable et déchets";0,033066192
2021-06;"Bourgogne-Franche-Comté";"Thermique renouvelable et déchets";0,031345169501
2021-07;"Bourgogne-Franche-Comté";"Thermique renouvelable et déchets";0,036470652665
2021-08;"Bourgogne-Franche-Comté";"Thermique renouvelable et déchets";0,027651469999
2021-09;"Bourgogne-Franche-Comté";"Thermique renouvelable et déchets";0,027699271499
2021-10;"Bourgogne-Franche-Comté";"Thermique renouvelable et déchets";0,03490815467
2021-11;"Bourgogne-Franche-Comté";"Thermique renouvelable et déchets";0,036320165335
2021-12;"Bourgogne-Franche-Comté";"Thermique renouvelable et déchets";0,0358329385
2022-01;"Bourgogne-Franche-Comté";"Thermique renouvelable et déchets";0,037901152843
2022-02;"Bourgogne-Franche-Comté";"Thermique renouvelable et déchets";0,035891091183
2022-03;"Bourgogne-Franche-Comté";"Thermique renouvelable et déchets";0,039220395237
2022-04;"Bourgogne-Franche-Comté";"Thermique renouvelable et déchets";0,036027870747
2022-05;"Bourgogne-Franche-Comté";"Thermique renouvelable et déchets";0,035487533056
2022-06;"Bourgogne-Franche-Comté";"Thermique renouvelable et déchets";0,036884812618
2022-07;"Bourgogne-Franche-Comté";"Thermique renouvelable et déchets";0,039223725903
2022-08;"Bourgogne-Franche-Comté";"Thermique renouvelable et déchets";0,03779327088
2022-09;"Bourgogne-Franche-Comté";"Thermique renouvelable et déchets";0,033046154807
2022-10;"Bourgogne-Franche-Comté";"Thermique renouvelable et déchets";0,036344911961
2022-11;"Bourgogne-Franche-Comté";"Thermique renouvelable et déchets";0,037408985353
2022-12;"Bourgogne-Franche-Comté";"Thermique renouvelable et déchets";0,037364161847
2023-01;"Bourgogne-Franche-Comté";"Thermique renouvelable et déchets";0,035815671442
2023-02;"Bourgogne-Franche-Comté";"Thermique renouvelable et déchets";0,033298549563
2023-03;"Bourgogne-Franche-Comté";"Thermique renouvelable et déchets";0,037751153222
2023-04;"Bourgogne-Franche-Comté";"Thermique renouvelable et déchets";0,037446614493
2023-05;"Bourgogne-Franche-Comté";"Thermique renouvelable et déchets";0,038304490236
2023-06;"Bourgogne-Franche-Comté";"Thermique renouvelable et déchets";0,035961652155
2023-07;"Bourgogne-Franche-Comté";"Thermique renouvelable et déchets";0,038876998386
2023-08;"Bourgogne-Franche-Comté";"Thermique renouvelable et déchets";0,038327886792
2023-09;"Bourgogne-Franche-Comté";"Thermique renouvelable et déchets";0,030736612138
2023-10;"Bourgogne-Franche-Comté";"Thermique renouvelable et déchets";0,034967509783
2023-11;"Bourgogne-Franche-Comté";"Thermique renouvelable et déchets";0,034961855821
2023-12;"Bourgogne-Franche-Comté";"Thermique renouvelable et déchets";0,037994446408
2024-01;"Bourgogne-Franche-Comté";"Thermique renouvelable et déchets";0,038646924337
2024-02;"Bourgogne-Franche-Comté";"Thermique renouvelable et déchets";0,033945570211
2024-03;"Bourgogne-Franche-Comté";"Thermique renouvelable et déchets";0,036380868235
2024-04;"Bourgogne-Franche-Comté";"Thermique renouvelable et déchets";0,032201804304
2024-05;"Bourgogne-Franche-Comté";"Thermique renouvelable et déchets";0,033750892997
2024-06;"Bourgogne-Franche-Comté";"Thermique renouvelable et déchets";0,030120591539
2024-07;"Bourgogne-Franche-Comté";"Thermique renouvelable et déchets";0,033193364995
2024-08;"Bourgogne-Franche-Comté";"Thermique renouvelable et déchets";0,033690727307
2024-09;"Bourgogne-Franche-Comté";"Thermique renouvelable et déchets";0,0267015226
2024-10;"Bourgogne-Franche-Comté";"Thermique renouvelable et déchets";0,035063020626
2024-11;"Bourgogne-Franche-Comté";"Thermique renouvelable et déchets";0,035605519642
2024-12;"Bourgogne-Franche-Comté";"Thermique renouvelable et déchets";0,037174648994
2025-01;"Bourgogne-Franche-Comté";"Thermique renouvelable et déchets";0,035312506423
2025-02;"Bourgogne-Franche-Comté";"Thermique renouvelable et déchets";0,031214677373
2025-03;"Bourgogne-Franche-Comté";"Thermique renouvelable et déchets";0,03858356905
2025-04;"Bourgogne-Franche-Comté";"Thermique renouvelable et déchets";0,037109193752
2025-05;"Bourgogne-Franche-Comté";"Thermique renouvelable et déchets";0,037381228819
2025-06;"Bourgogne-Franche-Comté";"Thermique renouvelable et déchets";0,034834704046
2025-07;"Bourgogne-Franche-Comté";"Thermique renouvelable et déchets";0,036000666574
2025-08;"Bourgogne-Franche-Comté";"Thermique renouvelable et déchets";0,03740600565
2025-09;"Bourgogne-Franche-Comté";"Thermique renouvelable et déchets";0,034403324275
2025-10;"Bourgogne-Franche-Comté";"Thermique renouvelable et déchets";0,034695883484
2025-11;"Bourgogne-Franche-Comté";"Thermique renouvelable et déchets";0,032147201549
2014-01;"Bourgogne-Franche-Comté";"Energie produite";0,301053817166
2014-02;"Bourgogne-Franche-Comté";"Energie produite";0,238388658001
2014-03;"Bourgogne-Franche-Comté";"Energie produite";0,217771719002
2014-04;"Bourgogne-Franche-Comté";"Energie produite";0,102608380667
2014-05;"Bourgogne-Franche-Comté";"Energie produite";0,138290738335
2014-06;"Bourgogne-Franche-Comté";"Energie produite";0,0926524265
2014-07;"Bourgogne-Franche-Comté";"Energie produite";0,15262641683
2014-08;"Bourgogne-Franche-Comté";"Energie produite";0,142628565669
2014-09;"Bourgogne-Franche-Comté";"Energie produite";0,135833837665
2014-10;"Bourgogne-Franche-Comté";"Energie produite";0,108502126335
2014-11;"Bourgogne-Franche-Comté";"Energie produite";0,196594514499
2014-12;"Bourgogne-Franche-Comté";"Energie produite";0,216180988666
2015-01;"Bourgogne-Franche-Comté";"Energie produite";0,312231354338
2015-02;"Bourgogne-Franche-Comté";"Energie produite";0,290609490499
2015-03;"Bourgogne-Franche-Comté";"Energie produite";0,287762056503
2015-04;"Bourgogne-Franche-Comté";"Energie produite";0,202931338
2015-05;"Bourgogne-Franche-Comté";"Energie produite";0,196227763667
2015-06;"Bourgogne-Franche-Comté";"Energie produite";0,122163860997
2015-07;"Bourgogne-Franche-Comté";"Energie produite";0,125442766334
2015-08;"Bourgogne-Franche-Comté";"Energie produite";0,115140772162
2015-09;"Bourgogne-Franche-Comté";"Energie produite";0,1649493895
2015-10;"Bourgogne-Franche-Comté";"Energie produite";0,131973237002
2015-11;"Bourgogne-Franche-Comté";"Energie produite";0,230967170998
2015-12;"Bourgogne-Franche-Comté";"Energie produite";0,252757386669
2016-01;"Bourgogne-Franche-Comté";"Energie produite";0,328937795335
2016-02;"Bourgogne-Franche-Comté";"Energie produite";0,362773598169
2016-03;"Bourgogne-Franche-Comté";"Energie produite";0,324780081502
2016-04;"Bourgogne-Franche-Comté";"Energie produite";0,207430130667
2016-05;"Bourgogne-Franche-Comté";"Energie produite";0,234985280164
2016-06;"Bourgogne-Franche-Comté";"Energie produite";0,223775303163
2016-07;"Bourgogne-Franche-Comté";"Energie produite";0,134411751833
2016-08;"Bourgogne-Franche-Comté";"Energie produite";0,115687357333
2016-09;"Bourgogne-Franche-Comté";"Energie produite";0,143060628164
2016-10;"Bourgogne-Franche-Comté";"Energie produite";0,175569548834
2016-11;"Bourgogne-Franche-Comté";"Energie produite";0,265139634171
2016-12;"Bourgogne-Franche-Comté";"Energie produite";0,245042598658
2017-01;"Bourgogne-Franche-Comté";"Energie produite";0,304139395497
2017-02;"Bourgogne-Franche-Comté";"Energie produite";0,289766383664
2017-03;"Bourgogne-Franche-Comté";"Energie produite";0,319306250335
2017-04;"Bourgogne-Franche-Comté";"Energie produite";0,174385519833
2017-05;"Bourgogne-Franche-Comté";"Energie produite";0,196388398665
2017-06;"Bourgogne-Franche-Comté";"Energie produite";0,1712885705
2017-07;"Bourgogne-Franche-Comté";"Energie produite";0,162865110998
2017-08;"Bourgogne-Franche-Comté";"Energie produite";0,137076518001
2017-09;"Bourgogne-Franche-Comté";"Energie produite";0,189205357334
2017-10;"Bourgogne-Franche-Comté";"Energie produite";0,208519158003
2017-11;"Bourgogne-Franche-Comté";"Energie produite";0,298690469335
2017-12;"Bourgogne-Franche-Comté";"Energie produite";0,404521270837
2018-01;"Bourgogne-Franche-Comté";"Energie produite";0,513084013333
2018-02;"Bourgogne-Franche-Comté";"Energie produite";0,385471166498
2018-03;"Bourgogne-Franche-Comté";"Energie produite";0,411022912667
2018-04;"Bourgogne-Franche-Comté";"Energie produite";0,258335716832
2018-05;"Bourgogne-Franche-Comté";"Energie produite";0,186005374832
2018-06;"Bourgogne-Franche-Comté";"Energie produite";0,205673280998
2018-07;"Bourgogne-Franche-Comté";"Energie produite";0,1484210045
2018-08;"Bourgogne-Franche-Comté";"Energie produite";0,164934749669
2018-09;"Bourgogne-Franche-Comté";"Energie produite";0,233191944001
2018-10;"Bourgogne-Franche-Comté";"Energie produite";0,229928009502
2018-11;"Bourgogne-Franche-Comté";"Energie produite";0,278656736507
2018-12;"Bourgogne-Franche-Comté";"Energie produite";0,410329456668
2019-01;"Bourgogne-Franche-Comté";"Energie produite";0,372499017828
2019-02;"Bourgogne-Franche-Comté";"Energie produite";0,386178966001
2019-03;"Bourgogne-Franche-Comté";"Energie produite";0,517819282004
2019-04;"Bourgogne-Franche-Comté";"Energie produite";0,298831127835
2019-05;"Bourgogne-Franche-Comté";"Energie produite";0,278451139165
2019-06;"Bourgogne-Franche-Comté";"Energie produite";0,219525998499
2019-07;"Bourgogne-Franche-Comté";"Energie produite";0,199987551664
2019-08;"Bourgogne-Franche-Comté";"Energie produite";0,204244884499
2019-09;"Bourgogne-Franche-Comté";"Energie produite";0,270280230999
2019-10;"Bourgogne-Franche-Comté";"Energie produite";0,3325184145
2019-11;"Bourgogne-Franche-Comté";"Energie produite";0,417106440665
2019-12;"Bourgogne-Franche-Comté";"Energie produite";0,553000047333
2020-01;"Bourgogne-Franche-Comté";"Energie produite";0,464692724499
2020-02;"Bourgogne-Franche-Comté";"Energie produite";0,577143931998
2020-03;"Bourgogne-Franche-Comté";"Energie produite";0,51158459383
2020-04;"Bourgogne-Franche-Comté";"Energie produite";0,247834390666
2020-05;"Bourgogne-Franche-Comté";"Energie produite";0,294208430664
2020-06;"Bourgogne-Franche-Comté";"Energie produite";0,25179914533
2020-07;"Bourgogne-Franche-Comté";"Energie produite";0,223670665668
2020-08;"Bourgogne-Franche-Comté";"Energie produite";0,191774001166
2020-09;"Bourgogne-Franche-Comté";"Energie produite";0,256307558169
2020-10;"Bourgogne-Franche-Comté";"Energie produite";0,353835835503
2020-11;"Bourgogne-Franche-Comté";"Energie produite";0,35205122
2020-12;"Bourgogne-Franche-Comté";"Energie produite";0,43951934767
2021-01;"Bourgogne-Franche-Comté";"Energie produite";0,527095793501
2021-02;"Bourgogne-Franche-Comté";"Energie produite";0,505490712497
2021-03;"Bourgogne-Franche-Comté";"Energie produite";0,406871555664
2021-04;"Bourgogne-Franche-Comté";"Energie produite";0,327742839172
2021-05;"Bourgogne-Franche-Comté";"Energie produite";0,433173758165
2021-06;"Bourgogne-Franche-Comté";"Energie produite";0,225880292503
2021-07;"Bourgogne-Franche-Comté";"Energie produite";0,339175864497
2021-08;"Bourgogne-Franche-Comté";"Energie produite";0,259515031501
2021-09;"Bourgogne-Franche-Comté";"Energie produite";0,247293788997
2021-10;"Bourgogne-Franche-Comté";"Energie produite";0,331412110835
2021-11;"Bourgogne-Franche-Comté";"Energie produite";0,344131636172
2021-12;"Bourgogne-Franche-Comté";"Energie produite";0,514580637667
2022-01;"Bourgogne-Franche-Comté";"Energie produite";0,455438321029
2022-02;"Bourgogne-Franche-Comté";"Energie produite";0,547374032804
2022-03;"Bourgogne-Franche-Comté";"Energie produite";0,415000081239
2022-04;"Bourgogne-Franche-Comté";"Energie produite";0,359040931117
2022-05;"Bourgogne-Franche-Comté";"Energie produite";0,297578725343
2022-06;"Bourgogne-Franche-Comté";"Energie produite";0,237251654617
2022-07;"Bourgogne-Franche-Comté";"Energie produite";0,270339174336
2022-08;"Bourgogne-Franche-Comté";"Energie produite";0,269712908693
2022-09;"Bourgogne-Franche-Comté";"Energie produite";0,278388272962
2022-10;"Bourgogne-Franche-Comté";"Energie produite";0,40211466477
2022-11;"Bourgogne-Franche-Comté";"Energie produite";0,486069753737
2022-12;"Bourgogne-Franche-Comté";"Energie produite";0,522733128751
2023-01;"Bourgogne-Franche-Comté";"Energie produite";0,612546009539
2023-02;"Bourgogne-Franche-Comté";"Energie produite";0,406517522455
2023-03;"Bourgogne-Franche-Comté";"Energie produite";0,546484505607
2023-04;"Bourgogne-Franche-Comté";"Energie produite";0,407407901526
2023-05;"Bourgogne-Franche-Comté";"Energie produite";0,411293705955
2023-06;"Bourgogne-Franche-Comté";"Energie produite";0,293804149069
2023-07;"Bourgogne-Franche-Comté";"Energie produite";0,33963436019
2023-08;"Bourgogne-Franche-Comté";"Energie produite";0,329348654622
2023-09;"Bourgogne-Franche-Comté";"Energie produite";0,309689043296
2023-10;"Bourgogne-Franche-Comté";"Energie produite";0,445074816477
2023-11;"Bourgogne-Franche-Comté";"Energie produite";0,634256416045
2023-12;"Bourgogne-Franche-Comté";"Energie produite";0,693184883101
2024-01;"Bourgogne-Franche-Comté";"Energie produite";0,589486327803
2024-02;"Bourgogne-Franche-Comté";"Energie produite";0,527836858304
2024-03;"Bourgogne-Franche-Comté";"Energie produite";0,528864666976
2024-04;"Bourgogne-Franche-Comté";"Energie produite";0,450946614428
2024-05;"Bourgogne-Franche-Comté";"Energie produite";0,400460397272
2024-06;"Bourgogne-Franche-Comté";"Energie produite";0,376182427052
2024-07;"Bourgogne-Franche-Comté";"Energie produite";0,339076149486
2024-08;"Bourgogne-Franche-Comté";"Energie produite";0,32326651253
2024-09;"Bourgogne-Franche-Comté";"Energie produite";0,432042750184
2024-10;"Bourgogne-Franche-Comté";"Energie produite";0,421424263664
2024-11;"Bourgogne-Franche-Comté";"Energie produite";0,424764114014
2024-12;"Bourgogne-Franche-Comté";"Energie produite";0,505558389453
2025-01;"Bourgogne-Franche-Comté";"Energie produite";0,596497772039
2025-02;"Bourgogne-Franche-Comté";"Energie produite";0,427504439431
2025-03;"Bourgogne-Franche-Comté";"Energie produite";0,493733772808
2025-04;"Bourgogne-Franche-Comté";"Energie produite";0,394794525437
2025-05;"Bourgogne-Franche-Comté";"Energie produite";0,373059952195
2025-06;"Bourgogne-Franche-Comté";"Energie produite";0,391627069255
2025-07;"Bourgogne-Franche-Comté";"Energie produite";0,398328079828
2025-08;"Bourgogne-Franche-Comté";"Energie produite";0,377246308029
2025-09;"Bourgogne-Franche-Comté";"Energie produite";0,390895416957
2025-10;"Bourgogne-Franche-Comté";"Energie produite";0,526997416043
2025-11;"Bourgogne-Franche-Comté";"Energie produite";0,496264675405
2014-01;"Normandie";"Autre";-4,2435499558735E-19
2014-02;"Normandie";"Autre";2,0854637461376E-18
2014-03;"Normandie";"Autre";3,5199707731914E-19
2014-04;"Normandie";"Autre";3,6063513286777E-19
2014-05;"Normandie";"Autre";-1,0725821272817E-18
2014-06;"Normandie";"Autre";-7,6077165400701E-20
2014-07;"Normandie";"Autre";-8,3617227725208E-19
2014-08;"Normandie";"Autre";-5,5124134423767E-19
2014-09;"Normandie";"Autre";-3,1834777869388E-20
2014-10;"Normandie";"Autre";-3,6313660412013E-19
2014-11;"Normandie";"Autre";5,159067617555E-20
2014-12;"Normandie";"Autre";-6,1833871356498E-19
2015-01;"Normandie";"Autre";3,0780933357733E-20
2015-02;"Normandie";"Autre";-1,2016776462786E-19
2015-03;"Normandie";"Autre";-5,6745927401458E-19
2015-04;"Normandie";"Autre";-3,8085506970376E-19
2015-05;"Normandie";"Autre";-6,8634854744065E-19
2015-06;"Normandie";"Autre";-2,4998406122911E-19
2015-07;"Normandie";"Autre";9,5368157815301E-20
2015-08;"Normandie";"Autre";1,1669831767591E-19
2015-09;"Normandie";"Autre";1,7269779356566E-19
2015-10;"Normandie";"Autre";1,2823075934421E-20
2015-11;"Normandie";"Autre";1,5762027100186E-18
2015-12;"Normandie";"Autre";-4,6566743516774E-19
2016-01;"Normandie";"Autre";-1,8529969225689E-19
2016-02;"Normandie";"Autre";2,0512896936609E-18
2016-03;"Normandie";"Autre";-3,5095745753999E-18
2016-04;"Normandie";"Autre";-6,0358055359311E-19
2016-05;"Normandie";"Autre";1,7323573131556E-18
2016-06;"Normandie";"Autre";9,5947555456277E-20
2016-07;"Normandie";"Autre";3,1579600046072E-19
2016-08;"Normandie";"Autre";7,6241790658571E-19
2016-09;"Normandie";"Autre";-8,5480234002233E-19
2016-10;"Normandie";"Autre";-7,2544401041874E-20
2016-11;"Normandie";"Autre";-1,6778245459648E-18
2016-12;"Normandie";"Autre";-5,7382050500099E-19
2017-01;"Normandie";"Autre";-1,7552626019324E-19
2017-02;"Normandie";"Autre";-7,4767969593381E-19
2017-03;"Normandie";"Autre";4,1051190224906E-18
2017-04;"Normandie";"Autre";-8,8234974882084E-20
2017-05;"Normandie";"Autre";3,1998015348478E-19
2017-06;"Normandie";"Autre";1,5375895001668E-18
2017-07;"Normandie";"Autre";1,2930490012053E-18
2017-08;"Normandie";"Autre";-8,7133598947187E-19
2017-09;"Normandie";"Autre";-9,0853713441419E-19
2017-10;"Normandie";"Autre";4,815349508025E-19
2017-11;"Normandie";"Autre";-1,690876605398E-18
2017-12;"Normandie";"Autre";2,941835143544E-18
2018-01;"Normandie";"Autre";0,00014449099999999
2018-02;"Normandie";"Autre";0,000130508
2018-03;"Normandie";"Autre";0,000144483
2018-04;"Normandie";"Autre";0,00013983
2018-05;"Normandie";"Autre";0,000144491
2018-06;"Normandie";"Autre";0,00013983
2018-07;"Normandie";"Autre";0,000144491
2018-08;"Normandie";"Autre";0,000144491
2018-09;"Normandie";"Autre";0,00013983
2018-10;"Normandie";"Autre";0,000144499
2018-11;"Normandie";"Autre";0,00013983
2018-12;"Normandie";"Autre";0,000144491
2019-01;"Normandie";"Autre";0,000187891
2019-02;"Normandie";"Autre";0,000169708
2019-03;"Normandie";"Autre";0,00018788599999999
2019-04;"Normandie";"Autre";0,00018183
2019-05;"Normandie";"Autre";0,000187891
2019-06;"Normandie";"Autre";0,00018183
2019-07;"Normandie";"Autre";0,000216473
2019-08;"Normandie";"Autre";0,000187891
2019-09;"Normandie";"Autre";0,00018183
2019-10;"Normandie";"Autre";0,000187895
2019-11;"Normandie";"Autre";0,00018183
2019-12;"Normandie";"Autre";0,00020342200000001
2020-01;"Normandie";"Autre";0,000316355
2020-02;"Normandie";"Autre";0,000169708
2020-03;"Normandie";"Autre";0,000187886
2020-04;"Normandie";"Autre";0,00018183
2020-05;"Normandie";"Autre";0,000187891
2020-06;"Normandie";"Autre";0,00018183
2020-07;"Normandie";"Autre";0,000187891
2020-08;"Normandie";"Autre";0,000319672
2020-09;"Normandie";"Autre";0,00020304
2020-10;"Normandie";"Autre";0,00018789499999999
2020-11;"Normandie";"Autre";0,00018183
2020-12;"Normandie";"Autre";0,000187891
2021-01;"Normandie";"Autre";0,000187891
2021-02;"Normandie";"Autre";0,000169708
2021-03;"Normandie";"Autre";0,000187886
2021-04;"Normandie";"Autre";0,00018183
2021-05;"Normandie";"Autre";0,000187891
2021-06;"Normandie";"Autre";0,00018183
2021-07;"Normandie";"Autre";0,000187891
2021-08;"Normandie";"Autre";0,000187891
2021-09;"Normandie";"Autre";0,00018183
2021-10;"Normandie";"Autre";0,000187895
2021-11;"Normandie";"Autre";0,00018183
2021-12;"Normandie";"Autre";0,000187891
2022-01;"Normandie";"Autre";0,000187891
2022-02;"Normandie";"Autre";0,00016971103
2022-03;"Normandie";"Autre";0,000188184293
2022-04;"Normandie";"Autre";0,000182654372
2022-05;"Normandie";"Autre";0,00018815
2022-06;"Normandie";"Autre";0,000182205997
2022-07;"Normandie";"Autre";0,000188323999
2022-08;"Normandie";"Autre";0,000188475999
2022-09;"Normandie";"Autre";0,000182371999
2022-10;"Normandie";"Autre";0,000182179004
2022-11;"Normandie";"Autre";0,000182034
2022-12;"Normandie";"Autre";0,000181930109
2023-01;"Normandie";"Autre";0,000181851005
2023-02;"Normandie";"Autre";0,000181865012
2023-03;"Normandie";"Autre";0,000181955005
2023-04;"Normandie";"Autre";0,000181941001
2023-05;"Normandie";"Autre";0,000182059005
2023-06;"Normandie";"Autre";0,000182308
2023-07;"Normandie";"Autre";0,000182398116
2023-08;"Normandie";"Autre";0,000182278594
2023-09;"Normandie";"Autre";0,000182347999
2023-10;"Normandie";"Autre";0,000182347004
2023-11;"Normandie";"Autre";0,000182175004
2023-12;"Normandie";"Autre";0,000181926005
2024-01;"Normandie";"Autre";0,000181885006
2024-02;"Normandie";"Autre";0,000181954
2024-03;"Normandie";"Autre";0,000181930001
2024-04;"Normandie";"Autre";0,000182159001
2024-05;"Normandie";"Autre";0,000182210007
2024-06;"Normandie";"Autre";0,000182270294
2024-07;"Normandie";"Autre";0,000182760771
2024-08;"Normandie";"Autre";0,000182822079
2024-09;"Normandie";"Autre";0,000186808569
2024-10;"Normandie";"Autre";0,000185569476
2024-11;"Normandie";"Autre";0,000183509017
2024-12;"Normandie";"Autre";0,000183349028
2025-01;"Normandie";"Autre";0,00018332601
2025-02;"Normandie";"Autre";0,000183371032
2025-03;"Normandie";"Autre";0,000183479016
2025-04;"Normandie";"Autre";0,000183763009
2025-05;"Normandie";"Autre";0,000184463345
2025-06;"Normandie";"Autre";0,00018550069
2025-07;"Normandie";"Autre";0,000185036479
2025-08;"Normandie";"Autre";0,00018529601
2025-09;"Normandie";"Autre";0,000185440991
2025-10;"Normandie";"Autre";0,000184760039
2025-11;"Normandie";"Autre";0,000184533
2014-01;"Normandie";"Solaire";0,002868394
2014-02;"Normandie";"Solaire";0,005522362
2014-03;"Normandie";"Solaire";0,01017179
2014-04;"Normandie";"Solaire";0,011269553
2014-05;"Normandie";"Solaire";0,013106888
2014-06;"Normandie";"Solaire";0,015497558
2014-07;"Normandie";"Solaire";0,014749588
2014-08;"Normandie";"Solaire";0,012933017
2014-09;"Normandie";"Solaire";0,012371898
2014-10;"Normandie";"Solaire";0,007327414
2014-11;"Normandie";"Solaire";0,004009807
2014-12;"Normandie";"Solaire";0,002637927
2015-01;"Normandie";"Solaire";0,003428746
2015-02;"Normandie";"Solaire";0,005538952
2015-03;"Normandie";"Solaire";0,00923619
2015-04;"Normandie";"Solaire";0,014202023
2015-05;"Normandie";"Solaire";0,014176826
2015-06;"Normandie";"Solaire";0,01789975
2015-07;"Normandie";"Solaire";0,014886046
2015-08;"Normandie";"Solaire";0,01387972
2015-09;"Normandie";"Solaire";0,012601046
2015-10;"Normandie";"Solaire";0,00783408
2015-11;"Normandie";"Solaire";0,004502049
2015-12;"Normandie";"Solaire";0,003397746
2016-01;"Normandie";"Solaire";0,003419199
2016-02;"Normandie";"Solaire";0,006034481
2016-03;"Normandie";"Solaire";0,009896457
2016-04;"Normandie";"Solaire";0,013005518
2016-05;"Normandie";"Solaire";0,015029159
2016-06;"Normandie";"Solaire";0,012585397
2016-07;"Normandie";"Solaire";0,016803446
2016-08;"Normandie";"Solaire";0,016155571
2016-09;"Normandie";"Solaire";0,010928411
2016-10;"Normandie";"Solaire";0,012264776
2016-11;"Normandie";"Solaire";0,0048842
2016-12;"Normandie";"Solaire";0,004493477
2017-01;"Normandie";"Solaire";0,004603022
2017-02;"Normandie";"Solaire";0,004966997
2017-03;"Normandie";"Solaire";0,009067337
2017-04;"Normandie";"Solaire";0,01587103
2017-05;"Normandie";"Solaire";0,016510147
2017-06;"Normandie";"Solaire";0,018747543
2017-07;"Normandie";"Solaire";0,016278611
2017-08;"Normandie";"Solaire";0,015102187
2017-09;"Normandie";"Solaire";0,011280784
2017-10;"Normandie";"Solaire";0,008578518
2017-11;"Normandie";"Solaire";0,004998467
2017-12;"Normandie";"Solaire";0,002846294
2018-01;"Normandie";"Solaire";0,002126208
2018-02;"Normandie";"Solaire";0,008165332
2018-03;"Normandie";"Solaire";0,008405142
2018-04;"Normandie";"Solaire";0,013683048
2018-05;"Normandie";"Solaire";0,0200271
2018-06;"Normandie";"Solaire";0,01860102
2018-07;"Normandie";"Solaire";0,021055401
2018-08;"Normandie";"Solaire";0,018214264
2018-09;"Normandie";"Solaire";0,016704926
2018-10;"Normandie";"Solaire";0,013081576
2018-11;"Normandie";"Solaire";0,007848439
2018-12;"Normandie";"Solaire";0,002083474
2019-01;"Normandie";"Solaire";0,004594913
2019-02;"Normandie";"Solaire";0,010428984
2019-03;"Normandie";"Solaire";0,013663544
2019-04;"Normandie";"Solaire";0,017605709
2019-05;"Normandie";"Solaire";0,021493044
2019-06;"Normandie";"Solaire";0,022144865
2019-07;"Normandie";"Solaire";0,024859632
2019-08;"Normandie";"Solaire";0,022473911
2019-09;"Normandie";"Solaire";0,017834885
2019-10;"Normandie";"Solaire";0,010932835
2019-11;"Normandie";"Solaire";0,007138372
2019-12;"Normandie";"Solaire";0,006722729
2020-01;"Normandie";"Solaire";0,006299825
2020-02;"Normandie";"Solaire";0,008958815
2020-03;"Normandie";"Solaire";0,01557819
2020-04;"Normandie";"Solaire";0,022170001
2020-05;"Normandie";"Solaire";0,028278594
2020-06;"Normandie";"Solaire";0,02425089
2020-07;"Normandie";"Solaire";0,02754516
2020-08;"Normandie";"Solaire";0,023598683
2020-09;"Normandie";"Solaire";0,019790194
2020-10;"Normandie";"Solaire";0,011701798
2020-11;"Normandie";"Solaire";0,008528572
2020-12;"Normandie";"Solaire";0,005197598
2021-01;"Normandie";"Solaire";0,004985837
2021-02;"Normandie";"Solaire";0,009070548
2021-03;"Normandie";"Solaire";0,018456678
2021-04;"Normandie";"Solaire";0,025797386
2021-05;"Normandie";"Solaire";0,026988096
2021-06;"Normandie";"Solaire";0,025497921
2021-07;"Normandie";"Solaire";0,026164569
2021-08;"Normandie";"Solaire";0,024367896
2021-09;"Normandie";"Solaire";0,02254782
2021-10;"Normandie";"Solaire";0,01684342
2021-11;"Normandie";"Solaire";0,010210972
2021-12;"Normandie";"Solaire";0,005455252
2022-01;"Normandie";"Solaire";0,007584426994
2022-02;"Normandie";"Solaire";0,013143779269
2022-03;"Normandie";"Solaire";0,024011147036
2022-04;"Normandie";"Solaire";0,031354795732
2022-05;"Normandie";"Solaire";0,03726858552
2022-06;"Normandie";"Solaire";0,037318953972
2022-07;"Normandie";"Solaire";0,040978384353
2022-08;"Normandie";"Solaire";0,036642297368
2022-09;"Normandie";"Solaire";0,024889552369
2022-10;"Normandie";"Solaire";0,019145818801
2022-11;"Normandie";"Solaire";0,01120781699
2022-12;"Normandie";"Solaire";0,004879244075
2023-01;"Normandie";"Solaire";0,007467499493
2023-02;"Normandie";"Solaire";0,015945839092
2023-03;"Normandie";"Solaire";0,021754065647
2023-04;"Normandie";"Solaire";0,033156620022
2023-05;"Normandie";"Solaire";0,043378152804
2023-06;"Normandie";"Solaire";0,048370671444
2023-07;"Normandie";"Solaire";0,040754308787
2023-08;"Normandie";"Solaire";0,037651910266
2023-09;"Normandie";"Solaire";0,03320541013
2023-10;"Normandie";"Solaire";0,024638846758
2023-11;"Normandie";"Solaire";0,011969074263
2023-12;"Normandie";"Solaire";0,008370568597
2024-01;"Normandie";"Solaire";0,010880288595
2024-02;"Normandie";"Solaire";0,011958265306
2024-03;"Normandie";"Solaire";0,028686900053
2024-04;"Normandie";"Solaire";0,037160648854
2024-05;"Normandie";"Solaire";0,046418246203
2024-06;"Normandie";"Solaire";0,052666455841
2024-07;"Normandie";"Solaire";0,051012772453
2024-08;"Normandie";"Solaire";0,050734704455
2024-09;"Normandie";"Solaire";0,036748919477
2024-10;"Normandie";"Solaire";0,027250979143
2024-11;"Normandie";"Solaire";0,012170361964
2024-12;"Normandie";"Solaire";0,008024668189
2025-01;"Normandie";"Solaire";0,009635684426
2025-02;"Normandie";"Solaire";0,0184185838
2025-03;"Normandie";"Solaire";0,0399851707
2025-04;"Normandie";"Solaire";0,056812280114
2025-05;"Normandie";"Solaire";0,06154901846
2025-06;"Normandie";"Solaire";0,06645840323
2025-07;"Normandie";"Solaire";0,068722814264
2025-08;"Normandie";"Solaire";0,068467735216
2025-09;"Normandie";"Solaire";0,051413772943
2025-10;"Normandie";"Solaire";0,033868373007
2025-11;"Normandie";"Solaire";0,020208326164
2014-01;"Normandie";"Hydraulique";0,016013399
2014-02;"Normandie";"Hydraulique";0,015164462
2014-03;"Normandie";"Hydraulique";0,01614572
2014-04;"Normandie";"Hydraulique";0,01533058
2014-05;"Normandie";"Hydraulique";0,016877079
2014-06;"Normandie";"Hydraulique";0,01143083
2014-07;"Normandie";"Hydraulique";0,010304986
2014-08;"Normandie";"Hydraulique";0,013921962
2014-09;"Normandie";"Hydraulique";0,010113274
2014-10;"Normandie";"Hydraulique";0,011084344
2014-11;"Normandie";"Hydraulique";0,009502733
2014-12;"Normandie";"Hydraulique";0,009668054
2015-01;"Normandie";"Hydraulique";0,010778881
2015-02;"Normandie";"Hydraulique";0,012519791
2015-03;"Normandie";"Hydraulique";0,014099042
2015-04;"Normandie";"Hydraulique";0,011787821
2015-05;"Normandie";"Hydraulique";0,00974561
2015-06;"Normandie";"Hydraulique";0,010111741
2015-07;"Normandie";"Hydraulique";0,008037968
2015-08;"Normandie";"Hydraulique";0,008287191
2015-09;"Normandie";"Hydraulique";0,008868412
2015-10;"Normandie";"Hydraulique";0,007482287
2015-11;"Normandie";"Hydraulique";0,006318954
2015-12;"Normandie";"Hydraulique";0,008967453
2016-01;"Normandie";"Hydraulique";0,014263808
2016-02;"Normandie";"Hydraulique";0,014068388
2016-03;"Normandie";"Hydraulique";0,014740204
2016-04;"Normandie";"Hydraulique";0,013724728
2016-05;"Normandie";"Hydraulique";0,011560431
2016-06;"Normandie";"Hydraulique";0,003612104
2016-07;"Normandie";"Hydraulique";0,009439893
2016-08;"Normandie";"Hydraulique";0,009640732
2016-09;"Normandie";"Hydraulique";0,009985739
2016-10;"Normandie";"Hydraulique";0,010009283
2016-11;"Normandie";"Hydraulique";0,00942054
2016-12;"Normandie";"Hydraulique";0,010555864
2017-01;"Normandie";"Hydraulique";0,011929885
2017-02;"Normandie";"Hydraulique";0,012830877
2017-03;"Normandie";"Hydraulique";0,013097802
2017-04;"Normandie";"Hydraulique";0,011633284
2017-05;"Normandie";"Hydraulique";0,011260716
2017-06;"Normandie";"Hydraulique";0,007572186
2017-07;"Normandie";"Hydraulique";0,007120617
2017-08;"Normandie";"Hydraulique";0,007139671
2017-09;"Normandie";"Hydraulique";0,009054835
2017-10;"Normandie";"Hydraulique";0,009863953
2017-11;"Normandie";"Hydraulique";0,010569597
2017-12;"Normandie";"Hydraulique";0,013903686
2018-01;"Normandie";"Hydraulique";0,011781323
2018-02;"Normandie";"Hydraulique";0,009909805
2018-03;"Normandie";"Hydraulique";0,011147218
2018-04;"Normandie";"Hydraulique";0,013559199
2018-05;"Normandie";"Hydraulique";0,012534224
2018-06;"Normandie";"Hydraulique";0,011064634
2018-07;"Normandie";"Hydraulique";0,009824147
2018-08;"Normandie";"Hydraulique";0,008848582
2018-09;"Normandie";"Hydraulique";0,008207789
2018-10;"Normandie";"Hydraulique";0,008557319
2018-11;"Normandie";"Hydraulique";0,008858409
2018-12;"Normandie";"Hydraulique";0,013226565
2019-01;"Normandie";"Hydraulique";0,010235536
2019-02;"Normandie";"Hydraulique";0,01139053
2019-03;"Normandie";"Hydraulique";0,011561619
2019-04;"Normandie";"Hydraulique";0,010428025
2019-05;"Normandie";"Hydraulique";0,008978044
2019-06;"Normandie";"Hydraulique";0,007681772
2019-07;"Normandie";"Hydraulique";0,003685198
2019-08;"Normandie";"Hydraulique";0,004543906
2019-09;"Normandie";"Hydraulique";0,00432634
2019-10;"Normandie";"Hydraulique";0,007469031
2019-11;"Normandie";"Hydraulique";0,013255063
2019-12;"Normandie";"Hydraulique";0,011940301
2020-01;"Normandie";"Hydraulique";0,013106026
2020-02;"Normandie";"Hydraulique";0,008686031
2020-03;"Normandie";"Hydraulique";0,004755835
2020-04;"Normandie";"Hydraulique";0,011086053
2020-05;"Normandie";"Hydraulique";0,011022488
2020-06;"Normandie";"Hydraulique";0,008342866
2020-07;"Normandie";"Hydraulique";0,007626263
2020-08;"Normandie";"Hydraulique";0,007000705
2020-09;"Normandie";"Hydraulique";0,005904227
2020-10;"Normandie";"Hydraulique";0,008065453
2020-11;"Normandie";"Hydraulique";0,008523791
2020-12;"Normandie";"Hydraulique";0,010199806
2021-01;"Normandie";"Hydraulique";0,009731299
2021-02;"Normandie";"Hydraulique";0,007003616
2021-03;"Normandie";"Hydraulique";0,010668918
2021-04;"Normandie";"Hydraulique";0,008566145
2021-05;"Normandie";"Hydraulique";0,008560549
2021-06;"Normandie";"Hydraulique";0,009069218
2021-07;"Normandie";"Hydraulique";0,008438566
2021-08;"Normandie";"Hydraulique";0,007611557
2021-09;"Normandie";"Hydraulique";0,006987988
2021-10;"Normandie";"Hydraulique";0,007184499
2021-11;"Normandie";"Hydraulique";0,007295388
2021-12;"Normandie";"Hydraulique";0,011110044
2022-01;"Normandie";"Hydraulique";0,009234625757
2022-02;"Normandie";"Hydraulique";0,010764588623
2022-03;"Normandie";"Hydraulique";0,012609973116
2022-04;"Normandie";"Hydraulique";0,011942000062
2022-05;"Normandie";"Hydraulique";0,009410387609
2022-06;"Normandie";"Hydraulique";0,007164286598
2022-07;"Normandie";"Hydraulique";0,006123414753
2022-08;"Normandie";"Hydraulique";0,005324534871
2022-09;"Normandie";"Hydraulique";0,005364812632
2022-10;"Normandie";"Hydraulique";0,008225432671
2022-11;"Normandie";"Hydraulique";0,009925683513
2022-12;"Normandie";"Hydraulique";0,011361275354
2023-01;"Normandie";"Hydraulique";0,012368018364
2023-02;"Normandie";"Hydraulique";0,011149783915
2023-03;"Normandie";"Hydraulique";0,012817069874
2023-04;"Normandie";"Hydraulique";0,012527236988
2023-05;"Normandie";"Hydraulique";0,011877340321
2023-06;"Normandie";"Hydraulique";0,007053643988
2023-07;"Normandie";"Hydraulique";0,006310922773
2023-08;"Normandie";"Hydraulique";0,008594559739
2023-09;"Normandie";"Hydraulique";0,007144627192
2023-10;"Normandie";"Hydraulique";0,008183022925
2023-11;"Normandie";"Hydraulique";0,010650542217
2023-12;"Normandie";"Hydraulique";0,009004668959
2024-01;"Normandie";"Hydraulique";0,010701298418
2024-02;"Normandie";"Hydraulique";0,010075129898
2024-03;"Normandie";"Hydraulique";0,008395963479
2024-04;"Normandie";"Hydraulique";0,008641839517
2024-05;"Normandie";"Hydraulique";0,011522444278
2024-06;"Normandie";"Hydraulique";0,010974036197
2024-07;"Normandie";"Hydraulique";0,009715722415
2024-08;"Normandie";"Hydraulique";0,010157194479
2024-09;"Normandie";"Hydraulique";0,009493307155
2024-10;"Normandie";"Hydraulique";0,008828900536
2024-11;"Normandie";"Hydraulique";0,010903940022
2024-12;"Normandie";"Hydraulique";0,010238118348
2025-01;"Normandie";"Hydraulique";0,007898767389
2025-02;"Normandie";"Hydraulique";0,01089147664
2025-03;"Normandie";"Hydraulique";0,01154451028
2025-04;"Normandie";"Hydraulique";0,011750720241
2025-05;"Normandie";"Hydraulique";0,01091587581
2025-06;"Normandie";"Hydraulique";0,008190804096
2025-07;"Normandie";"Hydraulique";0,007610187408
2025-08;"Normandie";"Hydraulique";0,00675289784
2025-09;"Normandie";"Hydraulique";0,008381041902
2025-10;"Normandie";"Hydraulique";0,010085412992
2025-11;"Normandie";"Hydraulique";0,009159837402
2014-01;"Normandie";"Eolien";0,156650887
2014-02;"Normandie";"Eolien";0,166272838
2014-03;"Normandie";"Eolien";0,074898095
2014-04;"Normandie";"Eolien";0,053502523
2014-05;"Normandie";"Eolien";0,083136716
2014-06;"Normandie";"Eolien";0,041089424
2014-07;"Normandie";"Eolien";0,047240631
2014-08;"Normandie";"Eolien";0,065176793
2014-09;"Normandie";"Eolien";0,030965258
2014-10;"Normandie";"Eolien";0,09536088
2014-11;"Normandie";"Eolien";0,096675345
2014-12;"Normandie";"Eolien";0,135532027
2015-01;"Normandie";"Eolien";0,150995684
2015-02;"Normandie";"Eolien";0,108136972
2015-03;"Normandie";"Eolien";0,115887254
2015-04;"Normandie";"Eolien";0,072162279
2015-05;"Normandie";"Eolien";0,085240894
2015-06;"Normandie";"Eolien";0,073081008
2015-07;"Normandie";"Eolien";0,075141221
2015-08;"Normandie";"Eolien";0,054767716
2015-09;"Normandie";"Eolien";0,080640357
2015-10;"Normandie";"Eolien";0,072378188
2015-11;"Normandie";"Eolien";0,168567731
2015-12;"Normandie";"Eolien";0,202727608
2016-01;"Normandie";"Eolien";0,186696874
2016-02;"Normandie";"Eolien";0,159978627
2016-03;"Normandie";"Eolien";0,125351219
2016-04;"Normandie";"Eolien";0,089322513
2016-05;"Normandie";"Eolien";0,070242625
2016-06;"Normandie";"Eolien";0,056700883
2016-07;"Normandie";"Eolien";0,054255031
2016-08;"Normandie";"Eolien";0,074457146
2016-09;"Normandie";"Eolien";0,060875568
2016-10;"Normandie";"Eolien";0,070711865
2016-11;"Normandie";"Eolien";0,138760377
2016-12;"Normandie";"Eolien";0,096583724
2017-01;"Normandie";"Eolien";0,095981629
2017-02;"Normandie";"Eolien";0,149431023
2017-03;"Normandie";"Eolien";0,150970742
2017-04;"Normandie";"Eolien";0,054711193
2017-05;"Normandie";"Eolien";0,075330853
2017-06;"Normandie";"Eolien";0,07469756
2017-07;"Normandie";"Eolien";0,085399555
2017-08;"Normandie";"Eolien";0,062658415
2017-09;"Normandie";"Eolien";0,09443392
2017-10;"Normandie";"Eolien";0,124025794
2017-11;"Normandie";"Eolien";0,130534689
2017-12;"Normandie";"Eolien";0,197053665
2018-01;"Normandie";"Eolien";0,227159211
2018-02;"Normandie";"Eolien";0,160016829
2018-03;"Normandie";"Eolien";0,169277668
2018-04;"Normandie";"Eolien";0,115982875
2018-05;"Normandie";"Eolien";0,070522393
2018-06;"Normandie";"Eolien";0,058568146
2018-07;"Normandie";"Eolien";0,049389816
2018-08;"Normandie";"Eolien";0,068929107
2018-09;"Normandie";"Eolien";0,091314382
2018-10;"Normandie";"Eolien";0,123336665
2018-11;"Normandie";"Eolien";0,165796834
2018-12;"Normandie";"Eolien";0,217467269
2019-01;"Normandie";"Eolien";0,145051527
2019-02;"Normandie";"Eolien";0,15172009
2019-03;"Normandie";"Eolien";0,236264223
2019-04;"Normandie";"Eolien";0,111442607
2019-05;"Normandie";"Eolien";0,092565063
2019-06;"Normandie";"Eolien";0,09598807
2019-07;"Normandie";"Eolien";0,082691733
2019-08;"Normandie";"Eolien";0,093313279
2019-09;"Normandie";"Eolien";0,143252107
2019-10;"Normandie";"Eolien";0,189006177
2019-11;"Normandie";"Eolien";0,171434031
2019-12;"Normandie";"Eolien";0,262392903
2020-01;"Normandie";"Eolien";0,21511447
2020-02;"Normandie";"Eolien";0,322869683
2020-03;"Normandie";"Eolien";0,233038711
2020-04;"Normandie";"Eolien";0,101373971
2020-05;"Normandie";"Eolien";0,121726061
2020-06;"Normandie";"Eolien";0,099678721
2020-07;"Normandie";"Eolien";0,111756545
2020-08;"Normandie";"Eolien";0,111317694
2020-09;"Normandie";"Eolien";0,106155269
2020-10;"Normandie";"Eolien";0,21084995
2020-11;"Normandie";"Eolien";0,175911206
2020-12;"Normandie";"Eolien";0,235937877
2021-01;"Normandie";"Eolien";0,188085557
2021-02;"Normandie";"Eolien";0,215605862
2021-03;"Normandie";"Eolien";0,183437474
2021-04;"Normandie";"Eolien";0,125923334
2021-05;"Normandie";"Eolien";0,203024968
2021-06;"Normandie";"Eolien";0,047311509
2021-07;"Normandie";"Eolien";0,093762097
2021-08;"Normandie";"Eolien";0,11083098
2021-09;"Normandie";"Eolien";0,082494924
2021-10;"Normandie";"Eolien";0,176090543
2021-11;"Normandie";"Eolien";0,136165925
2021-12;"Normandie";"Eolien";0,230717599
2022-01;"Normandie";"Eolien";0,152353430125
2022-02;"Normandie";"Eolien";0,280011907386
2022-03;"Normandie";"Eolien";0,16881187628
2022-04;"Normandie";"Eolien";0,154814370402
2022-05;"Normandie";"Eolien";0,084168357516
2022-06;"Normandie";"Eolien";0,083998285308
2022-07;"Normandie";"Eolien";0,070057532732
2022-08;"Normandie";"Eolien";0,08169801517
2022-09;"Normandie";"Eolien";0,104284247962
2022-10;"Normandie";"Eolien";0,173578146214
2022-11;"Normandie";"Eolien";0,277160218898
2022-12;"Normandie";"Eolien";0,209970255593
2023-01;"Normandie";"Eolien";0,284097147397
2023-02;"Normandie";"Eolien";0,140762018098
2023-03;"Normandie";"Eolien";0,291055200584
2023-04;"Normandie";"Eolien";0,164658717726
2023-05;"Normandie";"Eolien";0,147107524855
2023-06;"Normandie";"Eolien";0,095688486825
2023-07;"Normandie";"Eolien";0,159200533779
2023-08;"Normandie";"Eolien";0,130659685884
2023-09;"Normandie";"Eolien";0,137077628849
2023-10;"Normandie";"Eolien";0,257073155758
2023-11;"Normandie";"Eolien";0,379207210397
2023-12;"Normandie";"Eolien";0,4538414867
2024-01;"Normandie";"Eolien";0,346608553836
2024-02;"Normandie";"Eolien";0,404408042522
2024-03;"Normandie";"Eolien";0,306006445027
2024-04;"Normandie";"Eolien";0,323082669191
2024-05;"Normandie";"Eolien";0,176468983007
2024-06;"Normandie";"Eolien";0,167269793699
2024-07;"Normandie";"Eolien";0,193961041218
2024-08;"Normandie";"Eolien";0,194275510528
2024-09;"Normandie";"Eolien";0,305350424448
2024-10;"Normandie";"Eolien";0,247881212124
2024-11;"Normandie";"Eolien";0,314974822974
2024-12;"Normandie";"Eolien";0,452721102918
2025-01;"Normandie";"Eolien";0,358550097625
2025-02;"Normandie";"Eolien";0,288395009097
2025-03;"Normandie";"Eolien";0,256155428648
2025-04;"Normandie";"Eolien";0,258468110619
2025-05;"Normandie";"Eolien";0,279827440743
2025-06;"Normandie";"Eolien";0,185845128295
2025-07;"Normandie";"Eolien";0,203127620402
2025-08;"Normandie";"Eolien";0,218317328243
2025-09;"Normandie";"Eolien";0,337273302737
2025-10;"Normandie";"Eolien";0,414924617347
2025-11;"Normandie";"Eolien";0,480431394002
2014-01;"Normandie";"Thermique fossile";0,395762348854
2014-02;"Normandie";"Thermique fossile";0,402415313771
2014-03;"Normandie";"Thermique fossile";0,39362750368
2014-04;"Normandie";"Thermique fossile";0,174437518997
2014-05;"Normandie";"Thermique fossile";0,179025308659
2014-06;"Normandie";"Thermique fossile";0,169475732639
2014-07;"Normandie";"Thermique fossile";0,160752665156
2014-08;"Normandie";"Thermique fossile";0,163099394285
2014-09;"Normandie";"Thermique fossile";0,166955217725
2014-10;"Normandie";"Thermique fossile";0,184321686155
2014-11;"Normandie";"Thermique fossile";0,267726914653
2014-12;"Normandie";"Thermique fossile";0,282346103067
2015-01;"Normandie";"Thermique fossile";0,281858055591
2015-02;"Normandie";"Thermique fossile";0,254705604846
2015-03;"Normandie";"Thermique fossile";0,225291907362
2015-04;"Normandie";"Thermique fossile";0,337512947489
2015-05;"Normandie";"Thermique fossile";0,187214231214
2015-06;"Normandie";"Thermique fossile";0,175262768193
2015-07;"Normandie";"Thermique fossile";0,172013604934
2015-08;"Normandie";"Thermique fossile";0,192411346026
2015-09;"Normandie";"Thermique fossile";0,264233299839
2015-10;"Normandie";"Thermique fossile";0,309169510329
2015-11;"Normandie";"Thermique fossile";0,489841710891
2015-12;"Normandie";"Thermique fossile";0,498436502288
2016-01;"Normandie";"Thermique fossile";0,524731741249
2016-02;"Normandie";"Thermique fossile";0,408739279424
2016-03;"Normandie";"Thermique fossile";0,598830747867
2016-04;"Normandie";"Thermique fossile";0,444552415368
2016-05;"Normandie";"Thermique fossile";0,312091388061
2016-06;"Normandie";"Thermique fossile";0,282729877837
2016-07;"Normandie";"Thermique fossile";0,223276444538
2016-08;"Normandie";"Thermique fossile";0,255078524374
2016-09;"Normandie";"Thermique fossile";0,456104977959
2016-10;"Normandie";"Thermique fossile";0,351703618645
2016-11;"Normandie";"Thermique fossile";0,546135570827
2016-12;"Normandie";"Thermique fossile";0,6227254593
2017-01;"Normandie";"Thermique fossile";0,642882877891
2017-02;"Normandie";"Thermique fossile";0,446583364465
2017-03;"Normandie";"Thermique fossile";0,495381541297
2017-04;"Normandie";"Thermique fossile";0,391989994848
2017-05;"Normandie";"Thermique fossile";0,221254343996
2017-06;"Normandie";"Thermique fossile";0,275573323151
2017-07;"Normandie";"Thermique fossile";0,430635500635
2017-08;"Normandie";"Thermique fossile";0,286015987155
2017-09;"Normandie";"Thermique fossile";0,41845763017
2017-10;"Normandie";"Thermique fossile";0,459312781
2017-11;"Normandie";"Thermique fossile";0,595621337898
2017-12;"Normandie";"Thermique fossile";0,336379834326
2018-01;"Normandie";"Thermique fossile";0,376702485211
2018-02;"Normandie";"Thermique fossile";0,589227372949
2018-03;"Normandie";"Thermique fossile";0,321753170461
2018-04;"Normandie";"Thermique fossile";0,196475493256
2018-05;"Normandie";"Thermique fossile";0,27780411669
2018-06;"Normandie";"Thermique fossile";0,349115290279
2018-07;"Normandie";"Thermique fossile";0,194296461119
2018-08;"Normandie";"Thermique fossile";0,259699652817
2018-09;"Normandie";"Thermique fossile";0,123301494982
2018-10;"Normandie";"Thermique fossile";0,129912601165
2018-11;"Normandie";"Thermique fossile";0,274000515903
2018-12;"Normandie";"Thermique fossile";0,30509054745
2019-01;"Normandie";"Thermique fossile";0,360035066796
2019-02;"Normandie";"Thermique fossile";0,434084223507
2019-03;"Normandie";"Thermique fossile";0,30942243289
2019-04;"Normandie";"Thermique fossile";0,221744421928
2019-05;"Normandie";"Thermique fossile";0,20556698822
2019-06;"Normandie";"Thermique fossile";0,151413792581
2019-07;"Normandie";"Thermique fossile";0,181326334291
2019-08;"Normandie";"Thermique fossile";0,203312415898
2019-09;"Normandie";"Thermique fossile";0,168004668208
2019-10;"Normandie";"Thermique fossile";0,112679144557
2019-11;"Normandie";"Thermique fossile";0,388020479192
2019-12;"Normandie";"Thermique fossile";0,361472199538
2020-01;"Normandie";"Thermique fossile";0,353584983526
2020-02;"Normandie";"Thermique fossile";0,295484969465
2020-03;"Normandie";"Thermique fossile";0,268925022297
2020-04;"Normandie";"Thermique fossile";0,137048666717
2020-05;"Normandie";"Thermique fossile";0,144379388841
2020-06;"Normandie";"Thermique fossile";0,135486217907
2020-07;"Normandie";"Thermique fossile";0,177480945632
2020-08;"Normandie";"Thermique fossile";0,175714440771
2020-09;"Normandie";"Thermique fossile";0,380873611267
2020-10;"Normandie";"Thermique fossile";0,195985764221
2020-11;"Normandie";"Thermique fossile";0,300666760339
2020-12;"Normandie";"Thermique fossile";0,371402654503
2021-01;"Normandie";"Thermique fossile";0,525882396453
2021-02;"Normandie";"Thermique fossile";0,381946767654
2021-03;"Normandie";"Thermique fossile";0,349197090115
2021-04;"Normandie";"Thermique fossile";0,148267603597
2021-05;"Normandie";"Thermique fossile";0,141671255419
2021-06;"Normandie";"Thermique fossile";0,135406696225
2021-07;"Normandie";"Thermique fossile";0,144234627928
2021-08;"Normandie";"Thermique fossile";0,138775037766
2021-09;"Normandie";"Thermique fossile";0,128615002174
2021-10;"Normandie";"Thermique fossile";0,129287259398
2021-11;"Normandie";"Thermique fossile";0,238018194441
2021-12;"Normandie";"Thermique fossile";0,291345776233
2022-01;"Normandie";"Thermique fossile";0,279762553939
2022-02;"Normandie";"Thermique fossile";0,231354900584
2022-03;"Normandie";"Thermique fossile";0,208820187941
2022-04;"Normandie";"Thermique fossile";0,175630152209
2022-05;"Normandie";"Thermique fossile";0,153097298374
2022-06;"Normandie";"Thermique fossile";0,14674787915
2022-07;"Normandie";"Thermique fossile";0,152720903941
2022-08;"Normandie";"Thermique fossile";0,166869049353
2022-09;"Normandie";"Thermique fossile";0,168039127726
2022-10;"Normandie";"Thermique fossile";0,140745110818
2022-11;"Normandie";"Thermique fossile";0,220568688267
2022-12;"Normandie";"Thermique fossile";0,298054635693
2023-01;"Normandie";"Thermique fossile";0,237655105449
2023-02;"Normandie";"Thermique fossile";0,242672663779
2023-03;"Normandie";"Thermique fossile";0,250682202932
2023-04;"Normandie";"Thermique fossile";0,119127726669
2023-05;"Normandie";"Thermique fossile";0,133852609133
2023-06;"Normandie";"Thermique fossile";0,140694777782
2023-07;"Normandie";"Thermique fossile";0,140078319116
2023-08;"Normandie";"Thermique fossile";0,145140840791
2023-09;"Normandie";"Thermique fossile";0,124348040103
2023-10;"Normandie";"Thermique fossile";0,139382944773
2023-11;"Normandie";"Thermique fossile";0,208795455411
2023-12;"Normandie";"Thermique fossile";0,263649059586
2024-01;"Normandie";"Thermique fossile";0,270270775655
2024-02;"Normandie";"Thermique fossile";0,2260784901
2024-03;"Normandie";"Thermique fossile";0,232187939252
2024-04;"Normandie";"Thermique fossile";0,163709132231
2024-05;"Normandie";"Thermique fossile";0,158180218845
2024-06;"Normandie";"Thermique fossile";0,131773341437
2024-07;"Normandie";"Thermique fossile";0,146933693071
2024-08;"Normandie";"Thermique fossile";0,146578396955
2024-09;"Normandie";"Thermique fossile";0,142105887388
2024-10;"Normandie";"Thermique fossile";0,146269956158
2024-11;"Normandie";"Thermique fossile";0,168836051807
2024-12;"Normandie";"Thermique fossile";0,198931685209
2025-01;"Normandie";"Thermique fossile";0,235574396157
2025-02;"Normandie";"Thermique fossile";0,202139168896
2025-03;"Normandie";"Thermique fossile";0,193302501547
2025-04;"Normandie";"Thermique fossile";0,134406249257
2025-05;"Normandie";"Thermique fossile";0,136965203903
2025-06;"Normandie";"Thermique fossile";0,120188259294
2025-07;"Normandie";"Thermique fossile";0,121370626201
2025-08;"Normandie";"Thermique fossile";0,110221717954
2025-09;"Normandie";"Thermique fossile";0,104133049458
2025-10;"Normandie";"Thermique fossile";0,113766641959
2025-11;"Normandie";"Thermique fossile";0,149711532531
2014-01;"Normandie";"Nucléaire";7,354683766
2014-02;"Normandie";"Nucléaire";5,173488712
2014-03;"Normandie";"Nucléaire";4,6389806
2014-04;"Normandie";"Nucléaire";5,449967305
2014-05;"Normandie";"Nucléaire";6,348344028
2014-06;"Normandie";"Nucléaire";5,97463467
2014-07;"Normandie";"Nucléaire";6,548800641
2014-08;"Normandie";"Nucléaire";6,216856743
2014-09;"Normandie";"Nucléaire";5,421926732
2014-10;"Normandie";"Nucléaire";5,965235842
2014-11;"Normandie";"Nucléaire";5,838821355
2014-12;"Normandie";"Nucléaire";7,159827022
2015-01;"Normandie";"Nucléaire";7,500122715
2015-02;"Normandie";"Nucléaire";6,040866589
2015-03;"Normandie";"Nucléaire";6,5789118
2015-04;"Normandie";"Nucléaire";5,534022764
2015-05;"Normandie";"Nucléaire";4,827348555
2015-06;"Normandie";"Nucléaire";3,949312717
2015-07;"Normandie";"Nucléaire";4,750823221
2015-08;"Normandie";"Nucléaire";4,422277213
2015-09;"Normandie";"Nucléaire";4,634923058
2015-10;"Normandie";"Nucléaire";5,464011663
2015-11;"Normandie";"Nucléaire";5,338837745
2015-12;"Normandie";"Nucléaire";5,737826023
2016-01;"Normandie";"Nucléaire";5,34312511
2016-02;"Normandie";"Nucléaire";5,63924742
2016-03;"Normandie";"Nucléaire";5,602576741
2016-04;"Normandie";"Nucléaire";4,162522233
2016-05;"Normandie";"Nucléaire";4,093285802
2016-06;"Normandie";"Nucléaire";4,877848053
2016-07;"Normandie";"Nucléaire";4,623665531
2016-08;"Normandie";"Nucléaire";4,340491802
2016-09;"Normandie";"Nucléaire";3,450380143
2016-10;"Normandie";"Nucléaire";3,569290504
2016-11;"Normandie";"Nucléaire";5,005196936
2016-12;"Normandie";"Nucléaire";6,575182846
2017-01;"Normandie";"Nucléaire";6,480639555
2017-02;"Normandie";"Nucléaire";4,776607599
2017-03;"Normandie";"Nucléaire";4,447582985
2017-04;"Normandie";"Nucléaire";4,187446236
2017-05;"Normandie";"Nucléaire";3,560531288
2017-06;"Normandie";"Nucléaire";3,240311917
2017-07;"Normandie";"Nucléaire";3,829516043
2017-08;"Normandie";"Nucléaire";3,880491294
2017-09;"Normandie";"Nucléaire";3,61605322
2017-10;"Normandie";"Nucléaire";3,555696322
2017-11;"Normandie";"Nucléaire";4,940303704
2017-12;"Normandie";"Nucléaire";6,497325574
2018-01;"Normandie";"Nucléaire";6,540971016
2018-02;"Normandie";"Nucléaire";5,639257931
2018-03;"Normandie";"Nucléaire";5,09376938
2018-04;"Normandie";"Nucléaire";5,069474855
2018-05;"Normandie";"Nucléaire";3,820363283
2018-06;"Normandie";"Nucléaire";4,190423062
2018-07;"Normandie";"Nucléaire";5,226958196
2018-08;"Normandie";"Nucléaire";5,348318336
2018-09;"Normandie";"Nucléaire";5,538719693
2018-10;"Normandie";"Nucléaire";5,066973461
2018-11;"Normandie";"Nucléaire";4,389107997
2018-12;"Normandie";"Nucléaire";4,475064081
2019-01;"Normandie";"Nucléaire";4,253722253
2019-02;"Normandie";"Nucléaire";4,477783227
2019-03;"Normandie";"Nucléaire";5,369057695
2019-04;"Normandie";"Nucléaire";5,184681247
2019-05;"Normandie";"Nucléaire";5,629632864
2019-06;"Normandie";"Nucléaire";5,158298474
2019-07;"Normandie";"Nucléaire";4,471226163
2019-08;"Normandie";"Nucléaire";3,605597483
2019-09;"Normandie";"Nucléaire";3,120806758
2019-10;"Normandie";"Nucléaire";2,337048531
2019-11;"Normandie";"Nucléaire";2,638242666
2019-12;"Normandie";"Nucléaire";3,013136908
2020-01;"Normandie";"Nucléaire";4,276701105
2020-02;"Normandie";"Nucléaire";4,074403201
2020-03;"Normandie";"Nucléaire";3,984728737
2020-04;"Normandie";"Nucléaire";3,465129218
2020-05;"Normandie";"Nucléaire";3,064760731
2020-06;"Normandie";"Nucléaire";2,999005734
2020-07;"Normandie";"Nucléaire";2,609864669
2020-08;"Normandie";"Nucléaire";2,711028446
2020-09;"Normandie";"Nucléaire";2,610253456
2020-10;"Normandie";"Nucléaire";3,342127161
2020-11;"Normandie";"Nucléaire";4,316200228
2020-12;"Normandie";"Nucléaire";4,578745322
2021-01;"Normandie";"Nucléaire";5,167861202
2021-02;"Normandie";"Nucléaire";5,124394475
2021-03;"Normandie";"Nucléaire";5,841696982
2021-04;"Normandie";"Nucléaire";4,260606051
2021-05;"Normandie";"Nucléaire";5,240658574
2021-06;"Normandie";"Nucléaire";6,215124398
2021-07;"Normandie";"Nucléaire";5,398671523
2021-08;"Normandie";"Nucléaire";5,170184672
2021-09;"Normandie";"Nucléaire";6,373721633
2021-10;"Normandie";"Nucléaire";6,130203173
2021-11;"Normandie";"Nucléaire";4,929312466
2021-12;"Normandie";"Nucléaire";5,259371709
2022-01;"Normandie";"Nucléaire";6,463729868
2022-02;"Normandie";"Nucléaire";5,188543126
2022-03;"Normandie";"Nucléaire";4,907947955
2022-04;"Normandie";"Nucléaire";3,109586473
2022-05;"Normandie";"Nucléaire";2,585480855
2022-06;"Normandie";"Nucléaire";2,625464623162
2022-07;"Normandie";"Nucléaire";2,597114659501
2022-08;"Normandie";"Nucléaire";2,704524482666
2022-09;"Normandie";"Nucléaire";2,480900155666
2022-10;"Normandie";"Nucléaire";2,960767737832
2022-11;"Normandie";"Nucléaire";3,511596266163
2022-12;"Normandie";"Nucléaire";4,294994222164
2023-01;"Normandie";"Nucléaire";4,385354381668
2023-02;"Normandie";"Nucléaire";3,467917856001
2023-03;"Normandie";"Nucléaire";2,629732054502
2023-04;"Normandie";"Nucléaire";2,868695403168
2023-05;"Normandie";"Nucléaire";2,655570561169
2023-06;"Normandie";"Nucléaire";3,594181734334
2023-07;"Normandie";"Nucléaire";4,455858902328
2023-08;"Normandie";"Nucléaire";5,555634712164
2023-09;"Normandie";"Nucléaire";6,005670453498
2023-10;"Normandie";"Nucléaire";6,976172754666
2023-11;"Normandie";"Nucléaire";4,800202353412
2023-12;"Normandie";"Nucléaire";6,876948378083
2024-01;"Normandie";"Nucléaire";7,213790599837
2024-02;"Normandie";"Nucléaire";5,768513281836
2024-03;"Normandie";"Nucléaire";5,694222610919
2024-04;"Normandie";"Nucléaire";5,010463810249
2024-05;"Normandie";"Nucléaire";4,908639469322
2024-06;"Normandie";"Nucléaire";3,639402057751
2024-07;"Normandie";"Nucléaire";4,559800377334
2024-08;"Normandie";"Nucléaire";5,139867412585
2024-09;"Normandie";"Nucléaire";4,615272775334
2024-10;"Normandie";"Nucléaire";5,528699701584
2024-11;"Normandie";"Nucléaire";4,257038445921
2024-12;"Normandie";"Nucléaire";4,189416238914
2025-01;"Normandie";"Nucléaire";4,49214422542
2025-02;"Normandie";"Nucléaire";4,817032671669
2025-03;"Normandie";"Nucléaire";4,757157144001
2025-04;"Normandie";"Nucléaire";4,593080822325
2025-05;"Normandie";"Nucléaire";5,611552333085
2025-06;"Normandie";"Nucléaire";5,493480025006
2025-07;"Normandie";"Nucléaire";6,4816054565
2025-08;"Normandie";"Nucléaire";5,853563889748
2025-09;"Normandie";"Nucléaire";5,648353608001
2025-10;"Normandie";"Nucléaire";7,144742048838
2025-11;"Normandie";"Nucléaire";6,711778624174
2014-01;"Normandie";"Thermique renouvelable et déchets";0,0361895325
2014-02;"Normandie";"Thermique renouvelable et déchets";0,035584409001
2014-03;"Normandie";"Thermique renouvelable et déchets";0,036704686832
2014-04;"Normandie";"Thermique renouvelable et déchets";0,025865675331
2014-05;"Normandie";"Thermique renouvelable et déchets";0,038091346668
2014-06;"Normandie";"Thermique renouvelable et déchets";0,036489872838
2014-07;"Normandie";"Thermique renouvelable et déchets";0,0346393585
2014-08;"Normandie";"Thermique renouvelable et déchets";0,0387857125
2014-09;"Normandie";"Thermique renouvelable et déchets";0,0384092515
2014-10;"Normandie";"Thermique renouvelable et déchets";0,023241616001
2014-11;"Normandie";"Thermique renouvelable et déchets";0,036364168835
2014-12;"Normandie";"Thermique renouvelable et déchets";0,041407754495
2015-01;"Normandie";"Thermique renouvelable et déchets";0,040207012168
2015-02;"Normandie";"Thermique renouvelable et déchets";0,037485136173
2015-03;"Normandie";"Thermique renouvelable et déchets";0,045497620831
2015-04;"Normandie";"Thermique renouvelable et déchets";0,031787905002
2015-05;"Normandie";"Thermique renouvelable et déchets";0,040931436167
2015-06;"Normandie";"Thermique renouvelable et déchets";0,029348592832
2015-07;"Normandie";"Thermique renouvelable et déchets";0,03487961834
2015-08;"Normandie";"Thermique renouvelable et déchets";0,034575627171
2015-09;"Normandie";"Thermique renouvelable et déchets";0,032693313668
2015-10;"Normandie";"Thermique renouvelable et déchets";0,033093060833
2015-11;"Normandie";"Thermique renouvelable et déchets";0,037719620165
2015-12;"Normandie";"Thermique renouvelable et déchets";0,035600822339
2016-01;"Normandie";"Thermique renouvelable et déchets";0,036423785188
2016-02;"Normandie";"Thermique renouvelable et déchets";0,034744727894
2016-03;"Normandie";"Thermique renouvelable et déchets";0,039354574169
2016-04;"Normandie";"Thermique renouvelable et déchets";0,036345998658
2016-05;"Normandie";"Thermique renouvelable et déchets";0,03073989266
2016-06;"Normandie";"Thermique renouvelable et déchets";0,027961513439
2016-07;"Normandie";"Thermique renouvelable et déchets";0,037367867321
2016-08;"Normandie";"Thermique renouvelable et déchets";0,03997628703
2016-09;"Normandie";"Thermique renouvelable et déchets";0,036942842363
2016-10;"Normandie";"Thermique renouvelable et déchets";0,040360074568
2016-11;"Normandie";"Thermique renouvelable et déchets";0,037615231466
2016-12;"Normandie";"Thermique renouvelable et déchets";0,041745217035
2017-01;"Normandie";"Thermique renouvelable et déchets";0,037705609829
2017-02;"Normandie";"Thermique renouvelable et déchets";0,03313182884
2017-03;"Normandie";"Thermique renouvelable et déchets";0,038634274763
2017-04;"Normandie";"Thermique renouvelable et déchets";0,036401416536
2017-05;"Normandie";"Thermique renouvelable et déchets";0,037598160951
2017-06;"Normandie";"Thermique renouvelable et déchets";0,031798225013
2017-07;"Normandie";"Thermique renouvelable et déchets";0,03654961026
2017-08;"Normandie";"Thermique renouvelable et déchets";0,040136387537
2017-09;"Normandie";"Thermique renouvelable et déchets";0,036210262825
2017-10;"Normandie";"Thermique renouvelable et déchets";0,040585533863
2017-11;"Normandie";"Thermique renouvelable et déchets";0,042836310742
2017-12;"Normandie";"Thermique renouvelable et déchets";0,041020942777
2018-01;"Normandie";"Thermique renouvelable et déchets";0,037447872799
2018-02;"Normandie";"Thermique renouvelable et déchets";0,033372205437
2018-03;"Normandie";"Thermique renouvelable et déchets";0,039530778798
2018-04;"Normandie";"Thermique renouvelable et déchets";0,035457118702
2018-05;"Normandie";"Thermique renouvelable et déchets";0,040774141524
2018-06;"Normandie";"Thermique renouvelable et déchets";0,03406318033
2018-07;"Normandie";"Thermique renouvelable et déchets";0,037008217415
2018-08;"Normandie";"Thermique renouvelable et déchets";0,038524203171
2018-09;"Normandie";"Thermique renouvelable et déchets";0,035728567992
2018-10;"Normandie";"Thermique renouvelable et déchets";0,038207698701
2018-11;"Normandie";"Thermique renouvelable et déchets";0,040755532315
2018-12;"Normandie";"Thermique renouvelable et déchets";0,037589182275
2019-01;"Normandie";"Thermique renouvelable et déchets";0,041938393199
2019-02;"Normandie";"Thermique renouvelable et déchets";0,030586302993
2019-03;"Normandie";"Thermique renouvelable et déchets";0,0395500717
2019-04;"Normandie";"Thermique renouvelable et déchets";0,03165544355
2019-05;"Normandie";"Thermique renouvelable et déchets";0,038542796715
2019-06;"Normandie";"Thermique renouvelable et déchets";0,038315777088
2019-07;"Normandie";"Thermique renouvelable et déchets";0,026847421575
2019-08;"Normandie";"Thermique renouvelable et déchets";0,041391759449
2019-09;"Normandie";"Thermique renouvelable et déchets";0,037281912964
2019-10;"Normandie";"Thermique renouvelable et déchets";0,041992480707
2019-11;"Normandie";"Thermique renouvelable et déchets";0,043656069382
2019-12;"Normandie";"Thermique renouvelable et déchets";0,045439902149
2020-01;"Normandie";"Thermique renouvelable et déchets";0,044514140528
2020-02;"Normandie";"Thermique renouvelable et déchets";0,042530729769
2020-03;"Normandie";"Thermique renouvelable et déchets";0,041832473493
2020-04;"Normandie";"Thermique renouvelable et déchets";0,040282414487
2020-05;"Normandie";"Thermique renouvelable et déchets";0,040112641794
2020-06;"Normandie";"Thermique renouvelable et déchets";0,042310226074
2020-07;"Normandie";"Thermique renouvelable et déchets";0,04445127383
2020-08;"Normandie";"Thermique renouvelable et déchets";0,042136307565
2020-09;"Normandie";"Thermique renouvelable et déchets";0,04004544494
2020-10;"Normandie";"Thermique renouvelable et déchets";0,045085990341
2020-11;"Normandie";"Thermique renouvelable et déchets";0,045702819339
2020-12;"Normandie";"Thermique renouvelable et déchets";0,042816713813
2021-01;"Normandie";"Thermique renouvelable et déchets";0,054309666647
2021-02;"Normandie";"Thermique renouvelable et déchets";0,058570072791
2021-03;"Normandie";"Thermique renouvelable et déchets";0,064915546901
2021-04;"Normandie";"Thermique renouvelable et déchets";0,057602196324
2021-05;"Normandie";"Thermique renouvelable et déchets";0,066885471659
2021-06;"Normandie";"Thermique renouvelable et déchets";0,064596368646
2021-07;"Normandie";"Thermique renouvelable et déchets";0,063173373268
2021-08;"Normandie";"Thermique renouvelable et déchets";0,054334820987
2021-09;"Normandie";"Thermique renouvelable et déchets";0,049484046664
2021-10;"Normandie";"Thermique renouvelable et déchets";0,065144115015
2021-11;"Normandie";"Thermique renouvelable et déchets";0,063009101597
2021-12;"Normandie";"Thermique renouvelable et déchets";0,06207998451
2022-01;"Normandie";"Thermique renouvelable et déchets";0,064409652464
2022-02;"Normandie";"Thermique renouvelable et déchets";0,057615312081
2022-03;"Normandie";"Thermique renouvelable et déchets";0,067149535761
2022-04;"Normandie";"Thermique renouvelable et déchets";0,061252939204
2022-05;"Normandie";"Thermique renouvelable et déchets";0,068893159134
2022-06;"Normandie";"Thermique renouvelable et déchets";0,060536336329
2022-07;"Normandie";"Thermique renouvelable et déchets";0,060571985202
2022-08;"Normandie";"Thermique renouvelable et déchets";0,066422042389
2022-09;"Normandie";"Thermique renouvelable et déchets";0,053663680677
2022-10;"Normandie";"Thermique renouvelable et déchets";0,056345280601
2022-11;"Normandie";"Thermique renouvelable et déchets";0,060229156602
2022-12;"Normandie";"Thermique renouvelable et déchets";0,062583668354
2023-01;"Normandie";"Thermique renouvelable et déchets";0,060911781878
2023-02;"Normandie";"Thermique renouvelable et déchets";0,060118886458
2023-03;"Normandie";"Thermique renouvelable et déchets";0,059547848939
2023-04;"Normandie";"Thermique renouvelable et déchets";0,065506404984
2023-05;"Normandie";"Thermique renouvelable et déchets";0,065799261281
2023-06;"Normandie";"Thermique renouvelable et déchets";0,063275250153
2023-07;"Normandie";"Thermique renouvelable et déchets";0,06399676514
2023-08;"Normandie";"Thermique renouvelable et déchets";0,058534483623
2023-09;"Normandie";"Thermique renouvelable et déchets";0,058829499706
2023-10;"Normandie";"Thermique renouvelable et déchets";0,060899068631
2023-11;"Normandie";"Thermique renouvelable et déchets";0,058503359795
2023-12;"Normandie";"Thermique renouvelable et déchets";0,060984867349
2024-01;"Normandie";"Thermique renouvelable et déchets";0,056002875686
2024-02;"Normandie";"Thermique renouvelable et déchets";0,059681547163
2024-03;"Normandie";"Thermique renouvelable et déchets";0,063214290822
2024-04;"Normandie";"Thermique renouvelable et déchets";0,057124732482
2024-05;"Normandie";"Thermique renouvelable et déchets";0,065167416559
2024-06;"Normandie";"Thermique renouvelable et déchets";0,059483163175
2024-07;"Normandie";"Thermique renouvelable et déchets";0,067451712741
2024-08;"Normandie";"Thermique renouvelable et déchets";0,067922019243
2024-09;"Normandie";"Thermique renouvelable et déchets";0,061718850501
2024-10;"Normandie";"Thermique renouvelable et déchets";0,056470555585
2024-11;"Normandie";"Thermique renouvelable et déchets";0,057655312585
2024-12;"Normandie";"Thermique renouvelable et déchets";0,063342860125
2025-01;"Normandie";"Thermique renouvelable et déchets";0,059392680671
2025-02;"Normandie";"Thermique renouvelable et déchets";0,054246722314
2025-03;"Normandie";"Thermique renouvelable et déchets";0,065945229356
2025-04;"Normandie";"Thermique renouvelable et déchets";0,06198161462
2025-05;"Normandie";"Thermique renouvelable et déchets";0,068147987369
2025-06;"Normandie";"Thermique renouvelable et déchets";0,043131431785
2025-07;"Normandie";"Thermique renouvelable et déchets";0,057850415781
2025-08;"Normandie";"Thermique renouvelable et déchets";0,063603512353
2025-09;"Normandie";"Thermique renouvelable et déchets";0,067793947239
2025-10;"Normandie";"Thermique renouvelable et déchets";0,077260608399
2025-11;"Normandie";"Thermique renouvelable et déchets";0,071902596089
2014-01;"Normandie";"Energie produite";7,962168327354
2014-02;"Normandie";"Energie produite";5,798448096772
2014-03;"Normandie";"Energie produite";5,170528395512
2014-04;"Normandie";"Energie produite";5,730373155328
2014-05;"Normandie";"Energie produite";6,678581366327
2014-06;"Normandie";"Energie produite";6,248618087477
2014-07;"Normandie";"Energie produite";6,816487869656
2014-08;"Normandie";"Energie produite";6,510773621785
2014-09;"Normandie";"Energie produite";5,680741631225
2014-10;"Normandie";"Energie produite";6,286571782156
2014-11;"Normandie";"Energie produite";6,253100323488
2014-12;"Normandie";"Energie produite";7,631418887562
2015-01;"Normandie";"Energie produite";7,987391093759
2015-02;"Normandie";"Energie produite";6,459253045019
2015-03;"Normandie";"Energie produite";6,988923814193
2015-04;"Normandie";"Energie produite";6,001475739491
2015-05;"Normandie";"Energie produite";5,164657552381
2015-06;"Normandie";"Energie produite";4,255016577025
2015-07;"Normandie";"Energie produite";5,055781679274
2015-08;"Normandie";"Energie produite";4,726198813197
2015-09;"Normandie";"Energie produite";5,033959486507
2015-10;"Normandie";"Energie produite";5,893968789162
2015-11;"Normandie";"Energie produite";6,045787810056
2015-12;"Normandie";"Energie produite";6,486956154627
2016-01;"Normandie";"Energie produite";6,108660517437
2016-02;"Normandie";"Energie produite";6,262812923318
2016-03;"Normandie";"Energie produite";6,390749943036
2016-04;"Normandie";"Energie produite";4,759473406026
2016-05;"Normandie";"Energie produite";4,532949297721
2016-06;"Normandie";"Energie produite";5,261437828276
2016-07;"Normandie";"Energie produite";4,964808212859
2016-08;"Normandie";"Energie produite";4,735800062404
2016-09;"Normandie";"Energie produite";4,025217681322
2016-10;"Normandie";"Energie produite";4,054340121213
2016-11;"Normandie";"Energie produite";5,742012855293
2016-12;"Normandie";"Energie produite";7,351286587335
2017-01;"Normandie";"Energie produite";7,27374257872
2017-02;"Normandie";"Energie produite";5,423551689305
2017-03;"Normandie";"Energie produite";5,15473468206
2017-04;"Normandie";"Energie produite";4,698053154384
2017-05;"Normandie";"Energie produite";3,922485508947
2017-06;"Normandie";"Energie produite";3,648700754164
2017-07;"Normandie";"Energie produite";4,405499936895
2017-08;"Normandie";"Energie produite";4,291543941692
2017-09;"Normandie";"Energie produite";4,185490651995
2017-10;"Normandie";"Energie produite";4,198062901863
2017-11;"Normandie";"Energie produite";5,72486410564
2017-12;"Normandie";"Energie produite";7,088529996103
2018-01;"Normandie";"Energie produite";7,19633260701
2018-02;"Normandie";"Energie produite";6,440079983386
2018-03;"Normandie";"Energie produite";5,644027840259
2018-04;"Normandie";"Energie produite";5,444772418958
2018-05;"Normandie";"Energie produite";4,242169749214
2018-06;"Normandie";"Energie produite";4,661975162609
2018-07;"Normandie";"Energie produite";5,538676729534
2018-08;"Normandie";"Energie produite";5,742678635988
2018-09;"Normandie";"Energie produite";5,814116682974
2018-10;"Normandie";"Energie produite";5,380213819866
2018-11;"Normandie";"Energie produite";4,886507557218
2018-12;"Normandie";"Energie produite";5,050665609725
2019-01;"Normandie";"Energie produite";4,815765579995
2019-02;"Normandie";"Energie produite";5,1161630655
2019-03;"Normandie";"Energie produite";5,97970747159
2019-04;"Normandie";"Energie produite";5,577739283478
2019-05;"Normandie";"Energie produite";5,996966690935
2019-06;"Normandie";"Energie produite";5,474024580669
2019-07;"Normandie";"Energie produite";4,790852954866
2019-08;"Normandie";"Energie produite";3,970820645347
2019-09;"Normandie";"Energie produite";3,491688501172
2019-10;"Normandie";"Energie produite";2,699316094264
2019-11;"Normandie";"Energie produite";3,261928510574
2019-12;"Normandie";"Energie produite";3,701308364687
2020-01;"Normandie";"Energie produite";4,909636905054
2020-02;"Normandie";"Energie produite";4,753103137234
2020-03;"Normandie";"Energie produite";4,54904685479
2020-04;"Normandie";"Energie produite";3,777272154204
2020-05;"Normandie";"Energie produite";3,410467795635
2020-06;"Normandie";"Energie produite";3,309256484981
2020-07;"Normandie";"Energie produite";2,978912747462
2020-08;"Normandie";"Energie produite";3,071115948336
2020-09;"Normandie";"Energie produite";3,163225242207
2020-10;"Normandie";"Energie produite";3,814004011562
2020-11;"Normandie";"Energie produite";4,855715206678
2020-12;"Normandie";"Energie produite";5,244487862316
2021-01;"Normandie";"Energie produite";5,9510438491
2021-02;"Normandie";"Energie produite";5,796761049445
2021-03;"Normandie";"Energie produite";6,468560575016
2021-04;"Normandie";"Energie produite";4,626944545921
2021-05;"Normandie";"Energie produite";5,687976805078
2021-06;"Normandie";"Energie produite";6,497187940871
2021-07;"Normandie";"Energie produite";5,734632647196
2021-08;"Normandie";"Energie produite";5,506292854753
2021-09;"Normandie";"Energie produite";6,664033243838
2021-10;"Normandie";"Energie produite";6,524940904413
2021-11;"Normandie";"Energie produite";5,384193877038
2021-12;"Normandie";"Energie produite";5,860268255743
2022-01;"Normandie";"Energie produite";6,977262448279
2022-02;"Normandie";"Energie produite";5,781603324973
2022-03;"Normandie";"Energie produite";5,389538859427
2022-04;"Normandie";"Energie produite";3,544763384981
2022-05;"Normandie";"Energie produite";2,938506793153
2022-06;"Normandie";"Energie produite";2,961412570516
2022-07;"Normandie";"Energie produite";2,927755204481
2022-08;"Normandie";"Energie produite";3,061668897816
2022-09;"Normandie";"Energie produite";2,837323949031
2022-10;"Normandie";"Energie produite";3,358989705941
2022-11;"Normandie";"Energie produite";4,090869864433
2022-12;"Normandie";"Energie produite";4,882025231342
2023-01;"Normandie";"Energie produite";4,988035785254
2023-02;"Normandie";"Energie produite";3,938748912355
2023-03;"Normandie";"Energie produite";3,265770397483
2023-04;"Normandie";"Energie produite";3,263854050558
2023-05;"Normandie";"Energie produite";3,057767508568
2023-06;"Normandie";"Energie produite";3,949446872526
2023-07;"Normandie";"Energie produite";4,866382150039
2023-08;"Normandie";"Energie produite";5,936398471061
2023-09;"Normandie";"Energie produite";6,366458007477
2023-10;"Normandie";"Energie produite";7,466532140515
2023-11;"Normandie";"Energie produite";5,469510170499
2023-12;"Normandie";"Energie produite";7,672980955279
2024-01;"Normandie";"Energie produite";7,908436277033
2024-02;"Normandie";"Energie produite";6,480896710825
2024-03;"Normandie";"Energie produite";6,332896079553
2024-04;"Normandie";"Energie produite";5,600364991525
2024-05;"Normandie";"Energie produite";5,366578988221
2024-06;"Normandie";"Energie produite";4,061751118394
2024-07;"Normandie";"Energie produite";5,029058080003
2024-08;"Normandie";"Energie produite";5,609718060324
2024-09;"Normandie";"Energie produite";5,170876972872
2024-10;"Normandie";"Energie produite";6,015586874606
2024-11;"Normandie";"Energie produite";4,82176244429
2024-12;"Normandie";"Energie produite";4,922858022731
2025-01;"Normandie";"Energie produite";5,163379177698
2025-02;"Normandie";"Energie produite";5,391307003448
2025-03;"Normandie";"Energie produite";5,324273463548
2025-04;"Normandie";"Energie produite";5,116683560185
2025-05;"Normandie";"Energie produite";6,169142322715
2025-06;"Normandie";"Energie produite";5,917479552396
2025-07;"Normandie";"Energie produite";6,940472157035
2025-08;"Normandie";"Energie produite";6,321112377364
2025-09;"Normandie";"Energie produite";6,217534163271
2025-10;"Normandie";"Energie produite";7,794832462581
2025-11;"Normandie";"Energie produite";7,443376843362
2014-01;"Hauts-de-France";"Autre";-8,551076513541E-19
2014-02;"Hauts-de-France";"Autre";1,0569600750188E-18
2014-03;"Hauts-de-France";"Autre";-1,675281441349E-18
2014-04;"Hauts-de-France";"Autre";-9,2363616754909E-19
2014-05;"Hauts-de-France";"Autre";-1,427816198607E-19
2014-06;"Hauts-de-France";"Autre";-5,2616157958374E-19
2014-07;"Hauts-de-France";"Autre";3,4070801735453E-18
2014-08;"Hauts-de-France";"Autre";8,7689924765932E-19
2014-09;"Hauts-de-France";"Autre";-2,1128879895693E-18
2014-10;"Hauts-de-France";"Autre";6,0381213917715E-19
2014-11;"Hauts-de-France";"Autre";-6,3712229936286E-19
2014-12;"Hauts-de-France";"Autre";-1,3101519868996E-17
2015-01;"Hauts-de-France";"Autre";-9,2431201581533E-18
2015-02;"Hauts-de-France";"Autre";1,6614348785637E-18
2015-03;"Hauts-de-France";"Autre";-8,1108782884476E-18
2015-04;"Hauts-de-France";"Autre";1,7589540934892E-18
2015-05;"Hauts-de-France";"Autre";7,3887007623341E-18
2015-06;"Hauts-de-France";"Autre";5,6460391917312E-19
2015-07;"Hauts-de-France";"Autre";2,7060567328596E-18
2015-08;"Hauts-de-France";"Autre";-5,8596183460935E-19
2015-09;"Hauts-de-France";"Autre";7,0762814011194E-18
2015-10;"Hauts-de-France";"Autre";-4,7666384728195E-19
2015-11;"Hauts-de-France";"Autre";-6,9506605332448E-18
2015-12;"Hauts-de-France";"Autre";-5,492536980789E-18
2016-01;"Hauts-de-France";"Autre";-6,3840634167978E-18
2016-02;"Hauts-de-France";"Autre";5,989486684399E-18
2016-03;"Hauts-de-France";"Autre";-8,8773433049027E-18
2016-04;"Hauts-de-France";"Autre";5,7767679528808E-19
2016-05;"Hauts-de-France";"Autre";-7,1250991218186E-18
2016-06;"Hauts-de-France";"Autre";2,406984334069E-18
2016-07;"Hauts-de-France";"Autre";1,617511680152E-18
2016-08;"Hauts-de-France";"Autre";1,4345946305894E-18
2016-09;"Hauts-de-France";"Autre";-3,3068200955277E-18
2016-10;"Hauts-de-France";"Autre";-2,7844809791233E-18
2016-11;"Hauts-de-France";"Autre";5,7295834743343E-18
2016-12;"Hauts-de-France";"Autre";-7,3420965487903E-18
2017-01;"Hauts-de-France";"Autre";3,7200000000279E-7
2017-02;"Hauts-de-France";"Autre";3,3599999999344E-7
2017-03;"Hauts-de-France";"Autre";3,7100000001333E-7
2017-04;"Hauts-de-France";"Autre";3,6000000000244E-7
2017-05;"Hauts-de-France";"Autre";3,7199999999818E-7
2017-06;"Hauts-de-France";"Autre";3,5999999998966E-7
2017-07;"Hauts-de-France";"Autre";3,7200000000394E-7
2017-08;"Hauts-de-France";"Autre";3,7199999999474E-7
2017-09;"Hauts-de-France";"Autre";3,6000000000086E-7
2017-10;"Hauts-de-France";"Autre";3,7199999999114E-7
2017-11;"Hauts-de-France";"Autre";3,5999999999804E-7
2017-12;"Hauts-de-France";"Autre";3,7200000000394E-7
2018-01;"Hauts-de-France";"Autre";-6,1593508071667E-18
2018-02;"Hauts-de-France";"Autre";3,7286146392645E-18
2018-03;"Hauts-de-France";"Autre";-8,4304091485521E-19
2018-04;"Hauts-de-France";"Autre";-2,3210010302588E-18
2018-05;"Hauts-de-France";"Autre";-7,5421786871477E-18
2018-06;"Hauts-de-France";"Autre";-5,0765780468254E-18
2018-07;"Hauts-de-France";"Autre";-1,84097008471E-18
2018-08;"Hauts-de-France";"Autre";-6,9125486584776E-18
2018-09;"Hauts-de-France";"Autre";-4,5488612876454E-19
2018-10;"Hauts-de-France";"Autre";6,4570000000117E-6
2018-11;"Hauts-de-France";"Autre";0,002988142
2018-12;"Hauts-de-France";"Autre";0,006481535
2019-01;"Hauts-de-France";"Autre";0,005316284
2019-02;"Hauts-de-France";"Autre";0,005195941
2019-03;"Hauts-de-France";"Autre";0,005460519
2019-04;"Hauts-de-France";"Autre";3,4125000000006E-5
2019-05;"Hauts-de-France";"Autre";2,7534988178424E-18
2019-06;"Hauts-de-France";"Autre";-4,4010489697044E-18
2019-07;"Hauts-de-France";"Autre";7,501539320276E-18
2019-08;"Hauts-de-France";"Autre";7,0381374339679E-18
2019-09;"Hauts-de-France";"Autre";-6,6111612712083E-19
2019-10;"Hauts-de-France";"Autre";0,00010062999999999
2019-11;"Hauts-de-France";"Autre";0,005533425
2019-12;"Hauts-de-France";"Autre";0,006122411
2020-01;"Hauts-de-France";"Autre";0,005788729
2020-02;"Hauts-de-France";"Autre";0,005251504
2020-03;"Hauts-de-France";"Autre";0,006530883
2020-04;"Hauts-de-France";"Autre";8,3764999999993E-5
2020-05;"Hauts-de-France";"Autre";6,9373673472484E-19
2020-06;"Hauts-de-France";"Autre";8,8219570537618E-18
2020-07;"Hauts-de-France";"Autre";2,0131264710788E-17
2020-08;"Hauts-de-France";"Autre";9,6624375167664E-18
2020-09;"Hauts-de-France";"Autre";6,8861583102375E-19
2020-10;"Hauts-de-France";"Autre";8,0216E-5
2020-11;"Hauts-de-France";"Autre";0,005260077
2020-12;"Hauts-de-France";"Autre";0,005542938
2021-01;"Hauts-de-France";"Autre";0,005615869
2021-02;"Hauts-de-France";"Autre";0,005028128
2021-03;"Hauts-de-France";"Autre";0,005556323
2021-04;"Hauts-de-France";"Autre";2,031E-5
2021-05;"Hauts-de-France";"Autre";2,1579630443691E-18
2021-06;"Hauts-de-France";"Autre";2,2768245622196E-18
2021-07;"Hauts-de-France";"Autre";-6,3053867682683E-18
2021-08;"Hauts-de-France";"Autre";-4,66197566662E-18
2021-09;"Hauts-de-France";"Autre";7,4890000000026E-6
2021-10;"Hauts-de-France";"Autre";6,3269999999973E-5
2021-11;"Hauts-de-France";"Autre";0,005440375
2021-12;"Hauts-de-France";"Autre";0,00561215
2022-01;"Hauts-de-France";"Autre";0,005861342499
2022-02;"Hauts-de-France";"Autre";0,004999273501
2022-03;"Hauts-de-France";"Autre";0,005788837831
2022-04;"Hauts-de-France";"Autre";0,00018027766700002
2022-05;"Hauts-de-France";"Autre";8,3500000421754E-10
2022-06;"Hauts-de-France";"Autre";-1,8970935933282E-19
2022-07;"Hauts-de-France";"Autre";8,7707835785822E-18
2022-08;"Hauts-de-France";"Autre";-1,2410558691833E-18
2022-09;"Hauts-de-France";"Autre";3,4816670000016E-6
2022-10;"Hauts-de-France";"Autre";5,3797495999988E-5
2022-11;"Hauts-de-France";"Autre";0,003288605631
2022-12;"Hauts-de-France";"Autre";0,004720144167
2023-01;"Hauts-de-France";"Autre";0,003335037666
2023-02;"Hauts-de-France";"Autre";0,002950025999
2023-03;"Hauts-de-France";"Autre";0,003293828163
2023-04;"Hauts-de-France";"Autre";3,9141332999993E-5
2023-05;"Hauts-de-France";"Autre";1,1185965348437E-17
2023-06;"Hauts-de-France";"Autre";-1,4027945471895E-17
2023-07;"Hauts-de-France";"Autre";8,8785714891237E-18
2023-08;"Hauts-de-France";"Autre";2,0506530501452E-17
2023-09;"Hauts-de-France";"Autre";7,1650000000083E-7
2023-10;"Hauts-de-France";"Autre";7,2708332999995E-5
2023-11;"Hauts-de-France";"Autre";0,004596641669
2023-12;"Hauts-de-France";"Autre";0,00478109783
2024-01;"Hauts-de-France";"Autre";0,004737869586
2024-02;"Hauts-de-France";"Autre";0,004465210501
2024-03;"Hauts-de-France";"Autre";0,003261025083
2024-04;"Hauts-de-France";"Autre";2,6889749999992E-5
2024-05;"Hauts-de-France";"Autre";8,1416999995807E-8
2024-06;"Hauts-de-France";"Autre";-2,8394439577362E-18
2024-07;"Hauts-de-France";"Autre";1,6000784031078E-17
2024-08;"Hauts-de-France";"Autre";-2,7643599215255E-18
2024-09;"Hauts-de-France";"Autre";1,4497964999996E-5
2024-10;"Hauts-de-France";"Autre";4,3274669999984E-5
2024-11;"Hauts-de-France";"Autre";0,003250260987
2024-12;"Hauts-de-France";"Autre";0,004738488
2025-01;"Hauts-de-France";"Autre";0,004269250322
2025-02;"Hauts-de-France";"Autre";0,003837213427
2025-03;"Hauts-de-France";"Autre";0,00324108291
2025-04;"Hauts-de-France";"Autre";9,0456299999946E-6
2025-05;"Hauts-de-France";"Autre";1,4102190000068E-6
2025-06;"Hauts-de-France";"Autre";5,9501999999635E-7
2025-07;"Hauts-de-France";"Autre";5,0297500000366E-7
2025-08;"Hauts-de-France";"Autre";5,5700799999939E-7
2025-09;"Hauts-de-France";"Autre";4,1900999999553E-7
2025-10;"Hauts-de-France";"Autre";6,2634068999971E-5
2025-11;"Hauts-de-France";"Autre";0,003169262602
2014-01;"Hauts-de-France";"Solaire";0,00291134
2014-02;"Hauts-de-France";"Solaire";0,005151547
2014-03;"Hauts-de-France";"Solaire";0,011872344
2014-04;"Hauts-de-France";"Solaire";0,013366253
2014-05;"Hauts-de-France";"Solaire";0,01482769
2014-06;"Hauts-de-France";"Solaire";0,016598477
2014-07;"Hauts-de-France";"Solaire";0,01424129
2014-08;"Hauts-de-France";"Solaire";0,013112401
2014-09;"Hauts-de-France";"Solaire";0,011788186
2014-10;"Hauts-de-France";"Solaire";0,007274083
2014-11;"Hauts-de-France";"Solaire";0,004215534
2014-12;"Hauts-de-France";"Solaire";0,002102406
2015-01;"Hauts-de-France";"Solaire";0,003033987
2015-02;"Hauts-de-France";"Solaire";0,005631488
2015-03;"Hauts-de-France";"Solaire";0,010090471
2015-04;"Hauts-de-France";"Solaire";0,01573996
2015-05;"Hauts-de-France";"Solaire";0,015635427
2015-06;"Hauts-de-France";"Solaire";0,019025785
2015-07;"Hauts-de-France";"Solaire";0,015874028
2015-08;"Hauts-de-France";"Solaire";0,014947574
2015-09;"Hauts-de-France";"Solaire";0,011539838
2015-10;"Hauts-de-France";"Solaire";0,007398643
2015-11;"Hauts-de-France";"Solaire";0,003755731
2015-12;"Hauts-de-France";"Solaire";0,003327975
2016-01;"Hauts-de-France";"Solaire";0,005595107
2016-02;"Hauts-de-France";"Solaire";0,007421536
2016-03;"Hauts-de-France";"Solaire";0,011649759
2016-04;"Hauts-de-France";"Solaire";0,014947765
2016-05;"Hauts-de-France";"Solaire";0,017289861
2016-06;"Hauts-de-France";"Solaire";0,014452831
2016-07;"Hauts-de-France";"Solaire";0,018467134
2016-08;"Hauts-de-France";"Solaire";0,017638276
2016-09;"Hauts-de-France";"Solaire";0,013884606
2016-10;"Hauts-de-France";"Solaire";0,014239144
2016-11;"Hauts-de-France";"Solaire";0,006121524
2016-12;"Hauts-de-France";"Solaire";0,00628036
2017-01;"Hauts-de-France";"Solaire";0,003857668
2017-02;"Hauts-de-France";"Solaire";0,004224534
2017-03;"Hauts-de-France";"Solaire";0,010525799
2017-04;"Hauts-de-France";"Solaire";0,015602571
2017-05;"Hauts-de-France";"Solaire";0,017113247
2017-06;"Hauts-de-France";"Solaire";0,019466197
2017-07;"Hauts-de-France";"Solaire";0,016846252
2017-08;"Hauts-de-France";"Solaire";0,015014832
2017-09;"Hauts-de-France";"Solaire";0,011764972
2017-10;"Hauts-de-France";"Solaire";0,00847612
2017-11;"Hauts-de-France";"Solaire";0,004998764
2017-12;"Hauts-de-France";"Solaire";0,0025438
2018-01;"Hauts-de-France";"Solaire";0,001762539
2018-02;"Hauts-de-France";"Solaire";0,008529001
2018-03;"Hauts-de-France";"Solaire";0,007906583
2018-04;"Hauts-de-France";"Solaire";0,014019104
2018-05;"Hauts-de-France";"Solaire";0,019015951
2018-06;"Hauts-de-France";"Solaire";0,018224473
2018-07;"Hauts-de-France";"Solaire";0,020264236
2018-08;"Hauts-de-France";"Solaire";0,018025041
2018-09;"Hauts-de-France";"Solaire";0,015251194
2018-10;"Hauts-de-France";"Solaire";0,012632298
2018-11;"Hauts-de-France";"Solaire";0,007407372
2018-12;"Hauts-de-France";"Solaire";0,00167569
2019-01;"Hauts-de-France";"Solaire";0,004227381
2019-02;"Hauts-de-France";"Solaire";0,009821945
2019-03;"Hauts-de-France";"Solaire";0,01300356
2019-04;"Hauts-de-France";"Solaire";0,015827125
2019-05;"Hauts-de-France";"Solaire";0,020042699
2019-06;"Hauts-de-France";"Solaire";0,021530147
2019-07;"Hauts-de-France";"Solaire";0,02218117
2019-08;"Hauts-de-France";"Solaire";0,020272902
2019-09;"Hauts-de-France";"Solaire";0,016349633
2019-10;"Hauts-de-France";"Solaire";0,01047931
2019-11;"Hauts-de-France";"Solaire";0,006510181
2019-12;"Hauts-de-France";"Solaire";0,005861598
2020-01;"Hauts-de-France";"Solaire";0,004854174
2020-02;"Hauts-de-France";"Solaire";0,007690176
2020-03;"Hauts-de-France";"Solaire";0,012871566
2020-04;"Hauts-de-France";"Solaire";0,019506278
2020-05;"Hauts-de-France";"Solaire";0,023776998
2020-06;"Hauts-de-France";"Solaire";0,02081364
2020-07;"Hauts-de-France";"Solaire";0,022693526
2020-08;"Hauts-de-France";"Solaire";0,021292234
2020-09;"Hauts-de-France";"Solaire";0,017323487
2020-10;"Hauts-de-France";"Solaire";0,009722204
2020-11;"Hauts-de-France";"Solaire";0,007498396
2020-12;"Hauts-de-France";"Solaire";0,005033198
2021-01;"Hauts-de-France";"Solaire";0,003868861
2021-02;"Hauts-de-France";"Solaire";0,009142137
2021-03;"Hauts-de-France";"Solaire";0,020233863
2021-04;"Hauts-de-France";"Solaire";0,025928063
2021-05;"Hauts-de-France";"Solaire";0,031384094
2021-06;"Hauts-de-France";"Solaire";0,035463127
2021-07;"Hauts-de-France";"Solaire";0,038380173
2021-08;"Hauts-de-France";"Solaire";0,035842927
2021-09;"Hauts-de-France";"Solaire";0,035896974
2021-10;"Hauts-de-France";"Solaire";0,024674139
2021-11;"Hauts-de-France";"Solaire";0,01270826
2021-12;"Hauts-de-France";"Solaire";0,006802939
2022-01;"Hauts-de-France";"Solaire";0,013320797924
2022-02;"Hauts-de-France";"Solaire";0,023196939755
2022-03;"Hauts-de-France";"Solaire";0,045252948192
2022-04;"Hauts-de-France";"Solaire";0,0531372924
2022-05;"Hauts-de-France";"Solaire";0,061109648144
2022-06;"Hauts-de-France";"Solaire";0,062538502203
2022-07;"Hauts-de-France";"Solaire";0,06830121455
2022-08;"Hauts-de-France";"Solaire";0,064141045043
2022-09;"Hauts-de-France";"Solaire";0,045504240098
2022-10;"Hauts-de-France";"Solaire";0,034645017239
2022-11;"Hauts-de-France";"Solaire";0,017555479565
2022-12;"Hauts-de-France";"Solaire";0,008928418328
2023-01;"Hauts-de-France";"Solaire";0,01158734842
2023-02;"Hauts-de-France";"Solaire";0,027634891191
2023-03;"Hauts-de-France";"Solaire";0,037502541477
2023-04;"Hauts-de-France";"Solaire";0,053653515711
2023-05;"Hauts-de-France";"Solaire";0,073197895532
2023-06;"Hauts-de-France";"Solaire";0,090041224492
2023-07;"Hauts-de-France";"Solaire";0,073126759711
2023-08;"Hauts-de-France";"Solaire";0,07208397245
2023-09;"Hauts-de-France";"Solaire";0,064434648776
2023-10;"Hauts-de-France";"Solaire";0,041110701543
2023-11;"Hauts-de-France";"Solaire";0,019215877348
2023-12;"Hauts-de-France";"Solaire";0,011584486193
2024-01;"Hauts-de-France";"Solaire";0,017101533218
2024-02;"Hauts-de-France";"Solaire";0,019151333148
2024-03;"Hauts-de-France";"Solaire";0,048036404615
2024-04;"Hauts-de-France";"Solaire";0,059993811219
2024-05;"Hauts-de-France";"Solaire";0,071955550336
2024-06;"Hauts-de-France";"Solaire";0,083317456907
2024-07;"Hauts-de-France";"Solaire";0,086411676774
2024-08;"Hauts-de-France";"Solaire";0,092302131323
2024-09;"Hauts-de-France";"Solaire";0,067188760691
2024-10;"Hauts-de-France";"Solaire";0,047251208258
2024-11;"Hauts-de-France";"Solaire";0,019558337684
2024-12;"Hauts-de-France";"Solaire";0,013811065299
2025-01;"Hauts-de-France";"Solaire";0,015784377949
2025-02;"Hauts-de-France";"Solaire";0,031765072028
2025-03;"Hauts-de-France";"Solaire";0,07999734322
2025-04;"Hauts-de-France";"Solaire";0,096094505108
2025-05;"Hauts-de-France";"Solaire";0,104007484748
2025-06;"Hauts-de-France";"Solaire";0,1166960452
2025-07;"Hauts-de-France";"Solaire";0,133774694783
2025-08;"Hauts-de-France";"Solaire";0,122133780499
2025-09;"Hauts-de-France";"Solaire";0,089369818058
2025-10;"Hauts-de-France";"Solaire";0,053220463973
2025-11;"Hauts-de-France";"Solaire";0,027195503788
2014-01;"Hauts-de-France";"Hydraulique";0,001564308
2014-02;"Hauts-de-France";"Hydraulique";0,001374338
2014-03;"Hauts-de-France";"Hydraulique";0,001673402
2014-04;"Hauts-de-France";"Hydraulique";0,001518653
2014-05;"Hauts-de-France";"Hydraulique";0,001506494
2014-06;"Hauts-de-France";"Hydraulique";0,000935192
2014-07;"Hauts-de-France";"Hydraulique";0,000814322
2014-08;"Hauts-de-France";"Hydraulique";0,001039739
2014-09;"Hauts-de-France";"Hydraulique";0,000649233
2014-10;"Hauts-de-France";"Hydraulique";0,000805661
2014-11;"Hauts-de-France";"Hydraulique";0,00134172
2014-12;"Hauts-de-France";"Hydraulique";0,001405194
2015-01;"Hauts-de-France";"Hydraulique";0,001556936
2015-02;"Hauts-de-France";"Hydraulique";0,001436614
2015-03;"Hauts-de-France";"Hydraulique";0,001722082
2015-04;"Hauts-de-France";"Hydraulique";0,001689385
2015-05;"Hauts-de-France";"Hydraulique";0,00160802
2015-06;"Hauts-de-France";"Hydraulique";0,000956206
2015-07;"Hauts-de-France";"Hydraulique";0,000457133
2015-08;"Hauts-de-France";"Hydraulique";0,0002953
2015-09;"Hauts-de-France";"Hydraulique";0,000522748
2015-10;"Hauts-de-France";"Hydraulique";0,000447755
2015-11;"Hauts-de-France";"Hydraulique";0,000776965
2015-12;"Hauts-de-France";"Hydraulique";0,001687966
2016-01;"Hauts-de-France";"Hydraulique";0,00172529
2016-02;"Hauts-de-France";"Hydraulique";0,001432047
2016-03;"Hauts-de-France";"Hydraulique";0,001808036
2016-04;"Hauts-de-France";"Hydraulique";0,001808392
2016-05;"Hauts-de-France";"Hydraulique";0,001753945
2016-06;"Hauts-de-France";"Hydraulique";0,001428987
2016-07;"Hauts-de-France";"Hydraulique";0,001640309
2016-08;"Hauts-de-France";"Hydraulique";0,001201342
2016-09;"Hauts-de-France";"Hydraulique";0,000640842
2016-10;"Hauts-de-France";"Hydraulique";0,000627729
2016-11;"Hauts-de-France";"Hydraulique";0,00074208
2016-12;"Hauts-de-France";"Hydraulique";0,000747802
2017-01;"Hauts-de-France";"Hydraulique";0,000990978
2017-02;"Hauts-de-France";"Hydraulique";0,00135693
2017-03;"Hauts-de-France";"Hydraulique";0,00140416
2017-04;"Hauts-de-France";"Hydraulique";0,001311416
2017-05;"Hauts-de-France";"Hydraulique";0,00096022
2017-06;"Hauts-de-France";"Hydraulique";0,000446752
2017-07;"Hauts-de-France";"Hydraulique";0,000261164
2017-08;"Hauts-de-France";"Hydraulique";0,000284734
2017-09;"Hauts-de-France";"Hydraulique";0,000592001
2017-10;"Hauts-de-France";"Hydraulique";0,00073448
2017-11;"Hauts-de-France";"Hydraulique";0,000981575
2017-12;"Hauts-de-France";"Hydraulique";0,00133303
2018-01;"Hauts-de-France";"Hydraulique";0,001157142
2018-02;"Hauts-de-France";"Hydraulique";0,001292657
2018-03;"Hauts-de-France";"Hydraulique";0,001734912
2018-04;"Hauts-de-France";"Hydraulique";0,001725482
2018-05;"Hauts-de-France";"Hydraulique";0,001644511
2018-06;"Hauts-de-France";"Hydraulique";0,001489481
2018-07;"Hauts-de-France";"Hydraulique";0,000886029
2018-08;"Hauts-de-France";"Hydraulique";0,000552218
2018-09;"Hauts-de-France";"Hydraulique";0,000255925
2018-10;"Hauts-de-France";"Hydraulique";0,000222446
2018-11;"Hauts-de-France";"Hydraulique";0,000355617
2018-12;"Hauts-de-France";"Hydraulique";0,001479026
2019-01;"Hauts-de-France";"Hydraulique";0,001605005
2019-02;"Hauts-de-France";"Hydraulique";0,001479784
2019-03;"Hauts-de-France";"Hydraulique";0,001640542
2019-04;"Hauts-de-France";"Hydraulique";0,001686261
2019-05;"Hauts-de-France";"Hydraulique";0,001545084
2019-06;"Hauts-de-France";"Hydraulique";0,000433368
2019-07;"Hauts-de-France";"Hydraulique";0,000454494
2019-08;"Hauts-de-France";"Hydraulique";0,000304818
2019-09;"Hauts-de-France";"Hydraulique";0,000184271
2019-10;"Hauts-de-France";"Hydraulique";0,000673673
2019-11;"Hauts-de-France";"Hydraulique";0,001347791
2019-12;"Hauts-de-France";"Hydraulique";0,001485118
2020-01;"Hauts-de-France";"Hydraulique";0,001866363
2020-02;"Hauts-de-France";"Hydraulique";0,001270809
2020-03;"Hauts-de-France";"Hydraulique";0,001401354
2020-04;"Hauts-de-France";"Hydraulique";0,001710054
2020-05;"Hauts-de-France";"Hydraulique";0,001749935
2020-06;"Hauts-de-France";"Hydraulique";0,001298687
2020-07;"Hauts-de-France";"Hydraulique";0,000778305
2020-08;"Hauts-de-France";"Hydraulique";0,000402725
2020-09;"Hauts-de-France";"Hydraulique";0,000204032
2020-10;"Hauts-de-France";"Hydraulique";0,000413002
2020-11;"Hauts-de-France";"Hydraulique";0,000672513
2020-12;"Hauts-de-France";"Hydraulique";0,001103232
2021-01;"Hauts-de-France";"Hydraulique";0,001311252
2021-02;"Hauts-de-France";"Hydraulique";0,001231434
2021-03;"Hauts-de-France";"Hydraulique";0,001785305
2021-04;"Hauts-de-France";"Hydraulique";0,001715812
2021-05;"Hauts-de-France";"Hydraulique";0,001671237
2021-06;"Hauts-de-France";"Hydraulique";0,001417446
2021-07;"Hauts-de-France";"Hydraulique";0,001342962
2021-08;"Hauts-de-France";"Hydraulique";0,001356115
2021-09;"Hauts-de-France";"Hydraulique";0,001039471
2021-10;"Hauts-de-France";"Hydraulique";0,0009298
2021-11;"Hauts-de-France";"Hydraulique";0,001245036
2021-12;"Hauts-de-France";"Hydraulique";0,001759093
2022-01;"Hauts-de-France";"Hydraulique";0,001651929503
2022-02;"Hauts-de-France";"Hydraulique";0,001735378022
2022-03;"Hauts-de-France";"Hydraulique";0,001944634529
2022-04;"Hauts-de-France";"Hydraulique";0,001730464754
2022-05;"Hauts-de-France";"Hydraulique";0,001454859808
2022-06;"Hauts-de-France";"Hydraulique";0,001003820985
2022-07;"Hauts-de-France";"Hydraulique";0,000513540118
2022-08;"Hauts-de-France";"Hydraulique";0,000242651179
2022-09;"Hauts-de-France";"Hydraulique";0,000252488289
2022-10;"Hauts-de-France";"Hydraulique";0,000404115229
2022-11;"Hauts-de-France";"Hydraulique";0,000592952704
2022-12;"Hauts-de-France";"Hydraulique";0,000919512462
2023-01;"Hauts-de-France";"Hydraulique";0,001680875491
2023-02;"Hauts-de-France";"Hydraulique";0,001475997911
2023-03;"Hauts-de-France";"Hydraulique";0,001678131151
2023-04;"Hauts-de-France";"Hydraulique";0,001776580056
2023-05;"Hauts-de-France";"Hydraulique";0,00151035669
2023-06;"Hauts-de-France";"Hydraulique";0,001025121285
2023-07;"Hauts-de-France";"Hydraulique";0,000625552777
2023-08;"Hauts-de-France";"Hydraulique";0,001071287351
2023-09;"Hauts-de-France";"Hydraulique";0,000704975611
2023-10;"Hauts-de-France";"Hydraulique";0,00071291701
2023-11;"Hauts-de-France";"Hydraulique";0,001186697829
2023-12;"Hauts-de-France";"Hydraulique";0,001395853108
2024-01;"Hauts-de-France";"Hydraulique";0,001111009705
2024-02;"Hauts-de-France";"Hydraulique";0,0011565701
2024-03;"Hauts-de-France";"Hydraulique";0,001410861837
2024-04;"Hauts-de-France";"Hydraulique";0,001404418911
2024-05;"Hauts-de-France";"Hydraulique";0,001279480274
2024-06;"Hauts-de-France";"Hydraulique";0,00067421803
2024-07;"Hauts-de-France";"Hydraulique";0,001556407209
2024-08;"Hauts-de-France";"Hydraulique";0,001395239092
2024-09;"Hauts-de-France";"Hydraulique";0,001230048639
2024-10;"Hauts-de-France";"Hydraulique";0,001225490828
2024-11;"Hauts-de-France";"Hydraulique";0,001138671277
2024-12;"Hauts-de-France";"Hydraulique";0,001427843948
2025-01;"Hauts-de-France";"Hydraulique";0,001336178807
2025-02;"Hauts-de-France";"Hydraulique";0,001536054234
2025-03;"Hauts-de-France";"Hydraulique";0,001834386573
2025-04;"Hauts-de-France";"Hydraulique";0,001801731723
2025-05;"Hauts-de-France";"Hydraulique";0,001328838053
2025-06;"Hauts-de-France";"Hydraulique";0,000897205075
2025-07;"Hauts-de-France";"Hydraulique";0,000552648338
2025-08;"Hauts-de-France";"Hydraulique";0,000298530233
2025-09;"Hauts-de-France";"Hydraulique";0,000228780597
2025-10;"Hauts-de-France";"Hydraulique";0,000393817431
2025-11;"Hauts-de-France";"Hydraulique";0,001045948468
2014-01;"Hauts-de-France";"Eolien";0,525158432
2014-02;"Hauts-de-France";"Eolien";0,561908842
2014-03;"Hauts-de-France";"Eolien";0,259029784
2014-04;"Hauts-de-France";"Eolien";0,186280169
2014-05;"Hauts-de-France";"Eolien";0,289098719
2014-06;"Hauts-de-France";"Eolien";0,147491438
2014-07;"Hauts-de-France";"Eolien";0,170405063
2014-08;"Hauts-de-France";"Eolien";0,241626179
2014-09;"Hauts-de-France";"Eolien";0,11981122
2014-10;"Hauts-de-France";"Eolien";0,319720245
2014-11;"Hauts-de-France";"Eolien";0,306465505
2014-12;"Hauts-de-France";"Eolien";0,515765302
2015-01;"Hauts-de-France";"Eolien";0,534661798
2015-02;"Hauts-de-France";"Eolien";0,395704364
2015-03;"Hauts-de-France";"Eolien";0,465519248
2015-04;"Hauts-de-France";"Eolien";0,317327022
2015-05;"Hauts-de-France";"Eolien";0,350819324
2015-06;"Hauts-de-France";"Eolien";0,315705091
2015-07;"Hauts-de-France";"Eolien";0,347574062
2015-08;"Hauts-de-France";"Eolien";0,231798183
2015-09;"Hauts-de-France";"Eolien";0,346406815
2015-10;"Hauts-de-France";"Eolien";0,241396005
2015-11;"Hauts-de-France";"Eolien";0,661129336
2015-12;"Hauts-de-France";"Eolien";0,758101303
2016-01;"Hauts-de-France";"Eolien";0,746280429
2016-02;"Hauts-de-France";"Eolien";0,685661666
2016-03;"Hauts-de-France";"Eolien";0,554542034
2016-04;"Hauts-de-France";"Eolien";0,382835776
2016-05;"Hauts-de-France";"Eolien";0,311948601
2016-06;"Hauts-de-France";"Eolien";0,253330281
2016-07;"Hauts-de-France";"Eolien";0,243481903
2016-08;"Hauts-de-France";"Eolien";0,315997278
2016-09;"Hauts-de-France";"Eolien";0,23745717
2016-10;"Hauts-de-France";"Eolien";0,288279505
2016-11;"Hauts-de-France";"Eolien";0,533676268
2016-12;"Hauts-de-France";"Eolien";0,388998446
2017-01;"Hauts-de-France";"Eolien";0,418442876
2017-02;"Hauts-de-France";"Eolien";0,598024786
2017-03;"Hauts-de-France";"Eolien";0,688256562
2017-04;"Hauts-de-France";"Eolien";0,27868278
2017-05;"Hauts-de-France";"Eolien";0,323023618
2017-06;"Hauts-de-France";"Eolien";0,392609604
2017-07;"Hauts-de-France";"Eolien";0,406685023
2017-08;"Hauts-de-France";"Eolien";0,280959571
2017-09;"Hauts-de-France";"Eolien";0,391143654
2017-10;"Hauts-de-France";"Eolien";0,589368353
2017-11;"Hauts-de-France";"Eolien";0,515023347
2017-12;"Hauts-de-France";"Eolien";0,84072283
2018-01;"Hauts-de-France";"Eolien";0,987605383
2018-02;"Hauts-de-France";"Eolien";0,749652698
2018-03;"Hauts-de-France";"Eolien";0,758702789
2018-04;"Hauts-de-France";"Eolien";0,53019589
2018-05;"Hauts-de-France";"Eolien";0,382374373
2018-06;"Hauts-de-France";"Eolien";0,350724184
2018-07;"Hauts-de-France";"Eolien";0,264076822
2018-08;"Hauts-de-France";"Eolien";0,379700678
2018-09;"Hauts-de-France";"Eolien";0,41441275
2018-10;"Hauts-de-France";"Eolien";0,595908263
2018-11;"Hauts-de-France";"Eolien";0,757174939
2018-12;"Hauts-de-France";"Eolien";0,973897048
2019-01;"Hauts-de-France";"Eolien";0,789564151
2019-02;"Hauts-de-France";"Eolien";0,734586035
2019-03;"Hauts-de-France";"Eolien";1,208841489
2019-04;"Hauts-de-France";"Eolien";0,551464532
2019-05;"Hauts-de-France";"Eolien";0,486005562
2019-06;"Hauts-de-France";"Eolien";0,511274806
2019-07;"Hauts-de-France";"Eolien";0,43220691
2019-08;"Hauts-de-France";"Eolien";0,45189349
2019-09;"Hauts-de-France";"Eolien";0,704955959
2019-10;"Hauts-de-France";"Eolien";0,9181117
2019-11;"Hauts-de-France";"Eolien";0,838007977
2019-12;"Hauts-de-France";"Eolien";1,306583288
2020-01;"Hauts-de-France";"Eolien";1,170084248
2020-02;"Hauts-de-France";"Eolien";1,828424267
2020-03;"Hauts-de-France";"Eolien";1,334410758
2020-04;"Hauts-de-France";"Eolien";0,610862397
2020-05;"Hauts-de-France";"Eolien";0,727453792
2020-06;"Hauts-de-France";"Eolien";0,569029335
2020-07;"Hauts-de-France";"Eolien";0,659773676
2020-08;"Hauts-de-France";"Eolien";0,605384165
2020-09;"Hauts-de-France";"Eolien";0,658437003
2020-10;"Hauts-de-France";"Eolien";1,292662595
2020-11;"Hauts-de-France";"Eolien";0,961275337
2020-12;"Hauts-de-France";"Eolien";1,235675872
2021-01;"Hauts-de-France";"Eolien";1,04662813
2021-02;"Hauts-de-France";"Eolien";1,224721562
2021-03;"Hauts-de-France";"Eolien";1,117708676
2021-04;"Hauts-de-France";"Eolien";0,783875315
2021-05;"Hauts-de-France";"Eolien";1,100650369
2021-06;"Hauts-de-France";"Eolien";0,349592626
2021-07;"Hauts-de-France";"Eolien";0,612201807
2021-08;"Hauts-de-France";"Eolien";0,660587218501
2021-09;"Hauts-de-France";"Eolien";0,453645584165
2021-10;"Hauts-de-France";"Eolien";1,078598715499
2021-11;"Hauts-de-France";"Eolien";0,734395768334
2021-12;"Hauts-de-France";"Eolien";1,199609191495
2022-01;"Hauts-de-France";"Eolien";0,869425979883
2022-02;"Hauts-de-France";"Eolien";1,734753279988
2022-03;"Hauts-de-France";"Eolien";0,935295109434
2022-04;"Hauts-de-France";"Eolien";1,092909460775
2022-05;"Hauts-de-France";"Eolien";0,580729799304
2022-06;"Hauts-de-France";"Eolien";0,490642955391
2022-07;"Hauts-de-France";"Eolien";0,443984649378
2022-08;"Hauts-de-France";"Eolien";0,535831131828
2022-09;"Hauts-de-France";"Eolien";0,58554239688
2022-10;"Hauts-de-France";"Eolien";0,958388149009
2022-11;"Hauts-de-France";"Eolien";1,507437897491
2022-12;"Hauts-de-France";"Eolien";1,246106572348
2023-01;"Hauts-de-France";"Eolien";1,645300865451
2023-02;"Hauts-de-France";"Eolien";0,970302687783
2023-03;"Hauts-de-France";"Eolien";1,711130646086
2023-04;"Hauts-de-France";"Eolien";1,016636540989
2023-05;"Hauts-de-France";"Eolien";0,934045105915
2023-06;"Hauts-de-France";"Eolien";0,642086847595
2023-07;"Hauts-de-France";"Eolien";1,020185672505
2023-08;"Hauts-de-France";"Eolien";0,738309511964
2023-09;"Hauts-de-France";"Eolien";0,657112143885
2023-10;"Hauts-de-France";"Eolien";1,207149430835
2023-11;"Hauts-de-France";"Eolien";1,874204471396
2023-12;"Hauts-de-France";"Eolien";2,116655179375
2024-01;"Hauts-de-France";"Eolien";1,596205096777
2024-02;"Hauts-de-France";"Eolien";1,760469252078
2024-03;"Hauts-de-France";"Eolien";1,160139087389
2024-04;"Hauts-de-France";"Eolien";1,251239544432
2024-05;"Hauts-de-France";"Eolien";0,571888564333
2024-06;"Hauts-de-France";"Eolien";0,582347204518
2024-07;"Hauts-de-France";"Eolien";0,55824891323
2024-08;"Hauts-de-France";"Eolien";0,585602805933
2024-09;"Hauts-de-France";"Eolien";1,022287568872
2024-10;"Hauts-de-France";"Eolien";0,812554801321
2024-11;"Hauts-de-France";"Eolien";1,009776693158
2024-12;"Hauts-de-France";"Eolien";1,579595437877
2025-01;"Hauts-de-France";"Eolien";1,293674003112
2025-02;"Hauts-de-France";"Eolien";0,985321840436
2025-03;"Hauts-de-France";"Eolien";0,905722148253
2025-04;"Hauts-de-France";"Eolien";0,842366235162
2025-05;"Hauts-de-France";"Eolien";0,943046123969
2025-06;"Hauts-de-France";"Eolien";0,669848982835
2025-07;"Hauts-de-France";"Eolien";0,674875410042
2025-08;"Hauts-de-France";"Eolien";0,675234279033
2025-09;"Hauts-de-France";"Eolien";1,128917168213
2025-10;"Hauts-de-France";"Eolien";1,380568551696
2025-11;"Hauts-de-France";"Eolien";1,459888890445
2014-01;"Hauts-de-France";"Thermique fossile";0,472927966676
2014-02;"Hauts-de-France";"Thermique fossile";0,415010188251
2014-03;"Hauts-de-France";"Thermique fossile";0,397533736929
2014-04;"Hauts-de-France";"Thermique fossile";0,190428552712
2014-05;"Hauts-de-France";"Thermique fossile";0,157627360177
2014-06;"Hauts-de-France";"Thermique fossile";0,170657111536
2014-07;"Hauts-de-France";"Thermique fossile";0,185602993656
2014-08;"Hauts-de-France";"Thermique fossile";0,217510009941
2014-09;"Hauts-de-France";"Thermique fossile";0,192167824234
2014-10;"Hauts-de-France";"Thermique fossile";0,332953495794
2014-11;"Hauts-de-France";"Thermique fossile";0,521976816665
2014-12;"Hauts-de-France";"Thermique fossile";0,54974203305
2015-01;"Hauts-de-France";"Thermique fossile";0,718105190167
2015-02;"Hauts-de-France";"Thermique fossile";0,75562244019
2015-03;"Hauts-de-France";"Thermique fossile";0,628435162774
2015-04;"Hauts-de-France";"Thermique fossile";0,304998210844
2015-05;"Hauts-de-France";"Thermique fossile";0,221217321738
2015-06;"Hauts-de-France";"Thermique fossile";0,173415823072
2015-07;"Hauts-de-France";"Thermique fossile";0,210851483248
2015-08;"Hauts-de-France";"Thermique fossile";0,204485245341
2015-09;"Hauts-de-France";"Thermique fossile";0,324026653732
2015-10;"Hauts-de-France";"Thermique fossile";0,507437878115
2015-11;"Hauts-de-France";"Thermique fossile";0,6890309173
2015-12;"Hauts-de-France";"Thermique fossile";0,579961255396
2016-01;"Hauts-de-France";"Thermique fossile";0,71217822788
2016-02;"Hauts-de-France";"Thermique fossile";0,623001202073
2016-03;"Hauts-de-France";"Thermique fossile";0,65042826628
2016-04;"Hauts-de-France";"Thermique fossile";0,476283789755
2016-05;"Hauts-de-France";"Thermique fossile";0,348961282921
2016-06;"Hauts-de-France";"Thermique fossile";0,328530892813
2016-07;"Hauts-de-France";"Thermique fossile";0,446813652902
2016-08;"Hauts-de-France";"Thermique fossile";0,652253145882
2016-09;"Hauts-de-France";"Thermique fossile";0,881979157229
2016-10;"Hauts-de-France";"Thermique fossile";0,791747723464
2016-11;"Hauts-de-France";"Thermique fossile";1,127397018432
2016-12;"Hauts-de-France";"Thermique fossile";1,305431809393
2017-01;"Hauts-de-France";"Thermique fossile";1,361790165339
2017-02;"Hauts-de-France";"Thermique fossile";1,2155894691
2017-03;"Hauts-de-France";"Thermique fossile";1,061953998013
2017-04;"Hauts-de-France";"Thermique fossile";0,766537482797
2017-05;"Hauts-de-France";"Thermique fossile";0,534271746504
2017-06;"Hauts-de-France";"Thermique fossile";0,513640367955
2017-07;"Hauts-de-France";"Thermique fossile";0,833325061678
2017-08;"Hauts-de-France";"Thermique fossile";0,592816258664
2017-09;"Hauts-de-France";"Thermique fossile";0,60503453647
2017-10;"Hauts-de-France";"Thermique fossile";0,979605261059
2017-11;"Hauts-de-France";"Thermique fossile";1,276300509631
2017-12;"Hauts-de-France";"Thermique fossile";1,214878826606
2018-01;"Hauts-de-France";"Thermique fossile";0,700610987733
2018-02;"Hauts-de-France";"Thermique fossile";1,137446781751
2018-03;"Hauts-de-France";"Thermique fossile";0,913083300263
2018-04;"Hauts-de-France";"Thermique fossile";0,416651248805
2018-05;"Hauts-de-France";"Thermique fossile";0,290905656218
2018-06;"Hauts-de-France";"Thermique fossile";0,381640356409
2018-07;"Hauts-de-France";"Thermique fossile";0,767669033832
2018-08;"Hauts-de-France";"Thermique fossile";0,795337896293
2018-09;"Hauts-de-France";"Thermique fossile";0,552071621108
2018-10;"Hauts-de-France";"Thermique fossile";0,690217451864
2018-11;"Hauts-de-France";"Thermique fossile";1,25689922869
2018-12;"Hauts-de-France";"Thermique fossile";0,985813157566
2019-01;"Hauts-de-France";"Thermique fossile";1,3749976878
2019-02;"Hauts-de-France";"Thermique fossile";1,070055399806
2019-03;"Hauts-de-France";"Thermique fossile";0,750586087221
2019-04;"Hauts-de-France";"Thermique fossile";0,621956046165
2019-05;"Hauts-de-France";"Thermique fossile";0,412622132505
2019-06;"Hauts-de-France";"Thermique fossile";0,515830602472
2019-07;"Hauts-de-France";"Thermique fossile";0,764970649251
2019-08;"Hauts-de-France";"Thermique fossile";0,670310510274
2019-09;"Hauts-de-France";"Thermique fossile";0,675746738649
2019-10;"Hauts-de-France";"Thermique fossile";0,921300811622
2019-11;"Hauts-de-France";"Thermique fossile";1,187709614016
2019-12;"Hauts-de-France";"Thermique fossile";0,903806049349
2020-01;"Hauts-de-France";"Thermique fossile";1,287447903153
2020-02;"Hauts-de-France";"Thermique fossile";0,817196912457
2020-03;"Hauts-de-France";"Thermique fossile";0,80930795198
2020-04;"Hauts-de-France";"Thermique fossile";0,211356662909
2020-05;"Hauts-de-France";"Thermique fossile";0,381419908324
2020-06;"Hauts-de-France";"Thermique fossile";0,521088895535
2020-07;"Hauts-de-France";"Thermique fossile";0,73786100927
2020-08;"Hauts-de-France";"Thermique fossile";0,85596055328
2020-09;"Hauts-de-France";"Thermique fossile";0,955475168605
2020-10;"Hauts-de-France";"Thermique fossile";0,810776888458
2020-11;"Hauts-de-France";"Thermique fossile";1,047533683153
2020-12;"Hauts-de-France";"Thermique fossile";1,031599169285
2021-01;"Hauts-de-France";"Thermique fossile";1,110225577676
2021-02;"Hauts-de-France";"Thermique fossile";0,859859233272
2021-03;"Hauts-de-France";"Thermique fossile";1,016150974043
2021-04;"Hauts-de-France";"Thermique fossile";0,869078194238
2021-05;"Hauts-de-France";"Thermique fossile";0,494194150295
2021-06;"Hauts-de-France";"Thermique fossile";0,463890960595
2021-07;"Hauts-de-France";"Thermique fossile";0,586751167192
2021-08;"Hauts-de-France";"Thermique fossile";0,36006888648
2021-09;"Hauts-de-France";"Thermique fossile";0,566706153688
2021-10;"Hauts-de-France";"Thermique fossile";0,579570716496
2021-11;"Hauts-de-France";"Thermique fossile";1,229118204071
2021-12;"Hauts-de-France";"Thermique fossile";1,127221413414
2022-01;"Hauts-de-France";"Thermique fossile";1,191144213731
2022-02;"Hauts-de-France";"Thermique fossile";0,831450889628
2022-03;"Hauts-de-France";"Thermique fossile";1,094507599092
2022-04;"Hauts-de-France";"Thermique fossile";0,919887707736
2022-05;"Hauts-de-France";"Thermique fossile";0,899105959893
2022-06;"Hauts-de-France";"Thermique fossile";0,565379080972
2022-07;"Hauts-de-France";"Thermique fossile";0,854681511016
2022-08;"Hauts-de-France";"Thermique fossile";0,972772824094
2022-09;"Hauts-de-France";"Thermique fossile";0,778859691376
2022-10;"Hauts-de-France";"Thermique fossile";0,90847794193
2022-11;"Hauts-de-France";"Thermique fossile";0,949403429811
2022-12;"Hauts-de-France";"Thermique fossile";1,028987085029
2023-01;"Hauts-de-France";"Thermique fossile";0,993030448707
2023-02;"Hauts-de-France";"Thermique fossile";1,006538836752
2023-03;"Hauts-de-France";"Thermique fossile";0,760214630818
2023-04;"Hauts-de-France";"Thermique fossile";0,483846619837
2023-05;"Hauts-de-France";"Thermique fossile";0,194671616385
2023-06;"Hauts-de-France";"Thermique fossile";0,32215049269
2023-07;"Hauts-de-France";"Thermique fossile";0,407433111547
2023-08;"Hauts-de-France";"Thermique fossile";0,492467365516
2023-09;"Hauts-de-France";"Thermique fossile";0,391209869036
2023-10;"Hauts-de-France";"Thermique fossile";0,352778959163
2023-11;"Hauts-de-France";"Thermique fossile";0,671320980288
2023-12;"Hauts-de-France";"Thermique fossile";0,62792976358
2024-01;"Hauts-de-France";"Thermique fossile";0,756391335799
2024-02;"Hauts-de-France";"Thermique fossile";0,570923556089
2024-03;"Hauts-de-France";"Thermique fossile";0,468635158212
2024-04;"Hauts-de-France";"Thermique fossile";0,224231538526
2024-05;"Hauts-de-France";"Thermique fossile";0,115040925674
2024-06;"Hauts-de-France";"Thermique fossile";0,121692054839
2024-07;"Hauts-de-France";"Thermique fossile";0,127993647176
2024-08;"Hauts-de-France";"Thermique fossile";0,164132143179
2024-09;"Hauts-de-France";"Thermique fossile";0,159044677137
2024-10;"Hauts-de-France";"Thermique fossile";0,166950470921
2024-11;"Hauts-de-France";"Thermique fossile";0,326891264318
2024-12;"Hauts-de-France";"Thermique fossile";0,31944281292
2025-01;"Hauts-de-France";"Thermique fossile";0,358782498397
2025-02;"Hauts-de-France";"Thermique fossile";0,324641936029
2025-03;"Hauts-de-France";"Thermique fossile";0,312719124298
2025-04;"Hauts-de-France";"Thermique fossile";0,129184254528
2025-05;"Hauts-de-France";"Thermique fossile";0,080658921581
2025-06;"Hauts-de-France";"Thermique fossile";0,169462512567
2025-07;"Hauts-de-France";"Thermique fossile";0,319423773571
2025-08;"Hauts-de-France";"Thermique fossile";0,338410403493
2025-09;"Hauts-de-France";"Thermique fossile";0,181445401123
2025-10;"Hauts-de-France";"Thermique fossile";0,347000121207
2025-11;"Hauts-de-France";"Thermique fossile";0,411784141597
2014-01;"Hauts-de-France";"Nucléaire";4,00864136
2014-02;"Hauts-de-France";"Nucléaire";3,343352379
2014-03;"Hauts-de-France";"Nucléaire";3,138500142
2014-04;"Hauts-de-France";"Nucléaire";1,968521152
2014-05;"Hauts-de-France";"Nucléaire";2,392271944
2014-06;"Hauts-de-France";"Nucléaire";2,054763796
2014-07;"Hauts-de-France";"Nucléaire";2,387899276
2014-08;"Hauts-de-France";"Nucléaire";2,62783949
2014-09;"Hauts-de-France";"Nucléaire";2,544296709
2014-10;"Hauts-de-France";"Nucléaire";3,038621496
2014-11;"Hauts-de-France";"Nucléaire";3,435853168
2014-12;"Hauts-de-France";"Nucléaire";3,741204703
2015-01;"Hauts-de-France";"Nucléaire";3,892397486
2015-02;"Hauts-de-France";"Nucléaire";3,674400133
2015-03;"Hauts-de-France";"Nucléaire";3,484013346
2015-04;"Hauts-de-France";"Nucléaire";2,48336304
2015-05;"Hauts-de-France";"Nucléaire";2,574376341
2015-06;"Hauts-de-France";"Nucléaire";3,040985479
2015-07;"Hauts-de-France";"Nucléaire";3,204493488
2015-08;"Hauts-de-France";"Nucléaire";2,418293763
2015-09;"Hauts-de-France";"Nucléaire";2,590995979
2015-10;"Hauts-de-France";"Nucléaire";3,179273564
2015-11;"Hauts-de-France";"Nucléaire";3,092649194
2015-12;"Hauts-de-France";"Nucléaire";3,842333691
2016-01;"Hauts-de-France";"Nucléaire";3,667359839
2016-02;"Hauts-de-France";"Nucléaire";2,866306518
2016-03;"Hauts-de-France";"Nucléaire";3,642567486
2016-04;"Hauts-de-France";"Nucléaire";2,516215549
2016-05;"Hauts-de-France";"Nucléaire";2,407103946
2016-06;"Hauts-de-France";"Nucléaire";2,805795636
2016-07;"Hauts-de-France";"Nucléaire";2,519425439
2016-08;"Hauts-de-France";"Nucléaire";2,181169085
2016-09;"Hauts-de-France";"Nucléaire";2,168785722
2016-10;"Hauts-de-France";"Nucléaire";1,981458611
2016-11;"Hauts-de-France";"Nucléaire";2,073232672
2016-12;"Hauts-de-France";"Nucléaire";2,39783583
2017-01;"Hauts-de-France";"Nucléaire";3,043234036667
2017-02;"Hauts-de-France";"Nucléaire";2,457060181
2017-03;"Hauts-de-France";"Nucléaire";2,689561523
2017-04;"Hauts-de-France";"Nucléaire";2,175741874
2017-05;"Hauts-de-France";"Nucléaire";2,562661282165
2017-06;"Hauts-de-France";"Nucléaire";2,281458664331
2017-07;"Hauts-de-France";"Nucléaire";1,7539937895
2017-08;"Hauts-de-France";"Nucléaire";2,792172243
2017-09;"Hauts-de-France";"Nucléaire";3,100668362
2017-10;"Hauts-de-France";"Nucléaire";2,424268234499
2017-11;"Hauts-de-France";"Nucléaire";2,815928338334
2017-12;"Hauts-de-France";"Nucléaire";3,339947388501
2018-01;"Hauts-de-France";"Nucléaire";3,929464200002
2018-02;"Hauts-de-France";"Nucléaire";3,533638673166
2018-03;"Hauts-de-France";"Nucléaire";3,341121340999
2018-04;"Hauts-de-France";"Nucléaire";2,46035865
2018-05;"Hauts-de-France";"Nucléaire";2,472979880001
2018-06;"Hauts-de-France";"Nucléaire";2,235707359834
2018-07;"Hauts-de-France";"Nucléaire";2,524570567
2018-08;"Hauts-de-France";"Nucléaire";2,237464795
2018-09;"Hauts-de-France";"Nucléaire";1,760666851667
2018-10;"Hauts-de-France";"Nucléaire";3,112524914834
2018-11;"Hauts-de-France";"Nucléaire";3,021947965169
2018-12;"Hauts-de-France";"Nucléaire";3,936728969502
2019-01;"Hauts-de-France";"Nucléaire";4,035176628998
2019-02;"Hauts-de-France";"Nucléaire";3,335553132
2019-03;"Hauts-de-France";"Nucléaire";3,236364745498
2019-04;"Hauts-de-France";"Nucléaire";2,617310587166
2019-05;"Hauts-de-France";"Nucléaire";2,491020135834
2019-06;"Hauts-de-France";"Nucléaire";1,748177955833
2019-07;"Hauts-de-France";"Nucléaire";2,427873309332
2019-08;"Hauts-de-France";"Nucléaire";2,353969737835
2019-09;"Hauts-de-France";"Nucléaire";2,268207907001
2019-10;"Hauts-de-France";"Nucléaire";1,946790059667
2019-11;"Hauts-de-France";"Nucléaire";2,411641635334
2019-12;"Hauts-de-France";"Nucléaire";3,2146536225
2020-01;"Hauts-de-France";"Nucléaire";3,105844193168
2020-02;"Hauts-de-France";"Nucléaire";2,852531003999
2020-03;"Hauts-de-France";"Nucléaire";3,328927861499
2020-04;"Hauts-de-France";"Nucléaire";3,085622192331
2020-05;"Hauts-de-France";"Nucléaire";3,134783106001
2020-06;"Hauts-de-France";"Nucléaire";2,391364547501
2020-07;"Hauts-de-France";"Nucléaire";2,344548997
2020-08;"Hauts-de-France";"Nucléaire";2,749891738833
2020-09;"Hauts-de-France";"Nucléaire";2,132152539
2020-10;"Hauts-de-France";"Nucléaire";1,980351949
2020-11;"Hauts-de-France";"Nucléaire";2,732727183667
2020-12;"Hauts-de-France";"Nucléaire";2,767375880999
2021-01;"Hauts-de-France";"Nucléaire";3,383766903666
2021-02;"Hauts-de-France";"Nucléaire";2,5139567715
2021-03;"Hauts-de-France";"Nucléaire";2,905942972834
2021-04;"Hauts-de-France";"Nucléaire";2,538883525501
2021-05;"Hauts-de-France";"Nucléaire";2,918661117666
2021-06;"Hauts-de-France";"Nucléaire";2,34742816
2021-07;"Hauts-de-France";"Nucléaire";2,436439913
2021-08;"Hauts-de-France";"Nucléaire";2,375362277
2021-09;"Hauts-de-France";"Nucléaire";1,830844325
2021-10;"Hauts-de-France";"Nucléaire";1,954770244
2021-11;"Hauts-de-France";"Nucléaire";2,265736955
2021-12;"Hauts-de-France";"Nucléaire";2,352709406
2022-01;"Hauts-de-France";"Nucléaire";2,250564538
2022-02;"Hauts-de-France";"Nucléaire";2,067966426
2022-03;"Hauts-de-France";"Nucléaire";2,261178797
2022-04;"Hauts-de-France";"Nucléaire";2,233133727
2022-05;"Hauts-de-France";"Nucléaire";2,578273777
2022-06;"Hauts-de-France";"Nucléaire";2,487549784116
2022-07;"Hauts-de-France";"Nucléaire";1,846338525867
2022-08;"Hauts-de-France";"Nucléaire";1,827758941612
2022-09;"Hauts-de-France";"Nucléaire";2,367603180518
2022-10;"Hauts-de-France";"Nucléaire";3,087709076914
2022-11;"Hauts-de-France";"Nucléaire";2,482305195471
2022-12;"Hauts-de-France";"Nucléaire";2,694421941887
2023-01;"Hauts-de-France";"Nucléaire";3,147078858666
2023-02;"Hauts-de-France";"Nucléaire";3,15918479417
2023-03;"Hauts-de-France";"Nucléaire";3,182302305497
2023-04;"Hauts-de-France";"Nucléaire";2,798089619503
2023-05;"Hauts-de-France";"Nucléaire";2,582881616335
2023-06;"Hauts-de-France";"Nucléaire";2,091906132333
2023-07;"Hauts-de-France";"Nucléaire";1,660005467166
2023-08;"Hauts-de-France";"Nucléaire";1,158393908841
2023-09;"Hauts-de-France";"Nucléaire";1,653354238335
2023-10;"Hauts-de-France";"Nucléaire";2,036998075831
2023-11;"Hauts-de-France";"Nucléaire";2,591462321497
2023-12;"Hauts-de-France";"Nucléaire";2,677494672167
2024-01;"Hauts-de-France";"Nucléaire";2,924369834339
2024-02;"Hauts-de-France";"Nucléaire";2,444217146171
2024-03;"Hauts-de-France";"Nucléaire";3,083138466585
2024-04;"Hauts-de-France";"Nucléaire";2,391711937918
2024-05;"Hauts-de-France";"Nucléaire";2,874952260505
2024-06;"Hauts-de-France";"Nucléaire";2,801750588496
2024-07;"Hauts-de-France";"Nucléaire";3,12040485316
2024-08;"Hauts-de-France";"Nucléaire";2,209418860999
2024-09;"Hauts-de-France";"Nucléaire";2,345004256001
2024-10;"Hauts-de-France";"Nucléaire";2,154352655004
2024-11;"Hauts-de-France";"Nucléaire";3,036245765166
2024-12;"Hauts-de-France";"Nucléaire";3,379010543498
2025-01;"Hauts-de-France";"Nucléaire";3,657047032416
2025-02;"Hauts-de-France";"Nucléaire";2,926061975748
2025-03;"Hauts-de-France";"Nucléaire";2,461213097418
2025-04;"Hauts-de-France";"Nucléaire";2,483689540583
2025-05;"Hauts-de-France";"Nucléaire";2,022286929417
2025-06;"Hauts-de-France";"Nucléaire";2,396382743504
2025-07;"Hauts-de-France";"Nucléaire";3,316237181498
2025-08;"Hauts-de-France";"Nucléaire";1,836205475247
2025-09;"Hauts-de-France";"Nucléaire";2,383930267082
2025-10;"Hauts-de-France";"Nucléaire";2,455611980002
2025-11;"Hauts-de-France";"Nucléaire";2,991867659832
2014-01;"Hauts-de-France";"Thermique renouvelable et déchets";0,069573901498
2014-02;"Hauts-de-France";"Thermique renouvelable et déchets";0,062268652831
2014-03;"Hauts-de-France";"Thermique renouvelable et déchets";0,067733372335
2014-04;"Hauts-de-France";"Thermique renouvelable et déchets";0,051987705
2014-05;"Hauts-de-France";"Thermique renouvelable et déchets";0,064204697666
2014-06;"Hauts-de-France";"Thermique renouvelable et déchets";0,064094867164
2014-07;"Hauts-de-France";"Thermique renouvelable et déchets";0,065225975499
2014-08;"Hauts-de-France";"Thermique renouvelable et déchets";0,066384163
2014-09;"Hauts-de-France";"Thermique renouvelable et déchets";0,056303454665
2014-10;"Hauts-de-France";"Thermique renouvelable et déchets";0,052077111834
2014-11;"Hauts-de-France";"Thermique renouvelable et déchets";0,073888044167
2014-12;"Hauts-de-France";"Thermique renouvelable et déchets";0,077339690834
2015-01;"Hauts-de-France";"Thermique renouvelable et déchets";0,074494500167
2015-02;"Hauts-de-France";"Thermique renouvelable et déchets";0,069155693834
2015-03;"Hauts-de-France";"Thermique renouvelable et déchets";0,077683927166
2015-04;"Hauts-de-France";"Thermique renouvelable et déchets";0,064070219
2015-05;"Hauts-de-France";"Thermique renouvelable et déchets";0,077430731664
2015-06;"Hauts-de-France";"Thermique renouvelable et déchets";0,076251482836
2015-07;"Hauts-de-France";"Thermique renouvelable et déchets";0,077061460166
2015-08;"Hauts-de-France";"Thermique renouvelable et déchets";0,076282428504
2015-09;"Hauts-de-France";"Thermique renouvelable et déchets";0,070602971001
2015-10;"Hauts-de-France";"Thermique renouvelable et déchets";0,068061131167
2015-11;"Hauts-de-France";"Thermique renouvelable et déchets";0,073372528332
2015-12;"Hauts-de-France";"Thermique renouvelable et déchets";0,084241780002
2016-01;"Hauts-de-France";"Thermique renouvelable et déchets";0,086213865834
2016-02;"Hauts-de-France";"Thermique renouvelable et déchets";0,077170302667
2016-03;"Hauts-de-France";"Thermique renouvelable et déchets";0,081186087668
2016-04;"Hauts-de-France";"Thermique renouvelable et déchets";0,074517936
2016-05;"Hauts-de-France";"Thermique renouvelable et déchets";0,079481368334
2016-06;"Hauts-de-France";"Thermique renouvelable et déchets";0,068708855165
2016-07;"Hauts-de-France";"Thermique renouvelable et déchets";0,076276142335
2016-08;"Hauts-de-France";"Thermique renouvelable et déchets";0,081407765832
2016-09;"Hauts-de-France";"Thermique renouvelable et déchets";0,078175179833
2016-10;"Hauts-de-France";"Thermique renouvelable et déchets";0,076413830168
2016-11;"Hauts-de-France";"Thermique renouvelable et déchets";0,078059994833
2016-12;"Hauts-de-France";"Thermique renouvelable et déchets";0,074832906833
2017-01;"Hauts-de-France";"Thermique renouvelable et déchets";0,071648632166
2017-02;"Hauts-de-France";"Thermique renouvelable et déchets";0,074358693833
2017-03;"Hauts-de-France";"Thermique renouvelable et déchets";0,078697726667
2017-04;"Hauts-de-France";"Thermique renouvelable et déchets";0,070031426663
2017-05;"Hauts-de-France";"Thermique renouvelable et déchets";0,076136627334
2017-06;"Hauts-de-France";"Thermique renouvelable et déchets";0,074965354999
2017-07;"Hauts-de-France";"Thermique renouvelable et déchets";0,083494246166
2017-08;"Hauts-de-France";"Thermique renouvelable et déchets";0,0848184565
2017-09;"Hauts-de-France";"Thermique renouvelable et déchets";0,080419929168
2017-10;"Hauts-de-France";"Thermique renouvelable et déchets";0,064643937667
2017-11;"Hauts-de-France";"Thermique renouvelable et déchets";0,081358308833
2017-12;"Hauts-de-France";"Thermique renouvelable et déchets";0,088322411668
2018-01;"Hauts-de-France";"Thermique renouvelable et déchets";0,088122717336
2018-02;"Hauts-de-France";"Thermique renouvelable et déchets";0,082064963665
2018-03;"Hauts-de-France";"Thermique renouvelable et déchets";0,087319045332
2018-04;"Hauts-de-France";"Thermique renouvelable et déchets";0,087115974
2018-05;"Hauts-de-France";"Thermique renouvelable et déchets";0,090625065834
2018-06;"Hauts-de-France";"Thermique renouvelable et déchets";0,083082812834
2018-07;"Hauts-de-France";"Thermique renouvelable et déchets";0,090810754498
2018-08;"Hauts-de-France";"Thermique renouvelable et déchets";0,094200939999
2018-09;"Hauts-de-France";"Thermique renouvelable et déchets";0,0855229795
2018-10;"Hauts-de-France";"Thermique renouvelable et déchets";0,080764499666
2018-11;"Hauts-de-France";"Thermique renouvelable et déchets";0,0813914045
2018-12;"Hauts-de-France";"Thermique renouvelable et déchets";0,082041087667
2019-01;"Hauts-de-France";"Thermique renouvelable et déchets";0,091292464001
2019-02;"Hauts-de-France";"Thermique renouvelable et déchets";0,078238072833
2019-03;"Hauts-de-France";"Thermique renouvelable et déchets";0,087933855499
2019-04;"Hauts-de-France";"Thermique renouvelable et déchets";0,083889699
2019-05;"Hauts-de-France";"Thermique renouvelable et déchets";0,086360442667
2019-06;"Hauts-de-France";"Thermique renouvelable et déchets";0,086360682833
2019-07;"Hauts-de-France";"Thermique renouvelable et déchets";0,094563275334
2019-08;"Hauts-de-France";"Thermique renouvelable et déchets";0,093271699165
2019-09;"Hauts-de-France";"Thermique renouvelable et déchets";0,083108827668
2019-10;"Hauts-de-France";"Thermique renouvelable et déchets";0,090182514832
2019-11;"Hauts-de-France";"Thermique renouvelable et déchets";0,091710538167
2019-12;"Hauts-de-France";"Thermique renouvelable et déchets";0,093884634166
2020-01;"Hauts-de-France";"Thermique renouvelable et déchets";0,092909139499
2020-02;"Hauts-de-France";"Thermique renouvelable et déchets";0,083589854163
2020-03;"Hauts-de-France";"Thermique renouvelable et déchets";0,0950454825
2020-04;"Hauts-de-France";"Thermique renouvelable et déchets";0,0885264455
2020-05;"Hauts-de-France";"Thermique renouvelable et déchets";0,087166532498
2020-06;"Hauts-de-France";"Thermique renouvelable et déchets";0,085076016333
2020-07;"Hauts-de-France";"Thermique renouvelable et déchets";0,085491659001
2020-08;"Hauts-de-France";"Thermique renouvelable et déchets";0,090246000001
2020-09;"Hauts-de-France";"Thermique renouvelable et déchets";0,082512964501
2020-10;"Hauts-de-France";"Thermique renouvelable et déchets";0,084561868334
2020-11;"Hauts-de-France";"Thermique renouvelable et déchets";0,085989147001
2020-12;"Hauts-de-France";"Thermique renouvelable et déchets";0,094190702166
2021-01;"Hauts-de-France";"Thermique renouvelable et déchets";0,090549709167
2021-02;"Hauts-de-France";"Thermique renouvelable et déchets";0,077667324001
2021-03;"Hauts-de-France";"Thermique renouvelable et déchets";0,091577415169
2021-04;"Hauts-de-France";"Thermique renouvelable et déchets";0,079383662665
2021-05;"Hauts-de-France";"Thermique renouvelable et déchets";0,0846999415
2021-06;"Hauts-de-France";"Thermique renouvelable et déchets";0,076690690335
2021-07;"Hauts-de-France";"Thermique renouvelable et déchets";0,083341948
2021-08;"Hauts-de-France";"Thermique renouvelable et déchets";0,082863268168
2021-09;"Hauts-de-France";"Thermique renouvelable et déchets";0,073743521335
2021-10;"Hauts-de-France";"Thermique renouvelable et déchets";0,076273205002
2021-11;"Hauts-de-France";"Thermique renouvelable et déchets";0,074683506335
2021-12;"Hauts-de-France";"Thermique renouvelable et déchets";0,077207936667
2022-01;"Hauts-de-France";"Thermique renouvelable et déchets";0,080348249229
2022-02;"Hauts-de-France";"Thermique renouvelable et déchets";0,075674364116
2022-03;"Hauts-de-France";"Thermique renouvelable et déchets";0,089313167906
2022-04;"Hauts-de-France";"Thermique renouvelable et déchets";0,076556819351
2022-05;"Hauts-de-France";"Thermique renouvelable et déchets";0,084521380555
2022-06;"Hauts-de-France";"Thermique renouvelable et déchets";0,07895670028
2022-07;"Hauts-de-France";"Thermique renouvelable et déchets";0,083700168546
2022-08;"Hauts-de-France";"Thermique renouvelable et déchets";0,077653427529
2022-09;"Hauts-de-France";"Thermique renouvelable et déchets";0,068006550047
2022-10;"Hauts-de-France";"Thermique renouvelable et déchets";0,066201278858
2022-11;"Hauts-de-France";"Thermique renouvelable et déchets";0,071131619342
2022-12;"Hauts-de-France";"Thermique renouvelable et déchets";0,079938334198
2023-01;"Hauts-de-France";"Thermique renouvelable et déchets";0,085372655159
2023-02;"Hauts-de-France";"Thermique renouvelable et déchets";0,081562368658
2023-03;"Hauts-de-France";"Thermique renouvelable et déchets";0,086798772509
2023-04;"Hauts-de-France";"Thermique renouvelable et déchets";0,07129577372
2023-05;"Hauts-de-France";"Thermique renouvelable et déchets";0,079007658904
2023-06;"Hauts-de-France";"Thermique renouvelable et déchets";0,078802483352
2023-07;"Hauts-de-France";"Thermique renouvelable et déchets";0,085051473748
2023-08;"Hauts-de-France";"Thermique renouvelable et déchets";0,085608492782
2023-09;"Hauts-de-France";"Thermique renouvelable et déchets";0,074608686746
2023-10;"Hauts-de-France";"Thermique renouvelable et déchets";0,078418179678
2023-11;"Hauts-de-France";"Thermique renouvelable et déchets";0,081849269979
2023-12;"Hauts-de-France";"Thermique renouvelable et déchets";0,086860525555
2024-01;"Hauts-de-France";"Thermique renouvelable et déchets";0,093353493337
2024-02;"Hauts-de-France";"Thermique renouvelable et déchets";0,093621129814
2024-03;"Hauts-de-France";"Thermique renouvelable et déchets";0,092704463311
2024-04;"Hauts-de-France";"Thermique renouvelable et déchets";0,079141462874
2024-05;"Hauts-de-France";"Thermique renouvelable et déchets";0,09331019475
2024-06;"Hauts-de-France";"Thermique renouvelable et déchets";0,087133533946
2024-07;"Hauts-de-France";"Thermique renouvelable et déchets";0,093892109082
2024-08;"Hauts-de-France";"Thermique renouvelable et déchets";0,09462628979
2024-09;"Hauts-de-France";"Thermique renouvelable et déchets";0,078744136735
2024-10;"Hauts-de-France";"Thermique renouvelable et déchets";0,074407630452
2024-11;"Hauts-de-France";"Thermique renouvelable et déchets";0,087948205541
2024-12;"Hauts-de-France";"Thermique renouvelable et déchets";0,097282964322
2025-01;"Hauts-de-France";"Thermique renouvelable et déchets";0,091872288754
2025-02;"Hauts-de-France";"Thermique renouvelable et déchets";0,082860193457
2025-03;"Hauts-de-France";"Thermique renouvelable et déchets";0,093044681859
2025-04;"Hauts-de-France";"Thermique renouvelable et déchets";0,084278582921
2025-05;"Hauts-de-France";"Thermique renouvelable et déchets";0,091742848972
2025-06;"Hauts-de-France";"Thermique renouvelable et déchets";0,081380282794
2025-07;"Hauts-de-France";"Thermique renouvelable et déchets";0,087925109131
2025-08;"Hauts-de-France";"Thermique renouvelable et déchets";0,087576589203
2025-09;"Hauts-de-France";"Thermique renouvelable et déchets";0,086139865873
2025-10;"Hauts-de-France";"Thermique renouvelable et déchets";0,085746699549
2025-11;"Hauts-de-France";"Thermique renouvelable et déchets";0,083990181595
2014-01;"Hauts-de-France";"Energie produite";5,080777308174
2014-02;"Hauts-de-France";"Energie produite";4,389065947082
2014-03;"Hauts-de-France";"Energie produite";3,876342781264
2014-04;"Hauts-de-France";"Energie produite";2,412102484712
2014-05;"Hauts-de-France";"Energie produite";2,919536904843
2014-06;"Hauts-de-France";"Energie produite";2,4545408817
2014-07;"Hauts-de-France";"Energie produite";2,824188920155
2014-08;"Hauts-de-France";"Energie produite";3,167511981941
2014-09;"Hauts-de-France";"Energie produite";2,925016626899
2014-10;"Hauts-de-France";"Energie produite";3,751452092628
2014-11;"Hauts-de-France";"Energie produite";4,343740787832
2014-12;"Hauts-de-France";"Energie produite";4,887559328884
2015-01;"Hauts-de-France";"Energie produite";5,224249897334
2015-02;"Hauts-de-France";"Energie produite";4,901950733024
2015-03;"Hauts-de-France";"Energie produite";4,66746423694
2015-04;"Hauts-de-France";"Energie produite";3,187187836844
2015-05;"Hauts-de-France";"Energie produite";3,241087165402
2015-06;"Hauts-de-France";"Energie produite";3,626339866908
2015-07;"Hauts-de-France";"Energie produite";3,856311654414
2015-08;"Hauts-de-France";"Energie produite";2,946102493845
2015-09;"Hauts-de-France";"Energie produite";3,344095004733
2015-10;"Hauts-de-France";"Energie produite";4,004014976282
2015-11;"Hauts-de-France";"Energie produite";4,520714671632
2015-12;"Hauts-de-France";"Energie produite";5,269653970398
2016-01;"Hauts-de-France";"Energie produite";5,219352758714
2016-02;"Hauts-de-France";"Energie produite";4,26099327174
2016-03;"Hauts-de-France";"Energie produite";4,942181668948
2016-04;"Hauts-de-France";"Energie produite";3,466609207755
2016-05;"Hauts-de-France";"Energie produite";3,166539004255
2016-06;"Hauts-de-France";"Energie produite";3,472247482978
2016-07;"Hauts-de-France";"Energie produite";3,306104580237
2016-08;"Hauts-de-France";"Energie produite";3,249666892714
2016-09;"Hauts-de-France";"Energie produite";3,380922677062
2016-10;"Hauts-de-France";"Energie produite";3,152766542632
2016-11;"Hauts-de-France";"Energie produite";3,819229557265
2016-12;"Hauts-de-France";"Energie produite";4,174127154226
2017-01;"Hauts-de-France";"Energie produite";4,899964728172
2017-02;"Hauts-de-France";"Energie produite";4,350614929933
2017-03;"Hauts-de-France";"Energie produite";4,53040013968
2017-04;"Hauts-de-France";"Energie produite";3,30790791046
2017-05;"Hauts-de-France";"Energie produite";3,514167113003
2017-06;"Hauts-de-France";"Energie produite";3,282587300285
2017-07;"Hauts-de-France";"Energie produite";3,094605908344
2017-08;"Hauts-de-France";"Energie produite";3,766066467164
2017-09;"Hauts-de-France";"Energie produite";4,189623814638
2017-10;"Hauts-de-France";"Energie produite";4,067096758225
2017-11;"Hauts-de-France";"Energie produite";4,694591202798
2017-12;"Hauts-de-France";"Energie produite";5,487748658775
2018-01;"Hauts-de-France";"Energie produite";5,708722969071
2018-02;"Hauts-de-France";"Energie produite";5,512624774582
2018-03;"Hauts-de-France";"Energie produite";5,109867970594
2018-04;"Hauts-de-France";"Energie produite";3,510066348805
2018-05;"Hauts-de-France";"Energie produite";3,257545437053
2018-06;"Hauts-de-France";"Energie produite";3,070868667077
2018-07;"Hauts-de-France";"Energie produite";3,66827744233
2018-08;"Hauts-de-France";"Energie produite";3,525281568292
2018-09;"Hauts-de-France";"Energie produite";2,828181321275
2018-10;"Hauts-de-France";"Energie produite";4,492276330364
2018-11;"Hauts-de-France";"Energie produite";5,128164668359
2018-12;"Hauts-de-France";"Energie produite";5,988116513735
2019-01;"Hauts-de-France";"Energie produite";6,302179601799
2019-02;"Hauts-de-France";"Energie produite";5,234930309639
2019-03;"Hauts-de-France";"Energie produite";5,303830798218
2019-04;"Hauts-de-France";"Energie produite";3,892168375331
2019-05;"Hauts-de-France";"Energie produite";3,497596056006
2019-06;"Hauts-de-France";"Energie produite";2,883607562138
2019-07;"Hauts-de-France";"Energie produite";3,742249807917
2019-08;"Hauts-de-France";"Energie produite";3,590023157274
2019-09;"Hauts-de-France";"Energie produite";3,748553336318
2019-10;"Hauts-de-France";"Energie produite";3,887638699121
2019-11;"Hauts-de-France";"Energie produite";4,542461161517
2019-12;"Hauts-de-France";"Energie produite";5,532396721015
2020-01;"Hauts-de-France";"Energie produite";5,66879474982
2020-02;"Hauts-de-France";"Energie produite";5,595954526619
2020-03;"Hauts-de-France";"Energie produite";5,588495856979
2020-04;"Hauts-de-France";"Energie produite";4,01766779474
2020-05;"Hauts-de-France";"Energie produite";4,356350271823
2020-06;"Hauts-de-France";"Energie produite";3,588671121369
2020-07;"Hauts-de-France";"Energie produite";3,851147172271
2020-08;"Hauts-de-France";"Energie produite";4,323177416114
2020-09;"Hauts-de-France";"Energie produite";3,846105194106
2020-10;"Hauts-de-France";"Energie produite";4,178568722792
2020-11;"Hauts-de-France";"Energie produite";4,840956336821
2020-12;"Hauts-de-France";"Energie produite";5,14052099245
2021-01;"Hauts-de-France";"Energie produite";5,641966302509
2021-02;"Hauts-de-France";"Energie produite";4,691606589773
2021-03;"Hauts-de-France";"Energie produite";5,158955529046
2021-04;"Hauts-de-France";"Energie produite";4,298884882404
2021-05;"Hauts-de-France";"Energie produite";4,631260909461
2021-06;"Hauts-de-France";"Energie produite";3,27448300993
2021-07;"Hauts-de-France";"Energie produite";3,758457970192
2021-08;"Hauts-de-France";"Energie produite";3,516080692149
2021-09;"Hauts-de-France";"Energie produite";2,961883518188
2021-10;"Hauts-de-France";"Energie produite";3,714880089997
2021-11;"Hauts-de-France";"Energie produite";4,32332810474
2021-12;"Hauts-de-France";"Energie produite";4,770922129576
2022-01;"Hauts-de-France";"Energie produite";4,412317050769
2022-02;"Hauts-de-France";"Energie produite";4,73977655101
2022-03;"Hauts-de-France";"Energie produite";4,433281093984
2022-04;"Hauts-de-France";"Energie produite";4,377535749683
2022-05;"Hauts-de-France";"Energie produite";4,205195425539
2022-06;"Hauts-de-France";"Energie produite";3,686070843947
2022-07;"Hauts-de-France";"Energie produite";3,297519609475
2022-08;"Hauts-de-France";"Energie produite";3,478400021285
2022-09;"Hauts-de-France";"Energie produite";3,845772028875
2022-10;"Hauts-de-France";"Energie produite";5,055879376675
2022-11;"Hauts-de-France";"Energie produite";5,031715180015
2022-12;"Hauts-de-France";"Energie produite";5,064022008419
2023-01;"Hauts-de-France";"Energie produite";5,88738608956
2023-02;"Hauts-de-France";"Energie produite";5,249649602464
2023-03;"Hauts-de-France";"Energie produite";5,782920855701
2023-04;"Hauts-de-France";"Energie produite";4,425337791149
2023-05;"Hauts-de-France";"Energie produite";3,865314249761
2023-06;"Hauts-de-France";"Energie produite";3,226012301747
2023-07;"Hauts-de-France";"Energie produite";3,246428037454
2023-08;"Hauts-de-France";"Energie produite";2,547934538904
2023-09;"Hauts-de-France";"Energie produite";2,841425278889
2023-10;"Hauts-de-France";"Energie produite";3,717240972393
2023-11;"Hauts-de-France";"Energie produite";5,243836260006
2023-12;"Hauts-de-France";"Energie produite";5,526701577808
2024-01;"Hauts-de-France";"Energie produite";5,393270172761
2024-02;"Hauts-de-France";"Energie produite";4,894004197901
2024-03;"Hauts-de-France";"Energie produite";4,857325467032
2024-04;"Hauts-de-France";"Energie produite";4,00774960363
2024-05;"Hauts-de-France";"Energie produite";3,728427057289
2024-06;"Hauts-de-France";"Energie produite";3,676915056736
2024-07;"Hauts-de-France";"Energie produite";3,988507606631
2024-08;"Hauts-de-France";"Energie produite";3,147477470316
2024-09;"Hauts-de-France";"Energie produite";3,67351394604
2024-10;"Hauts-de-France";"Energie produite";3,256785531454
2024-11;"Hauts-de-France";"Energie produite";4,484809198131
2024-12;"Hauts-de-France";"Energie produite";5,395309155864
2025-01;"Hauts-de-France";"Energie produite";5,422765629757
2025-02;"Hauts-de-France";"Energie produite";4,356024285359
2025-03;"Hauts-de-France";"Energie produite";3,857771864531
2025-04;"Hauts-de-France";"Energie produite";3,637423895655
2025-05;"Hauts-de-France";"Energie produite";3,243072556959
2025-06;"Hauts-de-France";"Energie produite";3,434668366995
2025-07;"Hauts-de-France";"Energie produite";4,532789320338
2025-08;"Hauts-de-France";"Energie produite";3,059859614716
2025-09;"Hauts-de-France";"Energie produite";3,870031719956
2025-10;"Hauts-de-France";"Energie produite";4,322604267927
2025-11;"Hauts-de-France";"Energie produite";4,978941588327
2014-01;"Grand Est";"Autre";3,4789567060489E-18
2014-02;"Grand Est";"Autre";1,3112196224629E-17
2014-03;"Grand Est";"Autre";-9,5098234842439E-19
2014-04;"Grand Est";"Autre";1,037950975169E-18
2014-05;"Grand Est";"Autre";1,1475628607094E-17
2014-06;"Grand Est";"Autre";4,2385548196244E-18
2014-07;"Grand Est";"Autre";3,463046689689E-18
2014-08;"Grand Est";"Autre";1,1150923934222E-18
2014-09;"Grand Est";"Autre";-2,5920810636792E-18
2014-10;"Grand Est";"Autre";3,9354379130496E-18
2014-11;"Grand Est";"Autre";5,1929467670408E-18
2014-12;"Grand Est";"Autre";-1,5607532627415E-17
2015-01;"Grand Est";"Autre";-1,5689512189443E-17
2015-02;"Grand Est";"Autre";-4,8447617445602E-18
2015-03;"Grand Est";"Autre";5,4817105715754E-18
2015-04;"Grand Est";"Autre";-8,2311327892492E-18
2015-05;"Grand Est";"Autre";-7,6119457959045E-18
2015-06;"Grand Est";"Autre";-1,1514201050944E-18
2015-07;"Grand Est";"Autre";2,1789063608946E-18
2015-08;"Grand Est";"Autre";1,8320987088538E-18
2015-09;"Grand Est";"Autre";-3,7105631067735E-18
2015-10;"Grand Est";"Autre";6,4048957110208E-18
2015-11;"Grand Est";"Autre";1,8018799993746E-17
2015-12;"Grand Est";"Autre";-1,7257372614266E-17
2016-01;"Grand Est";"Autre";6,8033217948127E-18
2016-02;"Grand Est";"Autre";3,2840952179924E-18
2016-03;"Grand Est";"Autre";-4,6671954495592E-18
2016-04;"Grand Est";"Autre";1,0446142215126E-17
2016-05;"Grand Est";"Autre";-7,4548006656627E-18
2016-06;"Grand Est";"Autre";-6,1153859753915E-19
2016-07;"Grand Est";"Autre";-1,499446400377E-18
2016-08;"Grand Est";"Autre";-1,7629023241206E-18
2016-09;"Grand Est";"Autre";2,7366607244228E-18
2016-10;"Grand Est";"Autre";9,3794937094938E-18
2016-11;"Grand Est";"Autre";-3,6827034477493E-18
2016-12;"Grand Est";"Autre";-4,049559299002E-18
2017-01;"Grand Est";"Autre";0,001400101
2017-02;"Grand Est";"Autre";0,001455851
2017-03;"Grand Est";"Autre";0,001754147
2017-04;"Grand Est";"Autre";0,000494331
2017-05;"Grand Est";"Autre";0,00047591199999999
2017-06;"Grand Est";"Autre";0,00045213
2017-07;"Grand Est";"Autre";0,00046720099999999
2017-08;"Grand Est";"Autre";0,00046720100000001
2017-09;"Grand Est";"Autre";0,00048141
2017-10;"Grand Est";"Autre";0,00050390399999998
2017-11;"Grand Est";"Autre";0,001700035
2017-12;"Grand Est";"Autre";0,001958729
2018-01;"Grand Est";"Autre";0,001897314
2018-02;"Grand Est";"Autre";0,001680564
2018-03;"Grand Est";"Autre";0,001847716
2018-04;"Grand Est";"Autre";0,00049844
2018-05;"Grand Est";"Autre";0,000445005
2018-06;"Grand Est";"Autre";0,001452552
2018-07;"Grand Est";"Autre";0,001469968
2018-08;"Grand Est";"Autre";0,001794096
2018-09;"Grand Est";"Autre";0,001762477
2018-10;"Grand Est";"Autre";0,002935459
2018-11;"Grand Est";"Autre";0,004038122
2018-12;"Grand Est";"Autre";0,005376943
2019-01;"Grand Est";"Autre";0,000335769
2019-02;"Grand Est";"Autre";0,00088885000000001
2019-03;"Grand Est";"Autre";0,00094917800000001
2019-04;"Grand Est";"Autre";0,00026255499999999
2019-05;"Grand Est";"Autre";0,00028496500000001
2019-06;"Grand Est";"Autre";0,000258004
2019-07;"Grand Est";"Autre";0,000247212
2019-08;"Grand Est";"Autre";0,000228828
2019-09;"Grand Est";"Autre";0,00022270399999999
2019-10;"Grand Est";"Autre";0,000243397
2019-11;"Grand Est";"Autre";0,001481272
2019-12;"Grand Est";"Autre";0,001655248
2020-01;"Grand Est";"Autre";0,001664426
2020-02;"Grand Est";"Autre";0,001569074
2020-03;"Grand Est";"Autre";0,001128975
2020-04;"Grand Est";"Autre";0,00023793599999999
2020-05;"Grand Est";"Autre";0,000261546
2020-06;"Grand Est";"Autre";0,00023797599999999
2020-07;"Grand Est";"Autre";0,000241882
2020-08;"Grand Est";"Autre";0,00024327599999999
2020-09;"Grand Est";"Autre";0,00058849199999999
2020-10;"Grand Est";"Autre";0,00028311599999997
2020-11;"Grand Est";"Autre";0,00063949000000002
2020-12;"Grand Est";"Autre";0,00046275399999997
2021-01;"Grand Est";"Autre";0,00024804700000001
2021-02;"Grand Est";"Autre";0,00022753100000001
2021-03;"Grand Est";"Autre";0,000249979
2021-04;"Grand Est";"Autre";0,000230342
2021-05;"Grand Est";"Autre";0,00024993299999999
2021-06;"Grand Est";"Autre";0,000236338
2021-07;"Grand Est";"Autre";0,00032788399999999
2021-08;"Grand Est";"Autre";0,00024283200000001
2021-09;"Grand Est";"Autre";0,00024045699999999
2021-10;"Grand Est";"Autre";0,00025156999999998
2021-11;"Grand Est";"Autre";0,000239971
2021-12;"Grand Est";"Autre";0,00022843900000001
2022-01;"Grand Est";"Autre";0,00068594478600001
2022-02;"Grand Est";"Autre";0,00064360021700003
2022-03;"Grand Est";"Autre";0,00067318951299999
2022-04;"Grand Est";"Autre";0,000660593349
2022-05;"Grand Est";"Autre";0,00067857654300001
2022-06;"Grand Est";"Autre";0,000563597241
2022-07;"Grand Est";"Autre";0,000538641895
2022-08;"Grand Est";"Autre";0,000538576888
2022-09;"Grand Est";"Autre";0,00052950888
2022-10;"Grand Est";"Autre";0,00052840786499998
2022-11;"Grand Est";"Autre";0,00052713689999997
2022-12;"Grand Est";"Autre";0,00052608887899999
2023-01;"Grand Est";"Autre";0,00050881794200002
2023-02;"Grand Est";"Autre";0,00050956494399999
2023-03;"Grand Est";"Autre";0,00051015494099997
2023-04;"Grand Est";"Autre";0,00051175496999999
2023-05;"Grand Est";"Autre";0,00050900849899999
2023-06;"Grand Est";"Autre";0,00051174051
2023-07;"Grand Est";"Autre";0,00051047048999999
2023-08;"Grand Est";"Autre";0,00050952747000001
2023-09;"Grand Est";"Autre";0,0005094105
2023-10;"Grand Est";"Autre";0,000508502486
2023-11;"Grand Est";"Autre";0,00050652950999994
2023-12;"Grand Est";"Autre";0,00050594250600001
2024-01;"Grand Est";"Autre";0,000505941514
2024-02;"Grand Est";"Autre";0,000506344495
2024-03;"Grand Est";"Autre";0,00050708126899998
2024-04;"Grand Est";"Autre";0,00050870543999998
2024-05;"Grand Est";"Autre";0,000509533484
2024-06;"Grand Est";"Autre";0,00051100251000001
2024-07;"Grand Est";"Autre";0,00051076948499999
2024-08;"Grand Est";"Autre";0,000511395868
2024-09;"Grand Est";"Autre";0,00051047060900001
2024-10;"Grand Est";"Autre";0,000508274977
2024-11;"Grand Est";"Autre";0,00050676746999997
2024-12;"Grand Est";"Autre";0,00050601848700001
2025-01;"Grand Est";"Autre";0,00050599650799999
2025-02;"Grand Est";"Autre";0,00050636549599998
2025-03;"Grand Est";"Autre";0,00050804452300001
2025-04;"Grand Est";"Autre";0,00051037152000002
2025-05;"Grand Est";"Autre";0,00051077246100001
2025-06;"Grand Est";"Autre";0,00051167351999999
2025-07;"Grand Est";"Autre";0,00051224781300001
2025-08;"Grand Est";"Autre";0,00051044652700001
2025-09;"Grand Est";"Autre";0,00051015051000001
2025-10;"Grand Est";"Autre";0,000510475564
2025-11;"Grand Est";"Autre";0,00050823249000001
2014-01;"Grand Est";"Solaire";0,013174675
2014-02;"Grand Est";"Solaire";0,018508991
2014-03;"Grand Est";"Solaire";0,04756583
2014-04;"Grand Est";"Solaire";0,050267912
2014-05;"Grand Est";"Solaire";0,059291752
2014-06;"Grand Est";"Solaire";0,069768866
2014-07;"Grand Est";"Solaire";0,054789481
2014-08;"Grand Est";"Solaire";0,051485578
2014-09;"Grand Est";"Solaire";0,048495308
2014-10;"Grand Est";"Solaire";0,029174315
2014-11;"Grand Est";"Solaire";0,013258215
2014-12;"Grand Est";"Solaire";0,005447228
2015-01;"Grand Est";"Solaire";0,009375631
2015-02;"Grand Est";"Solaire";0,020980284
2015-03;"Grand Est";"Solaire";0,045009723
2015-04;"Grand Est";"Solaire";0,05804424
2015-05;"Grand Est";"Solaire";0,05909614
2015-06;"Grand Est";"Solaire";0,066151041
2015-07;"Grand Est";"Solaire";0,06873076
2015-08;"Grand Est";"Solaire";0,061186861
2015-09;"Grand Est";"Solaire";0,046145563
2015-10;"Grand Est";"Solaire";0,027251004
2015-11;"Grand Est";"Solaire";0,016480521
2015-12;"Grand Est";"Solaire";0,016255237
2016-01;"Grand Est";"Solaire";0,015213756
2016-02;"Grand Est";"Solaire";0,019652431
2016-03;"Grand Est";"Solaire";0,037882717
2016-04;"Grand Est";"Solaire";0,047682549
2016-05;"Grand Est";"Solaire";0,057471997
2016-06;"Grand Est";"Solaire";0,054277588
2016-07;"Grand Est";"Solaire";0,065957211
2016-08;"Grand Est";"Solaire";0,064345569
2016-09;"Grand Est";"Solaire";0,051259572
2016-10;"Grand Est";"Solaire";0,039348777
2016-11;"Grand Est";"Solaire";0,016527303
2016-12;"Grand Est";"Solaire";0,015941872
2017-01;"Grand Est";"Solaire";0,016141365
2017-02;"Grand Est";"Solaire";0,02076512
2017-03;"Grand Est";"Solaire";0,04261027
2017-04;"Grand Est";"Solaire";0,058796444
2017-05;"Grand Est";"Solaire";0,067317391
2017-06;"Grand Est";"Solaire";0,0730458
2017-07;"Grand Est";"Solaire";0,063893949
2017-08;"Grand Est";"Solaire";0,059339401
2017-09;"Grand Est";"Solaire";0,045980729
2017-10;"Grand Est";"Solaire";0,034548163
2017-11;"Grand Est";"Solaire";0,014257995
2017-12;"Grand Est";"Solaire";0,008274735
2018-01;"Grand Est";"Solaire";0,01357860233596
2018-02;"Grand Est";"Solaire";0,036316803492051
2018-03;"Grand Est";"Solaire";0,044557788347344
2018-04;"Grand Est";"Solaire";0,07230611892678
2018-05;"Grand Est";"Solaire";0,08350882705808
2018-06;"Grand Est";"Solaire";0,08431114586885
2018-07;"Grand Est";"Solaire";0,09138845729108
2018-08;"Grand Est";"Solaire";0,0805492747922
2018-09;"Grand Est";"Solaire";0,07201211316711
2018-10;"Grand Est";"Solaire";0,055877560380219
2018-11;"Grand Est";"Solaire";0,030415731020432
2018-12;"Grand Est";"Solaire";0,010746248323018
2019-01;"Grand Est";"Solaire";0,018120592776123
2019-02;"Grand Est";"Solaire";0,044414614179891
2019-03;"Grand Est";"Solaire";0,05920768610968
2019-04;"Grand Est";"Solaire";0,067202646139698
2019-05;"Grand Est";"Solaire";0,08192361945041
2019-06;"Grand Est";"Solaire";0,0898974968096
2019-07;"Grand Est";"Solaire";0,09326322591061
2019-08;"Grand Est";"Solaire";0,08669185555942
2019-09;"Grand Est";"Solaire";0,07313718063997
2019-10;"Grand Est";"Solaire";0,048852862059376
2019-11;"Grand Est";"Solaire";0,02845550082504
2019-12;"Grand Est";"Solaire";0,022327781517437
2020-01;"Grand Est";"Solaire";0,020091528
2020-02;"Grand Est";"Solaire";0,031104162
2020-03;"Grand Est";"Solaire";0,053313424
2020-04;"Grand Est";"Solaire";0,078357235
2020-05;"Grand Est";"Solaire";0,087575734
2020-06;"Grand Est";"Solaire";0,077460457
2020-07;"Grand Est";"Solaire";0,088355475
2020-08;"Grand Est";"Solaire";0,078324503
2020-09;"Grand Est";"Solaire";0,063206255
2020-10;"Grand Est";"Solaire";0,033460935
2020-11;"Grand Est";"Solaire";0,030357788
2020-12;"Grand Est";"Solaire";0,014099626
2021-01;"Grand Est";"Solaire";0,01304408713703
2021-02;"Grand Est";"Solaire";0,032254258288281
2021-03;"Grand Est";"Solaire";0,07299765933024
2021-04;"Grand Est";"Solaire";0,08664477836079
2021-05;"Grand Est";"Solaire";0,09459066339452
2021-06;"Grand Est";"Solaire";0,107768701471
2021-07;"Grand Est";"Solaire";0,10401163751096
2021-08;"Grand Est";"Solaire";0,10166408416834
2021-09;"Grand Est";"Solaire";0,10548365295742
2021-10;"Grand Est";"Solaire";0,07019251648467
2021-11;"Grand Est";"Solaire";0,032749368317835
2021-12;"Grand Est";"Solaire";0,020005806577736
2022-01;"Grand Est";"Solaire";0,030179065906
2022-02;"Grand Est";"Solaire";0,051800535841
2022-03;"Grand Est";"Solaire";0,109073256969
2022-04;"Grand Est";"Solaire";0,124638691921
2022-05;"Grand Est";"Solaire";0,162356000809
2022-06;"Grand Est";"Solaire";0,158324506431
2022-07;"Grand Est";"Solaire";0,187548291019
2022-08;"Grand Est";"Solaire";0,170525536916
2022-09;"Grand Est";"Solaire";0,118416070196
2022-10;"Grand Est";"Solaire";0,085832716115
2022-11;"Grand Est";"Solaire";0,040336733477
2022-12;"Grand Est";"Solaire";0,019607653652
2023-01;"Grand Est";"Solaire";0,024871311655
2023-02;"Grand Est";"Solaire";0,068875692421
2023-03;"Grand Est";"Solaire";0,101042834253
2023-04;"Grand Est";"Solaire";0,133571548542
2023-05;"Grand Est";"Solaire";0,184424470948
2023-06;"Grand Est";"Solaire";0,223467835137
2023-07;"Grand Est";"Solaire";0,183452918917
2023-08;"Grand Est";"Solaire";0,171024141219
2023-09;"Grand Est";"Solaire";0,171785619282
2023-10;"Grand Est";"Solaire";0,104435498182
2023-11;"Grand Est";"Solaire";0,042806601742
2023-12;"Grand Est";"Solaire";0,028572941703
2024-01;"Grand Est";"Solaire";0,041787688984
2024-02;"Grand Est";"Solaire";0,061730968144
2024-03;"Grand Est";"Solaire";0,130525931696
2024-04;"Grand Est";"Solaire";0,161214357527
2024-05;"Grand Est";"Solaire";0,19696649822
2024-06;"Grand Est";"Solaire";0,222380885008
2024-07;"Grand Est";"Solaire";0,24346936538
2024-08;"Grand Est";"Solaire";0,252263921385
2024-09;"Grand Est";"Solaire";0,17391723455
2024-10;"Grand Est";"Solaire";0,111017634535
2024-11;"Grand Est";"Solaire";0,050645135111
2024-12;"Grand Est";"Solaire";0,038825860919
2025-01;"Grand Est";"Solaire";0,053773904493
2025-02;"Grand Est";"Solaire";0,090333568734
2025-03;"Grand Est";"Solaire";0,204013235258
2025-04;"Grand Est";"Solaire";0,233846616913
2025-05;"Grand Est";"Solaire";0,274511455852
2025-06;"Grand Est";"Solaire";0,297664678815
2025-07;"Grand Est";"Solaire";0,32084799766
2025-08;"Grand Est";"Solaire";0,314401992605
2025-09;"Grand Est";"Solaire";0,206436949531
2025-10;"Grand Est";"Solaire";0,152851475121
2025-11;"Grand Est";"Solaire";0,085987647817
2014-01;"Grand Est";"Hydraulique";0,711754836
2014-02;"Grand Est";"Hydraulique";0,626655591
2014-03;"Grand Est";"Hydraulique";0,608605071
2014-04;"Grand Est";"Hydraulique";0,554408946
2014-05;"Grand Est";"Hydraulique";0,815657749
2014-06;"Grand Est";"Hydraulique";0,659098665
2014-07;"Grand Est";"Hydraulique";0,96295157
2014-08;"Grand Est";"Hydraulique";0,982462359
2014-09;"Grand Est";"Hydraulique";0,764007287
2014-10;"Grand Est";"Hydraulique";0,683797649
2014-11;"Grand Est";"Hydraulique";0,725140781
2014-12;"Grand Est";"Hydraulique";0,627242758
2015-01;"Grand Est";"Hydraulique";0,808378001
2015-02;"Grand Est";"Hydraulique";0,578390152
2015-03;"Grand Est";"Hydraulique";0,76264083
2015-04;"Grand Est";"Hydraulique";0,854584682
2015-05;"Grand Est";"Hydraulique";0,970816595
2015-06;"Grand Est";"Hydraulique";0,937357491
2015-07;"Grand Est";"Hydraulique";0,697083845
2015-08;"Grand Est";"Hydraulique";0,556902127
2015-09;"Grand Est";"Hydraulique";0,47882024
2015-10;"Grand Est";"Hydraulique";0,481306242
2015-11;"Grand Est";"Hydraulique";0,454761716
2015-12;"Grand Est";"Hydraulique";0,512087073
2016-01;"Grand Est";"Hydraulique";0,704317862
2016-02;"Grand Est";"Hydraulique";0,800546958
2016-03;"Grand Est";"Hydraulique";0,711547141
2016-04;"Grand Est";"Hydraulique";0,825957166
2016-05;"Grand Est";"Hydraulique";0,990351938
2016-06;"Grand Est";"Hydraulique";0,986479734
2016-07;"Grand Est";"Hydraulique";1,005363679
2016-08;"Grand Est";"Hydraulique";0,852661232
2016-09;"Grand Est";"Hydraulique";0,628272246
2016-10;"Grand Est";"Hydraulique";0,476818801
2016-11;"Grand Est";"Hydraulique";0,630961618
2016-12;"Grand Est";"Hydraulique";0,414629378
2017-01;"Grand Est";"Hydraulique";0,363608611
2017-02;"Grand Est";"Hydraulique";0,530611882
2017-03;"Grand Est";"Hydraulique";0,780150618
2017-04;"Grand Est";"Hydraulique";0,561570339
2017-05;"Grand Est";"Hydraulique";0,821008733
2017-06;"Grand Est";"Hydraulique";0,757729293
2017-07;"Grand Est";"Hydraulique";0,682165868
2017-08;"Grand Est";"Hydraulique";0,71625103
2017-09;"Grand Est";"Hydraulique";0,742523111
2017-10;"Grand Est";"Hydraulique";0,603033684
2017-11;"Grand Est";"Hydraulique";0,671437922
2017-12;"Grand Est";"Hydraulique";0,781401682
2018-01;"Grand Est";"Hydraulique";0,86963797
2018-02;"Grand Est";"Hydraulique";0,70199297
2018-03;"Grand Est";"Hydraulique";0,693664719
2018-04;"Grand Est";"Hydraulique";0,76468802
2018-05;"Grand Est";"Hydraulique";0,862939654
2018-06;"Grand Est";"Hydraulique";0,813569536
2018-07;"Grand Est";"Hydraulique";0,533552283
2018-08;"Grand Est";"Hydraulique";0,410543472
2018-09;"Grand Est";"Hydraulique";0,401575031
2018-10;"Grand Est";"Hydraulique";0,35420258
2018-11;"Grand Est";"Hydraulique";0,290216556
2018-12;"Grand Est";"Hydraulique";0,638543395
2019-01;"Grand Est";"Hydraulique";0,601632697
2019-02;"Grand Est";"Hydraulique";0,534196587
2019-03;"Grand Est";"Hydraulique";0,724744347
2019-04;"Grand Est";"Hydraulique";0,62035683
2019-05;"Grand Est";"Hydraulique";0,821215478
2019-06;"Grand Est";"Hydraulique";0,908602178
2019-07;"Grand Est";"Hydraulique";0,780024601
2019-08;"Grand Est";"Hydraulique";0,810126832
2019-09;"Grand Est";"Hydraulique";0,611693267
2019-10;"Grand Est";"Hydraulique";0,713951399
2019-11;"Grand Est";"Hydraulique";0,702674222
2019-12;"Grand Est";"Hydraulique";0,768345679
2020-01;"Grand Est";"Hydraulique";0,567419075
2020-02;"Grand Est";"Hydraulique";0,732649414
2020-03;"Grand Est";"Hydraulique";0,791626103
2020-04;"Grand Est";"Hydraulique";0,52840995
2020-05;"Grand Est";"Hydraulique";0,679511375
2020-06;"Grand Est";"Hydraulique";0,698983666
2020-07;"Grand Est";"Hydraulique";0,683009412
2020-08;"Grand Est";"Hydraulique";0,602184385
2020-09;"Grand Est";"Hydraulique";0,550714719
2020-10;"Grand Est";"Hydraulique";0,681743021
2020-11;"Grand Est";"Hydraulique";0,587910086
2020-12;"Grand Est";"Hydraulique";0,624658361
2021-01;"Grand Est";"Hydraulique";0,655072174187
2021-02;"Grand Est";"Hydraulique";0,747013880919
2021-03;"Grand Est";"Hydraulique";0,711194092359
2021-04;"Grand Est";"Hydraulique";0,545951440705
2021-05;"Grand Est";"Hydraulique";0,839922626807
2021-06;"Grand Est";"Hydraulique";0,874455276474
2021-07;"Grand Est";"Hydraulique";0,912896097936
2021-08;"Grand Est";"Hydraulique";0,888374068105
2021-09;"Grand Est";"Hydraulique";0,643137508138
2021-10;"Grand Est";"Hydraulique";0,477187504581
2021-11;"Grand Est";"Hydraulique";0,428063674067
2021-12;"Grand Est";"Hydraulique";0,676958552086
2022-01;"Grand Est";"Hydraulique";0,695622551512
2022-02;"Grand Est";"Hydraulique";0,65920039478
2022-03;"Grand Est";"Hydraulique";0,48542011824
2022-04;"Grand Est";"Hydraulique";0,668545601298
2022-05;"Grand Est";"Hydraulique";0,66192332398
2022-06;"Grand Est";"Hydraulique";0,671369726172
2022-07;"Grand Est";"Hydraulique";0,547591189646
2022-08;"Grand Est";"Hydraulique";0,484304048915
2022-09;"Grand Est";"Hydraulique";0,540479470285
2022-10;"Grand Est";"Hydraulique";0,688627122459
2022-11;"Grand Est";"Hydraulique";0,608060402259
2022-12;"Grand Est";"Hydraulique";0,648869367837
2023-01;"Grand Est";"Hydraulique";0,7469265152
2023-02;"Grand Est";"Hydraulique";0,435697487252
2023-03;"Grand Est";"Hydraulique";0,634494926078
2023-04;"Grand Est";"Hydraulique";0,737050274918
2023-05;"Grand Est";"Hydraulique";0,845003121683
2023-06;"Grand Est";"Hydraulique";0,590268563466
2023-07;"Grand Est";"Hydraulique";0,527102359401
2023-08;"Grand Est";"Hydraulique";0,598957586688
2023-09;"Grand Est";"Hydraulique";0,598642704364
2023-10;"Grand Est";"Hydraulique";0,457883449998
2023-11;"Grand Est";"Hydraulique";0,778341430639
2023-12;"Grand Est";"Hydraulique";0,84949877132
2024-01;"Grand Est";"Hydraulique";0,852231828215
2024-02;"Grand Est";"Hydraulique";0,775996981241
2024-03;"Grand Est";"Hydraulique";0,826853320346
2024-04;"Grand Est";"Hydraulique";0,818700125198
2024-05;"Grand Est";"Hydraulique";0,87709342142
2024-06;"Grand Est";"Hydraulique";0,86229801559
2024-07;"Grand Est";"Hydraulique";0,94496581003
2024-08;"Grand Est";"Hydraulique";0,761223041714
2024-09;"Grand Est";"Hydraulique";0,686404501529
2024-10;"Grand Est";"Hydraulique";0,75616416715
2024-11;"Grand Est";"Hydraulique";0,563178935707
2024-12;"Grand Est";"Hydraulique";0,741444904197
2025-01;"Grand Est";"Hydraulique";0,774396682781
2025-02;"Grand Est";"Hydraulique";0,639429058342
2025-03;"Grand Est";"Hydraulique";0,506850803263
2025-04;"Grand Est";"Hydraulique";0,500622044806
2025-05;"Grand Est";"Hydraulique";0,660281836572
2025-06;"Grand Est";"Hydraulique";0,714377128641
2025-07;"Grand Est";"Hydraulique";0,691634223561
2025-08;"Grand Est";"Hydraulique";0,803046662144
2025-09;"Grand Est";"Hydraulique";0,771802490191
2025-10;"Grand Est";"Hydraulique";0,718938952689
2025-11;"Grand Est";"Hydraulique";0,727975546085
2014-01;"Grand Est";"Eolien";0,53548345
2014-02;"Grand Est";"Eolien";0,609541157
2014-03;"Grand Est";"Eolien";0,267089035
2014-04;"Grand Est";"Eolien";0,206313295
2014-05;"Grand Est";"Eolien";0,363411491
2014-06;"Grand Est";"Eolien";0,248259804
2014-07;"Grand Est";"Eolien";0,203286347
2014-08;"Grand Est";"Eolien";0,226232579
2014-09;"Grand Est";"Eolien";0,174611039
2014-10;"Grand Est";"Eolien";0,275410536
2014-11;"Grand Est";"Eolien";0,344076448
2014-12;"Grand Est";"Eolien";0,523286091
2015-01;"Grand Est";"Eolien";0,579678081
2015-02;"Grand Est";"Eolien";0,450500379
2015-03;"Grand Est";"Eolien";0,468725493
2015-04;"Grand Est";"Eolien";0,346223908
2015-05;"Grand Est";"Eolien";0,346789644
2015-06;"Grand Est";"Eolien";0,307855356
2015-07;"Grand Est";"Eolien";0,338204085
2015-08;"Grand Est";"Eolien";0,293339553
2015-09;"Grand Est";"Eolien";0,491870826
2015-10;"Grand Est";"Eolien";0,300307
2015-11;"Grand Est";"Eolien";0,651451588
2015-12;"Grand Est";"Eolien";0,590723369
2016-01;"Grand Est";"Eolien";0,729902162
2016-02;"Grand Est";"Eolien";0,804612233
2016-03;"Grand Est";"Eolien";0,628188269
2016-04;"Grand Est";"Eolien";0,38133062
2016-05;"Grand Est";"Eolien";0,31962097
2016-06;"Grand Est";"Eolien";0,214112875
2016-07;"Grand Est";"Eolien";0,187930823
2016-08;"Grand Est";"Eolien";0,216456381
2016-09;"Grand Est";"Eolien";0,196244955
2016-10;"Grand Est";"Eolien";0,357425741
2016-11;"Grand Est";"Eolien";0,573043793
2016-12;"Grand Est";"Eolien";0,328905398
2017-01;"Grand Est";"Eolien";0,490475823
2017-02;"Grand Est";"Eolien";0,59894503
2017-03;"Grand Est";"Eolien";0,691486104
2017-04;"Grand Est";"Eolien";0,28600796
2017-05;"Grand Est";"Eolien";0,301371512
2017-06;"Grand Est";"Eolien";0,342853772
2017-07;"Grand Est";"Eolien";0,370590186
2017-08;"Grand Est";"Eolien";0,255783355
2017-09;"Grand Est";"Eolien";0,383925664
2017-10;"Grand Est";"Eolien";0,482442085
2017-11;"Grand Est";"Eolien";0,538258284
2017-12;"Grand Est";"Eolien";0,825635028
2018-01;"Grand Est";"Eolien";0,994930451
2018-02;"Grand Est";"Eolien";0,613390987
2018-03;"Grand Est";"Eolien";0,674830459
2018-04;"Grand Est";"Eolien";0,514464988
2018-05;"Grand Est";"Eolien";0,352361325
2018-06;"Grand Est";"Eolien";0,256348073
2018-07;"Grand Est";"Eolien";0,237851203
2018-08;"Grand Est";"Eolien";0,297728904
2018-09;"Grand Est";"Eolien";0,347037514
2018-10;"Grand Est";"Eolien";0,534831075
2018-11;"Grand Est";"Eolien";0,618607115
2018-12;"Grand Est";"Eolien";0,883647029
2019-01;"Grand Est";"Eolien";0,673075409
2019-02;"Grand Est";"Eolien";0,571206025
2019-03;"Grand Est";"Eolien";1,08619876
2019-04;"Grand Est";"Eolien";0,499391979
2019-05;"Grand Est";"Eolien";0,447355352
2019-06;"Grand Est";"Eolien";0,405899358
2019-07;"Grand Est";"Eolien";0,353523177
2019-08;"Grand Est";"Eolien";0,329955406
2019-09;"Grand Est";"Eolien";0,579254668
2019-10;"Grand Est";"Eolien";0,805957615
2019-11;"Grand Est";"Eolien";0,793920406
2019-12;"Grand Est";"Eolien";1,091858862
2020-01;"Grand Est";"Eolien";0,924908399
2020-02;"Grand Est";"Eolien";1,402612507
2020-03;"Grand Est";"Eolien";1,081108576
2020-04;"Grand Est";"Eolien";0,53285014
2020-05;"Grand Est";"Eolien";0,529140799
2020-06;"Grand Est";"Eolien";0,424109313
2020-07;"Grand Est";"Eolien";0,419589278
2020-08;"Grand Est";"Eolien";0,414823406
2020-09;"Grand Est";"Eolien";0,436416085
2020-10;"Grand Est";"Eolien";1,023630476
2020-11;"Grand Est";"Eolien";0,644448147
2020-12;"Grand Est";"Eolien";0,914997322
2021-01;"Grand Est";"Eolien";0,842157552
2021-02;"Grand Est";"Eolien";0,940940457
2021-03;"Grand Est";"Eolien";0,743457432
2021-04;"Grand Est";"Eolien";0,60775109
2021-05;"Grand Est";"Eolien";0,912963985
2021-06;"Grand Est";"Eolien";0,248941381
2021-07;"Grand Est";"Eolien";0,486370208
2021-08;"Grand Est";"Eolien";0,442617352
2021-09;"Grand Est";"Eolien";0,30608067
2021-10;"Grand Est";"Eolien";0,700264579
2021-11;"Grand Est";"Eolien";0,501736108
2021-12;"Grand Est";"Eolien";0,891229459
2022-01;"Grand Est";"Eolien";0,69186798941
2022-02;"Grand Est";"Eolien";1,269420282874
2022-03;"Grand Est";"Eolien";0,739231662641
2022-04;"Grand Est";"Eolien";0,81761828053
2022-05;"Grand Est";"Eolien";0,45473196763
2022-06;"Grand Est";"Eolien";0,330165131833
2022-07;"Grand Est";"Eolien";0,376646585226
2022-08;"Grand Est";"Eolien";0,452787179841
2022-09;"Grand Est";"Eolien";0,429080772943
2022-10;"Grand Est";"Eolien";0,741417375232
2022-11;"Grand Est";"Eolien";0,927732925694
2022-12;"Grand Est";"Eolien";1,035627720739
2023-01;"Grand Est";"Eolien";1,381724551986
2023-02;"Grand Est";"Eolien";0,792019782247
2023-03;"Grand Est";"Eolien";1,320393746047
2023-04;"Grand Est";"Eolien";0,844530443194
2023-05;"Grand Est";"Eolien";0,78322453716
2023-06;"Grand Est";"Eolien";0,433598310421
2023-07;"Grand Est";"Eolien";0,6470742602
2023-08;"Grand Est";"Eolien";0,564809512238
2023-09;"Grand Est";"Eolien";0,500172963842
2023-10;"Grand Est";"Eolien";1,00995776213
2023-11;"Grand Est";"Eolien";1,506326739849
2023-12;"Grand Est";"Eolien";1,467369353015
2024-01;"Grand Est";"Eolien";1,153069108628
2024-02;"Grand Est";"Eolien";1,209051416033
2024-03;"Grand Est";"Eolien";0,931776688891
2024-04;"Grand Est";"Eolien";0,911217629194
2024-05;"Grand Est";"Eolien";0,450355977677
2024-06;"Grand Est";"Eolien";0,433457607552
2024-07;"Grand Est";"Eolien";0,350896880071
2024-08;"Grand Est";"Eolien";0,315102182246
2024-09;"Grand Est";"Eolien";0,844241258088
2024-10;"Grand Est";"Eolien";0,669143233825
2024-11;"Grand Est";"Eolien";0,870591615932
2024-12;"Grand Est";"Eolien";1,0146092728
2025-01;"Grand Est";"Eolien";1,221244223402
2025-02;"Grand Est";"Eolien";0,684133541447
2025-03;"Grand Est";"Eolien";0,793221480244
2025-04;"Grand Est";"Eolien";0,684059128485
2025-05;"Grand Est";"Eolien";0,672981911829
2025-06;"Grand Est";"Eolien";0,507625511341
2025-07;"Grand Est";"Eolien";0,471147395118
2025-08;"Grand Est";"Eolien";0,473191331378
2025-09;"Grand Est";"Eolien";0,773688328259
2025-10;"Grand Est";"Eolien";1,128289631606
2025-11;"Grand Est";"Eolien";0,854707596925
2014-01;"Grand Est";"Thermique fossile";0,733331182344
2014-02;"Grand Est";"Thermique fossile";0,798061112786
2014-03;"Grand Est";"Thermique fossile";0,627176327699
2014-04;"Grand Est";"Thermique fossile";0,487003089855
2014-05;"Grand Est";"Thermique fossile";0,269311890686
2014-06;"Grand Est";"Thermique fossile";0,279994117793
2014-07;"Grand Est";"Thermique fossile";0,117331975546
2014-08;"Grand Est";"Thermique fossile";0,053416091307
2014-09;"Grand Est";"Thermique fossile";0,3623905725
2014-10;"Grand Est";"Thermique fossile";0,763381750998
2014-11;"Grand Est";"Thermique fossile";0,686959820193
2014-12;"Grand Est";"Thermique fossile";0,930681203662
2015-01;"Grand Est";"Thermique fossile";1,154218733725
2015-02;"Grand Est";"Thermique fossile";1,316853257937
2015-03;"Grand Est";"Thermique fossile";0,875833291067
2015-04;"Grand Est";"Thermique fossile";0,380765234361
2015-05;"Grand Est";"Thermique fossile";0,04004376869
2015-06;"Grand Est";"Thermique fossile";0,050683306428
2015-07;"Grand Est";"Thermique fossile";0,348496971714
2015-08;"Grand Est";"Thermique fossile";0,03891508581
2015-09;"Grand Est";"Thermique fossile";0,443824168998
2015-10;"Grand Est";"Thermique fossile";1,068191612458
2015-11;"Grand Est";"Thermique fossile";0,990918982378
2015-12;"Grand Est";"Thermique fossile";0,806907617312
2016-01;"Grand Est";"Thermique fossile";0,875364431546
2016-02;"Grand Est";"Thermique fossile";0,581365167753
2016-03;"Grand Est";"Thermique fossile";0,893095177988
2016-04;"Grand Est";"Thermique fossile";0,466076303447
2016-05;"Grand Est";"Thermique fossile";0,231440579782
2016-06;"Grand Est";"Thermique fossile";0,356759471414
2016-07;"Grand Est";"Thermique fossile";0,509784572962
2016-08;"Grand Est";"Thermique fossile";0,60362281473
2016-09;"Grand Est";"Thermique fossile";1,185776208425
2016-10;"Grand Est";"Thermique fossile";1,327816194052
2016-11;"Grand Est";"Thermique fossile";1,467809130736
2016-12;"Grand Est";"Thermique fossile";1,639928571989
2017-01;"Grand Est";"Thermique fossile";1,774790961745
2017-02;"Grand Est";"Thermique fossile";1,389640686487
2017-03;"Grand Est";"Thermique fossile";1,017613440701
2017-04;"Grand Est";"Thermique fossile";0,770431750575
2017-05;"Grand Est";"Thermique fossile";0,729785958547
2017-06;"Grand Est";"Thermique fossile";0,551515578313
2017-07;"Grand Est";"Thermique fossile";0,746844440162
2017-08;"Grand Est";"Thermique fossile";0,439153925357
2017-09;"Grand Est";"Thermique fossile";0,722817038847
2017-10;"Grand Est";"Thermique fossile";1,388722793299
2017-11;"Grand Est";"Thermique fossile";1,357222767332
2017-12;"Grand Est";"Thermique fossile";1,29500557415
2018-01;"Grand Est";"Thermique fossile";0,457103018734
2018-02;"Grand Est";"Thermique fossile";1,161016320739
2018-03;"Grand Est";"Thermique fossile";1,005937763545
2018-04;"Grand Est";"Thermique fossile";0,238344731149
2018-05;"Grand Est";"Thermique fossile";0,083202668468
2018-06;"Grand Est";"Thermique fossile";0,119477558499
2018-07;"Grand Est";"Thermique fossile";0,853916185663
2018-08;"Grand Est";"Thermique fossile";0,636150794322
2018-09;"Grand Est";"Thermique fossile";0,743572020854
2018-10;"Grand Est";"Thermique fossile";1,169740709114
2018-11;"Grand Est";"Thermique fossile";1,343474662297
2018-12;"Grand Est";"Thermique fossile";0,831116441192
2019-01;"Grand Est";"Thermique fossile";1,383571567634
2019-02;"Grand Est";"Thermique fossile";0,991681257622
2019-03;"Grand Est";"Thermique fossile";0,523687876625
2019-04;"Grand Est";"Thermique fossile";0,590769151679
2019-05;"Grand Est";"Thermique fossile";0,532027998711
2019-06;"Grand Est";"Thermique fossile";0,427320476151
2019-07;"Grand Est";"Thermique fossile";0,805162906705
2019-08;"Grand Est";"Thermique fossile";0,529684114414
2019-09;"Grand Est";"Thermique fossile";0,882832346252
2019-10;"Grand Est";"Thermique fossile";0,886044033484
2019-11;"Grand Est";"Thermique fossile";1,186466110665
2019-12;"Grand Est";"Thermique fossile";0,885273735139
2020-01;"Grand Est";"Thermique fossile";1,12335984037
2020-02;"Grand Est";"Thermique fossile";0,697178088317
2020-03;"Grand Est";"Thermique fossile";0,626563797498
2020-04;"Grand Est";"Thermique fossile";0,056875642853
2020-05;"Grand Est";"Thermique fossile";0,236664231169
2020-06;"Grand Est";"Thermique fossile";0,656169427887
2020-07;"Grand Est";"Thermique fossile";0,287610370918
2020-08;"Grand Est";"Thermique fossile";0,364858840886
2020-09;"Grand Est";"Thermique fossile";0,602776349425
2020-10;"Grand Est";"Thermique fossile";0,595403048512
2020-11;"Grand Est";"Thermique fossile";0,718905165173
2020-12;"Grand Est";"Thermique fossile";0,775992156053
2021-01;"Grand Est";"Thermique fossile";0,979817955689
2021-02;"Grand Est";"Thermique fossile";0,63279110364
2021-03;"Grand Est";"Thermique fossile";0,478139507514
2021-04;"Grand Est";"Thermique fossile";0,689486778003
2021-05;"Grand Est";"Thermique fossile";0,181228204725
2021-06;"Grand Est";"Thermique fossile";0,487978234993
2021-07;"Grand Est";"Thermique fossile";0,41204641762
2021-08;"Grand Est";"Thermique fossile";0,166073561402
2021-09;"Grand Est";"Thermique fossile";0,477069502845
2021-10;"Grand Est";"Thermique fossile";0,5465824528
2021-11;"Grand Est";"Thermique fossile";1,392129973855
2021-12;"Grand Est";"Thermique fossile";1,223972777264
2022-01;"Grand Est";"Thermique fossile";1,388982623269
2022-02;"Grand Est";"Thermique fossile";0,892103711921
2022-03;"Grand Est";"Thermique fossile";1,438336787573
2022-04;"Grand Est";"Thermique fossile";0,774017322279
2022-05;"Grand Est";"Thermique fossile";0,647934292417
2022-06;"Grand Est";"Thermique fossile";0,668154067128
2022-07;"Grand Est";"Thermique fossile";0,639227797232
2022-08;"Grand Est";"Thermique fossile";0,48515382109
2022-09;"Grand Est";"Thermique fossile";0,953278043097
2022-10;"Grand Est";"Thermique fossile";1,117844514065
2022-11;"Grand Est";"Thermique fossile";1,067634459999
2022-12;"Grand Est";"Thermique fossile";1,20868547747
2023-01;"Grand Est";"Thermique fossile";0,976790494797
2023-02;"Grand Est";"Thermique fossile";1,262100240185
2023-03;"Grand Est";"Thermique fossile";0,806263890275
2023-04;"Grand Est";"Thermique fossile";0,741282475162
2023-05;"Grand Est";"Thermique fossile";0,485092946719
2023-06;"Grand Est";"Thermique fossile";0,815221379515
2023-07;"Grand Est";"Thermique fossile";0,679091079448
2023-08;"Grand Est";"Thermique fossile";0,627601733269
2023-09;"Grand Est";"Thermique fossile";0,420276861611
2023-10;"Grand Est";"Thermique fossile";0,382467515203
2023-11;"Grand Est";"Thermique fossile";0,496729611134
2023-12;"Grand Est";"Thermique fossile";0,497919216926
2024-01;"Grand Est";"Thermique fossile";0,776382021129
2024-02;"Grand Est";"Thermique fossile";0,357231354308
2024-03;"Grand Est";"Thermique fossile";0,400443105293
2024-04;"Grand Est";"Thermique fossile";0,082737972042
2024-05;"Grand Est";"Thermique fossile";0,040761348394
2024-06;"Grand Est";"Thermique fossile";0,069225668212
2024-07;"Grand Est";"Thermique fossile";0,148127691286
2024-08;"Grand Est";"Thermique fossile";0,132680334169
2024-09;"Grand Est";"Thermique fossile";0,184033428232
2024-10;"Grand Est";"Thermique fossile";0,184153241054
2024-11;"Grand Est";"Thermique fossile";0,860571210963
2024-12;"Grand Est";"Thermique fossile";0,698518677411
2025-01;"Grand Est";"Thermique fossile";0,859202628524
2025-02;"Grand Est";"Thermique fossile";0,780055903385
2025-03;"Grand Est";"Thermique fossile";0,459413685796
2025-04;"Grand Est";"Thermique fossile";0,158516895377
2025-05;"Grand Est";"Thermique fossile";0,066885932694
2025-06;"Grand Est";"Thermique fossile";0,148883569134
2025-07;"Grand Est";"Thermique fossile";0,167569377767
2025-08;"Grand Est";"Thermique fossile";0,141311904261
2025-09;"Grand Est";"Thermique fossile";0,066168417133
2025-10;"Grand Est";"Thermique fossile";0,268312493054
2025-11;"Grand Est";"Thermique fossile";0,358211839791
2014-01;"Grand Est";"Nucléaire";8,07143871
2014-02;"Grand Est";"Nucléaire";7,364437498
2014-03;"Grand Est";"Nucléaire";7,051444722
2014-04;"Grand Est";"Nucléaire";5,166446155
2014-05;"Grand Est";"Nucléaire";5,725960709
2014-06;"Grand Est";"Nucléaire";5,991656344
2014-07;"Grand Est";"Nucléaire";7,544829339
2014-08;"Grand Est";"Nucléaire";7,26961887
2014-09;"Grand Est";"Nucléaire";7,549863505
2014-10;"Grand Est";"Nucléaire";7,195370812
2014-11;"Grand Est";"Nucléaire";8,199678722
2014-12;"Grand Est";"Nucléaire";8,721005955
2015-01;"Grand Est";"Nucléaire";8,398496544
2015-02;"Grand Est";"Nucléaire";6,585993048
2015-03;"Grand Est";"Nucléaire";5,235811896
2015-04;"Grand Est";"Nucléaire";5,024141808
2015-05;"Grand Est";"Nucléaire";6,711316978
2015-06;"Grand Est";"Nucléaire";6,468145379
2015-07;"Grand Est";"Nucléaire";8,330214945
2015-08;"Grand Est";"Nucléaire";7,893237389
2015-09;"Grand Est";"Nucléaire";6,346000539
2015-10;"Grand Est";"Nucléaire";7,354191152
2015-11;"Grand Est";"Nucléaire";8,143601954
2015-12;"Grand Est";"Nucléaire";8,748672292
2016-01;"Grand Est";"Nucléaire";8,893224092
2016-02;"Grand Est";"Nucléaire";7,454315819
2016-03;"Grand Est";"Nucléaire";7,336436037
2016-04;"Grand Est";"Nucléaire";7,169587401
2016-05;"Grand Est";"Nucléaire";6,349642621
2016-06;"Grand Est";"Nucléaire";5,949524371
2016-07;"Grand Est";"Nucléaire";6,435317245
2016-08;"Grand Est";"Nucléaire";5,935160359
2016-09;"Grand Est";"Nucléaire";6,688253327
2016-10;"Grand Est";"Nucléaire";6,098263586
2016-11;"Grand Est";"Nucléaire";7,187702066
2016-12;"Grand Est";"Nucléaire";7,241496533
2017-01;"Grand Est";"Nucléaire";8,44222304
2017-02;"Grand Est";"Nucléaire";6,983688714999
2017-03;"Grand Est";"Nucléaire";5,529446352666
2017-04;"Grand Est";"Nucléaire";5,171752077837
2017-05;"Grand Est";"Nucléaire";6,211711251499
2017-06;"Grand Est";"Nucléaire";6,655266575334
2017-07;"Grand Est";"Nucléaire";7,488026466667
2017-08;"Grand Est";"Nucléaire";5,669178888166
2017-09;"Grand Est";"Nucléaire";5,414611935166
2017-10;"Grand Est";"Nucléaire";5,505010388667
2017-11;"Grand Est";"Nucléaire";6,257694758
2017-12;"Grand Est";"Nucléaire";7,554298649833
2018-01;"Grand Est";"Nucléaire";7,965104626833
2018-02;"Grand Est";"Nucléaire";7,224549417667
2018-03;"Grand Est";"Nucléaire";7,122040180834
2018-04;"Grand Est";"Nucléaire";5,914679998335
2018-05;"Grand Est";"Nucléaire";6,851676003498
2018-06;"Grand Est";"Nucléaire";6,816230576498
2018-07;"Grand Est";"Nucléaire";5,505512738334
2018-08;"Grand Est";"Nucléaire";3,627276051332
2018-09;"Grand Est";"Nucléaire";5,590874917999
2018-10;"Grand Est";"Nucléaire";6,825569306001
2018-11;"Grand Est";"Nucléaire";8,369775168666
2018-12;"Grand Est";"Nucléaire";8,749150019834
2019-01;"Grand Est";"Nucléaire";8,4569175785
2019-02;"Grand Est";"Nucléaire";6,838294923333
2019-03;"Grand Est";"Nucléaire";6,889575071666
2019-04;"Grand Est";"Nucléaire";6,027839362
2019-05;"Grand Est";"Nucléaire";4,948921675
2019-06;"Grand Est";"Nucléaire";4,395264418
2019-07;"Grand Est";"Nucléaire";4,418164148668
2019-08;"Grand Est";"Nucléaire";4,948772076501
2019-09;"Grand Est";"Nucléaire";5,087389451165
2019-10;"Grand Est";"Nucléaire";7,780158657168
2019-11;"Grand Est";"Nucléaire";8,088502695667
2019-12;"Grand Est";"Nucléaire";8,508989729001
2020-01;"Grand Est";"Nucléaire";8,64273379417
2020-02;"Grand Est";"Nucléaire";6,103559079499
2020-03;"Grand Est";"Nucléaire";4,183066228997
2020-04;"Grand Est";"Nucléaire";3,578073955997
2020-05;"Grand Est";"Nucléaire";3,152948529835
2020-06;"Grand Est";"Nucléaire";4,052022710333
2020-07;"Grand Est";"Nucléaire";4,36344160883
2020-08;"Grand Est";"Nucléaire";4,754141996167
2020-09;"Grand Est";"Nucléaire";3,731348328333
2020-10;"Grand Est";"Nucléaire";6,589736645166
2020-11;"Grand Est";"Nucléaire";7,395079718167
2020-12;"Grand Est";"Nucléaire";6,832338684166
2021-01;"Grand Est";"Nucléaire";6,632125888664
2021-02;"Grand Est";"Nucléaire";4,704298856332
2021-03;"Grand Est";"Nucléaire";4,255777858836
2021-04;"Grand Est";"Nucléaire";3,929976183666
2021-05;"Grand Est";"Nucléaire";4,472766875667
2021-06;"Grand Est";"Nucléaire";4,645734641833
2021-07;"Grand Est";"Nucléaire";5,484113041498
2021-08;"Grand Est";"Nucléaire";5,413865076836
2021-09;"Grand Est";"Nucléaire";4,732109191335
2021-10;"Grand Est";"Nucléaire";5,224016927001
2021-11;"Grand Est";"Nucléaire";6,357086861002
2021-12;"Grand Est";"Nucléaire";5,406605413504
2022-01;"Grand Est";"Nucléaire";5,357077961501
2022-02;"Grand Est";"Nucléaire";4,600552838166
2022-03;"Grand Est";"Nucléaire";3,8618414665
2022-04;"Grand Est";"Nucléaire";3,547688652334
2022-05;"Grand Est";"Nucléaire";3,341211080667
2022-06;"Grand Est";"Nucléaire";1,853217911164
2022-07;"Grand Est";"Nucléaire";1,557582615331
2022-08;"Grand Est";"Nucléaire";2,282609017839
2022-09;"Grand Est";"Nucléaire";2,536367255501
2022-10;"Grand Est";"Nucléaire";2,332627079667
2022-11;"Grand Est";"Nucléaire";2,678874458997
2022-12;"Grand Est";"Nucléaire";3,328848221004
2023-01;"Grand Est";"Nucléaire";3,683355447164
2023-02;"Grand Est";"Nucléaire";4,171703155833
2023-03;"Grand Est";"Nucléaire";3,409442931662
2023-04;"Grand Est";"Nucléaire";3,40592186016
2023-05;"Grand Est";"Nucléaire";4,954737072328
2023-06;"Grand Est";"Nucléaire";4,476608640505
2023-07;"Grand Est";"Nucléaire";5,381845667834
2023-08;"Grand Est";"Nucléaire";5,478660553341
2023-09;"Grand Est";"Nucléaire";5,548792302167
2023-10;"Grand Est";"Nucléaire";4,325139878843
2023-11;"Grand Est";"Nucléaire";4,951498340172
2023-12;"Grand Est";"Nucléaire";5,515180210092
2024-01;"Grand Est";"Nucléaire";7,07629855476
2024-02;"Grand Est";"Nucléaire";5,931953218254
2024-03;"Grand Est";"Nucléaire";4,297524863668
2024-04;"Grand Est";"Nucléaire";3,662782174675
2024-05;"Grand Est";"Nucléaire";4,181909200999
2024-06;"Grand Est";"Nucléaire";4,086597691002
2024-07;"Grand Est";"Nucléaire";3,991901582586
2024-08;"Grand Est";"Nucléaire";5,543019318998
2024-09;"Grand Est";"Nucléaire";5,670014488336
2024-10;"Grand Est";"Nucléaire";5,313017409666
2024-11;"Grand Est";"Nucléaire";5,776814620579
2024-12;"Grand Est";"Nucléaire";6,868363713259
2025-01;"Grand Est";"Nucléaire";7,444364314078
2025-02;"Grand Est";"Nucléaire";6,118993751751
2025-03;"Grand Est";"Nucléaire";6,646723128249
2025-04;"Grand Est";"Nucléaire";4,346349252754
2025-05;"Grand Est";"Nucléaire";3,249634312417
2025-06;"Grand Est";"Nucléaire";3,068176622499
2025-07;"Grand Est";"Nucléaire";5,202831417249
2025-08;"Grand Est";"Nucléaire";5,325645395157
2025-09;"Grand Est";"Nucléaire";5,441409332418
2025-10;"Grand Est";"Nucléaire";5,444273871915
2025-11;"Grand Est";"Nucléaire";5,998911894169
2014-01;"Grand Est";"Thermique renouvelable et déchets";0,052880449165
2014-02;"Grand Est";"Thermique renouvelable et déchets";0,048411756667
2014-03;"Grand Est";"Thermique renouvelable et déchets";0,053994811834
2014-04;"Grand Est";"Thermique renouvelable et déchets";0,038336023999
2014-05;"Grand Est";"Thermique renouvelable et déchets";0,041761324335
2014-06;"Grand Est";"Thermique renouvelable et déchets";0,035978694167
2014-07;"Grand Est";"Thermique renouvelable et déchets";0,038474186831
2014-08;"Grand Est";"Thermique renouvelable et déchets";0,039615145499
2014-09;"Grand Est";"Thermique renouvelable et déchets";0,032929068165
2014-10;"Grand Est";"Thermique renouvelable et déchets";0,040016381166
2014-11;"Grand Est";"Thermique renouvelable et déchets";0,050697232333
2014-12;"Grand Est";"Thermique renouvelable et déchets";0,052605781001
2015-01;"Grand Est";"Thermique renouvelable et déchets";0,059239123832
2015-02;"Grand Est";"Thermique renouvelable et déchets";0,056374705161
2015-03;"Grand Est";"Thermique renouvelable et déchets";0,054958312667
2015-04;"Grand Est";"Thermique renouvelable et déchets";0,053262611666
2015-05;"Grand Est";"Thermique renouvelable et déchets";0,055468326168
2015-06;"Grand Est";"Thermique renouvelable et déchets";0,044870001334
2015-07;"Grand Est";"Thermique renouvelable et déchets";0,045597947168
2015-08;"Grand Est";"Thermique renouvelable et déchets";0,044864704498
2015-09;"Grand Est";"Thermique renouvelable et déchets";0,047985809165
2015-10;"Grand Est";"Thermique renouvelable et déchets";0,0526343795
2015-11;"Grand Est";"Thermique renouvelable et déchets";0,060231149834
2015-12;"Grand Est";"Thermique renouvelable et déchets";0,060398114507
2016-01;"Grand Est";"Thermique renouvelable et déchets";0,080372155502
2016-02;"Grand Est";"Thermique renouvelable et déchets";0,072607772835
2016-03;"Grand Est";"Thermique renouvelable et déchets";0,074094584335
2016-04;"Grand Est";"Thermique renouvelable et déchets";0,062042143003
2016-05;"Grand Est";"Thermique renouvelable et déchets";0,062434187664
2016-06;"Grand Est";"Thermique renouvelable et déchets";0,049766259501
2016-07;"Grand Est";"Thermique renouvelable et déchets";0,054233992666
2016-08;"Grand Est";"Thermique renouvelable et déchets";0,049782142834
2016-09;"Grand Est";"Thermique renouvelable et déchets";0,052031945838
2016-10;"Grand Est";"Thermique renouvelable et déchets";0,062057208838
2016-11;"Grand Est";"Thermique renouvelable et déchets";0,080720121667
2016-12;"Grand Est";"Thermique renouvelable et déchets";0,086837909667
2017-01;"Grand Est";"Thermique renouvelable et déchets";0,084251757
2017-02;"Grand Est";"Thermique renouvelable et déchets";0,070904534164
2017-03;"Grand Est";"Thermique renouvelable et déchets";0,068311880497
2017-04;"Grand Est";"Thermique renouvelable et déchets";0,060201004332
2017-05;"Grand Est";"Thermique renouvelable et déchets";0,064446868499
2017-06;"Grand Est";"Thermique renouvelable et déchets";0,051367156169
2017-07;"Grand Est";"Thermique renouvelable et déchets";0,056132236502
2017-08;"Grand Est";"Thermique renouvelable et déchets";0,058612262999
2017-09;"Grand Est";"Thermique renouvelable et déchets";0,061216257832
2017-10;"Grand Est";"Thermique renouvelable et déchets";0,06812756083
2017-11;"Grand Est";"Thermique renouvelable et déchets";0,086149911003
2017-12;"Grand Est";"Thermique renouvelable et déchets";0,089110595832
2018-01;"Grand Est";"Thermique renouvelable et déchets";0,068390546331
2018-02;"Grand Est";"Thermique renouvelable et déchets";0,063141292505
2018-03;"Grand Est";"Thermique renouvelable et déchets";0,073190550834
2018-04;"Grand Est";"Thermique renouvelable et déchets";0,060207127667
2018-05;"Grand Est";"Thermique renouvelable et déchets";0,068014302666
2018-06;"Grand Est";"Thermique renouvelable et déchets";0,069993377664
2018-07;"Grand Est";"Thermique renouvelable et déchets";0,0779753455
2018-08;"Grand Est";"Thermique renouvelable et déchets";0,075484433003
2018-09;"Grand Est";"Thermique renouvelable et déchets";0,0663459685
2018-10;"Grand Est";"Thermique renouvelable et déchets";0,061187606834
2018-11;"Grand Est";"Thermique renouvelable et déchets";0,070146755828
2018-12;"Grand Est";"Thermique renouvelable et déchets";0,079999972006
2019-01;"Grand Est";"Thermique renouvelable et déchets";0,082765471665
2019-02;"Grand Est";"Thermique renouvelable et déchets";0,076620594665
2019-03;"Grand Est";"Thermique renouvelable et déchets";0,086337099001
2019-04;"Grand Est";"Thermique renouvelable et déchets";0,0787756735
2019-05;"Grand Est";"Thermique renouvelable et déchets";0,081525567333
2019-06;"Grand Est";"Thermique renouvelable et déchets";0,077492933333
2019-07;"Grand Est";"Thermique renouvelable et déchets";0,084454967831
2019-08;"Grand Est";"Thermique renouvelable et déchets";0,087473696163
2019-09;"Grand Est";"Thermique renouvelable et déchets";0,077763256337
2019-10;"Grand Est";"Thermique renouvelable et déchets";0,082392635171
2019-11;"Grand Est";"Thermique renouvelable et déchets";0,086981804499
2019-12;"Grand Est";"Thermique renouvelable et déchets";0,090979493165
2020-01;"Grand Est";"Thermique renouvelable et déchets";0,088315802335
2020-02;"Grand Est";"Thermique renouvelable et déchets";0,080869102833
2020-03;"Grand Est";"Thermique renouvelable et déchets";0,088298183165
2020-04;"Grand Est";"Thermique renouvelable et déchets";0,082776915835
2020-05;"Grand Est";"Thermique renouvelable et déchets";0,087230376999
2020-06;"Grand Est";"Thermique renouvelable et déchets";0,089685813503
2020-07;"Grand Est";"Thermique renouvelable et déchets";0,091286444831
2020-08;"Grand Est";"Thermique renouvelable et déchets";0,090910258165
2020-09;"Grand Est";"Thermique renouvelable et déchets";0,082794016167
2020-10;"Grand Est";"Thermique renouvelable et déchets";0,08832481367
2020-11;"Grand Est";"Thermique renouvelable et déchets";0,087426084167
2020-12;"Grand Est";"Thermique renouvelable et déchets";0,088120136334
2021-01;"Grand Est";"Thermique renouvelable et déchets";0,094966965998
2021-02;"Grand Est";"Thermique renouvelable et déchets";0,089459309835
2021-03;"Grand Est";"Thermique renouvelable et déchets";0,103163455164
2021-04;"Grand Est";"Thermique renouvelable et déchets";0,096849217168
2021-05;"Grand Est";"Thermique renouvelable et déchets";0,1022972235
2021-06;"Grand Est";"Thermique renouvelable et déchets";0,095892735835
2021-07;"Grand Est";"Thermique renouvelable et déchets";0,103394167663
2021-08;"Grand Est";"Thermique renouvelable et déchets";0,107478938001
2021-09;"Grand Est";"Thermique renouvelable et déchets";0,103588329003
2021-10;"Grand Est";"Thermique renouvelable et déchets";0,104487845834
2021-11;"Grand Est";"Thermique renouvelable et déchets";0,105514204163
2021-12;"Grand Est";"Thermique renouvelable et déchets";0,109503386997
2022-01;"Grand Est";"Thermique renouvelable et déchets";0,116973796275
2022-02;"Grand Est";"Thermique renouvelable et déchets";0,110736598572
2022-03;"Grand Est";"Thermique renouvelable et déchets";0,11692433291
2022-04;"Grand Est";"Thermique renouvelable et déchets";0,111070689527
2022-05;"Grand Est";"Thermique renouvelable et déchets";0,112246115181
2022-06;"Grand Est";"Thermique renouvelable et déchets";0,10522077954
2022-07;"Grand Est";"Thermique renouvelable et déchets";0,109763865709
2022-08;"Grand Est";"Thermique renouvelable et déchets";0,102900636763
2022-09;"Grand Est";"Thermique renouvelable et déchets";0,096311344782
2022-10;"Grand Est";"Thermique renouvelable et déchets";0,107289009741
2022-11;"Grand Est";"Thermique renouvelable et déchets";0,106803197116
2022-12;"Grand Est";"Thermique renouvelable et déchets";0,101484709181
2023-01;"Grand Est";"Thermique renouvelable et déchets";0,103777954526
2023-02;"Grand Est";"Thermique renouvelable et déchets";0,100807970192
2023-03;"Grand Est";"Thermique renouvelable et déchets";0,107443700074
2023-04;"Grand Est";"Thermique renouvelable et déchets";0,101085362161
2023-05;"Grand Est";"Thermique renouvelable et déchets";0,105207838424
2023-06;"Grand Est";"Thermique renouvelable et déchets";0,09246313713
2023-07;"Grand Est";"Thermique renouvelable et déchets";0,104355169579
2023-08;"Grand Est";"Thermique renouvelable et déchets";0,112371770015
2023-09;"Grand Est";"Thermique renouvelable et déchets";0,102270154122
2023-10;"Grand Est";"Thermique renouvelable et déchets";0,103455443718
2023-11;"Grand Est";"Thermique renouvelable et déchets";0,103378106265
2023-12;"Grand Est";"Thermique renouvelable et déchets";0,114844734443
2024-01;"Grand Est";"Thermique renouvelable et déchets";0,114869664563
2024-02;"Grand Est";"Thermique renouvelable et déchets";0,110133363627
2024-03;"Grand Est";"Thermique renouvelable et déchets";0,113321377166
2024-04;"Grand Est";"Thermique renouvelable et déchets";0,102772215526
2024-05;"Grand Est";"Thermique renouvelable et déchets";0,111934602471
2024-06;"Grand Est";"Thermique renouvelable et déchets";0,106935247992
2024-07;"Grand Est";"Thermique renouvelable et déchets";0,107864984817
2024-08;"Grand Est";"Thermique renouvelable et déchets";0,110476774895
2024-09;"Grand Est";"Thermique renouvelable et déchets";0,10694090249
2024-10;"Grand Est";"Thermique renouvelable et déchets";0,109956654377
2024-11;"Grand Est";"Thermique renouvelable et déchets";0,113660172685
2024-12;"Grand Est";"Thermique renouvelable et déchets";0,117110037093
2025-01;"Grand Est";"Thermique renouvelable et déchets";0,11396531106
2025-02;"Grand Est";"Thermique renouvelable et déchets";0,108117846823
2025-03;"Grand Est";"Thermique renouvelable et déchets";0,116507821186
2025-04;"Grand Est";"Thermique renouvelable et déchets";0,112453669325
2025-05;"Grand Est";"Thermique renouvelable et déchets";0,113877248551
2025-06;"Grand Est";"Thermique renouvelable et déchets";0,106938569242
2025-07;"Grand Est";"Thermique renouvelable et déchets";0,119143166123
2025-08;"Grand Est";"Thermique renouvelable et déchets";0,119021204295
2025-09;"Grand Est";"Thermique renouvelable et déchets";0,105750264196
2025-10;"Grand Est";"Thermique renouvelable et déchets";0,104984082592
2025-11;"Grand Est";"Thermique renouvelable et déchets";0,108510074357
2014-01;"Grand Est";"Energie produite";10,118063302509
2014-02;"Grand Est";"Energie produite";9,465616106453
2014-03;"Grand Est";"Energie produite";8,655875797533
2014-04;"Grand Est";"Energie produite";6,502775421854
2014-05;"Grand Est";"Energie produite";7,275394916021
2014-06;"Grand Est";"Energie produite";7,28475649096
2014-07;"Grand Est";"Energie produite";8,921662899377
2014-08;"Grand Est";"Energie produite";8,622830622806
2014-09;"Grand Est";"Energie produite";8,932296779665
2014-10;"Grand Est";"Energie produite";8,987151444164
2014-11;"Grand Est";"Energie produite";10,019811218526
2014-12;"Grand Est";"Energie produite";10,860269016663
2015-01;"Grand Est";"Energie produite";11,009386114557
2015-02;"Grand Est";"Energie produite";9,009091826098
2015-03;"Grand Est";"Energie produite";7,442979545734
2015-04;"Grand Est";"Energie produite";6,717022484027
2015-05;"Grand Est";"Energie produite";8,183531451858
2015-06;"Grand Est";"Energie produite";7,875062574762
2015-07;"Grand Est";"Energie produite";9,828328553882
2015-08;"Grand Est";"Energie produite";8,888445720308
2015-09;"Grand Est";"Energie produite";7,854647146163
2015-10;"Grand Est";"Energie produite";9,283881389958
2015-11;"Grand Est";"Energie produite";10,317445911212
2015-12;"Grand Est";"Energie produite";10,735043702819
2016-01;"Grand Est";"Energie produite";11,298394459048
2016-02;"Grand Est";"Energie produite";9,733100381588
2016-03;"Grand Est";"Energie produite";9,681243926323
2016-04;"Grand Est";"Energie produite";8,95267618245
2016-05;"Grand Est";"Energie produite";8,010962293446
2016-06;"Grand Est";"Energie produite";7,610920298915
2016-07;"Grand Est";"Energie produite";8,258587523628
2016-08;"Grand Est";"Energie produite";7,722028498564
2016-09;"Grand Est";"Energie produite";8,801838254263
2016-10;"Grand Est";"Energie produite";8,36173030789
2016-11;"Grand Est";"Energie produite";9,956764032403
2016-12;"Grand Est";"Energie produite";9,727739662656
2017-01;"Grand Est";"Energie produite";11,172891658745
2017-02;"Grand Est";"Energie produite";9,59601181865
2017-03;"Grand Est";"Energie produite";8,131372812864
2017-04;"Grand Est";"Energie produite";6,909253906744
2017-05;"Grand Est";"Energie produite";8,196117626545
2017-06;"Grand Est";"Energie produite";8,432230304816
2017-07;"Grand Est";"Energie produite";9,408120347331
2017-08;"Grand Est";"Energie produite";7,198786063522
2017-09;"Grand Est";"Energie produite";7,371556145845
2017-10;"Grand Est";"Energie produite";8,082388578796
2017-11;"Grand Est";"Energie produite";8,926721672335
2017-12;"Grand Est";"Energie produite";10,555684993815
2018-01;"Grand Est";"Energie produite";10,370642529234
2018-02;"Grand Est";"Energie produite";9,8020883554031
2018-03;"Grand Est";"Energie produite";9,6160691775603
2018-04;"Grand Est";"Energie produite";7,5651894240778
2018-05;"Grand Est";"Energie produite";8,3021477856901
2018-06;"Grand Est";"Energie produite";8,1613828195298
2018-07;"Grand Est";"Energie produite";7,3016661807881
2018-08;"Grand Est";"Energie produite";5,1295270254492
2018-09;"Grand Est";"Energie produite";7,2231800425201
2018-10;"Grand Est";"Energie produite";9,0043442963292
2018-11;"Grand Est";"Energie produite";10,726674110811
2018-12;"Grand Est";"Energie produite";11,198580048355
2019-01;"Grand Est";"Energie produite";11,216419085575
2019-02;"Grand Est";"Energie produite";9,0573028517999
2019-03;"Grand Est";"Energie produite";9,3707000184017
2019-04;"Grand Est";"Energie produite";7,8845981973187
2019-05;"Grand Est";"Energie produite";6,9132546554944
2019-06;"Grand Est";"Energie produite";6,3047348642936
2019-07;"Grand Est";"Energie produite";6,5348402391146
2019-08;"Grand Est";"Energie produite";6,7929328086374
2019-09;"Grand Est";"Energie produite";7,312292873394
2019-10;"Grand Est";"Energie produite";10,317600598882
2019-11;"Grand Est";"Energie produite";10,888482011656
2019-12;"Grand Est";"Energie produite";11,369430527822
2020-01;"Grand Est";"Energie produite";11,368492864875
2020-02;"Grand Est";"Energie produite";9,049541427649
2020-03;"Grand Est";"Energie produite";6,82510528766
2020-04;"Grand Est";"Energie produite";4,857581775685
2020-05;"Grand Est";"Energie produite";4,773332592003
2020-06;"Grand Est";"Energie produite";5,998669363723
2020-07;"Grand Est";"Energie produite";5,933534471579
2020-08;"Grand Est";"Energie produite";6,305486665218
2020-09;"Grand Est";"Energie produite";5,467844244925
2020-10;"Grand Est";"Energie produite";9,012582055348
2020-11;"Grand Est";"Energie produite";9,464766478507
2020-12;"Grand Est";"Energie produite";9,250669039553
2021-01;"Grand Est";"Energie produite";9,217432670675
2021-02;"Grand Est";"Energie produite";7,1469853970143
2021-03;"Grand Est";"Energie produite";6,3649799842032
2021-04;"Grand Est";"Energie produite";5,9568898299028
2021-05;"Grand Est";"Energie produite";6,6040195120935
2021-06;"Grand Est";"Energie produite";6,461007309606
2021-07;"Grand Est";"Energie produite";7,503159454228
2021-08;"Grand Est";"Energie produite";7,1203159125123
2021-09;"Grand Est";"Energie produite";6,3677093112784
2021-10;"Grand Est";"Energie produite";7,1229833957007
2021-11;"Grand Est";"Energie produite";8,8175201604048
2021-12;"Grand Est";"Energie produite";8,3285038344287
2022-01;"Grand Est";"Energie produite";8,281389932659
2022-02;"Grand Est";"Energie produite";7,584457962371
2022-03;"Grand Est";"Energie produite";6,751500814346
2022-04;"Grand Est";"Energie produite";6,044239831238
2022-05;"Grand Est";"Energie produite";5,381081357227
2022-06;"Grand Est";"Energie produite";3,787015719509
2022-07;"Grand Est";"Energie produite";3,418898986058
2022-08;"Grand Est";"Energie produite";3,978818818252
2022-09;"Grand Est";"Energie produite";4,674462465684
2022-10;"Grand Est";"Energie produite";5,074166225144
2022-11;"Grand Est";"Energie produite";5,429969314442
2022-12;"Grand Est";"Energie produite";6,343649238762
2023-01;"Grand Est";"Energie produite";6,91795509327
2023-02;"Grand Est";"Energie produite";6,831713893074
2023-03;"Grand Est";"Energie produite";6,37959218333
2023-04;"Grand Est";"Energie produite";5,963953719107
2023-05;"Grand Est";"Energie produite";7,358198995761
2023-06;"Grand Est";"Energie produite";6,632139606684
2023-07;"Grand Est";"Energie produite";7,523431925869
2023-08;"Grand Est";"Energie produite";7,55393482424
2023-09;"Grand Est";"Energie produite";7,342450015888
2023-10;"Grand Est";"Energie produite";6,38384805056
2023-11;"Grand Est";"Energie produite";7,879587359311
2023-12;"Grand Est";"Energie produite";8,473891170005
2024-01;"Grand Est";"Energie produite";10,015144807793
2024-02;"Grand Est";"Energie produite";8,446603646102
2024-03;"Grand Est";"Energie produite";6,700952368329
2024-04;"Grand Est";"Energie produite";5,739933179602
2024-05;"Grand Est";"Energie produite";5,859530582665
2024-06;"Grand Est";"Energie produite";5,781406117866
2024-07;"Grand Est";"Energie produite";5,787737083655
2024-08;"Grand Est";"Energie produite";7,115276969275
2024-09;"Grand Est";"Energie produite";7,666062283834
2024-10;"Grand Est";"Energie produite";7,143960615584
2024-11;"Grand Est";"Energie produite";8,235968458447
2024-12;"Grand Est";"Energie produite";9,479378484166
2025-01;"Grand Est";"Energie produite";10,467453060846
2025-02;"Grand Est";"Energie produite";8,421570035978
2025-03;"Grand Est";"Energie produite";8,727238198519
2025-04;"Grand Est";"Energie produite";6,03635797918
2025-05;"Grand Est";"Energie produite";5,038683470376
2025-06;"Grand Est";"Energie produite";4,844177753192
2025-07;"Grand Est";"Energie produite";6,973685825291
2025-08;"Grand Est";"Energie produite";7,177128936367
2025-09;"Grand Est";"Energie produite";7,365765932238
2025-10;"Grand Est";"Energie produite";7,818160982541
2025-11;"Grand Est";"Energie produite";8,134812831634
2014-01;"Pays de la Loire";"Autre";4,7045006779101E-19
2014-02;"Pays de la Loire";"Autre";-1,6968995653066E-18
2014-03;"Pays de la Loire";"Autre";5,5067062021408E-20
2014-04;"Pays de la Loire";"Autre";-1,3064375969929E-19
2014-05;"Pays de la Loire";"Autre";-3,8750773423413E-19
2014-06;"Pays de la Loire";"Autre";1,3316951708031E-19
2014-07;"Pays de la Loire";"Autre";-2,5930993463596E-19
2014-08;"Pays de la Loire";"Autre";-5,2540003597779E-19
2014-09;"Pays de la Loire";"Autre";-1,122435477896E-19
2014-10;"Pays de la Loire";"Autre";2,2832170182285E-19
2014-11;"Pays de la Loire";"Autre";-4,6421547161835E-19
2014-12;"Pays de la Loire";"Autre";5,3432952507038E-20
2015-01;"Pays de la Loire";"Autre";-1,5483100912483E-19
2015-02;"Pays de la Loire";"Autre";2,1510571102112E-21
2015-03;"Pays de la Loire";"Autre";4,000000000077E-8
2015-04;"Pays de la Loire";"Autre";3,7800000000173E-7
2015-05;"Pays de la Loire";"Autre";1,0299999999971E-7
2015-06;"Pays de la Loire";"Autre";2,0000000003639E-9
2015-07;"Pays de la Loire";"Autre";1,4499999999953E-7
2015-08;"Pays de la Loire";"Autre";5,9999999998606E-9
2015-09;"Pays de la Loire";"Autre";1,903E-6
2015-10;"Pays de la Loire";"Autre";4,8700000000054E-7
2015-11;"Pays de la Loire";"Autre";4,2000000000001E-8
2015-12;"Pays de la Loire";"Autre";2,8099999999846E-7
2016-01;"Pays de la Loire";"Autre";-7,8698852989945E-19
2016-02;"Pays de la Loire";"Autre";2,9999999994307E-9
2016-03;"Pays de la Loire";"Autre";4,072089887508E-20
2016-04;"Pays de la Loire";"Autre";-3,7653907769553E-19
2016-05;"Pays de la Loire";"Autre";5,0000000000814E-9
2016-06;"Pays de la Loire";"Autre";-2,453922481882E-19
2016-07;"Pays de la Loire";"Autre";1,1999999999696E-8
2016-08;"Pays de la Loire";"Autre";4,4000000000386E-8
2016-09;"Pays de la Loire";"Autre";1,0000000000477E-9
2016-10;"Pays de la Loire";"Autre";2,0000000005357E-9
2016-11;"Pays de la Loire";"Autre";2,9999999992699E-9
2016-12;"Pays de la Loire";"Autre";-1,7726098366921E-19
2017-01;"Pays de la Loire";"Autre";2,999999999663E-9
2017-02;"Pays de la Loire";"Autre";2,3999999999798E-8
2017-03;"Pays de la Loire";"Autre";2,0000000004306E-9
2017-04;"Pays de la Loire";"Autre";2,2600000000038E-7
2017-05;"Pays de la Loire";"Autre";1,3500000000017E-6
2017-06;"Pays de la Loire";"Autre";4,1600000000055E-7
2017-07;"Pays de la Loire";"Autre";6,0000000001396E-9
2017-08;"Pays de la Loire";"Autre";1,420000000001E-7
2017-09;"Pays de la Loire";"Autre";-7,1585792849049E-19
2017-10;"Pays de la Loire";"Autre";2,339999999997E-7
2017-11;"Pays de la Loire";"Autre";1,247724146225E-18
2017-12;"Pays de la Loire";"Autre";5,4356519285648E-19
2018-01;"Pays de la Loire";"Autre";2,000000001089E-9
2018-02;"Pays de la Loire";"Autre";2,2000000000002E-8
2018-03;"Pays de la Loire";"Autre";2,6000000001315E-8
2018-04;"Pays de la Loire";"Autre";4,00000000034E-9
2018-05;"Pays de la Loire";"Autre";4,3000000000303E-8
2018-06;"Pays de la Loire";"Autre";7,0999999999619E-8
2018-07;"Pays de la Loire";"Autre";1,6667E-5
2018-08;"Pays de la Loire";"Autre";4,5999999999494E-8
2018-09;"Pays de la Loire";"Autre";8,9999999997307E-9
2018-10;"Pays de la Loire";"Autre";3,3000000000038E-8
2018-11;"Pays de la Loire";"Autre";8,5000000000453E-8
2018-12;"Pays de la Loire";"Autre";7,6000000001118E-8
2019-01;"Pays de la Loire";"Autre";5,4135E-5
2019-02;"Pays de la Loire";"Autre";4,8964000000002E-5
2019-03;"Pays de la Loire";"Autre";5,4490999999998E-5
2019-04;"Pays de la Loire";"Autre";5,2500000000001E-5
2019-05;"Pays de la Loire";"Autre";5,4155E-5
2019-06;"Pays de la Loire";"Autre";5,2539E-5
2019-07;"Pays de la Loire";"Autre";5,4181000000002E-5
2019-08;"Pays de la Loire";"Autre";7,3719999999997E-5
2019-09;"Pays de la Loire";"Autre";6,6935000000005E-5
2019-10;"Pays de la Loire";"Autre";6,351E-5
2019-11;"Pays de la Loire";"Autre";9,1420999999999E-5
2019-12;"Pays de la Loire";"Autre";5,7421000000002E-5
2020-01;"Pays de la Loire";"Autre";5,8114000000001E-5
2020-02;"Pays de la Loire";"Autre";5,5141999999997E-5
2020-03;"Pays de la Loire";"Autre";6,7268999999998E-5
2020-04;"Pays de la Loire";"Autre";7,0347000000002E-5
2020-05;"Pays de la Loire";"Autre";7,8548E-5
2020-06;"Pays de la Loire";"Autre";7,9689E-5
2020-07;"Pays de la Loire";"Autre";8,0403E-5
2020-08;"Pays de la Loire";"Autre";7,4498E-5
2020-09;"Pays de la Loire";"Autre";6,7176E-5
2020-10;"Pays de la Loire";"Autre";5,4168999999998E-5
2020-11;"Pays de la Loire";"Autre";5,2843999999997E-5
2020-12;"Pays de la Loire";"Autre";5,5256000000001E-5
2021-01;"Pays de la Loire";"Autre";5,4432E-5
2021-02;"Pays de la Loire";"Autre";4,9253000000001E-5
2021-03;"Pays de la Loire";"Autre";5,4170000000001E-5
2021-04;"Pays de la Loire";"Autre";6,9047000000001E-5
2021-05;"Pays de la Loire";"Autre";5,4133999999997E-5
2021-06;"Pays de la Loire";"Autre";5,2592E-5
2021-07;"Pays de la Loire";"Autre";5,4128000000001E-5
2021-08;"Pays de la Loire";"Autre";5,4362E-5
2021-09;"Pays de la Loire";"Autre";5,2384E-5
2021-10;"Pays de la Loire";"Autre";5,4323E-5
2021-11;"Pays de la Loire";"Autre";0,000303193
2021-12;"Pays de la Loire";"Autre";5,4352E-5
2022-01;"Pays de la Loire";"Autre";7,5924990999999E-5
2022-02;"Pays de la Loire";"Autre";7,7594997999999E-5
2022-03;"Pays de la Loire";"Autre";9,7428994000002E-5
2022-04;"Pays de la Loire";"Autre";0,000113794431
2022-05;"Pays de la Loire";"Autre";0,00011154048
2022-06;"Pays de la Loire";"Autre";0,00010979448
2022-07;"Pays de la Loire";"Autre";0,00011154048
2022-08;"Pays de la Loire";"Autre";0,00011154048
2022-09;"Pays de la Loire";"Autre";0,000140750724
2022-10;"Pays de la Loire";"Autre";0,000112550676
2022-11;"Pays de la Loire";"Autre";9,3508564999996E-5
2022-12;"Pays de la Loire";"Autre";7,3869190999998E-5
2023-01;"Pays de la Loire";"Autre";8,4393038000002E-5
2023-02;"Pays de la Loire";"Autre";9,7676392999999E-5
2023-03;"Pays de la Loire";"Autre";0,000111943584
2023-04;"Pays de la Loire";"Autre";0,000173542832
2023-05;"Pays de la Loire";"Autre";0,000201314141
2023-06;"Pays de la Loire";"Autre";0,00020138811
2023-07;"Pays de la Loire";"Autre";0,000201522413
2023-08;"Pays de la Loire";"Autre";0,000201504433
2023-09;"Pays de la Loire";"Autre";0,00020147742
2023-10;"Pays de la Loire";"Autre";0,00020141843900001
2023-11;"Pays de la Loire";"Autre";0,00020129841
2023-12;"Pays de la Loire";"Autre";0,000201275436
2024-01;"Pays de la Loire";"Autre";0,000201269422
2024-02;"Pays de la Loire";"Autre";0,000201284447
2024-03;"Pays de la Loire";"Autre";0,000201316418
2024-04;"Pays de la Loire";"Autre";0,00020140742999999
2024-05;"Pays de la Loire";"Autre";0,000201436419
2024-06;"Pays de la Loire";"Autre";0,000563836992
2024-07;"Pays de la Loire";"Autre";0,00049226151
2024-08;"Pays de la Loire";"Autre";0,00052431076
2024-09;"Pays de la Loire";"Autre";0,000818179169
2024-10;"Pays de la Loire";"Autre";0,000738521249
2024-11;"Pays de la Loire";"Autre";0,000884333163
2024-12;"Pays de la Loire";"Autre";0,001131950876
2025-01;"Pays de la Loire";"Autre";0,001234657103
2025-02;"Pays de la Loire";"Autre";0,000201317637
2025-03;"Pays de la Loire";"Autre";0,000201518432
2025-04;"Pays de la Loire";"Autre";0,00020217841
2025-05;"Pays de la Loire";"Autre";0,000202320013
2025-06;"Pays de la Loire";"Autre";0,000206254706
2025-07;"Pays de la Loire";"Autre";0,000204732462
2025-08;"Pays de la Loire";"Autre";0,000208516782
2025-09;"Pays de la Loire";"Autre";0,000206261674
2025-10;"Pays de la Loire";"Autre";0,000205118348
2025-11;"Pays de la Loire";"Autre";0,000205089357
2014-01;"Pays de la Loire";"Solaire";0,00962448
2014-02;"Pays de la Loire";"Solaire";0,0172073
2014-03;"Pays de la Loire";"Solaire";0,033100881
2014-04;"Pays de la Loire";"Solaire";0,036947936
2014-05;"Pays de la Loire";"Solaire";0,043053999
2014-06;"Pays de la Loire";"Solaire";0,049311193
2014-07;"Pays de la Loire";"Solaire";0,04577993
2014-08;"Pays de la Loire";"Solaire";0,04070101
2014-09;"Pays de la Loire";"Solaire";0,041975137
2014-10;"Pays de la Loire";"Solaire";0,026349649
2014-11;"Pays de la Loire";"Solaire";0,014603432
2014-12;"Pays de la Loire";"Solaire";0,009711822
2015-01;"Pays de la Loire";"Solaire";0,012736579
2015-02;"Pays de la Loire";"Solaire";0,021293921
2015-03;"Pays de la Loire";"Solaire";0,031663501
2015-04;"Pays de la Loire";"Solaire";0,044833203
2015-05;"Pays de la Loire";"Solaire";0,048954078
2015-06;"Pays de la Loire";"Solaire";0,058620566
2015-07;"Pays de la Loire";"Solaire";0,053609768
2015-08;"Pays de la Loire";"Solaire";0,047691379
2015-09;"Pays de la Loire";"Solaire";0,044091602
2015-10;"Pays de la Loire";"Solaire";0,029510228
2015-11;"Pays de la Loire";"Solaire";0,015424908
2015-12;"Pays de la Loire";"Solaire";0,013375228
2016-01;"Pays de la Loire";"Solaire";0,013068366
2016-02;"Pays de la Loire";"Solaire";0,023336411
2016-03;"Pays de la Loire";"Solaire";0,036865869
2016-04;"Pays de la Loire";"Solaire";0,043250029
2016-05;"Pays de la Loire";"Solaire";0,049076803
2016-06;"Pays de la Loire";"Solaire";0,043728015
2016-07;"Pays de la Loire";"Solaire";0,057163623
2016-08;"Pays de la Loire";"Solaire";0,057602125
2016-09;"Pays de la Loire";"Solaire";0,038675144
2016-10;"Pays de la Loire";"Solaire";0,043884186
2016-11;"Pays de la Loire";"Solaire";0,018768517
2016-12;"Pays de la Loire";"Solaire";0,015572839
2017-01;"Pays de la Loire";"Solaire";0,01835983
2017-02;"Pays de la Loire";"Solaire";0,020935974
2017-03;"Pays de la Loire";"Solaire";0,033548586
2017-04;"Pays de la Loire";"Solaire";0,057835591
2017-05;"Pays de la Loire";"Solaire";0,060348804
2017-06;"Pays de la Loire";"Solaire";0,06579679
2017-07;"Pays de la Loire";"Solaire";0,056237541
2017-08;"Pays de la Loire";"Solaire";0,05689524
2017-09;"Pays de la Loire";"Solaire";0,043212498
2017-10;"Pays de la Loire";"Solaire";0,032641233
2017-11;"Pays de la Loire";"Solaire";0,02171729
2017-12;"Pays de la Loire";"Solaire";0,012958346
2018-01;"Pays de la Loire";"Solaire";0,009189149
2018-02;"Pays de la Loire";"Solaire";0,02937453
2018-03;"Pays de la Loire";"Solaire";0,037859278
2018-04;"Pays de la Loire";"Solaire";0,051634091
2018-05;"Pays de la Loire";"Solaire";0,0716819
2018-06;"Pays de la Loire";"Solaire";0,067634523
2018-07;"Pays de la Loire";"Solaire";0,074221906
2018-08;"Pays de la Loire";"Solaire";0,06828481
2018-09;"Pays de la Loire";"Solaire";0,058860431
2018-10;"Pays de la Loire";"Solaire";0,043407793
2018-11;"Pays de la Loire";"Solaire";0,02649945
2018-12;"Pays de la Loire";"Solaire";0,007709934
2019-01;"Pays de la Loire";"Solaire";0,018896977
2019-02;"Pays de la Loire";"Solaire";0,036853869
2019-03;"Pays de la Loire";"Solaire";0,052617647
2019-04;"Pays de la Loire";"Solaire";0,05936322
2019-05;"Pays de la Loire";"Solaire";0,073342223
2019-06;"Pays de la Loire";"Solaire";0,077834394
2019-07;"Pays de la Loire";"Solaire";0,082624798
2019-08;"Pays de la Loire";"Solaire";0,072517351
2019-09;"Pays de la Loire";"Solaire";0,061259339
2019-10;"Pays de la Loire";"Solaire";0,036530129
2019-11;"Pays de la Loire";"Solaire";0,022892487
2019-12;"Pays de la Loire";"Solaire";0,021395102
2020-01;"Pays de la Loire";"Solaire";0,022628411
2020-02;"Pays de la Loire";"Solaire";0,032583143
2020-03;"Pays de la Loire";"Solaire";0,053433477
2020-04;"Pays de la Loire";"Solaire";0,070554192
2020-05;"Pays de la Loire";"Solaire";0,089601307
2020-06;"Pays de la Loire";"Solaire";0,074457224
2020-07;"Pays de la Loire";"Solaire";0,090775878
2020-08;"Pays de la Loire";"Solaire";0,077140018
2020-09;"Pays de la Loire";"Solaire";0,063435937
2020-10;"Pays de la Loire";"Solaire";0,037967942
2020-11;"Pays de la Loire";"Solaire";0,033831739
2020-12;"Pays de la Loire";"Solaire";0,019839343
2021-01;"Pays de la Loire";"Solaire";0,019165729
2021-02;"Pays de la Loire";"Solaire";0,031083154
2021-03;"Pays de la Loire";"Solaire";0,065396842
2021-04;"Pays de la Loire";"Solaire";0,090554441
2021-05;"Pays de la Loire";"Solaire";0,090248263
2021-06;"Pays de la Loire";"Solaire";0,084256399
2021-07;"Pays de la Loire";"Solaire";0,091439893
2021-08;"Pays de la Loire";"Solaire";0,087466031
2021-09;"Pays de la Loire";"Solaire";0,080913962
2021-10;"Pays de la Loire";"Solaire";0,066011566
2021-11;"Pays de la Loire";"Solaire";0,040203825
2021-12;"Pays de la Loire";"Solaire";0,023297012
2022-01;"Pays de la Loire";"Solaire";0,027491274326
2022-02;"Pays de la Loire";"Solaire";0,044415500535
2022-03;"Pays de la Loire";"Solaire";0,073505811071
2022-04;"Pays de la Loire";"Solaire";0,106150033121
2022-05;"Pays de la Loire";"Solaire";0,129551180511
2022-06;"Pays de la Loire";"Solaire";0,126660932594
2022-07;"Pays de la Loire";"Solaire";0,146785642255
2022-08;"Pays de la Loire";"Solaire";0,127662124937
2022-09;"Pays de la Loire";"Solaire";0,100873253423
2022-10;"Pays de la Loire";"Solaire";0,070891014995
2022-11;"Pays de la Loire";"Solaire";0,04799780334
2022-12;"Pays de la Loire";"Solaire";0,019736616907
2023-01;"Pays de la Loire";"Solaire";0,032890744451
2023-02;"Pays de la Loire";"Solaire";0,062908126325
2023-03;"Pays de la Loire";"Solaire";0,089194424246
2023-04;"Pays de la Loire";"Solaire";0,125650498376
2023-05;"Pays de la Loire";"Solaire";0,165027793879
2023-06;"Pays de la Loire";"Solaire";0,174841414739
2023-07;"Pays de la Loire";"Solaire";0,161236050259
2023-08;"Pays de la Loire";"Solaire";0,146303392756
2023-09;"Pays de la Loire";"Solaire";0,129610714512
2023-10;"Pays de la Loire";"Solaire";0,095036282657
2023-11;"Pays de la Loire";"Solaire";0,052628875443
2023-12;"Pays de la Loire";"Solaire";0,037553657953
2024-01;"Pays de la Loire";"Solaire";0,04946081565
2024-02;"Pays de la Loire";"Solaire";0,055139375864
2024-03;"Pays de la Loire";"Solaire";0,115839112795
2024-04;"Pays de la Loire";"Solaire";0,150172145754
2024-05;"Pays de la Loire";"Solaire";0,170227973141
2024-06;"Pays de la Loire";"Solaire";0,198809856057
2024-07;"Pays de la Loire";"Solaire";0,199333996427
2024-08;"Pays de la Loire";"Solaire";0,198381081139
2024-09;"Pays de la Loire";"Solaire";0,147229401324
2024-10;"Pays de la Loire";"Solaire";0,099640541302
2024-11;"Pays de la Loire";"Solaire";0,051945405272
2024-12;"Pays de la Loire";"Solaire";0,044149427143
2025-01;"Pays de la Loire";"Solaire";0,048299373422
2025-02;"Pays de la Loire";"Solaire";0,081423906041
2025-03;"Pays de la Loire";"Solaire";0,161485023154
2025-04;"Pays de la Loire";"Solaire";0,208325593047
2025-05;"Pays de la Loire";"Solaire";0,242555781262
2025-06;"Pays de la Loire";"Solaire";0,276442663327
2025-07;"Pays de la Loire";"Solaire";0,29470509468
2025-08;"Pays de la Loire";"Solaire";0,271562790971
2025-09;"Pays de la Loire";"Solaire";0,208832175515
2025-10;"Pays de la Loire";"Solaire";0,165279971733
2025-11;"Pays de la Loire";"Solaire";0,094117783415
2014-01;"Pays de la Loire";"Hydraulique";0,002623815
2014-02;"Pays de la Loire";"Hydraulique";0,002011088
2014-03;"Pays de la Loire";"Hydraulique";0,002961444
2014-04;"Pays de la Loire";"Hydraulique";0,002372738
2014-05;"Pays de la Loire";"Hydraulique";0,002555345
2014-06;"Pays de la Loire";"Hydraulique";0,001057425
2014-07;"Pays de la Loire";"Hydraulique";0,000798786
2014-08;"Pays de la Loire";"Hydraulique";0,001745155
2014-09;"Pays de la Loire";"Hydraulique";0,000756255
2014-10;"Pays de la Loire";"Hydraulique";0,000912879
2014-11;"Pays de la Loire";"Hydraulique";0,00279331
2014-12;"Pays de la Loire";"Hydraulique";0,002995377
2015-01;"Pays de la Loire";"Hydraulique";0,003180789
2015-02;"Pays de la Loire";"Hydraulique";0,003211317
2015-03;"Pays de la Loire";"Hydraulique";0,003511497
2015-04;"Pays de la Loire";"Hydraulique";0,002440779
2015-05;"Pays de la Loire";"Hydraulique";0,001951469
2015-06;"Pays de la Loire";"Hydraulique";0,00071677
2015-07;"Pays de la Loire";"Hydraulique";0,000110112
2015-08;"Pays de la Loire";"Hydraulique";0,000300465
2015-09;"Pays de la Loire";"Hydraulique";0,000233376
2015-10;"Pays de la Loire";"Hydraulique";0,000231121
2015-11;"Pays de la Loire";"Hydraulique";0,000707995
2015-12;"Pays de la Loire";"Hydraulique";0,001757077
2016-01;"Pays de la Loire";"Hydraulique";0,00289131
2016-02;"Pays de la Loire";"Hydraulique";0,00280902
2016-03;"Pays de la Loire";"Hydraulique";0,003090787
2016-04;"Pays de la Loire";"Hydraulique";0,003224133
2016-05;"Pays de la Loire";"Hydraulique";0,002766668
2016-06;"Pays de la Loire";"Hydraulique";0,001943022
2016-07;"Pays de la Loire";"Hydraulique";0,000625385
2016-08;"Pays de la Loire";"Hydraulique";0,000254596
2016-09;"Pays de la Loire";"Hydraulique";7,0241E-5
2016-10;"Pays de la Loire";"Hydraulique";0,000192449
2016-11;"Pays de la Loire";"Hydraulique";0,000423116
2016-12;"Pays de la Loire";"Hydraulique";0,000469296
2017-01;"Pays de la Loire";"Hydraulique";0,000907999
2017-02;"Pays de la Loire";"Hydraulique";0,001846712
2017-03;"Pays de la Loire";"Hydraulique";0,002234329
2017-04;"Pays de la Loire";"Hydraulique";0,00096534
2017-05;"Pays de la Loire";"Hydraulique";0,000904023
2017-06;"Pays de la Loire";"Hydraulique";0,000122014
2017-07;"Pays de la Loire";"Hydraulique";4,8536E-5
2017-08;"Pays de la Loire";"Hydraulique";0,000124857
2017-09;"Pays de la Loire";"Hydraulique";0,000238452
2017-10;"Pays de la Loire";"Hydraulique";0,00029562
2017-11;"Pays de la Loire";"Hydraulique";0,000678269
2017-12;"Pays de la Loire";"Hydraulique";0,002361279
2018-01;"Pays de la Loire";"Hydraulique";0,002043622
2018-02;"Pays de la Loire";"Hydraulique";0,002842575
2018-03;"Pays de la Loire";"Hydraulique";0,003159886
2018-04;"Pays de la Loire";"Hydraulique";0,002993168
2018-05;"Pays de la Loire";"Hydraulique";0,002151287
2018-06;"Pays de la Loire";"Hydraulique";0,002153166
2018-07;"Pays de la Loire";"Hydraulique";0,000912117
2018-08;"Pays de la Loire";"Hydraulique";0,000252641
2018-09;"Pays de la Loire";"Hydraulique";7,3779E-5
2018-10;"Pays de la Loire";"Hydraulique";0,000165108
2018-11;"Pays de la Loire";"Hydraulique";0,000437105
2018-12;"Pays de la Loire";"Hydraulique";0,002030167
2019-01;"Pays de la Loire";"Hydraulique";0,002822641
2019-02;"Pays de la Loire";"Hydraulique";0,002741952
2019-03;"Pays de la Loire";"Hydraulique";0,003374796
2019-04;"Pays de la Loire";"Hydraulique";0,002275862
2019-05;"Pays de la Loire";"Hydraulique";0,001433354
2019-06;"Pays de la Loire";"Hydraulique";0,001027105
2019-07;"Pays de la Loire";"Hydraulique";0,00015832
2019-08;"Pays de la Loire";"Hydraulique";6,8109E-5
2019-09;"Pays de la Loire";"Hydraulique";1,6148E-5
2019-10;"Pays de la Loire";"Hydraulique";0,000805278
2019-11;"Pays de la Loire";"Hydraulique";0,001852939
2019-12;"Pays de la Loire";"Hydraulique";0,002502118
2020-01;"Pays de la Loire";"Hydraulique";0,003882572
2020-02;"Pays de la Loire";"Hydraulique";0,003241505
2020-03;"Pays de la Loire";"Hydraulique";0,003631505
2020-04;"Pays de la Loire";"Hydraulique";0,002489952
2020-05;"Pays de la Loire";"Hydraulique";0,001850616
2020-06;"Pays de la Loire";"Hydraulique";0,000674212
2020-07;"Pays de la Loire";"Hydraulique";0,000199726
2020-08;"Pays de la Loire";"Hydraulique";0,000139495
2020-09;"Pays de la Loire";"Hydraulique";8,6381E-5
2020-10;"Pays de la Loire";"Hydraulique";0,00068445
2020-11;"Pays de la Loire";"Hydraulique";0,001591737
2020-12;"Pays de la Loire";"Hydraulique";0,003233819
2021-01;"Pays de la Loire";"Hydraulique";0,003942337
2021-02;"Pays de la Loire";"Hydraulique";0,003870763
2021-03;"Pays de la Loire";"Hydraulique";0,003420239
2021-04;"Pays de la Loire";"Hydraulique";0,002129327
2021-05;"Pays de la Loire";"Hydraulique";0,002090531
2021-06;"Pays de la Loire";"Hydraulique";0,00146448
2021-07;"Pays de la Loire";"Hydraulique";0,001539924
2021-08;"Pays de la Loire";"Hydraulique";0,000413031
2021-09;"Pays de la Loire";"Hydraulique";0,000249384
2021-10;"Pays de la Loire";"Hydraulique";0,001056757
2021-11;"Pays de la Loire";"Hydraulique";0,000823789
2021-12;"Pays de la Loire";"Hydraulique";0,003031018
2022-01;"Pays de la Loire";"Hydraulique";0,003462095482
2022-02;"Pays de la Loire";"Hydraulique";0,003472414426
2022-03;"Pays de la Loire";"Hydraulique";0,003419716725
2022-04;"Pays de la Loire";"Hydraulique";0,002531658577
2022-05;"Pays de la Loire";"Hydraulique";0,00091337873
2022-06;"Pays de la Loire";"Hydraulique";0,000726289609
2022-07;"Pays de la Loire";"Hydraulique";0,000163919412
2022-08;"Pays de la Loire";"Hydraulique";9,7064058E-5
2022-09;"Pays de la Loire";"Hydraulique";0,000120265014
2022-10;"Pays de la Loire";"Hydraulique";0,000107184105
2022-11;"Pays de la Loire";"Hydraulique";0,001280701188
2022-12;"Pays de la Loire";"Hydraulique";0,002421547939
2023-01;"Pays de la Loire";"Hydraulique";0,004337294829
2023-02;"Pays de la Loire";"Hydraulique";0,003068282132
2023-03;"Pays de la Loire";"Hydraulique";0,004142134112
2023-04;"Pays de la Loire";"Hydraulique";0,003640492654
2023-05;"Pays de la Loire";"Hydraulique";0,002754467348
2023-06;"Pays de la Loire";"Hydraulique";0,000778853606
2023-07;"Pays de la Loire";"Hydraulique";0,000420210525
2023-08;"Pays de la Loire";"Hydraulique";0,001010299646
2023-09;"Pays de la Loire";"Hydraulique";0,000421562696
2023-10;"Pays de la Loire";"Hydraulique";0,000980664355
2023-11;"Pays de la Loire";"Hydraulique";0,002162259603
2023-12;"Pays de la Loire";"Hydraulique";0,002647933334
2024-01;"Pays de la Loire";"Hydraulique";0,002472703363
2024-02;"Pays de la Loire";"Hydraulique";0,002673022938
2024-03;"Pays de la Loire";"Hydraulique";0,003543323833
2024-04;"Pays de la Loire";"Hydraulique";0,003514954405
2024-05;"Pays de la Loire";"Hydraulique";0,003834008239
2024-06;"Pays de la Loire";"Hydraulique";0,002605292324
2024-07;"Pays de la Loire";"Hydraulique";0,001237622555
2024-08;"Pays de la Loire";"Hydraulique";0,000615980937
2024-09;"Pays de la Loire";"Hydraulique";0,000544363519
2024-10;"Pays de la Loire";"Hydraulique";0,001659754397
2024-11;"Pays de la Loire";"Hydraulique";0,00249193877
2024-12;"Pays de la Loire";"Hydraulique";0,003930235592
2025-01;"Pays de la Loire";"Hydraulique";0,002776568181
2025-02;"Pays de la Loire";"Hydraulique";0,00331909627
2025-03;"Pays de la Loire";"Hydraulique";0,003857475061
2025-04;"Pays de la Loire";"Hydraulique";0,00218225639
2025-05;"Pays de la Loire";"Hydraulique";0,000998581239
2025-06;"Pays de la Loire";"Hydraulique";0,000469476211
2025-07;"Pays de la Loire";"Hydraulique";0,000281695466
2025-08;"Pays de la Loire";"Hydraulique";0,000190293172
2025-09;"Pays de la Loire";"Hydraulique";0,000233793096
2025-10;"Pays de la Loire";"Hydraulique";0,000207324634
2025-11;"Pays de la Loire";"Hydraulique";0,000761225767
2014-01;"Pays de la Loire";"Eolien";0,14419422
2014-02;"Pays de la Loire";"Eolien";0,179657797
2014-03;"Pays de la Loire";"Eolien";0,081315125
2014-04;"Pays de la Loire";"Eolien";0,078075505
2014-05;"Pays de la Loire";"Eolien";0,092918766
2014-06;"Pays de la Loire";"Eolien";0,061936055
2014-07;"Pays de la Loire";"Eolien";0,055232726
2014-08;"Pays de la Loire";"Eolien";0,054526355
2014-09;"Pays de la Loire";"Eolien";0,048059321
2014-10;"Pays de la Loire";"Eolien";0,070086278
2014-11;"Pays de la Loire";"Eolien";0,101143585
2014-12;"Pays de la Loire";"Eolien";0,105147383
2015-01;"Pays de la Loire";"Eolien";0,130956446
2015-02;"Pays de la Loire";"Eolien";0,131711412
2015-03;"Pays de la Loire";"Eolien";0,121649809
2015-04;"Pays de la Loire";"Eolien";0,088236806
2015-05;"Pays de la Loire";"Eolien";0,089346835
2015-06;"Pays de la Loire";"Eolien";0,071980864
2015-07;"Pays de la Loire";"Eolien";0,07365866
2015-08;"Pays de la Loire";"Eolien";0,056777945
2015-09;"Pays de la Loire";"Eolien";0,095919683
2015-10;"Pays de la Loire";"Eolien";0,088187189
2015-11;"Pays de la Loire";"Eolien";0,124911706
2015-12;"Pays de la Loire";"Eolien";0,150036978
2016-01;"Pays de la Loire";"Eolien";0,173687427
2016-02;"Pays de la Loire";"Eolien";0,164631319
2016-03;"Pays de la Loire";"Eolien";0,166156463
2016-04;"Pays de la Loire";"Eolien";0,099270838
2016-05;"Pays de la Loire";"Eolien";0,083202248
2016-06;"Pays de la Loire";"Eolien";0,062208385
2016-07;"Pays de la Loire";"Eolien";0,057095131
2016-08;"Pays de la Loire";"Eolien";0,070289806
2016-09;"Pays de la Loire";"Eolien";0,048820769
2016-10;"Pays de la Loire";"Eolien";0,093985654
2016-11;"Pays de la Loire";"Eolien";0,145962732
2016-12;"Pays de la Loire";"Eolien";0,096679093
2017-01;"Pays de la Loire";"Eolien";0,11213242
2017-02;"Pays de la Loire";"Eolien";0,154472813
2017-03;"Pays de la Loire";"Eolien";0,136939415
2017-04;"Pays de la Loire";"Eolien";0,097048591
2017-05;"Pays de la Loire";"Eolien";0,101045435
2017-06;"Pays de la Loire";"Eolien";0,080521505
2017-07;"Pays de la Loire";"Eolien";0,100290795
2017-08;"Pays de la Loire";"Eolien";0,074585572
2017-09;"Pays de la Loire";"Eolien";0,093340889
2017-10;"Pays de la Loire";"Eolien";0,091006271
2017-11;"Pays de la Loire";"Eolien";0,119363837
2017-12;"Pays de la Loire";"Eolien";0,188706716
2018-01;"Pays de la Loire";"Eolien";0,235297271
2018-02;"Pays de la Loire";"Eolien";0,170173832
2018-03;"Pays de la Loire";"Eolien";0,203203345
2018-04;"Pays de la Loire";"Eolien";0,10322769
2018-05;"Pays de la Loire";"Eolien";0,08676842
2018-06;"Pays de la Loire";"Eolien";0,078259698
2018-07;"Pays de la Loire";"Eolien";0,061953561
2018-08;"Pays de la Loire";"Eolien";0,061764382
2018-09;"Pays de la Loire";"Eolien";0,099524193
2018-10;"Pays de la Loire";"Eolien";0,139733113
2018-11;"Pays de la Loire";"Eolien";0,173792631
2018-12;"Pays de la Loire";"Eolien";0,217957239
2019-01;"Pays de la Loire";"Eolien";0,146771819
2019-02;"Pays de la Loire";"Eolien";0,152703231
2019-03;"Pays de la Loire";"Eolien";0,250240484
2019-04;"Pays de la Loire";"Eolien";0,1385172
2019-05;"Pays de la Loire";"Eolien";0,129910282
2019-06;"Pays de la Loire";"Eolien";0,106651158
2019-07;"Pays de la Loire";"Eolien";0,114200965
2019-08;"Pays de la Loire";"Eolien";0,104764257
2019-09;"Pays de la Loire";"Eolien";0,174769233
2019-10;"Pays de la Loire";"Eolien";0,172078742
2019-11;"Pays de la Loire";"Eolien";0,206069297
2019-12;"Pays de la Loire";"Eolien";0,27568982
2020-01;"Pays de la Loire";"Eolien";0,273702561
2020-02;"Pays de la Loire";"Eolien";0,343679763
2020-03;"Pays de la Loire";"Eolien";0,26589861
2020-04;"Pays de la Loire";"Eolien";0,140865348
2020-05;"Pays de la Loire";"Eolien";0,177022382
2020-06;"Pays de la Loire";"Eolien";0,131807126
2020-07;"Pays de la Loire";"Eolien";0,117631222
2020-08;"Pays de la Loire";"Eolien";0,10784269
2020-09;"Pays de la Loire";"Eolien";0,113734732
2020-10;"Pays de la Loire";"Eolien";0,239735188
2020-11;"Pays de la Loire";"Eolien";0,191807832
2020-12;"Pays de la Loire";"Eolien";0,290893168
2021-01;"Pays de la Loire";"Eolien";0,239241954
2021-02;"Pays de la Loire";"Eolien";0,258690094
2021-03;"Pays de la Loire";"Eolien";0,211130548
2021-04;"Pays de la Loire";"Eolien";0,190236549
2021-05;"Pays de la Loire";"Eolien";0,247940842
2021-06;"Pays de la Loire";"Eolien";0,06630785
2021-07;"Pays de la Loire";"Eolien";0,150928858
2021-08;"Pays de la Loire";"Eolien";0,134359505
2021-09;"Pays de la Loire";"Eolien";0,111543949
2021-10;"Pays de la Loire";"Eolien";0,184799224
2021-11;"Pays de la Loire";"Eolien";0,158433577
2021-12;"Pays de la Loire";"Eolien";0,292883722
2022-01;"Pays de la Loire";"Eolien";0,163021299875
2022-02;"Pays de la Loire";"Eolien";0,253808390817
2022-03;"Pays de la Loire";"Eolien";0,222962434448
2022-04;"Pays de la Loire";"Eolien";0,182370544117
2022-05;"Pays de la Loire";"Eolien";0,109443343742
2022-06;"Pays de la Loire";"Eolien";0,122899157828
2022-07;"Pays de la Loire";"Eolien";0,147119689364
2022-08;"Pays de la Loire";"Eolien";0,173386387645
2022-09;"Pays de la Loire";"Eolien";0,225440617183
2022-10;"Pays de la Loire";"Eolien";0,331728993053
2022-11;"Pays de la Loire";"Eolien";0,457364437709
2022-12;"Pays de la Loire";"Eolien";0,493729487164
2023-01;"Pays de la Loire";"Eolien";0,520832898414
2023-02;"Pays de la Loire";"Eolien";0,276076865239
2023-03;"Pays de la Loire";"Eolien";0,560880970259
2023-04;"Pays de la Loire";"Eolien";0,331467357939
2023-05;"Pays de la Loire";"Eolien";0,371533214147
2023-06;"Pays de la Loire";"Eolien";0,171035158553
2023-07;"Pays de la Loire";"Eolien";0,281196131955
2023-08;"Pays de la Loire";"Eolien";0,240621202558
2023-09;"Pays de la Loire";"Eolien";0,19837673543
2023-10;"Pays de la Loire";"Eolien";0,424232055431
2023-11;"Pays de la Loire";"Eolien";0,497697409739
2023-12;"Pays de la Loire";"Eolien";0,405002411458
2024-01;"Pays de la Loire";"Eolien";0,44048519936
2024-02;"Pays de la Loire";"Eolien";0,468614884992
2024-03;"Pays de la Loire";"Eolien";0,395735390545
2024-04;"Pays de la Loire";"Eolien";0,373472815966
2024-05;"Pays de la Loire";"Eolien";0,269728630795
2024-06;"Pays de la Loire";"Eolien";0,200129240113
2024-07;"Pays de la Loire";"Eolien";0,172052655948
2024-08;"Pays de la Loire";"Eolien";0,175654063634
2024-09;"Pays de la Loire";"Eolien";0,293087870578
2024-10;"Pays de la Loire";"Eolien";0,264333842687
2024-11;"Pays de la Loire";"Eolien";0,355335337086
2024-12;"Pays de la Loire";"Eolien";0,446654252418
2025-01;"Pays de la Loire";"Eolien";0,520277956024
2025-02;"Pays de la Loire";"Eolien";0,309693844234
2025-03;"Pays de la Loire";"Eolien";0,357374090563
2025-04;"Pays de la Loire";"Eolien";0,335222618574
2025-05;"Pays de la Loire";"Eolien";0,258162000112
2025-06;"Pays de la Loire";"Eolien";0,209170837813
2025-07;"Pays de la Loire";"Eolien";0,299971919193
2025-08;"Pays de la Loire";"Eolien";0,280551520302
2025-09;"Pays de la Loire";"Eolien";0,386767033313
2025-10;"Pays de la Loire";"Eolien";0,589275348668
2025-11;"Pays de la Loire";"Eolien";0,624155696156
2014-01;"Pays de la Loire";"Thermique fossile";0,376947946999
2014-02;"Pays de la Loire";"Thermique fossile";0,143734993167
2014-03;"Pays de la Loire";"Thermique fossile";0,518628026828
2014-04;"Pays de la Loire";"Thermique fossile";0,347283005668
2014-05;"Pays de la Loire";"Thermique fossile";0,166440961833
2014-06;"Pays de la Loire";"Thermique fossile";0,160603500331
2014-07;"Pays de la Loire";"Thermique fossile";0,130889273333
2014-08;"Pays de la Loire";"Thermique fossile";0,074805744001
2014-09;"Pays de la Loire";"Thermique fossile";0,297497303167
2014-10;"Pays de la Loire";"Thermique fossile";0,294430168664
2014-11;"Pays de la Loire";"Thermique fossile";0,506035098167
2014-12;"Pays de la Loire";"Thermique fossile";0,574556922168
2015-01;"Pays de la Loire";"Thermique fossile";0,753903401001
2015-02;"Pays de la Loire";"Thermique fossile";0,792513022002
2015-03;"Pays de la Loire";"Thermique fossile";0,43261281267
2015-04;"Pays de la Loire";"Thermique fossile";0,063176284002
2015-05;"Pays de la Loire";"Thermique fossile";0,008661552
2015-06;"Pays de la Loire";"Thermique fossile";0,007125620001
2015-07;"Pays de la Loire";"Thermique fossile";0,015789779501
2015-08;"Pays de la Loire";"Thermique fossile";0,115183318002
2015-09;"Pays de la Loire";"Thermique fossile";0,327646887336
2015-10;"Pays de la Loire";"Thermique fossile";0,550761499833
2015-11;"Pays de la Loire";"Thermique fossile";0,41115434067
2015-12;"Pays de la Loire";"Thermique fossile";0,368972650999
2016-01;"Pays de la Loire";"Thermique fossile";0,662650854829
2016-02;"Pays de la Loire";"Thermique fossile";0,465586207831
2016-03;"Pays de la Loire";"Thermique fossile";0,501395848836
2016-04;"Pays de la Loire";"Thermique fossile";0,247109524001
2016-05;"Pays de la Loire";"Thermique fossile";0,010501083667
2016-06;"Pays de la Loire";"Thermique fossile";0,011838104
2016-07;"Pays de la Loire";"Thermique fossile";0,010490842667
2016-08;"Pays de la Loire";"Thermique fossile";0,001283608665
2016-09;"Pays de la Loire";"Thermique fossile";0,207612517502
2016-10;"Pays de la Loire";"Thermique fossile";0,461681937002
2016-11;"Pays de la Loire";"Thermique fossile";0,684168537669
2016-12;"Pays de la Loire";"Thermique fossile";0,756552943833
2017-01;"Pays de la Loire";"Thermique fossile";1,121385548163
2017-02;"Pays de la Loire";"Thermique fossile";0,81588084783
2017-03;"Pays de la Loire";"Thermique fossile";0,407330437998
2017-04;"Pays de la Loire";"Thermique fossile";0,536747692166
2017-05;"Pays de la Loire";"Thermique fossile";0,3869564975
2017-06;"Pays de la Loire";"Thermique fossile";0,147061604168
2017-07;"Pays de la Loire";"Thermique fossile";0,407677006001
2017-08;"Pays de la Loire";"Thermique fossile";0,076099459664
2017-09;"Pays de la Loire";"Thermique fossile";0,326114580998
2017-10;"Pays de la Loire";"Thermique fossile";0,832582712833
2017-11;"Pays de la Loire";"Thermique fossile";0,953194064498
2017-12;"Pays de la Loire";"Thermique fossile";0,731713888666
2018-01;"Pays de la Loire";"Thermique fossile";0,362015004169
2018-02;"Pays de la Loire";"Thermique fossile";0,767499965503
2018-03;"Pays de la Loire";"Thermique fossile";0,665653633831
2018-04;"Pays de la Loire";"Thermique fossile";0,199434300001
2018-05;"Pays de la Loire";"Thermique fossile";0,061421146331
2018-06;"Pays de la Loire";"Thermique fossile";0,061598315833
2018-07;"Pays de la Loire";"Thermique fossile";0,534125267331
2018-08;"Pays de la Loire";"Thermique fossile";0,377368104003
2018-09;"Pays de la Loire";"Thermique fossile";0,219975885669
2018-10;"Pays de la Loire";"Thermique fossile";0,537829564
2018-11;"Pays de la Loire";"Thermique fossile";0,401946040834
2018-12;"Pays de la Loire";"Thermique fossile";0,340764352665
2019-01;"Pays de la Loire";"Thermique fossile";0,513104256335
2019-02;"Pays de la Loire";"Thermique fossile";0,33750757367
2019-03;"Pays de la Loire";"Thermique fossile";0,219679858335
2019-04;"Pays de la Loire";"Thermique fossile";0,156403018169
2019-05;"Pays de la Loire";"Thermique fossile";0,183017652169
2019-06;"Pays de la Loire";"Thermique fossile";0,09532481283
2019-07;"Pays de la Loire";"Thermique fossile";0,255585208836
2019-08;"Pays de la Loire";"Thermique fossile";0,185522549334
2019-09;"Pays de la Loire";"Thermique fossile";0,230393887836
2019-10;"Pays de la Loire";"Thermique fossile";0,229904623334
2019-11;"Pays de la Loire";"Thermique fossile";0,603861558003
2019-12;"Pays de la Loire";"Thermique fossile";0,406659188668
2020-01;"Pays de la Loire";"Thermique fossile";0,489677443499
2020-02;"Pays de la Loire";"Thermique fossile";0,336382003834
2020-03;"Pays de la Loire";"Thermique fossile";0,242986961835
2020-04;"Pays de la Loire";"Thermique fossile";-0,00445721
2020-05;"Pays de la Loire";"Thermique fossile";0,142183599
2020-06;"Pays de la Loire";"Thermique fossile";0,216629980167
2020-07;"Pays de la Loire";"Thermique fossile";0,367551898
2020-08;"Pays de la Loire";"Thermique fossile";0,17114821
2020-09;"Pays de la Loire";"Thermique fossile";0,049489004
2020-10;"Pays de la Loire";"Thermique fossile";0,14690287
2020-11;"Pays de la Loire";"Thermique fossile";0,323469912166
2020-12;"Pays de la Loire";"Thermique fossile";0,517224909499
2021-01;"Pays de la Loire";"Thermique fossile";0,699789961331
2021-02;"Pays de la Loire";"Thermique fossile";0,338483137169
2021-03;"Pays de la Loire";"Thermique fossile";0,395306192834
2021-04;"Pays de la Loire";"Thermique fossile";0,3840930815
2021-05;"Pays de la Loire";"Thermique fossile";0,080230332
2021-06;"Pays de la Loire";"Thermique fossile";0,031954709
2021-07;"Pays de la Loire";"Thermique fossile";0,044035049
2021-08;"Pays de la Loire";"Thermique fossile";0,054624483
2021-09;"Pays de la Loire";"Thermique fossile";0,572587769
2021-10;"Pays de la Loire";"Thermique fossile";0,659058218667
2021-11;"Pays de la Loire";"Thermique fossile";0,700621136333
2021-12;"Pays de la Loire";"Thermique fossile";0,739353109332
2022-01;"Pays de la Loire";"Thermique fossile";0,87061167196
2022-02;"Pays de la Loire";"Thermique fossile";0,574757183006
2022-03;"Pays de la Loire";"Thermique fossile";0,276098954736
2022-04;"Pays de la Loire";"Thermique fossile";0,087494046508
2022-05;"Pays de la Loire";"Thermique fossile";0,030770870169
2022-06;"Pays de la Loire";"Thermique fossile";0,022117220683
2022-07;"Pays de la Loire";"Thermique fossile";0,018662985918
2022-08;"Pays de la Loire";"Thermique fossile";0,022370939848
2022-09;"Pays de la Loire";"Thermique fossile";0,025830746368
2022-10;"Pays de la Loire";"Thermique fossile";0,248004554737
2022-11;"Pays de la Loire";"Thermique fossile";0,386066837622
2022-12;"Pays de la Loire";"Thermique fossile";0,702647275421
2023-01;"Pays de la Loire";"Thermique fossile";0,339144504569
2023-02;"Pays de la Loire";"Thermique fossile";0,461796201126
2023-03;"Pays de la Loire";"Thermique fossile";0,204676294511
2023-04;"Pays de la Loire";"Thermique fossile";0,013473990316
2023-05;"Pays de la Loire";"Thermique fossile";0,014711987019
2023-06;"Pays de la Loire";"Thermique fossile";0,004269839164
2023-07;"Pays de la Loire";"Thermique fossile";0,001645411008
2023-08;"Pays de la Loire";"Thermique fossile";-0,000656649527
2023-09;"Pays de la Loire";"Thermique fossile";0,02441035181
2023-10;"Pays de la Loire";"Thermique fossile";0,031437105897
2023-11;"Pays de la Loire";"Thermique fossile";0,209756250368
2023-12;"Pays de la Loire";"Thermique fossile";0,255087032639
2024-01;"Pays de la Loire";"Thermique fossile";0,30124365335
2024-02;"Pays de la Loire";"Thermique fossile";0,25121164457
2024-03;"Pays de la Loire";"Thermique fossile";0,162007499082
2024-04;"Pays de la Loire";"Thermique fossile";0,016128564551
2024-05;"Pays de la Loire";"Thermique fossile";-0,001159417912
2024-06;"Pays de la Loire";"Thermique fossile";0,008571483606
2024-07;"Pays de la Loire";"Thermique fossile";0,038715218372
2024-08;"Pays de la Loire";"Thermique fossile";0,023056426275
2024-09;"Pays de la Loire";"Thermique fossile";0,102051456856
2024-10;"Pays de la Loire";"Thermique fossile";0,043210452411
2024-11;"Pays de la Loire";"Thermique fossile";0,218628047228
2024-12;"Pays de la Loire";"Thermique fossile";0,19049170792
2025-01;"Pays de la Loire";"Thermique fossile";0,240618854796
2025-02;"Pays de la Loire";"Thermique fossile";0,260380224712
2025-03;"Pays de la Loire";"Thermique fossile";0,135676692559
2025-04;"Pays de la Loire";"Thermique fossile";0,001760428309
2025-05;"Pays de la Loire";"Thermique fossile";-0,00274999858
2025-06;"Pays de la Loire";"Thermique fossile";0,000153344171
2025-07;"Pays de la Loire";"Thermique fossile";0,03513343449
2025-08;"Pays de la Loire";"Thermique fossile";0,0230540611
2025-09;"Pays de la Loire";"Thermique fossile";0,0001770832
2025-10;"Pays de la Loire";"Thermique fossile";0,050610720108
2025-11;"Pays de la Loire";"Thermique fossile";0,272900656821
2014-01;"Pays de la Loire";"Thermique renouvelable et déchets";0,029174956
2014-02;"Pays de la Loire";"Thermique renouvelable et déchets";0,02685738
2014-03;"Pays de la Loire";"Thermique renouvelable et déchets";0,027271978
2014-04;"Pays de la Loire";"Thermique renouvelable et déchets";0,025880597
2014-05;"Pays de la Loire";"Thermique renouvelable et déchets";0,029566162
2014-06;"Pays de la Loire";"Thermique renouvelable et déchets";0,029480779
2014-07;"Pays de la Loire";"Thermique renouvelable et déchets";0,03171712
2014-08;"Pays de la Loire";"Thermique renouvelable et déchets";0,026992218
2014-09;"Pays de la Loire";"Thermique renouvelable et déchets";0,030803082
2014-10;"Pays de la Loire";"Thermique renouvelable et déchets";0,032263765
2014-11;"Pays de la Loire";"Thermique renouvelable et déchets";0,032224292
2014-12;"Pays de la Loire";"Thermique renouvelable et déchets";0,032725697
2015-01;"Pays de la Loire";"Thermique renouvelable et déchets";0,03255972
2015-02;"Pays de la Loire";"Thermique renouvelable et déchets";0,030504727
2015-03;"Pays de la Loire";"Thermique renouvelable et déchets";0,032159204
2015-04;"Pays de la Loire";"Thermique renouvelable et déchets";0,026085938
2015-05;"Pays de la Loire";"Thermique renouvelable et déchets";0,025063935
2015-06;"Pays de la Loire";"Thermique renouvelable et déchets";0,025888711
2015-07;"Pays de la Loire";"Thermique renouvelable et déchets";0,023675409
2015-08;"Pays de la Loire";"Thermique renouvelable et déchets";0,024441406
2015-09;"Pays de la Loire";"Thermique renouvelable et déchets";0,027369817
2015-10;"Pays de la Loire";"Thermique renouvelable et déchets";0,030546596
2015-11;"Pays de la Loire";"Thermique renouvelable et déchets";0,032419994
2015-12;"Pays de la Loire";"Thermique renouvelable et déchets";0,031613201
2016-01;"Pays de la Loire";"Thermique renouvelable et déchets";0,025309421
2016-02;"Pays de la Loire";"Thermique renouvelable et déchets";0,025184319
2016-03;"Pays de la Loire";"Thermique renouvelable et déchets";0,026687284
2016-04;"Pays de la Loire";"Thermique renouvelable et déchets";0,02554506
2016-05;"Pays de la Loire";"Thermique renouvelable et déchets";0,026435368
2016-06;"Pays de la Loire";"Thermique renouvelable et déchets";0,02690056
2016-07;"Pays de la Loire";"Thermique renouvelable et déchets";0,028452111
2016-08;"Pays de la Loire";"Thermique renouvelable et déchets";0,025776696
2016-09;"Pays de la Loire";"Thermique renouvelable et déchets";0,02563362
2016-10;"Pays de la Loire";"Thermique renouvelable et déchets";0,03206734
2016-11;"Pays de la Loire";"Thermique renouvelable et déchets";0,031654534
2016-12;"Pays de la Loire";"Thermique renouvelable et déchets";0,033466408
2017-01;"Pays de la Loire";"Thermique renouvelable et déchets";0,03237222
2017-02;"Pays de la Loire";"Thermique renouvelable et déchets";0,030694641
2017-03;"Pays de la Loire";"Thermique renouvelable et déchets";0,03330406
2017-04;"Pays de la Loire";"Thermique renouvelable et déchets";0,032104191
2017-05;"Pays de la Loire";"Thermique renouvelable et déchets";0,02897219
2017-06;"Pays de la Loire";"Thermique renouvelable et déchets";0,032272489
2017-07;"Pays de la Loire";"Thermique renouvelable et déchets";0,033779502
2017-08;"Pays de la Loire";"Thermique renouvelable et déchets";0,03009517
2017-09;"Pays de la Loire";"Thermique renouvelable et déchets";0,029489968
2017-10;"Pays de la Loire";"Thermique renouvelable et déchets";0,032700972
2017-11;"Pays de la Loire";"Thermique renouvelable et déchets";0,033026603
2017-12;"Pays de la Loire";"Thermique renouvelable et déchets";0,033173621
2018-01;"Pays de la Loire";"Thermique renouvelable et déchets";0,033594457
2018-02;"Pays de la Loire";"Thermique renouvelable et déchets";0,031591482
2018-03;"Pays de la Loire";"Thermique renouvelable et déchets";0,03364842
2018-04;"Pays de la Loire";"Thermique renouvelable et déchets";0,031969461
2018-05;"Pays de la Loire";"Thermique renouvelable et déchets";0,035180124
2018-06;"Pays de la Loire";"Thermique renouvelable et déchets";0,031978599
2018-07;"Pays de la Loire";"Thermique renouvelable et déchets";0,029504889
2018-08;"Pays de la Loire";"Thermique renouvelable et déchets";0,028578554
2018-09;"Pays de la Loire";"Thermique renouvelable et déchets";0,029880774
2018-10;"Pays de la Loire";"Thermique renouvelable et déchets";0,032627856
2018-11;"Pays de la Loire";"Thermique renouvelable et déchets";0,033128374
2018-12;"Pays de la Loire";"Thermique renouvelable et déchets";0,033166493
2019-01;"Pays de la Loire";"Thermique renouvelable et déchets";0,035775869
2019-02;"Pays de la Loire";"Thermique renouvelable et déchets";0,031760668
2019-03;"Pays de la Loire";"Thermique renouvelable et déchets";0,036452438
2019-04;"Pays de la Loire";"Thermique renouvelable et déchets";0,034331377
2019-05;"Pays de la Loire";"Thermique renouvelable et déchets";0,036384023
2019-06;"Pays de la Loire";"Thermique renouvelable et déchets";0,037258491
2019-07;"Pays de la Loire";"Thermique renouvelable et déchets";0,035697368
2019-08;"Pays de la Loire";"Thermique renouvelable et déchets";0,037890797
2019-09;"Pays de la Loire";"Thermique renouvelable et déchets";0,03239246
2019-10;"Pays de la Loire";"Thermique renouvelable et déchets";0,040324068
2019-11;"Pays de la Loire";"Thermique renouvelable et déchets";0,038628935
2019-12;"Pays de la Loire";"Thermique renouvelable et déchets";0,040679746
2020-01;"Pays de la Loire";"Thermique renouvelable et déchets";0,039550141
2020-02;"Pays de la Loire";"Thermique renouvelable et déchets";0,037138328
2020-03;"Pays de la Loire";"Thermique renouvelable et déchets";0,0400144
2020-04;"Pays de la Loire";"Thermique renouvelable et déchets";0,039060013
2020-05;"Pays de la Loire";"Thermique renouvelable et déchets";0,040323956
2020-06;"Pays de la Loire";"Thermique renouvelable et déchets";0,039425309
2020-07;"Pays de la Loire";"Thermique renouvelable et déchets";0,041172381
2020-08;"Pays de la Loire";"Thermique renouvelable et déchets";0,042827831
2020-09;"Pays de la Loire";"Thermique renouvelable et déchets";0,039389558
2020-10;"Pays de la Loire";"Thermique renouvelable et déchets";0,036318004
2020-11;"Pays de la Loire";"Thermique renouvelable et déchets";0,04046832
2020-12;"Pays de la Loire";"Thermique renouvelable et déchets";0,034075525
2021-01;"Pays de la Loire";"Thermique renouvelable et déchets";0,034803718
2021-02;"Pays de la Loire";"Thermique renouvelable et déchets";0,031716276
2021-03;"Pays de la Loire";"Thermique renouvelable et déchets";0,035557711
2021-04;"Pays de la Loire";"Thermique renouvelable et déchets";0,038279878
2021-05;"Pays de la Loire";"Thermique renouvelable et déchets";0,040767875
2021-06;"Pays de la Loire";"Thermique renouvelable et déchets";0,041466819
2021-07;"Pays de la Loire";"Thermique renouvelable et déchets";0,044301394
2021-08;"Pays de la Loire";"Thermique renouvelable et déchets";0,043116713
2021-09;"Pays de la Loire";"Thermique renouvelable et déchets";0,040826301
2021-10;"Pays de la Loire";"Thermique renouvelable et déchets";0,041388641
2021-11;"Pays de la Loire";"Thermique renouvelable et déchets";0,040759626
2021-12;"Pays de la Loire";"Thermique renouvelable et déchets";0,043409511
2022-01;"Pays de la Loire";"Thermique renouvelable et déchets";0,042715340556
2022-02;"Pays de la Loire";"Thermique renouvelable et déchets";0,038665286979
2022-03;"Pays de la Loire";"Thermique renouvelable et déchets";0,043854881184
2022-04;"Pays de la Loire";"Thermique renouvelable et déchets";0,041288383944
2022-05;"Pays de la Loire";"Thermique renouvelable et déchets";0,04416679848
2022-06;"Pays de la Loire";"Thermique renouvelable et déchets";0,039814724346
2022-07;"Pays de la Loire";"Thermique renouvelable et déchets";0,045245190233
2022-08;"Pays de la Loire";"Thermique renouvelable et déchets";0,041771864314
2022-09;"Pays de la Loire";"Thermique renouvelable et déchets";0,037439288543
2022-10;"Pays de la Loire";"Thermique renouvelable et déchets";0,041942892652
2022-11;"Pays de la Loire";"Thermique renouvelable et déchets";0,040806085003
2022-12;"Pays de la Loire";"Thermique renouvelable et déchets";0,04036877477
2023-01;"Pays de la Loire";"Thermique renouvelable et déchets";0,040808817014
2023-02;"Pays de la Loire";"Thermique renouvelable et déchets";0,038941281761
2023-03;"Pays de la Loire";"Thermique renouvelable et déchets";0,040031339383
2023-04;"Pays de la Loire";"Thermique renouvelable et déchets";0,041333699412
2023-05;"Pays de la Loire";"Thermique renouvelable et déchets";0,042319609418
2023-06;"Pays de la Loire";"Thermique renouvelable et déchets";0,040700553408
2023-07;"Pays de la Loire";"Thermique renouvelable et déchets";0,043899893475
2023-08;"Pays de la Loire";"Thermique renouvelable et déchets";0,043218483576
2023-09;"Pays de la Loire";"Thermique renouvelable et déchets";0,039842436513
2023-10;"Pays de la Loire";"Thermique renouvelable et déchets";0,043072711434
2023-11;"Pays de la Loire";"Thermique renouvelable et déchets";0,039538110145
2023-12;"Pays de la Loire";"Thermique renouvelable et déchets";0,0404466882
2024-01;"Pays de la Loire";"Thermique renouvelable et déchets";0,040443133993
2024-02;"Pays de la Loire";"Thermique renouvelable et déchets";0,038823345187
2024-03;"Pays de la Loire";"Thermique renouvelable et déchets";0,043195968835
2024-04;"Pays de la Loire";"Thermique renouvelable et déchets";0,039093593748
2024-05;"Pays de la Loire";"Thermique renouvelable et déchets";0,045656285043
2024-06;"Pays de la Loire";"Thermique renouvelable et déchets";0,040710837178
2024-07;"Pays de la Loire";"Thermique renouvelable et déchets";0,041898208486
2024-08;"Pays de la Loire";"Thermique renouvelable et déchets";0,04410243264
2024-09;"Pays de la Loire";"Thermique renouvelable et déchets";0,043529392401
2024-10;"Pays de la Loire";"Thermique renouvelable et déchets";0,043694277685
2024-11;"Pays de la Loire";"Thermique renouvelable et déchets";0,04123996498
2024-12;"Pays de la Loire";"Thermique renouvelable et déchets";0,042422191171
2025-01;"Pays de la Loire";"Thermique renouvelable et déchets";0,041426186216
2025-02;"Pays de la Loire";"Thermique renouvelable et déchets";0,038763757399
2025-03;"Pays de la Loire";"Thermique renouvelable et déchets";0,044826656315
2025-04;"Pays de la Loire";"Thermique renouvelable et déchets";0,041640239166
2025-05;"Pays de la Loire";"Thermique renouvelable et déchets";0,040596921397
2025-06;"Pays de la Loire";"Thermique renouvelable et déchets";0,041496092504
2025-07;"Pays de la Loire";"Thermique renouvelable et déchets";0,04182745864
2025-08;"Pays de la Loire";"Thermique renouvelable et déchets";0,043937636201
2025-09;"Pays de la Loire";"Thermique renouvelable et déchets";0,044426403335
2025-10;"Pays de la Loire";"Thermique renouvelable et déchets";0,046920013723
2025-11;"Pays de la Loire";"Thermique renouvelable et déchets";0,04128493261
2014-01;"Pays de la Loire";"Energie produite";0,562565417999
2014-02;"Pays de la Loire";"Energie produite";0,369468558167
2014-03;"Pays de la Loire";"Energie produite";0,663277454828
2014-04;"Pays de la Loire";"Energie produite";0,490559781668
2014-05;"Pays de la Loire";"Energie produite";0,334535233833
2014-06;"Pays de la Loire";"Energie produite";0,302388952331
2014-07;"Pays de la Loire";"Energie produite";0,264417835333
2014-08;"Pays de la Loire";"Energie produite";0,198770482001
2014-09;"Pays de la Loire";"Energie produite";0,419091098167
2014-10;"Pays de la Loire";"Energie produite";0,424042739664
2014-11;"Pays de la Loire";"Energie produite";0,656799717167
2014-12;"Pays de la Loire";"Energie produite";0,725137201168
2015-01;"Pays de la Loire";"Energie produite";0,933336935001
2015-02;"Pays de la Loire";"Energie produite";0,979234399002
2015-03;"Pays de la Loire";"Energie produite";0,62159686367
2015-04;"Pays de la Loire";"Energie produite";0,224773388002
2015-05;"Pays de la Loire";"Energie produite";0,173977972
2015-06;"Pays de la Loire";"Energie produite";0,164332533001
2015-07;"Pays de la Loire";"Energie produite";0,166843873501
2015-08;"Pays de la Loire";"Energie produite";0,244394519002
2015-09;"Pays de la Loire";"Energie produite";0,495263268336
2015-10;"Pays de la Loire";"Energie produite";0,699237120833
2015-11;"Pays de la Loire";"Energie produite";0,58461898567
2015-12;"Pays de la Loire";"Energie produite";0,565755415999
2016-01;"Pays de la Loire";"Energie produite";0,877607378829
2016-02;"Pays de la Loire";"Energie produite";0,681547279831
2016-03;"Pays de la Loire";"Energie produite";0,734196251836
2016-04;"Pays de la Loire";"Energie produite";0,418399584001
2016-05;"Pays de la Loire";"Energie produite";0,171982175667
2016-06;"Pays de la Loire";"Energie produite";0,146618086
2016-07;"Pays de la Loire";"Energie produite";0,153827104667
2016-08;"Pays de la Loire";"Energie produite";0,155206875665
2016-09;"Pays de la Loire";"Energie produite";0,320812292502
2016-10;"Pays de la Loire";"Energie produite";0,631811568002
2016-11;"Pays de la Loire";"Energie produite";0,880977439669
2016-12;"Pays de la Loire";"Energie produite";0,902740579833
2017-01;"Pays de la Loire";"Energie produite";1,285158020163
2017-02;"Pays de la Loire";"Energie produite";1,02383101183
2017-03;"Pays de la Loire";"Energie produite";0,613356829998
2017-04;"Pays de la Loire";"Energie produite";0,724701631166
2017-05;"Pays de la Loire";"Energie produite";0,5782282995
2017-06;"Pays de la Loire";"Energie produite";0,325774818168
2017-07;"Pays de la Loire";"Energie produite";0,598033386001
2017-08;"Pays de la Loire";"Energie produite";0,237800440664
2017-09;"Pays de la Loire";"Energie produite";0,492396387998
2017-10;"Pays de la Loire";"Energie produite";0,989227042833
2017-11;"Pays de la Loire";"Energie produite";1,127980063498
2017-12;"Pays de la Loire";"Energie produite";0,968913850666
2018-01;"Pays de la Loire";"Energie produite";0,642139505169
2018-02;"Pays de la Loire";"Energie produite";1,001482406503
2018-03;"Pays de la Loire";"Energie produite";0,943524588831
2018-04;"Pays de la Loire";"Energie produite";0,389258714001
2018-05;"Pays de la Loire";"Energie produite";0,257202920331
2018-06;"Pays de la Loire";"Energie produite";0,241624372833
2018-07;"Pays de la Loire";"Energie produite";0,700734407331
2018-08;"Pays de la Loire";"Energie produite";0,536248537003
2018-09;"Pays de la Loire";"Energie produite";0,408315071669
2018-10;"Pays de la Loire";"Energie produite";0,753763467
2018-11;"Pays de la Loire";"Energie produite";0,635803685834
2018-12;"Pays de la Loire";"Energie produite";0,601628261665
2019-01;"Pays de la Loire";"Energie produite";0,717425697335
2019-02;"Pays de la Loire";"Energie produite";0,56161625767
2019-03;"Pays de la Loire";"Energie produite";0,562419714335
2019-04;"Pays de la Loire";"Energie produite";0,390943177169
2019-05;"Pays de la Loire";"Energie produite";0,424141689169
2019-06;"Pays de la Loire";"Energie produite";0,31814849983
2019-07;"Pays de la Loire";"Energie produite";0,488320840836
2019-08;"Pays de la Loire";"Energie produite";0,400836783334
2019-09;"Pays de la Loire";"Energie produite";0,498898002836
2019-10;"Pays de la Loire";"Energie produite";0,479706350334
2019-11;"Pays de la Loire";"Energie produite";0,873396637003
2019-12;"Pays de la Loire";"Energie produite";0,746983395668
2020-01;"Pays de la Loire";"Energie produite";0,829499242499
2020-02;"Pays de la Loire";"Energie produite";0,753079884834
2020-03;"Pays de la Loire";"Energie produite";0,606032222835
2020-04;"Pays de la Loire";"Energie produite";0,248582642
2020-05;"Pays de la Loire";"Energie produite";0,451060408
2020-06;"Pays de la Loire";"Energie produite";0,463073540167
2020-07;"Pays de la Loire";"Energie produite";0,617411508
2020-08;"Pays de la Loire";"Energie produite";0,399172742
2020-09;"Pays de la Loire";"Energie produite";0,266202788
2020-10;"Pays de la Loire";"Energie produite";0,461662623
2020-11;"Pays de la Loire";"Energie produite";0,591222384166
2020-12;"Pays de la Loire";"Energie produite";0,865322020499
2021-01;"Pays de la Loire";"Energie produite";0,996998131331
2021-02;"Pays de la Loire";"Energie produite";0,663892677169
2021-03;"Pays de la Loire";"Energie produite";0,710865702834
2021-04;"Pays de la Loire";"Energie produite";0,7053623235
2021-05;"Pays de la Loire";"Energie produite";0,461331977
2021-06;"Pays de la Loire";"Energie produite";0,225502849
2021-07;"Pays de la Loire";"Energie produite";0,332299246
2021-08;"Pays de la Loire";"Energie produite";0,320034125
2021-09;"Pays de la Loire";"Energie produite";0,806173749
2021-10;"Pays de la Loire";"Energie produite";0,952368729667
2021-11;"Pays de la Loire";"Energie produite";0,941145146333
2021-12;"Pays de la Loire";"Energie produite";1,102028724332
2022-01;"Pays de la Loire";"Energie produite";1,10737760719
2022-02;"Pays de la Loire";"Energie produite";0,915196370761
2022-03;"Pays de la Loire";"Energie produite";0,619939227158
2022-04;"Pays de la Loire";"Energie produite";0,419948460698
2022-05;"Pays de la Loire";"Energie produite";0,314957112112
2022-06;"Pays de la Loire";"Energie produite";0,31232811954
2022-07;"Pays de la Loire";"Energie produite";0,358088967662
2022-08;"Pays de la Loire";"Energie produite";0,365399921282
2022-09;"Pays de la Loire";"Energie produite";0,389844921255
2022-10;"Pays de la Loire";"Energie produite";0,692787190218
2022-11;"Pays de la Loire";"Energie produite";0,933609373427
2022-12;"Pays de la Loire";"Energie produite";1,258977571392
2023-01;"Pays de la Loire";"Energie produite";0,938098652315
2023-02;"Pays de la Loire";"Energie produite";0,842888432976
2023-03;"Pays de la Loire";"Energie produite";0,899037106095
2023-04;"Pays de la Loire";"Energie produite";0,515739581529
2023-05;"Pays de la Loire";"Energie produite";0,596548385952
2023-06;"Pays de la Loire";"Energie produite";0,39182720758
2023-07;"Pays de la Loire";"Energie produite";0,488599219635
2023-08;"Pays de la Loire";"Energie produite";0,430698233442
2023-09;"Pays de la Loire";"Energie produite";0,392863278381
2023-10;"Pays de la Loire";"Energie produite";0,594960238213
2023-11;"Pays de la Loire";"Energie produite";0,801984203708
2023-12;"Pays de la Loire";"Energie produite";0,74093899902
2024-01;"Pays de la Loire";"Energie produite";0,834306775138
2024-02;"Pays de la Loire";"Energie produite";0,816663557998
2024-03;"Pays de la Loire";"Energie produite";0,720522611508
2024-04;"Pays de la Loire";"Energie produite";0,582583481854
2024-05;"Pays de la Loire";"Energie produite";0,488488915725
2024-06;"Pays de la Loire";"Energie produite";0,45139054627
2024-07;"Pays de la Loire";"Energie produite";0,453729963298
2024-08;"Pays de la Loire";"Energie produite";0,442334295385
2024-09;"Pays de la Loire";"Energie produite";0,587260663847
2024-10;"Pays de la Loire";"Energie produite";0,453277389731
2024-11;"Pays de la Loire";"Energie produite";0,670525026499
2024-12;"Pays de la Loire";"Energie produite";0,72877976512
2025-01;"Pays de la Loire";"Energie produite";0,854633595742
2025-02;"Pays de la Loire";"Energie produite";0,693782146293
2025-03;"Pays de la Loire";"Energie produite";0,703421456084
2025-04;"Pays de la Loire";"Energie produite";0,589333313896
2025-05;"Pays de la Loire";"Energie produite";0,539765605443
2025-06;"Pays de la Loire";"Energie produite";0,527938668732
2025-07;"Pays de la Loire";"Energie produite";0,672124334931
2025-08;"Pays de la Loire";"Energie produite";0,619504818528
2025-09;"Pays de la Loire";"Energie produite";0,640642750133
2025-10;"Pays de la Loire";"Energie produite";0,852498497214
2025-11;"Pays de la Loire";"Energie produite";1,033425384126
2014-01;"Bretagne";"Autre";1,0544828898951E-18
2014-02;"Bretagne";"Autre";9,7860608505584E-19
2014-03;"Bretagne";"Autre";2,4571924356342E-19
2014-04;"Bretagne";"Autre";-1,8317639072229E-19
2014-05;"Bretagne";"Autre";1,8676987040278E-19
2014-06;"Bretagne";"Autre";-2,4357512534712E-19
2014-07;"Bretagne";"Autre";3,4581712493598E-19
2014-08;"Bretagne";"Autre";-3,3665778498282E-19
2014-09;"Bretagne";"Autre";-6,578505101773E-20
2014-10;"Bretagne";"Autre";4,3933433280241E-19
2014-11;"Bretagne";"Autre";-1,9758847336071E-19
2014-12;"Bretagne";"Autre";2,7146340730866E-19
2015-01;"Bretagne";"Autre";1,2917444891514E-19
2015-02;"Bretagne";"Autre";8,2453141536654E-20
2015-03;"Bretagne";"Autre";-2,0639739917172E-19
2015-04;"Bretagne";"Autre";-8,1729761847171E-20
2015-05;"Bretagne";"Autre";4,5695391914791E-19
2015-06;"Bretagne";"Autre";-1,2209963942689E-18
2015-07;"Bretagne";"Autre";3,7930422691623E-19
2015-08;"Bretagne";"Autre";2,0723353588714E-19
2015-09;"Bretagne";"Autre";-1,94859753333E-19
2015-10;"Bretagne";"Autre";-1,6661325097367E-19
2015-11;"Bretagne";"Autre";-6,5080232869441E-19
2015-12;"Bretagne";"Autre";-2,0684938137339E-18
2016-01;"Bretagne";"Autre";1,2660150705557E-18
2016-02;"Bretagne";"Autre";-6,0873528440197E-19
2016-03;"Bretagne";"Autre";-7,5709837704663E-19
2016-04;"Bretagne";"Autre";1,4007198179122E-19
2016-05;"Bretagne";"Autre";-4,5787072050496E-19
2016-06;"Bretagne";"Autre";-4,2361947283354E-20
2016-07;"Bretagne";"Autre";-4,7772549804925E-20
2016-08;"Bretagne";"Autre";-7,3482886442377E-20
2016-09;"Bretagne";"Autre";1,8583051764054E-19
2016-10;"Bretagne";"Autre";-9,3407920287447E-20
2016-11;"Bretagne";"Autre";-1,1327327964494E-18
2016-12;"Bretagne";"Autre";-1,5445977830097E-19
2017-01;"Bretagne";"Autre";0,000284239
2017-02;"Bretagne";"Autre";0,000256732
2017-03;"Bretagne";"Autre";0,000284228
2017-04;"Bretagne";"Autre";0,00027507
2017-05;"Bretagne";"Autre";0,000284239
2017-06;"Bretagne";"Autre";0,00027507
2017-07;"Bretagne";"Autre";0,000284239
2017-08;"Bretagne";"Autre";0,000284239
2017-09;"Bretagne";"Autre";0,00027507
2017-10;"Bretagne";"Autre";0,000284248
2017-11;"Bretagne";"Autre";0,00027507
2017-12;"Bretagne";"Autre";0,001301788
2018-01;"Bretagne";"Autre";0,001242535
2018-02;"Bretagne";"Autre";0,001234711
2018-03;"Bretagne";"Autre";0,000284748
2018-04;"Bretagne";"Autre";0,00027192
2018-05;"Bretagne";"Autre";0,000280984
2018-06;"Bretagne";"Autre";0,00027192
2018-07;"Bretagne";"Autre";0,000280984
2018-08;"Bretagne";"Autre";0,000280984
2018-09;"Bretagne";"Autre";0,00027192
2018-10;"Bretagne";"Autre";0,000283941
2018-11;"Bretagne";"Autre";0,001107323
2018-12;"Bretagne";"Autre";0,001245111
2019-01;"Bretagne";"Autre";0,001253642
2019-02;"Bretagne";"Autre";0,001196157
2019-03;"Bretagne";"Autre";0,00028728
2019-04;"Bretagne";"Autre";0,00027858
2019-05;"Bretagne";"Autre";0,000284053
2019-06;"Bretagne";"Autre";0,00027489
2019-07;"Bretagne";"Autre";0,000284053
2019-08;"Bretagne";"Autre";0,000284053
2019-09;"Bretagne";"Autre";0,00027489
2019-10;"Bretagne";"Autre";0,000291203
2019-11;"Bretagne";"Autre";0,00084174
2019-12;"Bretagne";"Autre";0,001274007
2020-01;"Bretagne";"Autre";0,001267001
2020-02;"Bretagne";"Autre";0,001200136
2020-03;"Bretagne";"Autre";0,001055308
2020-04;"Bretagne";"Autre";0,00027489
2020-05;"Bretagne";"Autre";0,000284053
2020-06;"Bretagne";"Autre";0,00027489
2020-07;"Bretagne";"Autre";0,000284053
2020-08;"Bretagne";"Autre";0,000284053
2020-09;"Bretagne";"Autre";0,00027489
2020-10;"Bretagne";"Autre";0,000284032
2020-11;"Bretagne";"Autre";0,00027489
2020-12;"Bretagne";"Autre";0,000284053
2021-01;"Bretagne";"Autre";0,000284053
2021-02;"Bretagne";"Autre";0,000256564
2021-03;"Bretagne";"Autre";0,000284043
2021-04;"Bretagne";"Autre";0,00027489
2021-05;"Bretagne";"Autre";0,000284053
2021-06;"Bretagne";"Autre";0,00027489
2021-07;"Bretagne";"Autre";0,000284053
2021-08;"Bretagne";"Autre";0,000284053
2021-09;"Bretagne";"Autre";0,00027489
2021-10;"Bretagne";"Autre";0,000284031
2021-11;"Bretagne";"Autre";0,00027489
2021-12;"Bretagne";"Autre";0,000284053
2022-01;"Bretagne";"Autre";0,000286732734
2022-02;"Bretagne";"Autre";0,000270935476
2022-03;"Bretagne";"Autre";0,000310392535
2022-04;"Bretagne";"Autre";0,000303621133
2022-05;"Bretagne";"Autre";0,000304078417
2022-06;"Bretagne";"Autre";0,00029507488
2022-07;"Bretagne";"Autre";0,00029433718
2022-08;"Bretagne";"Autre";0,000292297464
2022-09;"Bretagne";"Autre";0,00027489
2022-10;"Bretagne";"Autre";0,000274889989
2022-11;"Bretagne";"Autre";0,00027491535
2022-12;"Bretagne";"Autre";0,000274916184
2023-01;"Bretagne";"Autre";0,00027491618400001
2023-02;"Bretagne";"Autre";0,00027491366
2023-03;"Bretagne";"Autre";0,000274916184
2023-04;"Bretagne";"Autre";0,00027491535
2023-05;"Bretagne";"Autre";0,000274916184
2023-06;"Bretagne";"Autre";0,00027491535
2023-07;"Bretagne";"Autre";0,000274916184
2023-08;"Bretagne";"Autre";0,000275568993
2023-09;"Bretagne";"Autre";0,00027612034
2023-10;"Bretagne";"Autre";0,000275001333
2023-11;"Bretagne";"Autre";0,00027491535
2023-12;"Bretagne";"Autre";0,000283681617
2024-01;"Bretagne";"Autre";0,000292677429
2024-02;"Bretagne";"Autre";0,000290462144
2024-03;"Bretagne";"Autre";0,00031602555799999
2024-04;"Bretagne";"Autre";0,000330551097
2024-05;"Bretagne";"Autre";0,000339019454
2024-06;"Bretagne";"Autre";0,000347424475
2024-07;"Bretagne";"Autre";0,000340416871
2024-08;"Bretagne";"Autre";0,00032602374
2024-09;"Bretagne";"Autre";0,00031983292
2024-10;"Bretagne";"Autre";0,00030518643
2024-11;"Bretagne";"Autre";0,000290326989
2024-12;"Bretagne";"Autre";0,000285614002
2025-01;"Bretagne";"Autre";0,000291473012
2025-02;"Bretagne";"Autre";0,000298909911
2025-03;"Bretagne";"Autre";0,000323121155
2025-04;"Bretagne";"Autre";0,000341017705
2025-05;"Bretagne";"Autre";0,000358317542
2025-06;"Bretagne";"Autre";0,000359407034
2025-07;"Bretagne";"Autre";0,00027708097600001
2025-08;"Bretagne";"Autre";0,000276628965
2025-09;"Bretagne";"Autre";0,00027689566
2025-10;"Bretagne";"Autre";0,000276904989
2025-11;"Bretagne";"Autre";0,00027690498
2014-01;"Bretagne";"Solaire";0,005019341
2014-02;"Bretagne";"Solaire";0,008247459
2014-03;"Bretagne";"Solaire";0,015245714
2014-04;"Bretagne";"Solaire";0,017761562
2014-05;"Bretagne";"Solaire";0,021379959
2014-06;"Bretagne";"Solaire";0,024629456
2014-07;"Bretagne";"Solaire";0,023259249
2014-08;"Bretagne";"Solaire";0,01950819
2014-09;"Bretagne";"Solaire";0,019759206
2014-10;"Bretagne";"Solaire";0,011855143
2014-11;"Bretagne";"Solaire";0,006307845
2014-12;"Bretagne";"Solaire";0,004439084
2015-01;"Bretagne";"Solaire";0,005778626
2015-02;"Bretagne";"Solaire";0,009674576
2015-03;"Bretagne";"Solaire";0,01407284
2015-04;"Bretagne";"Solaire";0,02178038
2015-05;"Bretagne";"Solaire";0,021560906
2015-06;"Bretagne";"Solaire";0,027226082
2015-07;"Bretagne";"Solaire";0,02294697
2015-08;"Bretagne";"Solaire";0,020073622
2015-09;"Bretagne";"Solaire";0,020156559
2015-10;"Bretagne";"Solaire";0,012090076
2015-11;"Bretagne";"Solaire";0,006797521
2015-12;"Bretagne";"Solaire";0,005182113
2016-01;"Bretagne";"Solaire";0,00536176
2016-02;"Bretagne";"Solaire";0,009639575
2016-03;"Bretagne";"Solaire";0,016420013
2016-04;"Bretagne";"Solaire";0,020003526
2016-05;"Bretagne";"Solaire";0,023413389
2016-06;"Bretagne";"Solaire";0,018673924
2016-07;"Bretagne";"Solaire";0,024768886
2016-08;"Bretagne";"Solaire";0,024993029
2016-09;"Bretagne";"Solaire";0,017659163
2016-10;"Bretagne";"Solaire";0,021543509
2016-11;"Bretagne";"Solaire";0,007893885
2016-12;"Bretagne";"Solaire";0,006252308
2017-01;"Bretagne";"Solaire";0,007915331
2017-02;"Bretagne";"Solaire";0,009258744
2017-03;"Bretagne";"Solaire";0,01551565
2017-04;"Bretagne";"Solaire";0,025152029
2017-05;"Bretagne";"Solaire";0,026234011
2017-06;"Bretagne";"Solaire";0,028705462
2017-07;"Bretagne";"Solaire";0,025386759
2017-08;"Bretagne";"Solaire";0,024438694
2017-09;"Bretagne";"Solaire";0,017242649
2017-10;"Bretagne";"Solaire";0,012845868
2017-11;"Bretagne";"Solaire";0,008934264
2017-12;"Bretagne";"Solaire";0,005278028
2018-01;"Bretagne";"Solaire";0,004084257
2018-02;"Bretagne";"Solaire";0,013794022
2018-03;"Bretagne";"Solaire";0,01481394
2018-04;"Bretagne";"Solaire";0,022603215
2018-05;"Bretagne";"Solaire";0,030583285
2018-06;"Bretagne";"Solaire";0,027496667
2018-07;"Bretagne";"Solaire";0,030967718
2018-08;"Bretagne";"Solaire";0,025282169
2018-09;"Bretagne";"Solaire";0,023500955
2018-10;"Bretagne";"Solaire";0,018312454
2018-11;"Bretagne";"Solaire";0,011455571
2018-12;"Bretagne";"Solaire";0,002508268
2019-01;"Bretagne";"Solaire";0,007557824
2019-02;"Bretagne";"Solaire";0,014845364
2019-03;"Bretagne";"Solaire";0,020986606
2019-04;"Bretagne";"Solaire";0,024144872
2019-05;"Bretagne";"Solaire";0,03051203
2019-06;"Bretagne";"Solaire";0,030465301
2019-07;"Bretagne";"Solaire";0,034556118
2019-08;"Bretagne";"Solaire";0,029789724
2019-09;"Bretagne";"Solaire";0,024392422
2019-10;"Bretagne";"Solaire";0,014817774
2019-11;"Bretagne";"Solaire";0,009946503
2019-12;"Bretagne";"Solaire";0,008866975
2020-01;"Bretagne";"Solaire";0,008845122
2020-02;"Bretagne";"Solaire";0,012776344
2020-03;"Bretagne";"Solaire";0,020316598
2020-04;"Bretagne";"Solaire";0,027067661
2020-05;"Bretagne";"Solaire";0,036135671
2020-06;"Bretagne";"Solaire";0,030017814
2020-07;"Bretagne";"Solaire";0,034453352
2020-08;"Bretagne";"Solaire";0,030373452
2020-09;"Bretagne";"Solaire";0,024223251
2020-10;"Bretagne";"Solaire";0,015647829
2020-11;"Bretagne";"Solaire";0,012616968
2020-12;"Bretagne";"Solaire";0,008231203
2021-01;"Bretagne";"Solaire";0,007960687
2021-02;"Bretagne";"Solaire";0,011953415
2021-03;"Bretagne";"Solaire";0,022900825
2021-04;"Bretagne";"Solaire";0,033377103
2021-05;"Bretagne";"Solaire";0,031904377
2021-06;"Bretagne";"Solaire";0,030715207
2021-07;"Bretagne";"Solaire";0,033899281
2021-08;"Bretagne";"Solaire";0,033135702
2021-09;"Bretagne";"Solaire";0,030694861
2021-10;"Bretagne";"Solaire";0,024630812
2021-11;"Bretagne";"Solaire";0,014990591
2021-12;"Bretagne";"Solaire";0,008401975
2022-01;"Bretagne";"Solaire";0,011913653661
2022-02;"Bretagne";"Solaire";0,016800686877
2022-03;"Bretagne";"Solaire";0,031117593535
2022-04;"Bretagne";"Solaire";0,043358799137
2022-05;"Bretagne";"Solaire";0,051231577914
2022-06;"Bretagne";"Solaire";0,052538360224
2022-07;"Bretagne";"Solaire";0,05882087761
2022-08;"Bretagne";"Solaire";0,05474041751
2022-09;"Bretagne";"Solaire";0,040509283721
2022-10;"Bretagne";"Solaire";0,029188007271
2022-11;"Bretagne";"Solaire";0,020678005183
2022-12;"Bretagne";"Solaire";0,009347221689
2023-01;"Bretagne";"Solaire";0,013714475846
2023-02;"Bretagne";"Solaire";0,025351005866
2023-03;"Bretagne";"Solaire";0,034454355049
2023-04;"Bretagne";"Solaire";0,053190288246
2023-05;"Bretagne";"Solaire";0,068445385944
2023-06;"Bretagne";"Solaire";0,075167378659
2023-07;"Bretagne";"Solaire";0,061779253221
2023-08;"Bretagne";"Solaire";0,060588436286
2023-09;"Bretagne";"Solaire";0,053362332468
2023-10;"Bretagne";"Solaire";0,040578867067
2023-11;"Bretagne";"Solaire";0,022350849737
2023-12;"Bretagne";"Solaire";0,015220337575
2024-01;"Bretagne";"Solaire";0,02143004955
2024-02;"Bretagne";"Solaire";0,022159943955
2024-03;"Bretagne";"Solaire";0,050075420193
2024-04;"Bretagne";"Solaire";0,066713203822
2024-05;"Bretagne";"Solaire";0,083132538307
2024-06;"Bretagne";"Solaire";0,091122174745
2024-07;"Bretagne";"Solaire";0,084331979395
2024-08;"Bretagne";"Solaire";0,087284033617
2024-09;"Bretagne";"Solaire";0,065743301759
2024-10;"Bretagne";"Solaire";0,051543160365
2024-11;"Bretagne";"Solaire";0,024326166419
2024-12;"Bretagne";"Solaire";0,019517353105
2025-01;"Bretagne";"Solaire";0,021212692517
2025-02;"Bretagne";"Solaire";0,034151536494
2025-03;"Bretagne";"Solaire";0,069390592916
2025-04;"Bretagne";"Solaire";0,094456040869
2025-05;"Bretagne";"Solaire";0,111298524989
2025-06;"Bretagne";"Solaire";0,1204731301
2025-07;"Bretagne";"Solaire";0,125790270386
2025-08;"Bretagne";"Solaire";0,123297058513
2025-09;"Bretagne";"Solaire";0,095169530238
2025-10;"Bretagne";"Solaire";0,070856452372
2025-11;"Bretagne";"Solaire";0,038978959013
2014-01;"Bretagne";"Hydraulique";0,057834381
2014-02;"Bretagne";"Hydraulique";0,049134558
2014-03;"Bretagne";"Hydraulique";0,056537222
2014-04;"Bretagne";"Hydraulique";0,03856023
2014-05;"Bretagne";"Hydraulique";0,048838644
2014-06;"Bretagne";"Hydraulique";0,043736449
2014-07;"Bretagne";"Hydraulique";0,047047157
2014-08;"Bretagne";"Hydraulique";0,04742339
2014-09;"Bretagne";"Hydraulique";0,042925559
2014-10;"Bretagne";"Hydraulique";0,046324634
2014-11;"Bretagne";"Hydraulique";0,052283741
2014-12;"Bretagne";"Hydraulique";0,054149775
2015-01;"Bretagne";"Hydraulique";0,058035715
2015-02;"Bretagne";"Hydraulique";0,053405193
2015-03;"Bretagne";"Hydraulique";0,053591378
2015-04;"Bretagne";"Hydraulique";0,046340141
2015-05;"Bretagne";"Hydraulique";0,045335303
2015-06;"Bretagne";"Hydraulique";0,045282306
2015-07;"Bretagne";"Hydraulique";0,041726736
2015-08;"Bretagne";"Hydraulique";0,048532603
2015-09;"Bretagne";"Hydraulique";0,042379536
2015-10;"Bretagne";"Hydraulique";0,045696476
2015-11;"Bretagne";"Hydraulique";0,044780697
2015-12;"Bretagne";"Hydraulique";0,046337682
2016-01;"Bretagne";"Hydraulique";0,053486702
2016-02;"Bretagne";"Hydraulique";0,053668906
2016-03;"Bretagne";"Hydraulique";0,054090709
2016-04;"Bretagne";"Hydraulique";0,048148566
2016-05;"Bretagne";"Hydraulique";0,048530753
2016-06;"Bretagne";"Hydraulique";0,04602978
2016-07;"Bretagne";"Hydraulique";0,049129922
2016-08;"Bretagne";"Hydraulique";0,048612016
2016-09;"Bretagne";"Hydraulique";0,044273175
2016-10;"Bretagne";"Hydraulique";0,046619945
2016-11;"Bretagne";"Hydraulique";0,045011145
2016-12;"Bretagne";"Hydraulique";0,047443794
2017-01;"Bretagne";"Hydraulique";0,048139048
2017-02;"Bretagne";"Hydraulique";0,047941621
2017-03;"Bretagne";"Hydraulique";0,054139337
2017-04;"Bretagne";"Hydraulique";0,047377205
2017-05;"Bretagne";"Hydraulique";0,051509681
2017-06;"Bretagne";"Hydraulique";0,044533621
2017-07;"Bretagne";"Hydraulique";0,047435952
2017-08;"Bretagne";"Hydraulique";0,047032639
2017-09;"Bretagne";"Hydraulique";0,046015354
2017-10;"Bretagne";"Hydraulique";0,045386242
2017-11;"Bretagne";"Hydraulique";0,045523513
2017-12;"Bretagne";"Hydraulique";0,053775363
2018-01;"Bretagne";"Hydraulique";0,062504456
2018-02;"Bretagne";"Hydraulique";0,046394148
2018-03;"Bretagne";"Hydraulique";0,043204399
2018-04;"Bretagne";"Hydraulique";0,048204521
2018-05;"Bretagne";"Hydraulique";0,048237221
2018-06;"Bretagne";"Hydraulique";0,04371266
2018-07;"Bretagne";"Hydraulique";0,046276057
2018-08;"Bretagne";"Hydraulique";0,049762987
2018-09;"Bretagne";"Hydraulique";0,04842973
2018-10;"Bretagne";"Hydraulique";0,044092646
2018-11;"Bretagne";"Hydraulique";0,042262986
2018-12;"Bretagne";"Hydraulique";0,051579577
2019-01;"Bretagne";"Hydraulique";0,046934209
2019-02;"Bretagne";"Hydraulique";0,04839588
2019-03;"Bretagne";"Hydraulique";0,044331514
2019-04;"Bretagne";"Hydraulique";0,045420372
2019-05;"Bretagne";"Hydraulique";0,047550405
2019-06;"Bretagne";"Hydraulique";0,047700698
2019-07;"Bretagne";"Hydraulique";0,048722151
2019-08;"Bretagne";"Hydraulique";0,051153141
2019-09;"Bretagne";"Hydraulique";0,047756956
2019-10;"Bretagne";"Hydraulique";0,050295361
2019-11;"Bretagne";"Hydraulique";0,054934911
2019-12;"Bretagne";"Hydraulique";0,058708315
2020-01;"Bretagne";"Hydraulique";0,059464235
2020-02;"Bretagne";"Hydraulique";0,057763655
2020-03;"Bretagne";"Hydraulique";0,05845433
2020-04;"Bretagne";"Hydraulique";0,048512325
2020-05;"Bretagne";"Hydraulique";0,046613013
2020-06;"Bretagne";"Hydraulique";0,044656831
2020-07;"Bretagne";"Hydraulique";0,048817812
2020-08;"Bretagne";"Hydraulique";0,047387189
2020-09;"Bretagne";"Hydraulique";0,046063668
2020-10;"Bretagne";"Hydraulique";0,048549886
2020-11;"Bretagne";"Hydraulique";0,052564341
2020-12;"Bretagne";"Hydraulique";0,059516056
2021-01;"Bretagne";"Hydraulique";0,06174021
2021-02;"Bretagne";"Hydraulique";0,055494965
2021-03;"Bretagne";"Hydraulique";0,056921325
2021-04;"Bretagne";"Hydraulique";0,050096066
2021-05;"Bretagne";"Hydraulique";0,049795343
2021-06;"Bretagne";"Hydraulique";0,044892539
2021-07;"Bretagne";"Hydraulique";0,046989833
2021-08;"Bretagne";"Hydraulique";0,045473957
2021-09;"Bretagne";"Hydraulique";0,044332044
2021-10;"Bretagne";"Hydraulique";0,04291392
2021-11;"Bretagne";"Hydraulique";0,051338903
2021-12;"Bretagne";"Hydraulique";0,052911065
2022-01;"Bretagne";"Hydraulique";0,055688201516
2022-02;"Bretagne";"Hydraulique";0,049742451413
2022-03;"Bretagne";"Hydraulique";0,052692896289
2022-04;"Bretagne";"Hydraulique";0,048835322233
2022-05;"Bretagne";"Hydraulique";0,049862882479
2022-06;"Bretagne";"Hydraulique";0,043679077048
2022-07;"Bretagne";"Hydraulique";0,046238520065
2022-08;"Bretagne";"Hydraulique";0,04943452639
2022-09;"Bretagne";"Hydraulique";0,046200122212
2022-10;"Bretagne";"Hydraulique";0,046698770248
2022-11;"Bretagne";"Hydraulique";0,047180479028
2022-12;"Bretagne";"Hydraulique";0,055970513773
2023-01;"Bretagne";"Hydraulique";0,061229251106
2023-02;"Bretagne";"Hydraulique";0,049299851284
2023-03;"Bretagne";"Hydraulique";0,040141054276
2023-04;"Bretagne";"Hydraulique";0,051994649647
2023-05;"Bretagne";"Hydraulique";0,039154274317
2023-06;"Bretagne";"Hydraulique";0,033769701562
2023-07;"Bretagne";"Hydraulique";0,039210908294
2023-08;"Bretagne";"Hydraulique";0,049241346383
2023-09;"Bretagne";"Hydraulique";0,046923700456
2023-10;"Bretagne";"Hydraulique";0,051761209992
2023-11;"Bretagne";"Hydraulique";0,053169116175
2023-12;"Bretagne";"Hydraulique";0,055537535654
2024-01;"Bretagne";"Hydraulique";0,060337107384
2024-02;"Bretagne";"Hydraulique";0,053608499239
2024-03;"Bretagne";"Hydraulique";0,048863965779
2024-04;"Bretagne";"Hydraulique";0,046560148239
2024-05;"Bretagne";"Hydraulique";0,049800392287
2024-06;"Bretagne";"Hydraulique";0,043434549882
2024-07;"Bretagne";"Hydraulique";0,043897796217
2024-08;"Bretagne";"Hydraulique";0,046362289998
2024-09;"Bretagne";"Hydraulique";0,0456864148
2024-10;"Bretagne";"Hydraulique";0,049016835036
2024-11;"Bretagne";"Hydraulique";0,048478482896
2024-12;"Bretagne";"Hydraulique";0,052735977843
2025-01;"Bretagne";"Hydraulique";0,05716481483
2025-02;"Bretagne";"Hydraulique";0,053347162757
2025-03;"Bretagne";"Hydraulique";0,052657067436
2025-04;"Bretagne";"Hydraulique";0,051491278189
2025-05;"Bretagne";"Hydraulique";0,047323838442
2025-06;"Bretagne";"Hydraulique";0,044228913912
2025-07;"Bretagne";"Hydraulique";0,046267289187
2025-08;"Bretagne";"Hydraulique";0,045474503295
2025-09;"Bretagne";"Hydraulique";0,043069379672
2025-10;"Bretagne";"Hydraulique";0,044340845499
2025-11;"Bretagne";"Hydraulique";0,047962882724
2014-01;"Bretagne";"Eolien";0,200068599
2014-02;"Bretagne";"Eolien";0,218675224
2014-03;"Bretagne";"Eolien";0,110019945
2014-04;"Bretagne";"Eolien";0,103039227
2014-05;"Bretagne";"Eolien";0,103995375
2014-06;"Bretagne";"Eolien";0,077091087
2014-07;"Bretagne";"Eolien";0,065714388
2014-08;"Bretagne";"Eolien";0,076129153
2014-09;"Bretagne";"Eolien";0,048236734
2014-10;"Bretagne";"Eolien";0,117318345
2014-11;"Bretagne";"Eolien";0,125143885
2014-12;"Bretagne";"Eolien";0,150977193
2015-01;"Bretagne";"Eolien";0,183815529
2015-02;"Bretagne";"Eolien";0,162172585
2015-03;"Bretagne";"Eolien";0,163903122
2015-04;"Bretagne";"Eolien";0,104029072
2015-05;"Bretagne";"Eolien";0,112731903
2015-06;"Bretagne";"Eolien";0,097211879
2015-07;"Bretagne";"Eolien";0,089599663
2015-08;"Bretagne";"Eolien";0,083227635
2015-09;"Bretagne";"Eolien";0,09798011
2015-10;"Bretagne";"Eolien";0,110750226
2015-11;"Bretagne";"Eolien";0,195387954
2015-12;"Bretagne";"Eolien";0,25018892
2016-01;"Bretagne";"Eolien";0,227768566
2016-02;"Bretagne";"Eolien";0,200312969
2016-03;"Bretagne";"Eolien";0,190003316
2016-04;"Bretagne";"Eolien";0,117262944
2016-05;"Bretagne";"Eolien";0,085641721
2016-06;"Bretagne";"Eolien";0,063337685
2016-07;"Bretagne";"Eolien";0,064922304
2016-08;"Bretagne";"Eolien";0,08888044
2016-09;"Bretagne";"Eolien";0,075558465
2016-10;"Bretagne";"Eolien";0,095094854
2016-11;"Bretagne";"Eolien";0,164419434
2016-12;"Bretagne";"Eolien";0,106151898
2017-01;"Bretagne";"Eolien";0,125069041
2017-02;"Bretagne";"Eolien";0,177948982
2017-03;"Bretagne";"Eolien";0,171500322
2017-04;"Bretagne";"Eolien";0,090348387
2017-05;"Bretagne";"Eolien";0,108877422
2017-06;"Bretagne";"Eolien";0,085548345
2017-07;"Bretagne";"Eolien";0,107187307
2017-08;"Bretagne";"Eolien";0,086764673
2017-09;"Bretagne";"Eolien";0,120257011
2017-10;"Bretagne";"Eolien";0,114691943
2017-11;"Bretagne";"Eolien";0,136406546
2017-12;"Bretagne";"Eolien";0,215631308
2018-01;"Bretagne";"Eolien";0,270035138
2018-02;"Bretagne";"Eolien";0,184836491
2018-03;"Bretagne";"Eolien";0,212582417
2018-04;"Bretagne";"Eolien";0,136243132
2018-05;"Bretagne";"Eolien";0,097439266
2018-06;"Bretagne";"Eolien";0,083476501
2018-07;"Bretagne";"Eolien";0,07914205
2018-08;"Bretagne";"Eolien";0,06258019
2018-09;"Bretagne";"Eolien";0,119340799
2018-10;"Bretagne";"Eolien";0,150786092
2018-11;"Bretagne";"Eolien";0,19402177
2018-12;"Bretagne";"Eolien";0,213147235
2019-01;"Bretagne";"Eolien";0,132837927
2019-02;"Bretagne";"Eolien";0,159728681
2019-03;"Bretagne";"Eolien";0,254113759
2019-04;"Bretagne";"Eolien";0,136612436
2019-05;"Bretagne";"Eolien";0,105792658
2019-06;"Bretagne";"Eolien";0,095405918
2019-07;"Bretagne";"Eolien";0,104718944
2019-08;"Bretagne";"Eolien";0,10973708
2019-09;"Bretagne";"Eolien";0,169356132
2019-10;"Bretagne";"Eolien";0,186603581
2019-11;"Bretagne";"Eolien";0,209848226
2019-12;"Bretagne";"Eolien";0,274138519
2020-01;"Bretagne";"Eolien";0,252654763
2020-02;"Bretagne";"Eolien";0,339544123
2020-03;"Bretagne";"Eolien";0,256510689
2020-04;"Bretagne";"Eolien";0,127489752
2020-05;"Bretagne";"Eolien";0,151254509
2020-06;"Bretagne";"Eolien";0,105975655
2020-07;"Bretagne";"Eolien";0,107437127
2020-08;"Bretagne";"Eolien";0,11794618
2020-09;"Bretagne";"Eolien";0,102162597
2020-10;"Bretagne";"Eolien";0,224556333
2020-11;"Bretagne";"Eolien";0,189678684
2020-12;"Bretagne";"Eolien";0,265969739
2021-01;"Bretagne";"Eolien";0,19495596
2021-02;"Bretagne";"Eolien";0,217153655
2021-03;"Bretagne";"Eolien";0,190769419
2021-04;"Bretagne";"Eolien";0,157411777
2021-05;"Bretagne";"Eolien";0,217085653
2021-06;"Bretagne";"Eolien";0,059348055
2021-07;"Bretagne";"Eolien";0,118968958
2021-08;"Bretagne";"Eolien";0,116211366
2021-09;"Bretagne";"Eolien";0,10106066
2021-10;"Bretagne";"Eolien";0,176937045
2021-11;"Bretagne";"Eolien";0,141578101
2021-12;"Bretagne";"Eolien";0,254197743
2022-01;"Bretagne";"Eolien";0,136848115427
2022-02;"Bretagne";"Eolien";0,231667136142
2022-03;"Bretagne";"Eolien";0,196030964028
2022-04;"Bretagne";"Eolien";0,1599465127
2022-05;"Bretagne";"Eolien";0,09630702183
2022-06;"Bretagne";"Eolien";0,118327565268
2022-07;"Bretagne";"Eolien";0,0980745334
2022-08;"Bretagne";"Eolien";0,112878679537
2022-09;"Bretagne";"Eolien";0,136284224844
2022-10;"Bretagne";"Eolien";0,190906390005
2022-11;"Bretagne";"Eolien";0,302219731315
2022-12;"Bretagne";"Eolien";0,254200888547
2023-01;"Bretagne";"Eolien";0,306502421593
2023-02;"Bretagne";"Eolien";0,14808194897
2023-03;"Bretagne";"Eolien";0,361920144062
2023-04;"Bretagne";"Eolien";0,180860687986
2023-05;"Bretagne";"Eolien";0,225478230395
2023-06;"Bretagne";"Eolien";0,103985713862
2023-07;"Bretagne";"Eolien";0,180151614038
2023-08;"Bretagne";"Eolien";0,145802650106
2023-09;"Bretagne";"Eolien";0,126168237138
2023-10;"Bretagne";"Eolien";0,222626009706
2023-11;"Bretagne";"Eolien";0,283003453317
2023-12;"Bretagne";"Eolien";0,388458175117
2024-01;"Bretagne";"Eolien";0,319751988662
2024-02;"Bretagne";"Eolien";0,344262164959
2024-03;"Bretagne";"Eolien";0,294916290703
2024-04;"Bretagne";"Eolien";0,333636555457
2024-05;"Bretagne";"Eolien";0,233129826211
2024-06;"Bretagne";"Eolien";0,191916918682
2024-07;"Bretagne";"Eolien";0,184136750368
2024-08;"Bretagne";"Eolien";0,202116540741
2024-09;"Bretagne";"Eolien";0,310984291496
2024-10;"Bretagne";"Eolien";0,244899930266
2024-11;"Bretagne";"Eolien";0,318480654793
2024-12;"Bretagne";"Eolien";0,452048511126
2025-01;"Bretagne";"Eolien";0,42174805837
2025-02;"Bretagne";"Eolien";0,326224142043
2025-03;"Bretagne";"Eolien";0,338842639554
2025-04;"Bretagne";"Eolien";0,313876879103
2025-05;"Bretagne";"Eolien";0,27918644324
2025-06;"Bretagne";"Eolien";0,184415523578
2025-07;"Bretagne";"Eolien";0,263201046934
2025-08;"Bretagne";"Eolien";0,243532095978
2025-09;"Bretagne";"Eolien";0,350329741858
2025-10;"Bretagne";"Eolien";0,470721322752
2025-11;"Bretagne";"Eolien";0,477076262012
2014-01;"Bretagne";"Thermique fossile";0,059545619166
2014-02;"Bretagne";"Thermique fossile";0,051507522501
2014-03;"Bretagne";"Thermique fossile";0,057749415335
2014-04;"Bretagne";"Thermique fossile";0,001099199
2014-05;"Bretagne";"Thermique fossile";0,001624834
2014-06;"Bretagne";"Thermique fossile";0,00088655
2014-07;"Bretagne";"Thermique fossile";0,001363518
2014-08;"Bretagne";"Thermique fossile";0,000285383
2014-09;"Bretagne";"Thermique fossile";0,000832852
2014-10;"Bretagne";"Thermique fossile";0,004989413
2014-11;"Bretagne";"Thermique fossile";0,057571704164
2014-12;"Bretagne";"Thermique fossile";0,07661805733
2015-01;"Bretagne";"Thermique fossile";0,080292668168
2015-02;"Bretagne";"Thermique fossile";0,076224329
2015-03;"Bretagne";"Thermique fossile";0,081726378335
2015-04;"Bretagne";"Thermique fossile";0,0023462265
2015-05;"Bretagne";"Thermique fossile";0,000420432
2015-06;"Bretagne";"Thermique fossile";0,002121788
2015-07;"Bretagne";"Thermique fossile";0,001741926
2015-08;"Bretagne";"Thermique fossile";0,000506551
2015-09;"Bretagne";"Thermique fossile";0,000795641
2015-10;"Bretagne";"Thermique fossile";0,001153918333
2015-11;"Bretagne";"Thermique fossile";0,065709317829
2015-12;"Bretagne";"Thermique fossile";0,100360111835
2016-01;"Bretagne";"Thermique fossile";0,108808017499
2016-02;"Bretagne";"Thermique fossile";0,106602978997
2016-03;"Bretagne";"Thermique fossile";0,112855399664
2016-04;"Bretagne";"Thermique fossile";0,002329827
2016-05;"Bretagne";"Thermique fossile";0,000922774
2016-06;"Bretagne";"Thermique fossile";0,00166911
2016-07;"Bretagne";"Thermique fossile";0,000741352
2016-08;"Bretagne";"Thermique fossile";0,00048306
2016-09;"Bretagne";"Thermique fossile";0,001505741
2016-10;"Bretagne";"Thermique fossile";0,004837148834
2016-11;"Bretagne";"Thermique fossile";0,094192836499
2016-12;"Bretagne";"Thermique fossile";0,141774641166
2017-01;"Bretagne";"Thermique fossile";0,1644417525
2017-02;"Bretagne";"Thermique fossile";0,136358277504
2017-03;"Bretagne";"Thermique fossile";0,150803520167
2017-04;"Bretagne";"Thermique fossile";0,001168181333
2017-05;"Bretagne";"Thermique fossile";0,00343321
2017-06;"Bretagne";"Thermique fossile";0,011623054998
2017-07;"Bretagne";"Thermique fossile";0,001279799336
2017-08;"Bretagne";"Thermique fossile";0,000634797333
2017-09;"Bretagne";"Thermique fossile";0,001428209666
2017-10;"Bretagne";"Thermique fossile";0,002379279001
2017-11;"Bretagne";"Thermique fossile";0,112681488166
2017-12;"Bretagne";"Thermique fossile";0,169687643334
2018-01;"Bretagne";"Thermique fossile";0,169633525002
2018-02;"Bretagne";"Thermique fossile";0,166830092166
2018-03;"Bretagne";"Thermique fossile";0,180243127004
2018-04;"Bretagne";"Thermique fossile";0,001488107665
2018-05;"Bretagne";"Thermique fossile";0,001198444001
2018-06;"Bretagne";"Thermique fossile";0,001990714
2018-07;"Bretagne";"Thermique fossile";0,003214785334
2018-08;"Bretagne";"Thermique fossile";0,001736994002
2018-09;"Bretagne";"Thermique fossile";0,001048750496
2018-10;"Bretagne";"Thermique fossile";0,004691006999
2018-11;"Bretagne";"Thermique fossile";0,13252406517
2018-12;"Bretagne";"Thermique fossile";0,164414519002
2019-01;"Bretagne";"Thermique fossile";0,194252469169
2019-02;"Bretagne";"Thermique fossile";0,1708721845
2019-03;"Bretagne";"Thermique fossile";0,180699407332
2019-04;"Bretagne";"Thermique fossile";0,0024406005
2019-05;"Bretagne";"Thermique fossile";0,000983579668
2019-06;"Bretagne";"Thermique fossile";0,001030085172
2019-07;"Bretagne";"Thermique fossile";0,001965377997
2019-08;"Bretagne";"Thermique fossile";0,001089784666
2019-09;"Bretagne";"Thermique fossile";0,001361131667
2019-10;"Bretagne";"Thermique fossile";0,001569224831
2019-11;"Bretagne";"Thermique fossile";0,150684139668
2019-12;"Bretagne";"Thermique fossile";0,183094524665
2020-01;"Bretagne";"Thermique fossile";0,186053040167
2020-02;"Bretagne";"Thermique fossile";0,183808562835
2020-03;"Bretagne";"Thermique fossile";0,189141917833
2020-04;"Bretagne";"Thermique fossile";0,001412313335
2020-05;"Bretagne";"Thermique fossile";0,001346832335
2020-06;"Bretagne";"Thermique fossile";0,007866680668
2020-07;"Bretagne";"Thermique fossile";0,018520975334
2020-08;"Bretagne";"Thermique fossile";0,004903961999
2020-09;"Bretagne";"Thermique fossile";0,008874532999
2020-10;"Bretagne";"Thermique fossile";0,005179301663
2020-11;"Bretagne";"Thermique fossile";0,144864713666
2020-12;"Bretagne";"Thermique fossile";0,179353236
2021-01;"Bretagne";"Thermique fossile";0,193037630667
2021-02;"Bretagne";"Thermique fossile";0,178363205999
2021-03;"Bretagne";"Thermique fossile";0,183490656166
2021-04;"Bretagne";"Thermique fossile";0,013466284832
2021-05;"Bretagne";"Thermique fossile";0,005615543498
2021-06;"Bretagne";"Thermique fossile";0,005857401166
2021-07;"Bretagne";"Thermique fossile";0,002007739331
2021-08;"Bretagne";"Thermique fossile";0,004844751334
2021-09;"Bretagne";"Thermique fossile";0,00534006
2021-10;"Bretagne";"Thermique fossile";0,024028289167
2021-11;"Bretagne";"Thermique fossile";0,181636829166
2021-12;"Bretagne";"Thermique fossile";0,251501561
2022-01;"Bretagne";"Thermique fossile";0,348494094488
2022-02;"Bretagne";"Thermique fossile";0,318388348617
2022-03;"Bretagne";"Thermique fossile";0,316926692485
2022-04;"Bretagne";"Thermique fossile";0,286295516598
2022-05;"Bretagne";"Thermique fossile";0,271306712194
2022-06;"Bretagne";"Thermique fossile";0,251205857754
2022-07;"Bretagne";"Thermique fossile";0,342489184294
2022-08;"Bretagne";"Thermique fossile";0,318802065991
2022-09;"Bretagne";"Thermique fossile";0,32859642657
2022-10;"Bretagne";"Thermique fossile";0,311387795092
2022-11;"Bretagne";"Thermique fossile";0,248089585585
2022-12;"Bretagne";"Thermique fossile";0,437944892964
2023-01;"Bretagne";"Thermique fossile";0,387845914076
2023-02;"Bretagne";"Thermique fossile";0,422876352116
2023-03;"Bretagne";"Thermique fossile";0,372241922328
2023-04;"Bretagne";"Thermique fossile";0,202305998013
2023-05;"Bretagne";"Thermique fossile";0,156319912877
2023-06;"Bretagne";"Thermique fossile";0,257359266676
2023-07;"Bretagne";"Thermique fossile";0,19250534518
2023-08;"Bretagne";"Thermique fossile";0,022776203617
2023-09;"Bretagne";"Thermique fossile";0,046266647371
2023-10;"Bretagne";"Thermique fossile";0,042945921875
2023-11;"Bretagne";"Thermique fossile";0,227165117289
2023-12;"Bretagne";"Thermique fossile";0,301569327269
2024-01;"Bretagne";"Thermique fossile";0,360300823358
2024-02;"Bretagne";"Thermique fossile";0,262914730232
2024-03;"Bretagne";"Thermique fossile";0,258254084878
2024-04;"Bretagne";"Thermique fossile";0,015386713515
2024-05;"Bretagne";"Thermique fossile";0,00774041343
2024-06;"Bretagne";"Thermique fossile";0,016710263813
2024-07;"Bretagne";"Thermique fossile";0,014717463362
2024-08;"Bretagne";"Thermique fossile";0,037678181734
2024-09;"Bretagne";"Thermique fossile";0,044719453359
2024-10;"Bretagne";"Thermique fossile";0,03643735762
2024-11;"Bretagne";"Thermique fossile";0,275353831905
2024-12;"Bretagne";"Thermique fossile";0,296416603612
2025-01;"Bretagne";"Thermique fossile";0,348722017616
2025-02;"Bretagne";"Thermique fossile";0,304549096109
2025-03;"Bretagne";"Thermique fossile";0,260247786385
2025-04;"Bretagne";"Thermique fossile";0,033371191299
2025-05;"Bretagne";"Thermique fossile";0,009676837273
2025-06;"Bretagne";"Thermique fossile";0,033687346743
2025-07;"Bretagne";"Thermique fossile";0,046026623432
2025-08;"Bretagne";"Thermique fossile";0,059091546212
2025-09;"Bretagne";"Thermique fossile";0,015186301489
2025-10;"Bretagne";"Thermique fossile";0,080833632962
2025-11;"Bretagne";"Thermique fossile";0,166821540422
2014-01;"Bretagne";"Thermique renouvelable et déchets";0,021885084
2014-02;"Bretagne";"Thermique renouvelable et déchets";0,019440539
2014-03;"Bretagne";"Thermique renouvelable et déchets";0,024164992
2014-04;"Bretagne";"Thermique renouvelable et déchets";0,022480519
2014-05;"Bretagne";"Thermique renouvelable et déchets";0,025305504
2014-06;"Bretagne";"Thermique renouvelable et déchets";0,022460884
2014-07;"Bretagne";"Thermique renouvelable et déchets";0,025787825
2014-08;"Bretagne";"Thermique renouvelable et déchets";0,027650143
2014-09;"Bretagne";"Thermique renouvelable et déchets";0,023858048
2014-10;"Bretagne";"Thermique renouvelable et déchets";0,024094178
2014-11;"Bretagne";"Thermique renouvelable et déchets";0,026378119
2014-12;"Bretagne";"Thermique renouvelable et déchets";0,025510809
2015-01;"Bretagne";"Thermique renouvelable et déchets";0,025891044
2015-02;"Bretagne";"Thermique renouvelable et déchets";0,021461907
2015-03;"Bretagne";"Thermique renouvelable et déchets";0,027092541
2015-04;"Bretagne";"Thermique renouvelable et déchets";0,025615022
2015-05;"Bretagne";"Thermique renouvelable et déchets";0,028024233
2015-06;"Bretagne";"Thermique renouvelable et déchets";0,024780895
2015-07;"Bretagne";"Thermique renouvelable et déchets";0,027301477
2015-08;"Bretagne";"Thermique renouvelable et déchets";0,028416331
2015-09;"Bretagne";"Thermique renouvelable et déchets";0,025696843
2015-10;"Bretagne";"Thermique renouvelable et déchets";0,024376138
2015-11;"Bretagne";"Thermique renouvelable et déchets";0,026410098
2015-12;"Bretagne";"Thermique renouvelable et déchets";0,026426386
2016-01;"Bretagne";"Thermique renouvelable et déchets";0,025926916
2016-02;"Bretagne";"Thermique renouvelable et déchets";0,023614853
2016-03;"Bretagne";"Thermique renouvelable et déchets";0,025178727
2016-04;"Bretagne";"Thermique renouvelable et déchets";0,023301626
2016-05;"Bretagne";"Thermique renouvelable et déchets";0,027220952
2016-06;"Bretagne";"Thermique renouvelable et déchets";0,021638485
2016-07;"Bretagne";"Thermique renouvelable et déchets";0,02969071
2016-08;"Bretagne";"Thermique renouvelable et déchets";0,028627836
2016-09;"Bretagne";"Thermique renouvelable et déchets";0,027323282
2016-10;"Bretagne";"Thermique renouvelable et déchets";0,02620713
2016-11;"Bretagne";"Thermique renouvelable et déchets";0,025805123
2016-12;"Bretagne";"Thermique renouvelable et déchets";0,026441723
2017-01;"Bretagne";"Thermique renouvelable et déchets";0,028112755
2017-02;"Bretagne";"Thermique renouvelable et déchets";0,026189863
2017-03;"Bretagne";"Thermique renouvelable et déchets";0,029023196
2017-04;"Bretagne";"Thermique renouvelable et déchets";0,028160349
2017-05;"Bretagne";"Thermique renouvelable et déchets";0,030567692
2017-06;"Bretagne";"Thermique renouvelable et déchets";0,030694165
2017-07;"Bretagne";"Thermique renouvelable et déchets";0,034051259
2017-08;"Bretagne";"Thermique renouvelable et déchets";0,033787075
2017-09;"Bretagne";"Thermique renouvelable et déchets";0,029094658
2017-10;"Bretagne";"Thermique renouvelable et déchets";0,026373676
2017-11;"Bretagne";"Thermique renouvelable et déchets";0,028776559
2017-12;"Bretagne";"Thermique renouvelable et déchets";0,032779072
2018-01;"Bretagne";"Thermique renouvelable et déchets";0,03068768
2018-02;"Bretagne";"Thermique renouvelable et déchets";0,028568539
2018-03;"Bretagne";"Thermique renouvelable et déchets";0,031458836
2018-04;"Bretagne";"Thermique renouvelable et déchets";0,029924212
2018-05;"Bretagne";"Thermique renouvelable et déchets";0,034039713
2018-06;"Bretagne";"Thermique renouvelable et déchets";0,031587254
2018-07;"Bretagne";"Thermique renouvelable et déchets";0,035092058
2018-08;"Bretagne";"Thermique renouvelable et déchets";0,035544685
2018-09;"Bretagne";"Thermique renouvelable et déchets";0,031657913
2018-10;"Bretagne";"Thermique renouvelable et déchets";0,027123367
2018-11;"Bretagne";"Thermique renouvelable et déchets";0,027305264
2018-12;"Bretagne";"Thermique renouvelable et déchets";0,031394356
2019-01;"Bretagne";"Thermique renouvelable et déchets";0,027576498
2019-02;"Bretagne";"Thermique renouvelable et déchets";0,030986234
2019-03;"Bretagne";"Thermique renouvelable et déchets";0,034715847
2019-04;"Bretagne";"Thermique renouvelable et déchets";0,033910861
2019-05;"Bretagne";"Thermique renouvelable et déchets";0,036423006
2019-06;"Bretagne";"Thermique renouvelable et déchets";0,032222049
2019-07;"Bretagne";"Thermique renouvelable et déchets";0,036718404
2019-08;"Bretagne";"Thermique renouvelable et déchets";0,036678223
2019-09;"Bretagne";"Thermique renouvelable et déchets";0,033765154
2019-10;"Bretagne";"Thermique renouvelable et déchets";0,031624621
2019-11;"Bretagne";"Thermique renouvelable et déchets";0,031309677
2019-12;"Bretagne";"Thermique renouvelable et déchets";0,03544136
2020-01;"Bretagne";"Thermique renouvelable et déchets";0,03678473
2020-02;"Bretagne";"Thermique renouvelable et déchets";0,034312305
2020-03;"Bretagne";"Thermique renouvelable et déchets";0,036436674
2020-04;"Bretagne";"Thermique renouvelable et déchets";0,035259164
2020-05;"Bretagne";"Thermique renouvelable et déchets";0,038552666
2020-06;"Bretagne";"Thermique renouvelable et déchets";0,031822767
2020-07;"Bretagne";"Thermique renouvelable et déchets";0,038343261
2020-08;"Bretagne";"Thermique renouvelable et déchets";0,039613158
2020-09;"Bretagne";"Thermique renouvelable et déchets";0,037493878
2020-10;"Bretagne";"Thermique renouvelable et déchets";0,035823603
2020-11;"Bretagne";"Thermique renouvelable et déchets";0,034084852
2020-12;"Bretagne";"Thermique renouvelable et déchets";0,036081506
2021-01;"Bretagne";"Thermique renouvelable et déchets";0,035623727
2021-02;"Bretagne";"Thermique renouvelable et déchets";0,033324065
2021-03;"Bretagne";"Thermique renouvelable et déchets";0,038115094
2021-04;"Bretagne";"Thermique renouvelable et déchets";0,03546877
2021-05;"Bretagne";"Thermique renouvelable et déchets";0,038320312
2021-06;"Bretagne";"Thermique renouvelable et déchets";0,03799232
2021-07;"Bretagne";"Thermique renouvelable et déchets";0,039539075
2021-08;"Bretagne";"Thermique renouvelable et déchets";0,041848611
2021-09;"Bretagne";"Thermique renouvelable et déchets";0,037375753
2021-10;"Bretagne";"Thermique renouvelable et déchets";0,036040579
2021-11;"Bretagne";"Thermique renouvelable et déchets";0,034740695
2021-12;"Bretagne";"Thermique renouvelable et déchets";0,038594249
2022-01;"Bretagne";"Thermique renouvelable et déchets";0,03974038313
2022-02;"Bretagne";"Thermique renouvelable et déchets";0,036950160521
2022-03;"Bretagne";"Thermique renouvelable et déchets";0,037497438686
2022-04;"Bretagne";"Thermique renouvelable et déchets";0,037412162349
2022-05;"Bretagne";"Thermique renouvelable et déchets";0,040303114964
2022-06;"Bretagne";"Thermique renouvelable et déchets";0,035603468775
2022-07;"Bretagne";"Thermique renouvelable et déchets";0,038830724514
2022-08;"Bretagne";"Thermique renouvelable et déchets";0,039616646512
2022-09;"Bretagne";"Thermique renouvelable et déchets";0,038666990276
2022-10;"Bretagne";"Thermique renouvelable et déchets";0,040233080403
2022-11;"Bretagne";"Thermique renouvelable et déchets";0,035177323182
2022-12;"Bretagne";"Thermique renouvelable et déchets";0,04026180679
2023-01;"Bretagne";"Thermique renouvelable et déchets";0,038407250433
2023-02;"Bretagne";"Thermique renouvelable et déchets";0,037191274634
2023-03;"Bretagne";"Thermique renouvelable et déchets";0,038883835059
2023-04;"Bretagne";"Thermique renouvelable et déchets";0,038005756876
2023-05;"Bretagne";"Thermique renouvelable et déchets";0,039925323882
2023-06;"Bretagne";"Thermique renouvelable et déchets";0,035233633228
2023-07;"Bretagne";"Thermique renouvelable et déchets";0,041241559036
2023-08;"Bretagne";"Thermique renouvelable et déchets";0,038571366856
2023-09;"Bretagne";"Thermique renouvelable et déchets";0,035801040691
2023-10;"Bretagne";"Thermique renouvelable et déchets";0,037737281529
2023-11;"Bretagne";"Thermique renouvelable et déchets";0,033275911374
2023-12;"Bretagne";"Thermique renouvelable et déchets";0,041034792381
2024-01;"Bretagne";"Thermique renouvelable et déchets";0,039872524888
2024-02;"Bretagne";"Thermique renouvelable et déchets";0,036931892335
2024-03;"Bretagne";"Thermique renouvelable et déchets";0,040499855421
2024-04;"Bretagne";"Thermique renouvelable et déchets";0,037369104956
2024-05;"Bretagne";"Thermique renouvelable et déchets";0,040071063559
2024-06;"Bretagne";"Thermique renouvelable et déchets";0,039030843166
2024-07;"Bretagne";"Thermique renouvelable et déchets";0,041853919245
2024-08;"Bretagne";"Thermique renouvelable et déchets";0,040590803599
2024-09;"Bretagne";"Thermique renouvelable et déchets";0,036029962835
2024-10;"Bretagne";"Thermique renouvelable et déchets";0,035959666316
2024-11;"Bretagne";"Thermique renouvelable et déchets";0,036939118685
2024-12;"Bretagne";"Thermique renouvelable et déchets";0,038575417814
2025-01;"Bretagne";"Thermique renouvelable et déchets";0,038156562029
2025-02;"Bretagne";"Thermique renouvelable et déchets";0,035618610588
2025-03;"Bretagne";"Thermique renouvelable et déchets";0,037758060839
2025-04;"Bretagne";"Thermique renouvelable et déchets";0,035451439789
2025-05;"Bretagne";"Thermique renouvelable et déchets";0,039459447826
2025-06;"Bretagne";"Thermique renouvelable et déchets";0,037663167601
2025-07;"Bretagne";"Thermique renouvelable et déchets";0,040385794974
2025-08;"Bretagne";"Thermique renouvelable et déchets";0,041280704826
2025-09;"Bretagne";"Thermique renouvelable et déchets";0,036844983385
2025-10;"Bretagne";"Thermique renouvelable et déchets";0,036951456691
2025-11;"Bretagne";"Thermique renouvelable et déchets";0,038041681255
2014-01;"Bretagne";"Energie produite";0,344353024166
2014-02;"Bretagne";"Energie produite";0,347005302501
2014-03;"Bretagne";"Energie produite";0,263717288335
2014-04;"Bretagne";"Energie produite";0,182940737
2014-05;"Bretagne";"Energie produite";0,201144316
2014-06;"Bretagne";"Energie produite";0,168804426
2014-07;"Bretagne";"Energie produite";0,163172137
2014-08;"Bretagne";"Energie produite";0,170996259
2014-09;"Bretagne";"Energie produite";0,135612399
2014-10;"Bretagne";"Energie produite";0,204581713
2014-11;"Bretagne";"Energie produite";0,267685294164
2014-12;"Bretagne";"Energie produite";0,31169491833
2015-01;"Bretagne";"Energie produite";0,353813582168
2015-02;"Bretagne";"Energie produite";0,32293859
2015-03;"Bretagne";"Energie produite";0,340386259335
2015-04;"Bretagne";"Energie produite";0,2001108415
2015-05;"Bretagne";"Energie produite";0,208072777
2015-06;"Bretagne";"Energie produite";0,19662295
2015-07;"Bretagne";"Energie produite";0,183316772
2015-08;"Bretagne";"Energie produite";0,180756742
2015-09;"Bretagne";"Energie produite";0,187008689
2015-10;"Bretagne";"Energie produite";0,194066834333
2015-11;"Bretagne";"Energie produite";0,339085587829
2015-12;"Bretagne";"Energie produite";0,428495212835
2016-01;"Bretagne";"Energie produite";0,421351961499
2016-02;"Bretagne";"Energie produite";0,393839281997
2016-03;"Bretagne";"Energie produite";0,398548164664
2016-04;"Bretagne";"Energie produite";0,211046489
2016-05;"Bretagne";"Energie produite";0,185729589
2016-06;"Bretagne";"Energie produite";0,151348984
2016-07;"Bretagne";"Energie produite";0,169253174
2016-08;"Bretagne";"Energie produite";0,191596381
2016-09;"Bretagne";"Energie produite";0,166319826
2016-10;"Bretagne";"Energie produite";0,194302586834
2016-11;"Bretagne";"Energie produite";0,337322423499
2016-12;"Bretagne";"Energie produite";0,328064364166
2017-01;"Bretagne";"Energie produite";0,3739621665
2017-02;"Bretagne";"Energie produite";0,397954219504
2017-03;"Bretagne";"Energie produite";0,421266253167
2017-04;"Bretagne";"Energie produite";0,192481221333
2017-05;"Bretagne";"Energie produite";0,220906255
2017-06;"Bretagne";"Energie produite";0,201379717998
2017-07;"Bretagne";"Energie produite";0,215625315336
2017-08;"Bretagne";"Energie produite";0,192942117333
2017-09;"Bretagne";"Energie produite";0,214312951666
2017-10;"Bretagne";"Energie produite";0,201961256001
2017-11;"Bretagne";"Energie produite";0,332597440166
2017-12;"Bretagne";"Energie produite";0,478453202334
2018-01;"Bretagne";"Energie produite";0,538187591002
2018-02;"Bretagne";"Energie produite";0,441658003166
2018-03;"Bretagne";"Energie produite";0,482587467004
2018-04;"Bretagne";"Energie produite";0,238735107665
2018-05;"Bretagne";"Energie produite";0,211778913001
2018-06;"Bretagne";"Energie produite";0,188535716
2018-07;"Bretagne";"Energie produite";0,194973652334
2018-08;"Bretagne";"Energie produite";0,175188009002
2018-09;"Bretagne";"Energie produite";0,224250067496
2018-10;"Bretagne";"Energie produite";0,245289506999
2018-11;"Bretagne";"Energie produite";0,40867697917
2018-12;"Bretagne";"Energie produite";0,464289066002
2019-01;"Bretagne";"Energie produite";0,410412569169
2019-02;"Bretagne";"Energie produite";0,4260245005
2019-03;"Bretagne";"Energie produite";0,535134413332
2019-04;"Bretagne";"Energie produite";0,2428077215
2019-05;"Bretagne";"Energie produite";0,221545731668
2019-06;"Bretagne";"Energie produite";0,207098941172
2019-07;"Bretagne";"Energie produite";0,226965047997
2019-08;"Bretagne";"Energie produite";0,228732005666
2019-09;"Bretagne";"Energie produite";0,276906685667
2019-10;"Bretagne";"Energie produite";0,285201764831
2019-11;"Bretagne";"Energie produite";0,457565196668
2019-12;"Bretagne";"Energie produite";0,561523700665
2020-01;"Bretagne";"Energie produite";0,545068891167
2020-02;"Bretagne";"Energie produite";0,629405125835
2020-03;"Bretagne";"Energie produite";0,561915516833
2020-04;"Bretagne";"Energie produite";0,240016105335
2020-05;"Bretagne";"Energie produite";0,274186744335
2020-06;"Bretagne";"Energie produite";0,220614637668
2020-07;"Bretagne";"Energie produite";0,247856580334
2020-08;"Bretagne";"Energie produite";0,240507993999
2020-09;"Bretagne";"Energie produite";0,219092816999
2020-10;"Bretagne";"Energie produite";0,330040984663
2020-11;"Bretagne";"Energie produite";0,434084448666
2020-12;"Bretagne";"Energie produite";0,549435793
2021-01;"Bretagne";"Energie produite";0,493602267667
2021-02;"Bretagne";"Energie produite";0,496545869999
2021-03;"Bretagne";"Energie produite";0,492481362166
2021-04;"Bretagne";"Energie produite";0,290094890832
2021-05;"Bretagne";"Energie produite";0,343005281498
2021-06;"Bretagne";"Energie produite";0,179080412166
2021-07;"Bretagne";"Energie produite";0,241688939331
2021-08;"Bretagne";"Energie produite";0,241798440334
2021-09;"Bretagne";"Energie produite";0,219078268
2021-10;"Bretagne";"Energie produite";0,304834676167
2021-11;"Bretagne";"Energie produite";0,424560009166
2021-12;"Bretagne";"Energie produite";0,605890646
2022-01;"Bretagne";"Energie produite";0,592971180956
2022-02;"Bretagne";"Energie produite";0,653819719046
2022-03;"Bretagne";"Energie produite";0,634575977558
2022-04;"Bretagne";"Energie produite";0,57615193415
2022-05;"Bretagne";"Energie produite";0,509315387798
2022-06;"Bretagne";"Energie produite";0,501649403949
2022-07;"Bretagne";"Energie produite";0,584748177063
2022-08;"Bretagne";"Energie produite";0,575764633404
2022-09;"Bretagne";"Energie produite";0,590531937623
2022-10;"Bretagne";"Energie produite";0,618688933008
2022-11;"Bretagne";"Energie produite";0,653620039643
2022-12;"Bretagne";"Energie produite";0,798000239947
2023-01;"Bretagne";"Energie produite";0,807974229238
2023-02;"Bretagne";"Energie produite";0,68307534653
2023-03;"Bretagne";"Energie produite";0,847916226958
2023-04;"Bretagne";"Energie produite";0,526632296118
2023-05;"Bretagne";"Energie produite";0,529598043599
2023-06;"Bretagne";"Energie produite";0,505790609337
2023-07;"Bretagne";"Energie produite";0,515163595953
2023-08;"Bretagne";"Energie produite";0,317255572241
2023-09;"Bretagne";"Energie produite";0,308798078464
2023-10;"Bretagne";"Energie produite";0,395924291502
2023-11;"Bretagne";"Energie produite";0,619239363242
2023-12;"Bretagne";"Energie produite";0,802103849613
2024-01;"Bretagne";"Energie produite";0,801985171271
2024-02;"Bretagne";"Energie produite";0,720167692864
2024-03;"Bretagne";"Energie produite";0,692925642532
2024-04;"Bretagne";"Energie produite";0,499996277086
2024-05;"Bretagne";"Energie produite";0,414213253248
2024-06;"Bretagne";"Energie produite";0,382562174763
2024-07;"Bretagne";"Energie produite";0,369278325458
2024-08;"Bretagne";"Energie produite";0,414357873429
2024-09;"Bretagne";"Energie produite";0,503483257169
2024-10;"Bretagne";"Energie produite";0,418162136033
2024-11;"Bretagne";"Energie produite";0,703868581687
2024-12;"Bretagne";"Energie produite";0,859579477502
2025-01;"Bretagne";"Energie produite";0,887295618374
2025-02;"Bretagne";"Energie produite";0,754189457902
2025-03;"Bretagne";"Energie produite";0,759219268285
2025-04;"Bretagne";"Energie produite";0,528987846954
2025-05;"Bretagne";"Energie produite";0,487303409312
2025-06;"Bretagne";"Energie produite";0,420827488968
2025-07;"Bretagne";"Energie produite";0,521948105889
2025-08;"Bretagne";"Energie produite";0,512952537789
2025-09;"Bretagne";"Energie produite";0,540876832302
2025-10;"Bretagne";"Energie produite";0,703980615265
2025-11;"Bretagne";"Energie produite";0,769158230406
2014-01;"Nouvelle-Aquitaine";"Autre";-1,1099966432115E-18
2014-02;"Nouvelle-Aquitaine";"Autre";4,409667075933E-19
2014-03;"Nouvelle-Aquitaine";"Autre";3,8716252426241E-19
2014-04;"Nouvelle-Aquitaine";"Autre";1,0783717668827E-18
2014-05;"Nouvelle-Aquitaine";"Autre";-1,0256552551713E-19
2014-06;"Nouvelle-Aquitaine";"Autre";5,2690317386972E-19
2014-07;"Nouvelle-Aquitaine";"Autre";1,5946619025264E-19
2014-08;"Nouvelle-Aquitaine";"Autre";-2,3772823987134E-19
2014-09;"Nouvelle-Aquitaine";"Autre";-1,7016596465247E-19
2014-10;"Nouvelle-Aquitaine";"Autre";-1,0240107373161E-18
2014-11;"Nouvelle-Aquitaine";"Autre";-7,5226630480429E-19
2014-12;"Nouvelle-Aquitaine";"Autre";7,8536829817288E-19
2015-01;"Nouvelle-Aquitaine";"Autre";9,8669336590085E-20
2015-02;"Nouvelle-Aquitaine";"Autre";6,782144290618E-19
2015-03;"Nouvelle-Aquitaine";"Autre";3,0807717488201E-18
2015-04;"Nouvelle-Aquitaine";"Autre";-3,0859603067368E-19
2015-05;"Nouvelle-Aquitaine";"Autre";8,8044068563553E-19
2015-06;"Nouvelle-Aquitaine";"Autre";-3,3140764438277E-19
2015-07;"Nouvelle-Aquitaine";"Autre";7,5391862891516E-19
2015-08;"Nouvelle-Aquitaine";"Autre";5,4503103419368E-19
2015-09;"Nouvelle-Aquitaine";"Autre";-2,0935839867287E-18
2015-10;"Nouvelle-Aquitaine";"Autre";9,1378900973771E-19
2015-11;"Nouvelle-Aquitaine";"Autre";-1,8977848806334E-18
2015-12;"Nouvelle-Aquitaine";"Autre";1,2686310335574E-18
2016-01;"Nouvelle-Aquitaine";"Autre";3,4196083464888E-19
2016-02;"Nouvelle-Aquitaine";"Autre";1,6543988401452E-18
2016-03;"Nouvelle-Aquitaine";"Autre";-2,5190717567458E-18
2016-04;"Nouvelle-Aquitaine";"Autre";2,6320369495014E-18
2016-05;"Nouvelle-Aquitaine";"Autre";-2,382000846568E-18
2016-06;"Nouvelle-Aquitaine";"Autre";9,2195522050087E-19
2016-07;"Nouvelle-Aquitaine";"Autre";-1,063838253601E-18
2016-08;"Nouvelle-Aquitaine";"Autre";2,7667980753709E-18
2016-09;"Nouvelle-Aquitaine";"Autre";-1,683871792002E-18
2016-10;"Nouvelle-Aquitaine";"Autre";-1,9324125632991E-18
2016-11;"Nouvelle-Aquitaine";"Autre";4,3266432103728E-19
2016-12;"Nouvelle-Aquitaine";"Autre";1,3552700628416E-19
2017-01;"Nouvelle-Aquitaine";"Autre";6,1473E-5
2017-02;"Nouvelle-Aquitaine";"Autre";5,5523999999999E-5
2017-03;"Nouvelle-Aquitaine";"Autre";6,1482999999998E-5
2017-04;"Nouvelle-Aquitaine";"Autre";5,9490000000004E-5
2017-05;"Nouvelle-Aquitaine";"Autre";6,1473000000002E-5
2017-06;"Nouvelle-Aquitaine";"Autre";5,9489999999999E-5
2017-07;"Nouvelle-Aquitaine";"Autre";6,1472999999999E-5
2017-08;"Nouvelle-Aquitaine";"Autre";6,1472999999997E-5
2017-09;"Nouvelle-Aquitaine";"Autre";5,9490000000002E-5
2017-10;"Nouvelle-Aquitaine";"Autre";6,1492999999999E-5
2017-11;"Nouvelle-Aquitaine";"Autre";5,9489999999999E-5
2017-12;"Nouvelle-Aquitaine";"Autre";6,1472999999999E-5
2018-01;"Nouvelle-Aquitaine";"Autre";8,3390000000001E-6
2018-02;"Nouvelle-Aquitaine";"Autre";7,5320000000017E-6
2018-03;"Nouvelle-Aquitaine";"Autre";8,328000000001E-6
2018-04;"Nouvelle-Aquitaine";"Autre";8,0699999999991E-6
2018-05;"Nouvelle-Aquitaine";"Autre";8,3389999999948E-6
2018-06;"Nouvelle-Aquitaine";"Autre";8,0700000000048E-6
2018-07;"Nouvelle-Aquitaine";"Autre";8,3390000000026E-6
2018-08;"Nouvelle-Aquitaine";"Autre";8,9209999999992E-6
2018-09;"Nouvelle-Aquitaine";"Autre";1,5140000000003E-5
2018-10;"Nouvelle-Aquitaine";"Autre";1,0747E-5
2018-11;"Nouvelle-Aquitaine";"Autre";9,0120000000044E-6
2018-12;"Nouvelle-Aquitaine";"Autre";1,0652E-5
2019-01;"Nouvelle-Aquitaine";"Autre";2,3078999999999E-5
2019-02;"Nouvelle-Aquitaine";"Autre";3,4422000000006E-5
2019-03;"Nouvelle-Aquitaine";"Autre";3,9072999999997E-5
2019-04;"Nouvelle-Aquitaine";"Autre";3,2127000000003E-5
2019-05;"Nouvelle-Aquitaine";"Autre";0,00017571199999999
2019-06;"Nouvelle-Aquitaine";"Autre";0,000169341
2019-07;"Nouvelle-Aquitaine";"Autre";0,000158999
2019-08;"Nouvelle-Aquitaine";"Autre";0,00016589699999999
2019-09;"Nouvelle-Aquitaine";"Autre";0,000165647
2019-10;"Nouvelle-Aquitaine";"Autre";0,000211814
2019-11;"Nouvelle-Aquitaine";"Autre";0,001439324
2019-12;"Nouvelle-Aquitaine";"Autre";0,001498815
2020-01;"Nouvelle-Aquitaine";"Autre";0,00137413
2020-02;"Nouvelle-Aquitaine";"Autre";0,001336068
2020-03;"Nouvelle-Aquitaine";"Autre";0,00123824
2020-04;"Nouvelle-Aquitaine";"Autre";0,000168018
2020-05;"Nouvelle-Aquitaine";"Autre";0,000167676
2020-06;"Nouvelle-Aquitaine";"Autre";0,000264407
2020-07;"Nouvelle-Aquitaine";"Autre";0,000265053
2020-08;"Nouvelle-Aquitaine";"Autre";0,00026768900000001
2020-09;"Nouvelle-Aquitaine";"Autre";0,00026264099999999
2020-10;"Nouvelle-Aquitaine";"Autre";0,000181935
2020-11;"Nouvelle-Aquitaine";"Autre";0,000173935
2020-12;"Nouvelle-Aquitaine";"Autre";0,000192065
2021-01;"Nouvelle-Aquitaine";"Autre";0,00044357299999999
2021-02;"Nouvelle-Aquitaine";"Autre";0,000167396
2021-03;"Nouvelle-Aquitaine";"Autre";0,00019484700000001
2021-04;"Nouvelle-Aquitaine";"Autre";0,00017227
2021-05;"Nouvelle-Aquitaine";"Autre";0,000180683
2021-06;"Nouvelle-Aquitaine";"Autre";0,00014311
2021-07;"Nouvelle-Aquitaine";"Autre";0,000157872
2021-08;"Nouvelle-Aquitaine";"Autre";0,000160789
2021-09;"Nouvelle-Aquitaine";"Autre";0,000182387
2021-10;"Nouvelle-Aquitaine";"Autre";0,000219399
2021-11;"Nouvelle-Aquitaine";"Autre";0,000187054
2021-12;"Nouvelle-Aquitaine";"Autre";1,8687000000003E-5
2022-01;"Nouvelle-Aquitaine";"Autre";7,0925660000016E-6
2022-02;"Nouvelle-Aquitaine";"Autre";6,3993669999983E-6
2022-03;"Nouvelle-Aquitaine";"Autre";7,1110459999975E-6
2022-04;"Nouvelle-Aquitaine";"Autre";7,067000999987E-6
2022-05;"Nouvelle-Aquitaine";"Autre";7,4813289999973E-6
2022-06;"Nouvelle-Aquitaine";"Autre";7,1990010000003E-6
2022-07;"Nouvelle-Aquitaine";"Autre";7,4030029999974E-6
2022-08;"Nouvelle-Aquitaine";"Autre";7,4050009999905E-6
2022-09;"Nouvelle-Aquitaine";"Autre";7,1019979999947E-6
2022-10;"Nouvelle-Aquitaine";"Autre";1,3139992999998E-5
2022-11;"Nouvelle-Aquitaine";"Autre";0,001390967489
2022-12;"Nouvelle-Aquitaine";"Autre";0,001459898672
2023-01;"Nouvelle-Aquitaine";"Autre";0,001464092982
2023-02;"Nouvelle-Aquitaine";"Autre";0,001325226428
2023-03;"Nouvelle-Aquitaine";"Autre";0,001460385977
2023-04;"Nouvelle-Aquitaine";"Autre";3,3008297999989E-5
2023-05;"Nouvelle-Aquitaine";"Autre";1,6494635E-5
2023-06;"Nouvelle-Aquitaine";"Autre";1,622562E-5
2023-07;"Nouvelle-Aquitaine";"Autre";1,6505639999997E-5
2023-08;"Nouvelle-Aquitaine";"Autre";1,6493642999989E-5
2023-09;"Nouvelle-Aquitaine";"Autre";1,6167630000001E-5
2023-10;"Nouvelle-Aquitaine";"Autre";1,6431643000002E-5
2023-11;"Nouvelle-Aquitaine";"Autre";0,00045707718000001
2023-12;"Nouvelle-Aquitaine";"Autre";0,000472039852
2024-01;"Nouvelle-Aquitaine";"Autre";0,00047203284600001
2024-02;"Nouvelle-Aquitaine";"Autre";0,001367932581
2024-03;"Nouvelle-Aquitaine";"Autre";0,000179074902
2024-04;"Nouvelle-Aquitaine";"Autre";3,1334632999993E-5
2024-05;"Nouvelle-Aquitaine";"Autre";0,00010652681800002
2024-06;"Nouvelle-Aquitaine";"Autre";0,000197356181
2024-07;"Nouvelle-Aquitaine";"Autre";3,2277849999999E-5
2024-08;"Nouvelle-Aquitaine";"Autre";3,2253176999999E-5
2024-09;"Nouvelle-Aquitaine";"Autre";3,1272159999997E-5
2024-10;"Nouvelle-Aquitaine";"Autre";3,1653231999997E-5
2024-11;"Nouvelle-Aquitaine";"Autre";3,0786419999995E-5
2024-12;"Nouvelle-Aquitaine";"Autre";0,000150651562
2025-01;"Nouvelle-Aquitaine";"Autre";0,00015925224700002
2025-02;"Nouvelle-Aquitaine";"Autre";0,00026400878899999
2025-03;"Nouvelle-Aquitaine";"Autre";0,000402834643
2025-04;"Nouvelle-Aquitaine";"Autre";0,000311083804
2025-05;"Nouvelle-Aquitaine";"Autre";0,000325933804
2025-06;"Nouvelle-Aquitaine";"Autre";9,5098229999881E-6
2025-07;"Nouvelle-Aquitaine";"Autre";1,0792871999988E-5
2025-08;"Nouvelle-Aquitaine";"Autre";1,3047437999998E-5
2025-09;"Nouvelle-Aquitaine";"Autre";1,2094743999996E-5
2025-10;"Nouvelle-Aquitaine";"Autre";1,1112914999998E-5
2025-11;"Nouvelle-Aquitaine";"Autre";1,0595669999995E-5
2014-01;"Nouvelle-Aquitaine";"Solaire";0,030887087
2014-02;"Nouvelle-Aquitaine";"Solaire";0,048045516
2014-03;"Nouvelle-Aquitaine";"Solaire";0,093222866
2014-04;"Nouvelle-Aquitaine";"Solaire";0,107206902
2014-05;"Nouvelle-Aquitaine";"Solaire";0,122736687
2014-06;"Nouvelle-Aquitaine";"Solaire";0,144887819
2014-07;"Nouvelle-Aquitaine";"Solaire";0,132502925
2014-08;"Nouvelle-Aquitaine";"Solaire";0,135752226
2014-09;"Nouvelle-Aquitaine";"Solaire";0,142325687
2014-10;"Nouvelle-Aquitaine";"Solaire";0,112353434
2014-11;"Nouvelle-Aquitaine";"Solaire";0,057379491
2014-12;"Nouvelle-Aquitaine";"Solaire";0,04419322
2015-01;"Nouvelle-Aquitaine";"Solaire";0,054883397
2015-02;"Nouvelle-Aquitaine";"Solaire";0,087469848
2015-03;"Nouvelle-Aquitaine";"Solaire";0,114297091
2015-04;"Nouvelle-Aquitaine";"Solaire";0,186207858
2015-05;"Nouvelle-Aquitaine";"Solaire";0,194102118
2015-06;"Nouvelle-Aquitaine";"Solaire";0,235515682
2015-07;"Nouvelle-Aquitaine";"Solaire";0,227592937
2015-08;"Nouvelle-Aquitaine";"Solaire";0,206138572
2015-09;"Nouvelle-Aquitaine";"Solaire";0,177688696
2015-10;"Nouvelle-Aquitaine";"Solaire";0,141372921
2015-11;"Nouvelle-Aquitaine";"Solaire";0,096774554
2015-12;"Nouvelle-Aquitaine";"Solaire";0,094907432
2016-01;"Nouvelle-Aquitaine";"Solaire";0,075082737
2016-02;"Nouvelle-Aquitaine";"Solaire";0,116803463
2016-03;"Nouvelle-Aquitaine";"Solaire";0,19301496
2016-04;"Nouvelle-Aquitaine";"Solaire";0,215730839
2016-05;"Nouvelle-Aquitaine";"Solaire";0,251001412
2016-06;"Nouvelle-Aquitaine";"Solaire";0,237473637
2016-07;"Nouvelle-Aquitaine";"Solaire";0,287937314
2016-08;"Nouvelle-Aquitaine";"Solaire";0,290205689
2016-09;"Nouvelle-Aquitaine";"Solaire";0,225941106
2016-10;"Nouvelle-Aquitaine";"Solaire";0,205647912
2016-11;"Nouvelle-Aquitaine";"Solaire";0,10998093
2016-12;"Nouvelle-Aquitaine";"Solaire";0,103851038
2017-01;"Nouvelle-Aquitaine";"Solaire";0,104035124
2017-02;"Nouvelle-Aquitaine";"Solaire";0,119000618
2017-03;"Nouvelle-Aquitaine";"Solaire";0,17790754
2017-04;"Nouvelle-Aquitaine";"Solaire";0,292679403
2017-05;"Nouvelle-Aquitaine";"Solaire";0,293473374
2017-06;"Nouvelle-Aquitaine";"Solaire";0,292630492
2017-07;"Nouvelle-Aquitaine";"Solaire";0,267927091
2017-08;"Nouvelle-Aquitaine";"Solaire";0,28627715
2017-09;"Nouvelle-Aquitaine";"Solaire";0,218458369
2017-10;"Nouvelle-Aquitaine";"Solaire";0,19116204
2017-11;"Nouvelle-Aquitaine";"Solaire";0,133220574
2017-12;"Nouvelle-Aquitaine";"Solaire";0,075146396
2018-01;"Nouvelle-Aquitaine";"Solaire";0,069955162
2018-02;"Nouvelle-Aquitaine";"Solaire";0,145811292
2018-03;"Nouvelle-Aquitaine";"Solaire";0,223216173
2018-04;"Nouvelle-Aquitaine";"Solaire";0,276597132
2018-05;"Nouvelle-Aquitaine";"Solaire";0,329394849
2018-06;"Nouvelle-Aquitaine";"Solaire";0,364242025
2018-07;"Nouvelle-Aquitaine";"Solaire";0,401240385
2018-08;"Nouvelle-Aquitaine";"Solaire";0,391624286
2018-09;"Nouvelle-Aquitaine";"Solaire";0,337383746
2018-10;"Nouvelle-Aquitaine";"Solaire";0,222316008
2018-11;"Nouvelle-Aquitaine";"Solaire";0,139429985
2018-12;"Nouvelle-Aquitaine";"Solaire";0,06598447
2019-01;"Nouvelle-Aquitaine";"Solaire";0,096891256
2019-02;"Nouvelle-Aquitaine";"Solaire";0,216097095
2019-03;"Nouvelle-Aquitaine";"Solaire";0,308211347
2019-04;"Nouvelle-Aquitaine";"Solaire";0,311578455
2019-05;"Nouvelle-Aquitaine";"Solaire";0,377726581
2019-06;"Nouvelle-Aquitaine";"Solaire";0,39647792
2019-07;"Nouvelle-Aquitaine";"Solaire";0,435090225
2019-08;"Nouvelle-Aquitaine";"Solaire";0,401872255
2019-09;"Nouvelle-Aquitaine";"Solaire";0,332335177
2019-10;"Nouvelle-Aquitaine";"Solaire";0,204008077
2019-11;"Nouvelle-Aquitaine";"Solaire";0,10586472
2019-12;"Nouvelle-Aquitaine";"Solaire";0,100464779
2020-01;"Nouvelle-Aquitaine";"Solaire";0,126826054
2020-02;"Nouvelle-Aquitaine";"Solaire";0,19154457
2020-03;"Nouvelle-Aquitaine";"Solaire";0,268982441
2020-04;"Nouvelle-Aquitaine";"Solaire";0,326195981
2020-05;"Nouvelle-Aquitaine";"Solaire";0,428071926
2020-06;"Nouvelle-Aquitaine";"Solaire";0,410087753
2020-07;"Nouvelle-Aquitaine";"Solaire";0,475409689
2020-08;"Nouvelle-Aquitaine";"Solaire";0,410750541
2020-09;"Nouvelle-Aquitaine";"Solaire";0,344346053
2020-10;"Nouvelle-Aquitaine";"Solaire";0,207725266
2020-11;"Nouvelle-Aquitaine";"Solaire";0,195824179
2020-12;"Nouvelle-Aquitaine";"Solaire";0,091320747
2021-01;"Nouvelle-Aquitaine";"Solaire";0,121242131
2021-02;"Nouvelle-Aquitaine";"Solaire";0,16481427
2021-03;"Nouvelle-Aquitaine";"Solaire";0,336877171
2021-04;"Nouvelle-Aquitaine";"Solaire";0,447054135
2021-05;"Nouvelle-Aquitaine";"Solaire";0,424212108
2021-06;"Nouvelle-Aquitaine";"Solaire";0,435399595
2021-07;"Nouvelle-Aquitaine";"Solaire";0,432212854
2021-08;"Nouvelle-Aquitaine";"Solaire";0,441366449
2021-09;"Nouvelle-Aquitaine";"Solaire";0,362012841
2021-10;"Nouvelle-Aquitaine";"Solaire";0,317005655
2021-11;"Nouvelle-Aquitaine";"Solaire";0,167500026
2021-12;"Nouvelle-Aquitaine";"Solaire";0,142716137
2022-01;"Nouvelle-Aquitaine";"Solaire";0,208152239775
2022-02;"Nouvelle-Aquitaine";"Solaire";0,256091166525
2022-03;"Nouvelle-Aquitaine";"Solaire";0,349157242139
2022-04;"Nouvelle-Aquitaine";"Solaire";0,437675463012
2022-05;"Nouvelle-Aquitaine";"Solaire";0,605051487915
2022-06;"Nouvelle-Aquitaine";"Solaire";0,552923330369
2022-07;"Nouvelle-Aquitaine";"Solaire";0,685019970484
2022-08;"Nouvelle-Aquitaine";"Solaire";0,580813547838
2022-09;"Nouvelle-Aquitaine";"Solaire";0,480175568134
2022-10;"Nouvelle-Aquitaine";"Solaire";0,308402388903
2022-11;"Nouvelle-Aquitaine";"Solaire";0,208546595854
2022-12;"Nouvelle-Aquitaine";"Solaire";0,138058609027
2023-01;"Nouvelle-Aquitaine";"Solaire";0,151766195959
2023-02;"Nouvelle-Aquitaine";"Solaire";0,356140349394
2023-03;"Nouvelle-Aquitaine";"Solaire";0,404791573531
2023-04;"Nouvelle-Aquitaine";"Solaire";0,576955237393
2023-05;"Nouvelle-Aquitaine";"Solaire";0,678130301134
2023-06;"Nouvelle-Aquitaine";"Solaire";0,653421615135
2023-07;"Nouvelle-Aquitaine";"Solaire";0,670551871529
2023-08;"Nouvelle-Aquitaine";"Solaire";0,65772400062
2023-09;"Nouvelle-Aquitaine";"Solaire";0,572805887576
2023-10;"Nouvelle-Aquitaine";"Solaire";0,419248876169
2023-11;"Nouvelle-Aquitaine";"Solaire";0,22150610731
2023-12;"Nouvelle-Aquitaine";"Solaire";0,167020571075
2024-01;"Nouvelle-Aquitaine";"Solaire";0,201501278746
2024-02;"Nouvelle-Aquitaine";"Solaire";0,242929874178
2024-03;"Nouvelle-Aquitaine";"Solaire";0,473780569306
2024-04;"Nouvelle-Aquitaine";"Solaire";0,596652719523
2024-05;"Nouvelle-Aquitaine";"Solaire";0,62250677009
2024-06;"Nouvelle-Aquitaine";"Solaire";0,658795569688
2024-07;"Nouvelle-Aquitaine";"Solaire";0,774164647297
2024-08;"Nouvelle-Aquitaine";"Solaire";0,744537624594
2024-09;"Nouvelle-Aquitaine";"Solaire";0,539400740329
2024-10;"Nouvelle-Aquitaine";"Solaire";0,3986795256
2024-11;"Nouvelle-Aquitaine";"Solaire";0,325331334578
2024-12;"Nouvelle-Aquitaine";"Solaire";0,21882848308
2025-01;"Nouvelle-Aquitaine";"Solaire";0,234127395565
2025-02;"Nouvelle-Aquitaine";"Solaire";0,395066963777
2025-03;"Nouvelle-Aquitaine";"Solaire";0,606691548276
2025-04;"Nouvelle-Aquitaine";"Solaire";0,664868044658
2025-05;"Nouvelle-Aquitaine";"Solaire";0,808751848526
2025-06;"Nouvelle-Aquitaine";"Solaire";0,849578035334
2025-07;"Nouvelle-Aquitaine";"Solaire";0,950895420457
2025-08;"Nouvelle-Aquitaine";"Solaire";0,833647435607
2025-09;"Nouvelle-Aquitaine";"Solaire";0,62893509917
2025-10;"Nouvelle-Aquitaine";"Solaire";0,569922402432
2025-11;"Nouvelle-Aquitaine";"Solaire";0,339321250481
2014-01;"Nouvelle-Aquitaine";"Hydraulique";0,627491648587
2014-02;"Nouvelle-Aquitaine";"Hydraulique";0,726174509197
2014-03;"Nouvelle-Aquitaine";"Hydraulique";0,64643844128
2014-04;"Nouvelle-Aquitaine";"Hydraulique";0,418579538988
2014-05;"Nouvelle-Aquitaine";"Hydraulique";0,414673756168
2014-06;"Nouvelle-Aquitaine";"Hydraulique";0,293814048332
2014-07;"Nouvelle-Aquitaine";"Hydraulique";0,263427986156
2014-08;"Nouvelle-Aquitaine";"Hydraulique";0,185848582691
2014-09;"Nouvelle-Aquitaine";"Hydraulique";0,155436395167
2014-10;"Nouvelle-Aquitaine";"Hydraulique";0,201024724887
2014-11;"Nouvelle-Aquitaine";"Hydraulique";0,328289242162
2014-12;"Nouvelle-Aquitaine";"Hydraulique";0,543872705001
2015-01;"Nouvelle-Aquitaine";"Hydraulique";0,458076865756
2015-02;"Nouvelle-Aquitaine";"Hydraulique";0,516362483199
2015-03;"Nouvelle-Aquitaine";"Hydraulique";0,635459150615
2015-04;"Nouvelle-Aquitaine";"Hydraulique";0,448122788654
2015-05;"Nouvelle-Aquitaine";"Hydraulique";0,444136097501
2015-06;"Nouvelle-Aquitaine";"Hydraulique";0,2043997245
2015-07;"Nouvelle-Aquitaine";"Hydraulique";0,080186833824
2015-08;"Nouvelle-Aquitaine";"Hydraulique";0,064968598189
2015-09;"Nouvelle-Aquitaine";"Hydraulique";0,195448490832
2015-10;"Nouvelle-Aquitaine";"Hydraulique";0,199819374557
2015-11;"Nouvelle-Aquitaine";"Hydraulique";0,148878304327
2015-12;"Nouvelle-Aquitaine";"Hydraulique";0,194657445169
2016-01;"Nouvelle-Aquitaine";"Hydraulique";0,570138581989
2016-02;"Nouvelle-Aquitaine";"Hydraulique";0,79237315862
2016-03;"Nouvelle-Aquitaine";"Hydraulique";0,664492977646
2016-04;"Nouvelle-Aquitaine";"Hydraulique";0,569005263574
2016-05;"Nouvelle-Aquitaine";"Hydraulique";0,531302052511
2016-06;"Nouvelle-Aquitaine";"Hydraulique";0,641531808256
2016-07;"Nouvelle-Aquitaine";"Hydraulique";0,163257126638
2016-08;"Nouvelle-Aquitaine";"Hydraulique";0,061885015335
2016-09;"Nouvelle-Aquitaine";"Hydraulique";0,153129954278
2016-10;"Nouvelle-Aquitaine";"Hydraulique";0,117660750336
2016-11;"Nouvelle-Aquitaine";"Hydraulique";0,176360617998
2016-12;"Nouvelle-Aquitaine";"Hydraulique";0,224503579
2017-01;"Nouvelle-Aquitaine";"Hydraulique";0,332615264669
2017-02;"Nouvelle-Aquitaine";"Hydraulique";0,303204084666
2017-03;"Nouvelle-Aquitaine";"Hydraulique";0,567632593334
2017-04;"Nouvelle-Aquitaine";"Hydraulique";0,308599319495
2017-05;"Nouvelle-Aquitaine";"Hydraulique";0,316007696034
2017-06;"Nouvelle-Aquitaine";"Hydraulique";0,200471353177
2017-07;"Nouvelle-Aquitaine";"Hydraulique";0,191324930409
2017-08;"Nouvelle-Aquitaine";"Hydraulique";0,082958493333
2017-09;"Nouvelle-Aquitaine";"Hydraulique";0,148208636941
2017-10;"Nouvelle-Aquitaine";"Hydraulique";0,13793861444
2017-11;"Nouvelle-Aquitaine";"Hydraulique";0,228160129816
2017-12;"Nouvelle-Aquitaine";"Hydraulique";0,504709627731
2018-01;"Nouvelle-Aquitaine";"Hydraulique";0,944821894066
2018-02;"Nouvelle-Aquitaine";"Hydraulique";0,708945810678
2018-03;"Nouvelle-Aquitaine";"Hydraulique";0,699263967896
2018-04;"Nouvelle-Aquitaine";"Hydraulique";0,50267326767
2018-05;"Nouvelle-Aquitaine";"Hydraulique";0,418884764189
2018-06;"Nouvelle-Aquitaine";"Hydraulique";0,387332263915
2018-07;"Nouvelle-Aquitaine";"Hydraulique";0,176011968154
2018-08;"Nouvelle-Aquitaine";"Hydraulique";0,073111639154
2018-09;"Nouvelle-Aquitaine";"Hydraulique";0,141625249681
2018-10;"Nouvelle-Aquitaine";"Hydraulique";0,100307102148
2018-11;"Nouvelle-Aquitaine";"Hydraulique";0,110672752324
2018-12;"Nouvelle-Aquitaine";"Hydraulique";0,231578865553
2019-01;"Nouvelle-Aquitaine";"Hydraulique";0,247644457096
2019-02;"Nouvelle-Aquitaine";"Hydraulique";0,382111049025
2019-03;"Nouvelle-Aquitaine";"Hydraulique";0,398066259887
2019-04;"Nouvelle-Aquitaine";"Hydraulique";0,32314855284
2019-05;"Nouvelle-Aquitaine";"Hydraulique";0,360380749747
2019-06;"Nouvelle-Aquitaine";"Hydraulique";0,242928782346
2019-07;"Nouvelle-Aquitaine";"Hydraulique";0,075575464334
2019-08;"Nouvelle-Aquitaine";"Hydraulique";0,061721974997
2019-09;"Nouvelle-Aquitaine";"Hydraulique";0,097191393507
2019-10;"Nouvelle-Aquitaine";"Hydraulique";0,133950865242
2019-11;"Nouvelle-Aquitaine";"Hydraulique";0,556518829254
2019-12;"Nouvelle-Aquitaine";"Hydraulique";0,84363922088
2020-01;"Nouvelle-Aquitaine";"Hydraulique";0,510142983704
2020-02;"Nouvelle-Aquitaine";"Hydraulique";0,44488258496
2020-03;"Nouvelle-Aquitaine";"Hydraulique";0,694129657675
2020-04;"Nouvelle-Aquitaine";"Hydraulique";0,342498320825
2020-05;"Nouvelle-Aquitaine";"Hydraulique";0,418903646529
2020-06;"Nouvelle-Aquitaine";"Hydraulique";0,253120751804
2020-07;"Nouvelle-Aquitaine";"Hydraulique";0,093185301309
2020-08;"Nouvelle-Aquitaine";"Hydraulique";0,059938189335
2020-09;"Nouvelle-Aquitaine";"Hydraulique";0,127118887674
2020-10;"Nouvelle-Aquitaine";"Hydraulique";0,378880856001
2020-11;"Nouvelle-Aquitaine";"Hydraulique";0,307556092418
2020-12;"Nouvelle-Aquitaine";"Hydraulique";0,572496552175
2021-01;"Nouvelle-Aquitaine";"Hydraulique";0,804576483519
2021-02;"Nouvelle-Aquitaine";"Hydraulique";0,730070726572
2021-03;"Nouvelle-Aquitaine";"Hydraulique";0,503582121836
2021-04;"Nouvelle-Aquitaine";"Hydraulique";0,25656629266
2021-05;"Nouvelle-Aquitaine";"Hydraulique";0,340884090522
2021-06;"Nouvelle-Aquitaine";"Hydraulique";0,267083800994
2021-07;"Nouvelle-Aquitaine";"Hydraulique";0,353330012
2021-08;"Nouvelle-Aquitaine";"Hydraulique";0,133404692836
2021-09;"Nouvelle-Aquitaine";"Hydraulique";0,254411395334
2021-10;"Nouvelle-Aquitaine";"Hydraulique";0,187411620717
2021-11;"Nouvelle-Aquitaine";"Hydraulique";0,307368017334
2021-12;"Nouvelle-Aquitaine";"Hydraulique";0,574642943335
2022-01;"Nouvelle-Aquitaine";"Hydraulique";0,647440621645
2022-02;"Nouvelle-Aquitaine";"Hydraulique";0,354303564654
2022-03;"Nouvelle-Aquitaine";"Hydraulique";0,437037129952
2022-04;"Nouvelle-Aquitaine";"Hydraulique";0,444866844534
2022-05;"Nouvelle-Aquitaine";"Hydraulique";0,271573798091
2022-06;"Nouvelle-Aquitaine";"Hydraulique";0,125303259711
2022-07;"Nouvelle-Aquitaine";"Hydraulique";0,11255024453
2022-08;"Nouvelle-Aquitaine";"Hydraulique";0,058391481873
2022-09;"Nouvelle-Aquitaine";"Hydraulique";0,070810108597
2022-10;"Nouvelle-Aquitaine";"Hydraulique";0,057014403521
2022-11;"Nouvelle-Aquitaine";"Hydraulique";0,154514473816
2022-12;"Nouvelle-Aquitaine";"Hydraulique";0,373697492706
2023-01;"Nouvelle-Aquitaine";"Hydraulique";0,560067606693
2023-02;"Nouvelle-Aquitaine";"Hydraulique";0,229287886481
2023-03;"Nouvelle-Aquitaine";"Hydraulique";0,512824706154
2023-04;"Nouvelle-Aquitaine";"Hydraulique";0,448754211346
2023-05;"Nouvelle-Aquitaine";"Hydraulique";0,354467172569
2023-06;"Nouvelle-Aquitaine";"Hydraulique";0,33732277314
2023-07;"Nouvelle-Aquitaine";"Hydraulique";0,118666209369
2023-08;"Nouvelle-Aquitaine";"Hydraulique";0,084714955675
2023-09;"Nouvelle-Aquitaine";"Hydraulique";0,10220524713
2023-10;"Nouvelle-Aquitaine";"Hydraulique";0,18666225985
2023-11;"Nouvelle-Aquitaine";"Hydraulique";0,636160150422
2023-12;"Nouvelle-Aquitaine";"Hydraulique";0,788289763146
2024-01;"Nouvelle-Aquitaine";"Hydraulique";0,704942821854
2024-02;"Nouvelle-Aquitaine";"Hydraulique";0,519019275147
2024-03;"Nouvelle-Aquitaine";"Hydraulique";0,730138048469
2024-04;"Nouvelle-Aquitaine";"Hydraulique";0,467342389108
2024-05;"Nouvelle-Aquitaine";"Hydraulique";0,705059686016
2024-06;"Nouvelle-Aquitaine";"Hydraulique";0,428115296129
2024-07;"Nouvelle-Aquitaine";"Hydraulique";0,206638003482
2024-08;"Nouvelle-Aquitaine";"Hydraulique";0,0753499506
2024-09;"Nouvelle-Aquitaine";"Hydraulique";0,227171455697
2024-10;"Nouvelle-Aquitaine";"Hydraulique";0,56040600339
2024-11;"Nouvelle-Aquitaine";"Hydraulique";0,421517607581
2024-12;"Nouvelle-Aquitaine";"Hydraulique";0,612045208415
2025-01;"Nouvelle-Aquitaine";"Hydraulique";0,672905370971
2025-02;"Nouvelle-Aquitaine";"Hydraulique";0,589314634975
2025-03;"Nouvelle-Aquitaine";"Hydraulique";0,390020734943
2025-04;"Nouvelle-Aquitaine";"Hydraulique";0,379227682747
2025-05;"Nouvelle-Aquitaine";"Hydraulique";0,314562201392
2025-06;"Nouvelle-Aquitaine";"Hydraulique";0,138362463029
2025-07;"Nouvelle-Aquitaine";"Hydraulique";0,050933764652
2025-08;"Nouvelle-Aquitaine";"Hydraulique";0,054756569739
2025-09;"Nouvelle-Aquitaine";"Hydraulique";0,103759716522
2025-10;"Nouvelle-Aquitaine";"Hydraulique";0,246175731975
2025-11;"Nouvelle-Aquitaine";"Hydraulique";0,494540200748
2014-01;"Nouvelle-Aquitaine";"Eolien";0,098886413
2014-02;"Nouvelle-Aquitaine";"Eolien";0,128431926
2014-03;"Nouvelle-Aquitaine";"Eolien";0,057464837
2014-04;"Nouvelle-Aquitaine";"Eolien";0,058623248
2014-05;"Nouvelle-Aquitaine";"Eolien";0,071653329
2014-06;"Nouvelle-Aquitaine";"Eolien";0,052393583
2014-07;"Nouvelle-Aquitaine";"Eolien";0,038839928
2014-08;"Nouvelle-Aquitaine";"Eolien";0,037265088
2014-09;"Nouvelle-Aquitaine";"Eolien";0,049393109
2014-10;"Nouvelle-Aquitaine";"Eolien";0,06154463
2014-11;"Nouvelle-Aquitaine";"Eolien";0,089600878
2014-12;"Nouvelle-Aquitaine";"Eolien";0,076336911
2015-01;"Nouvelle-Aquitaine";"Eolien";0,09789344
2015-02;"Nouvelle-Aquitaine";"Eolien";0,098991539
2015-03;"Nouvelle-Aquitaine";"Eolien";0,091539438
2015-04;"Nouvelle-Aquitaine";"Eolien";0,068631004
2015-05;"Nouvelle-Aquitaine";"Eolien";0,067787067
2015-06;"Nouvelle-Aquitaine";"Eolien";0,046122582
2015-07;"Nouvelle-Aquitaine";"Eolien";0,053833116
2015-08;"Nouvelle-Aquitaine";"Eolien";0,046936429
2015-09;"Nouvelle-Aquitaine";"Eolien";0,077516437
2015-10;"Nouvelle-Aquitaine";"Eolien";0,074953825
2015-11;"Nouvelle-Aquitaine";"Eolien";0,088493025
2015-12;"Nouvelle-Aquitaine";"Eolien";0,111317738
2016-01;"Nouvelle-Aquitaine";"Eolien";0,128291676
2016-02;"Nouvelle-Aquitaine";"Eolien";0,125600734
2016-03;"Nouvelle-Aquitaine";"Eolien";0,123265238
2016-04;"Nouvelle-Aquitaine";"Eolien";0,060168097
2016-05;"Nouvelle-Aquitaine";"Eolien";0,067840716
2016-06;"Nouvelle-Aquitaine";"Eolien";0,046197787
2016-07;"Nouvelle-Aquitaine";"Eolien";0,04160722
2016-08;"Nouvelle-Aquitaine";"Eolien";0,040952418
2016-09;"Nouvelle-Aquitaine";"Eolien";0,034162386
2016-10;"Nouvelle-Aquitaine";"Eolien";0,064475904
2016-11;"Nouvelle-Aquitaine";"Eolien";0,113888386
2016-12;"Nouvelle-Aquitaine";"Eolien";0,077654551
2017-01;"Nouvelle-Aquitaine";"Eolien";0,12613038
2017-02;"Nouvelle-Aquitaine";"Eolien";0,136056299
2017-03;"Nouvelle-Aquitaine";"Eolien";0,11826249
2017-04;"Nouvelle-Aquitaine";"Eolien";0,112454949
2017-05;"Nouvelle-Aquitaine";"Eolien";0,098771736
2017-06;"Nouvelle-Aquitaine";"Eolien";0,078306657
2017-07;"Nouvelle-Aquitaine";"Eolien";0,075459491
2017-08;"Nouvelle-Aquitaine";"Eolien";0,056938676
2017-09;"Nouvelle-Aquitaine";"Eolien";0,072686879
2017-10;"Nouvelle-Aquitaine";"Eolien";0,077042909
2017-11;"Nouvelle-Aquitaine";"Eolien";0,106961383
2017-12;"Nouvelle-Aquitaine";"Eolien";0,169204358
2018-01;"Nouvelle-Aquitaine";"Eolien";0,226433041
2018-02;"Nouvelle-Aquitaine";"Eolien";0,176520825
2018-03;"Nouvelle-Aquitaine";"Eolien";0,221950726
2018-04;"Nouvelle-Aquitaine";"Eolien";0,118882526
2018-05;"Nouvelle-Aquitaine";"Eolien";0,086421191
2018-06;"Nouvelle-Aquitaine";"Eolien";0,109012454
2018-07;"Nouvelle-Aquitaine";"Eolien";0,067602663
2018-08;"Nouvelle-Aquitaine";"Eolien";0,085181693
2018-09;"Nouvelle-Aquitaine";"Eolien";0,101177882
2018-10;"Nouvelle-Aquitaine";"Eolien";0,154821412
2018-11;"Nouvelle-Aquitaine";"Eolien";0,166269683
2018-12;"Nouvelle-Aquitaine";"Eolien";0,220317007
2019-01;"Nouvelle-Aquitaine";"Eolien";0,201528698
2019-02;"Nouvelle-Aquitaine";"Eolien";0,172712587
2019-03;"Nouvelle-Aquitaine";"Eolien";0,251079983
2019-04;"Nouvelle-Aquitaine";"Eolien";0,130618889
2019-05;"Nouvelle-Aquitaine";"Eolien";0,123291446
2019-06;"Nouvelle-Aquitaine";"Eolien";0,108157056
2019-07;"Nouvelle-Aquitaine";"Eolien";0,093705837
2019-08;"Nouvelle-Aquitaine";"Eolien";0,087713622
2019-09;"Nouvelle-Aquitaine";"Eolien";0,138089709
2019-10;"Nouvelle-Aquitaine";"Eolien";0,164437692
2019-11;"Nouvelle-Aquitaine";"Eolien";0,19858715
2019-12;"Nouvelle-Aquitaine";"Eolien";0,261399649
2020-01;"Nouvelle-Aquitaine";"Eolien";0,28303336
2020-02;"Nouvelle-Aquitaine";"Eolien";0,309930018
2020-03;"Nouvelle-Aquitaine";"Eolien";0,238806294
2020-04;"Nouvelle-Aquitaine";"Eolien";0,1435975
2020-05;"Nouvelle-Aquitaine";"Eolien";0,202348075
2020-06;"Nouvelle-Aquitaine";"Eolien";0,128999311
2020-07;"Nouvelle-Aquitaine";"Eolien";0,109450706
2020-08;"Nouvelle-Aquitaine";"Eolien";0,108772004
2020-09;"Nouvelle-Aquitaine";"Eolien";0,117717953
2020-10;"Nouvelle-Aquitaine";"Eolien";0,245953378
2020-11;"Nouvelle-Aquitaine";"Eolien";0,19969846
2020-12;"Nouvelle-Aquitaine";"Eolien";0,322162232
2021-01;"Nouvelle-Aquitaine";"Eolien";0,307293938
2021-02;"Nouvelle-Aquitaine";"Eolien";0,289900293
2021-03;"Nouvelle-Aquitaine";"Eolien";0,241341881
2021-04;"Nouvelle-Aquitaine";"Eolien";0,237079198
2021-05;"Nouvelle-Aquitaine";"Eolien";0,284976289
2021-06;"Nouvelle-Aquitaine";"Eolien";0,081918211
2021-07;"Nouvelle-Aquitaine";"Eolien";0,187004919
2021-08;"Nouvelle-Aquitaine";"Eolien";0,174726359
2021-09;"Nouvelle-Aquitaine";"Eolien";0,120616817
2021-10;"Nouvelle-Aquitaine";"Eolien";0,254249683
2021-11;"Nouvelle-Aquitaine";"Eolien";0,202009612
2021-12;"Nouvelle-Aquitaine";"Eolien";0,379604383
2022-01;"Nouvelle-Aquitaine";"Eolien";0,217771955871
2022-02;"Nouvelle-Aquitaine";"Eolien";0,299725473029
2022-03;"Nouvelle-Aquitaine";"Eolien";0,278905733378
2022-04;"Nouvelle-Aquitaine";"Eolien";0,245623388673
2022-05;"Nouvelle-Aquitaine";"Eolien";0,161959655
2022-06;"Nouvelle-Aquitaine";"Eolien";0,139011104345
2022-07;"Nouvelle-Aquitaine";"Eolien";0,188711249662
2022-08;"Nouvelle-Aquitaine";"Eolien";0,170593599026
2022-09;"Nouvelle-Aquitaine";"Eolien";0,203298009904
2022-10;"Nouvelle-Aquitaine";"Eolien";0,292878220622
2022-11;"Nouvelle-Aquitaine";"Eolien";0,318071099607
2022-12;"Nouvelle-Aquitaine";"Eolien";0,400197828481
2023-01;"Nouvelle-Aquitaine";"Eolien";0,23097244127
2023-02;"Nouvelle-Aquitaine";"Eolien";0,282017983748
2023-03;"Nouvelle-Aquitaine";"Eolien";0,422280569361
2023-04;"Nouvelle-Aquitaine";"Eolien";0,322727716974
2023-05;"Nouvelle-Aquitaine";"Eolien";0,323095355047
2023-06;"Nouvelle-Aquitaine";"Eolien";0,134310620339
2023-07;"Nouvelle-Aquitaine";"Eolien";0,203452187995
2023-08;"Nouvelle-Aquitaine";"Eolien";0,192489056089
2023-09;"Nouvelle-Aquitaine";"Eolien";0,163442898751
2023-10;"Nouvelle-Aquitaine";"Eolien";0,384504802305
2023-11;"Nouvelle-Aquitaine";"Eolien";0,448525439106
2023-12;"Nouvelle-Aquitaine";"Eolien";0,44537868139
2024-01;"Nouvelle-Aquitaine";"Eolien";0,402161036587
2024-02;"Nouvelle-Aquitaine";"Eolien";0,392482621519
2024-03;"Nouvelle-Aquitaine";"Eolien";0,315276309115
2024-04;"Nouvelle-Aquitaine";"Eolien";0,296972016852
2024-05;"Nouvelle-Aquitaine";"Eolien";0,224225261159
2024-06;"Nouvelle-Aquitaine";"Eolien";0,171069928335
2024-07;"Nouvelle-Aquitaine";"Eolien";0,134237912249
2024-08;"Nouvelle-Aquitaine";"Eolien";0,133282432462
2024-09;"Nouvelle-Aquitaine";"Eolien";0,29042976541
2024-10;"Nouvelle-Aquitaine";"Eolien";0,272428465702
2024-11;"Nouvelle-Aquitaine";"Eolien";0,328101837081
2024-12;"Nouvelle-Aquitaine";"Eolien";0,367073251793
2025-01;"Nouvelle-Aquitaine";"Eolien";0,582262420925
2025-02;"Nouvelle-Aquitaine";"Eolien";0,296082093899
2025-03;"Nouvelle-Aquitaine";"Eolien";0,389055543349
2025-04;"Nouvelle-Aquitaine";"Eolien";0,34596267325
2025-05;"Nouvelle-Aquitaine";"Eolien";0,236475113921
2025-06;"Nouvelle-Aquitaine";"Eolien";0,183936094639
2025-07;"Nouvelle-Aquitaine";"Eolien";0,247640594893
2025-08;"Nouvelle-Aquitaine";"Eolien";0,192687738218
2025-09;"Nouvelle-Aquitaine";"Eolien";0,2603936664
2025-10;"Nouvelle-Aquitaine";"Eolien";0,466870789703
2025-11;"Nouvelle-Aquitaine";"Eolien";0,42356776332
2014-01;"Nouvelle-Aquitaine";"Thermique fossile";0,063377881371
2014-02;"Nouvelle-Aquitaine";"Thermique fossile";0,076855667136
2014-03;"Nouvelle-Aquitaine";"Thermique fossile";0,078431987517
2014-04;"Nouvelle-Aquitaine";"Thermique fossile";0,009650794833
2014-05;"Nouvelle-Aquitaine";"Thermique fossile";0,004133938597
2014-06;"Nouvelle-Aquitaine";"Thermique fossile";0,004731494827
2014-07;"Nouvelle-Aquitaine";"Thermique fossile";0,006466532419
2014-08;"Nouvelle-Aquitaine";"Thermique fossile";0,003785543887
2014-09;"Nouvelle-Aquitaine";"Thermique fossile";0,003896395406
2014-10;"Nouvelle-Aquitaine";"Thermique fossile";0,018349382738
2014-11;"Nouvelle-Aquitaine";"Thermique fossile";0,074763274537
2014-12;"Nouvelle-Aquitaine";"Thermique fossile";0,085437330449
2015-01;"Nouvelle-Aquitaine";"Thermique fossile";0,100313659671
2015-02;"Nouvelle-Aquitaine";"Thermique fossile";0,095628283677
2015-03;"Nouvelle-Aquitaine";"Thermique fossile";0,095022026504
2015-04;"Nouvelle-Aquitaine";"Thermique fossile";0,039818476987
2015-05;"Nouvelle-Aquitaine";"Thermique fossile";0,011350458145
2015-06;"Nouvelle-Aquitaine";"Thermique fossile";0,011717360867
2015-07;"Nouvelle-Aquitaine";"Thermique fossile";0,027914192587
2015-08;"Nouvelle-Aquitaine";"Thermique fossile";0,01609515485
2015-09;"Nouvelle-Aquitaine";"Thermique fossile";0,032584445327
2015-10;"Nouvelle-Aquitaine";"Thermique fossile";0,048595022265
2015-11;"Nouvelle-Aquitaine";"Thermique fossile";0,097641852917
2015-12;"Nouvelle-Aquitaine";"Thermique fossile";0,097013606528
2016-01;"Nouvelle-Aquitaine";"Thermique fossile";0,116458868514
2016-02;"Nouvelle-Aquitaine";"Thermique fossile";0,114806586354
2016-03;"Nouvelle-Aquitaine";"Thermique fossile";0,108658018404
2016-04;"Nouvelle-Aquitaine";"Thermique fossile";0,053694682033
2016-05;"Nouvelle-Aquitaine";"Thermique fossile";0,024272482414
2016-06;"Nouvelle-Aquitaine";"Thermique fossile";0,027010840906
2016-07;"Nouvelle-Aquitaine";"Thermique fossile";0,026268170122
2016-08;"Nouvelle-Aquitaine";"Thermique fossile";0,026020494132
2016-09;"Nouvelle-Aquitaine";"Thermique fossile";0,023908082961
2016-10;"Nouvelle-Aquitaine";"Thermique fossile";0,052051454392
2016-11;"Nouvelle-Aquitaine";"Thermique fossile";0,13306976556
2016-12;"Nouvelle-Aquitaine";"Thermique fossile";0,17043771238
2017-01;"Nouvelle-Aquitaine";"Thermique fossile";0,184010417878
2017-02;"Nouvelle-Aquitaine";"Thermique fossile";0,164554244667
2017-03;"Nouvelle-Aquitaine";"Thermique fossile";0,177759618916
2017-04;"Nouvelle-Aquitaine";"Thermique fossile";0,052371509358
2017-05;"Nouvelle-Aquitaine";"Thermique fossile";0,028800218973
2017-06;"Nouvelle-Aquitaine";"Thermique fossile";0,022136785362
2017-07;"Nouvelle-Aquitaine";"Thermique fossile";0,023683126847
2017-08;"Nouvelle-Aquitaine";"Thermique fossile";0,026609413033
2017-09;"Nouvelle-Aquitaine";"Thermique fossile";0,025504417382
2017-10;"Nouvelle-Aquitaine";"Thermique fossile";0,056358586684
2017-11;"Nouvelle-Aquitaine";"Thermique fossile";0,140805046543
2017-12;"Nouvelle-Aquitaine";"Thermique fossile";0,146007652714
2018-01;"Nouvelle-Aquitaine";"Thermique fossile";0,160058383788
2018-02;"Nouvelle-Aquitaine";"Thermique fossile";0,131308093947
2018-03;"Nouvelle-Aquitaine";"Thermique fossile";0,117153042752
2018-04;"Nouvelle-Aquitaine";"Thermique fossile";0,012465844511
2018-05;"Nouvelle-Aquitaine";"Thermique fossile";0,013904542678
2018-06;"Nouvelle-Aquitaine";"Thermique fossile";0,014809850947
2018-07;"Nouvelle-Aquitaine";"Thermique fossile";0,015772321796
2018-08;"Nouvelle-Aquitaine";"Thermique fossile";0,020642319436
2018-09;"Nouvelle-Aquitaine";"Thermique fossile";0,020007370374
2018-10;"Nouvelle-Aquitaine";"Thermique fossile";0,046434809127
2018-11;"Nouvelle-Aquitaine";"Thermique fossile";0,162883830111
2018-12;"Nouvelle-Aquitaine";"Thermique fossile";0,154675643672
2019-01;"Nouvelle-Aquitaine";"Thermique fossile";0,205092110248
2019-02;"Nouvelle-Aquitaine";"Thermique fossile";0,173244020427
2019-03;"Nouvelle-Aquitaine";"Thermique fossile";0,153043260694
2019-04;"Nouvelle-Aquitaine";"Thermique fossile";0,009742704983
2019-05;"Nouvelle-Aquitaine";"Thermique fossile";0,017726092748
2019-06;"Nouvelle-Aquitaine";"Thermique fossile";0,018562460433
2019-07;"Nouvelle-Aquitaine";"Thermique fossile";0,016116349355
2019-08;"Nouvelle-Aquitaine";"Thermique fossile";0,011669032837
2019-09;"Nouvelle-Aquitaine";"Thermique fossile";0,011417558485
2019-10;"Nouvelle-Aquitaine";"Thermique fossile";0,042601152015
2019-11;"Nouvelle-Aquitaine";"Thermique fossile";0,138945349384
2019-12;"Nouvelle-Aquitaine";"Thermique fossile";0,137290637495
2020-01;"Nouvelle-Aquitaine";"Thermique fossile";0,160595450048
2020-02;"Nouvelle-Aquitaine";"Thermique fossile";0,15372639186
2020-03;"Nouvelle-Aquitaine";"Thermique fossile";0,134538142051
2020-04;"Nouvelle-Aquitaine";"Thermique fossile";0,013621193819
2020-05;"Nouvelle-Aquitaine";"Thermique fossile";0,012529163805
2020-06;"Nouvelle-Aquitaine";"Thermique fossile";0,010656583277
2020-07;"Nouvelle-Aquitaine";"Thermique fossile";0,032343109033
2020-08;"Nouvelle-Aquitaine";"Thermique fossile";0,007013667375
2020-09;"Nouvelle-Aquitaine";"Thermique fossile";0,031104348196
2020-10;"Nouvelle-Aquitaine";"Thermique fossile";0,03725085457
2020-11;"Nouvelle-Aquitaine";"Thermique fossile";0,12688526582
2020-12;"Nouvelle-Aquitaine";"Thermique fossile";0,131315358049
2021-01;"Nouvelle-Aquitaine";"Thermique fossile";0,152598647419
2021-02;"Nouvelle-Aquitaine";"Thermique fossile";0,139859669012
2021-03;"Nouvelle-Aquitaine";"Thermique fossile";0,13074879805
2021-04;"Nouvelle-Aquitaine";"Thermique fossile";0,013757725638
2021-05;"Nouvelle-Aquitaine";"Thermique fossile";0,015233162818
2021-06;"Nouvelle-Aquitaine";"Thermique fossile";0,018299896288
2021-07;"Nouvelle-Aquitaine";"Thermique fossile";0,017658354829
2021-08;"Nouvelle-Aquitaine";"Thermique fossile";0,021415854139
2021-09;"Nouvelle-Aquitaine";"Thermique fossile";0,024450852909
2021-10;"Nouvelle-Aquitaine";"Thermique fossile";0,045274809337
2021-11;"Nouvelle-Aquitaine";"Thermique fossile";0,150777547188
2021-12;"Nouvelle-Aquitaine";"Thermique fossile";0,175766904148
2022-01;"Nouvelle-Aquitaine";"Thermique fossile";0,179733684591
2022-02;"Nouvelle-Aquitaine";"Thermique fossile";0,150934524454
2022-03;"Nouvelle-Aquitaine";"Thermique fossile";0,116682500827
2022-04;"Nouvelle-Aquitaine";"Thermique fossile";0,058585444842
2022-05;"Nouvelle-Aquitaine";"Thermique fossile";0,026245722386
2022-06;"Nouvelle-Aquitaine";"Thermique fossile";0,023987359135
2022-07;"Nouvelle-Aquitaine";"Thermique fossile";0,028272545482
2022-08;"Nouvelle-Aquitaine";"Thermique fossile";0,027129181
2022-09;"Nouvelle-Aquitaine";"Thermique fossile";0,061720355723
2022-10;"Nouvelle-Aquitaine";"Thermique fossile";0,055289629833
2022-11;"Nouvelle-Aquitaine";"Thermique fossile";0,125024287803
2022-12;"Nouvelle-Aquitaine";"Thermique fossile";0,169541757258
2023-01;"Nouvelle-Aquitaine";"Thermique fossile";0,136068778967
2023-02;"Nouvelle-Aquitaine";"Thermique fossile";0,119900539808
2023-03;"Nouvelle-Aquitaine";"Thermique fossile";0,123693526292
2023-04;"Nouvelle-Aquitaine";"Thermique fossile";0,015114096055
2023-05;"Nouvelle-Aquitaine";"Thermique fossile";0,01630411739
2023-06;"Nouvelle-Aquitaine";"Thermique fossile";0,014249665576
2023-07;"Nouvelle-Aquitaine";"Thermique fossile";0,013025758125
2023-08;"Nouvelle-Aquitaine";"Thermique fossile";0,013894374488
2023-09;"Nouvelle-Aquitaine";"Thermique fossile";0,012469794347
2023-10;"Nouvelle-Aquitaine";"Thermique fossile";0,008427098113
2023-11;"Nouvelle-Aquitaine";"Thermique fossile";0,118670039234
2023-12;"Nouvelle-Aquitaine";"Thermique fossile";0,123426886372
2024-01;"Nouvelle-Aquitaine";"Thermique fossile";0,15078715367
2024-02;"Nouvelle-Aquitaine";"Thermique fossile";0,142594225633
2024-03;"Nouvelle-Aquitaine";"Thermique fossile";0,111321265673
2024-04;"Nouvelle-Aquitaine";"Thermique fossile";0,010244802821
2024-05;"Nouvelle-Aquitaine";"Thermique fossile";0,01333837257
2024-06;"Nouvelle-Aquitaine";"Thermique fossile";0,012335856233
2024-07;"Nouvelle-Aquitaine";"Thermique fossile";0,013784900012
2024-08;"Nouvelle-Aquitaine";"Thermique fossile";0,011605483873
2024-09;"Nouvelle-Aquitaine";"Thermique fossile";0,012628357281
2024-10;"Nouvelle-Aquitaine";"Thermique fossile";0,011801443236
2024-11;"Nouvelle-Aquitaine";"Thermique fossile";0,084331450409
2024-12;"Nouvelle-Aquitaine";"Thermique fossile";0,100870570553
2025-01;"Nouvelle-Aquitaine";"Thermique fossile";0,109985984331
2025-02;"Nouvelle-Aquitaine";"Thermique fossile";0,097345397136
2025-03;"Nouvelle-Aquitaine";"Thermique fossile";0,09449279577
2025-04;"Nouvelle-Aquitaine";"Thermique fossile";0,012389618716
2025-05;"Nouvelle-Aquitaine";"Thermique fossile";0,012255313983
2025-06;"Nouvelle-Aquitaine";"Thermique fossile";0,011170053276
2025-07;"Nouvelle-Aquitaine";"Thermique fossile";0,010083627347
2025-08;"Nouvelle-Aquitaine";"Thermique fossile";0,009680586378
2025-09;"Nouvelle-Aquitaine";"Thermique fossile";0,007292515878
2025-10;"Nouvelle-Aquitaine";"Thermique fossile";0,009749560377
2025-11;"Nouvelle-Aquitaine";"Thermique fossile";0,07675407327
2014-01;"Nouvelle-Aquitaine";"Nucléaire";3,871550238
2014-02;"Nouvelle-Aquitaine";"Nucléaire";3,811150208
2014-03;"Nouvelle-Aquitaine";"Nucléaire";4,284627433
2014-04;"Nouvelle-Aquitaine";"Nucléaire";4,008083606
2014-05;"Nouvelle-Aquitaine";"Nucléaire";3,521830283
2014-06;"Nouvelle-Aquitaine";"Nucléaire";3,980262222
2014-07;"Nouvelle-Aquitaine";"Nucléaire";3,446420812
2014-08;"Nouvelle-Aquitaine";"Nucléaire";2,234569402
2014-09;"Nouvelle-Aquitaine";"Nucléaire";2,802271571
2014-10;"Nouvelle-Aquitaine";"Nucléaire";2,852575298
2014-11;"Nouvelle-Aquitaine";"Nucléaire";3,532173375
2014-12;"Nouvelle-Aquitaine";"Nucléaire";4,192699853
2015-01;"Nouvelle-Aquitaine";"Nucléaire";4,103084128
2015-02;"Nouvelle-Aquitaine";"Nucléaire";3,35127665
2015-03;"Nouvelle-Aquitaine";"Nucléaire";3,477469593
2015-04;"Nouvelle-Aquitaine";"Nucléaire";3,195818697
2015-05;"Nouvelle-Aquitaine";"Nucléaire";2,081360324
2015-06;"Nouvelle-Aquitaine";"Nucléaire";2,023849862
2015-07;"Nouvelle-Aquitaine";"Nucléaire";2,414253401
2015-08;"Nouvelle-Aquitaine";"Nucléaire";2,967486794
2015-09;"Nouvelle-Aquitaine";"Nucléaire";3,519207266
2015-10;"Nouvelle-Aquitaine";"Nucléaire";4,320128167
2015-11;"Nouvelle-Aquitaine";"Nucléaire";4,487220549
2015-12;"Nouvelle-Aquitaine";"Nucléaire";4,449781191
2016-01;"Nouvelle-Aquitaine";"Nucléaire";4,696541512
2016-02;"Nouvelle-Aquitaine";"Nucléaire";3,709043805
2016-03;"Nouvelle-Aquitaine";"Nucléaire";3,667576394
2016-04;"Nouvelle-Aquitaine";"Nucléaire";2,972285569
2016-05;"Nouvelle-Aquitaine";"Nucléaire";3,204069855
2016-06;"Nouvelle-Aquitaine";"Nucléaire";3,27696447
2016-07;"Nouvelle-Aquitaine";"Nucléaire";3,41111358
2016-08;"Nouvelle-Aquitaine";"Nucléaire";3,303104737
2016-09;"Nouvelle-Aquitaine";"Nucléaire";2,737374097
2016-10;"Nouvelle-Aquitaine";"Nucléaire";3,709146803
2016-11;"Nouvelle-Aquitaine";"Nucléaire";3,644878033
2016-12;"Nouvelle-Aquitaine";"Nucléaire";3,86754874
2017-01;"Nouvelle-Aquitaine";"Nucléaire";3,891253663
2017-02;"Nouvelle-Aquitaine";"Nucléaire";3,092472356
2017-03;"Nouvelle-Aquitaine";"Nucléaire";4,139419503
2017-04;"Nouvelle-Aquitaine";"Nucléaire";4,023985491
2017-05;"Nouvelle-Aquitaine";"Nucléaire";3,783981696
2017-06;"Nouvelle-Aquitaine";"Nucléaire";2,571033729
2017-07;"Nouvelle-Aquitaine";"Nucléaire";2,952821993
2017-08;"Nouvelle-Aquitaine";"Nucléaire";2,906906205
2017-09;"Nouvelle-Aquitaine";"Nucléaire";3,532095975
2017-10;"Nouvelle-Aquitaine";"Nucléaire";4,642607428
2017-11;"Nouvelle-Aquitaine";"Nucléaire";4,756940326
2017-12;"Nouvelle-Aquitaine";"Nucléaire";4,849726869
2018-01;"Nouvelle-Aquitaine";"Nucléaire";4,761036218
2018-02;"Nouvelle-Aquitaine";"Nucléaire";4,33851024
2018-03;"Nouvelle-Aquitaine";"Nucléaire";3,85816282
2018-04;"Nouvelle-Aquitaine";"Nucléaire";3,028470755
2018-05;"Nouvelle-Aquitaine";"Nucléaire";3,090581
2018-06;"Nouvelle-Aquitaine";"Nucléaire";2,866574217
2018-07;"Nouvelle-Aquitaine";"Nucléaire";3,740748962
2018-08;"Nouvelle-Aquitaine";"Nucléaire";3,637622752
2018-09;"Nouvelle-Aquitaine";"Nucléaire";3,751318628
2018-10;"Nouvelle-Aquitaine";"Nucléaire";3,394865849
2018-11;"Nouvelle-Aquitaine";"Nucléaire";4,562016367
2018-12;"Nouvelle-Aquitaine";"Nucléaire";4,745167037
2019-01;"Nouvelle-Aquitaine";"Nucléaire";4,814315752
2019-02;"Nouvelle-Aquitaine";"Nucléaire";4,345063136
2019-03;"Nouvelle-Aquitaine";"Nucléaire";4,167112936
2019-04;"Nouvelle-Aquitaine";"Nucléaire";3,713544771
2019-05;"Nouvelle-Aquitaine";"Nucléaire";4,056017837
2019-06;"Nouvelle-Aquitaine";"Nucléaire";3,896716477
2019-07;"Nouvelle-Aquitaine";"Nucléaire";3,728090312
2019-08;"Nouvelle-Aquitaine";"Nucléaire";2,857865915
2019-09;"Nouvelle-Aquitaine";"Nucléaire";3,563913786
2019-10;"Nouvelle-Aquitaine";"Nucléaire";4,134460788
2019-11;"Nouvelle-Aquitaine";"Nucléaire";4,077276963
2019-12;"Nouvelle-Aquitaine";"Nucléaire";3,965317944
2020-01;"Nouvelle-Aquitaine";"Nucléaire";4,179533644
2020-02;"Nouvelle-Aquitaine";"Nucléaire";4,4115558
2020-03;"Nouvelle-Aquitaine";"Nucléaire";4,089396928
2020-04;"Nouvelle-Aquitaine";"Nucléaire";3,580290953
2020-05;"Nouvelle-Aquitaine";"Nucléaire";2,417877217
2020-06;"Nouvelle-Aquitaine";"Nucléaire";1,710045043
2020-07;"Nouvelle-Aquitaine";"Nucléaire";2,182786986
2020-08;"Nouvelle-Aquitaine";"Nucléaire";1,918064155
2020-09;"Nouvelle-Aquitaine";"Nucléaire";2,185166404
2020-10;"Nouvelle-Aquitaine";"Nucléaire";3,635735567
2020-11;"Nouvelle-Aquitaine";"Nucléaire";3,535966292
2020-12;"Nouvelle-Aquitaine";"Nucléaire";4,36854533
2021-01;"Nouvelle-Aquitaine";"Nucléaire";4,834662536
2021-02;"Nouvelle-Aquitaine";"Nucléaire";3,352733075
2021-03;"Nouvelle-Aquitaine";"Nucléaire";3,325427236
2021-04;"Nouvelle-Aquitaine";"Nucléaire";3,016659077
2021-05;"Nouvelle-Aquitaine";"Nucléaire";2,906262557
2021-06;"Nouvelle-Aquitaine";"Nucléaire";2,321258393
2021-07;"Nouvelle-Aquitaine";"Nucléaire";2,964968075
2021-08;"Nouvelle-Aquitaine";"Nucléaire";3,091948869
2021-09;"Nouvelle-Aquitaine";"Nucléaire";2,983628562
2021-10;"Nouvelle-Aquitaine";"Nucléaire";3,084549511
2021-11;"Nouvelle-Aquitaine";"Nucléaire";2,624619023
2021-12;"Nouvelle-Aquitaine";"Nucléaire";2,175637807
2022-01;"Nouvelle-Aquitaine";"Nucléaire";2,633296892
2022-02;"Nouvelle-Aquitaine";"Nucléaire";2,21674093
2022-03;"Nouvelle-Aquitaine";"Nucléaire";2,077345459
2022-04;"Nouvelle-Aquitaine";"Nucléaire";1,703727615167
2022-05;"Nouvelle-Aquitaine";"Nucléaire";1,890441585662
2022-06;"Nouvelle-Aquitaine";"Nucléaire";1,783478924668
2022-07;"Nouvelle-Aquitaine";"Nucléaire";1,651534079997
2022-08;"Nouvelle-Aquitaine";"Nucléaire";0,763041059831
2022-09;"Nouvelle-Aquitaine";"Nucléaire";1,27755487783
2022-10;"Nouvelle-Aquitaine";"Nucléaire";1,936884865498
2022-11;"Nouvelle-Aquitaine";"Nucléaire";1,964925698002
2022-12;"Nouvelle-Aquitaine";"Nucléaire";1,975476399994
2023-01;"Nouvelle-Aquitaine";"Nucléaire";1,846118116003
2023-02;"Nouvelle-Aquitaine";"Nucléaire";2,37792165817
2023-03;"Nouvelle-Aquitaine";"Nucléaire";2,105510413834
2023-04;"Nouvelle-Aquitaine";"Nucléaire";2,535727074005
2023-05;"Nouvelle-Aquitaine";"Nucléaire";3,050347555836
2023-06;"Nouvelle-Aquitaine";"Nucléaire";3,122680359999
2023-07;"Nouvelle-Aquitaine";"Nucléaire";3,052486449331
2023-08;"Nouvelle-Aquitaine";"Nucléaire";3,79956364317
2023-09;"Nouvelle-Aquitaine";"Nucléaire";3,854521374993
2023-10;"Nouvelle-Aquitaine";"Nucléaire";3,730221789666
2023-11;"Nouvelle-Aquitaine";"Nucléaire";3,681712085166
2023-12;"Nouvelle-Aquitaine";"Nucléaire";4,025063957169
2024-01;"Nouvelle-Aquitaine";"Nucléaire";4,25623939834
2024-02;"Nouvelle-Aquitaine";"Nucléaire";2,579344396085
2024-03;"Nouvelle-Aquitaine";"Nucléaire";2,653214606917
2024-04;"Nouvelle-Aquitaine";"Nucléaire";3,347040615082
2024-05;"Nouvelle-Aquitaine";"Nucléaire";2,874517064668
2024-06;"Nouvelle-Aquitaine";"Nucléaire";2,394870019251
2024-07;"Nouvelle-Aquitaine";"Nucléaire";2,383214260502
2024-08;"Nouvelle-Aquitaine";"Nucléaire";3,090945094167
2024-09;"Nouvelle-Aquitaine";"Nucléaire";3,453120887916
2024-10;"Nouvelle-Aquitaine";"Nucléaire";3,746870305336
2024-11;"Nouvelle-Aquitaine";"Nucléaire";3,892591104997
2024-12;"Nouvelle-Aquitaine";"Nucléaire";3,948719721496
2025-01;"Nouvelle-Aquitaine";"Nucléaire";4,426862592168
2025-02;"Nouvelle-Aquitaine";"Nucléaire";3,942811719083
2025-03;"Nouvelle-Aquitaine";"Nucléaire";4,146671534664
2025-04;"Nouvelle-Aquitaine";"Nucléaire";2,731997132583
2025-05;"Nouvelle-Aquitaine";"Nucléaire";1,79081959667
2025-06;"Nouvelle-Aquitaine";"Nucléaire";2,282918086832
2025-07;"Nouvelle-Aquitaine";"Nucléaire";2,948036828249
2025-08;"Nouvelle-Aquitaine";"Nucléaire";3,504959431167
2025-09;"Nouvelle-Aquitaine";"Nucléaire";3,660348470168
2025-10;"Nouvelle-Aquitaine";"Nucléaire";3,121383858921
2025-11;"Nouvelle-Aquitaine";"Nucléaire";4,174670043169
2014-01;"Nouvelle-Aquitaine";"Thermique renouvelable et déchets";0,080873651685
2014-02;"Nouvelle-Aquitaine";"Thermique renouvelable et déchets";0,076695906625
2014-03;"Nouvelle-Aquitaine";"Thermique renouvelable et déchets";0,066238222191
2014-04;"Nouvelle-Aquitaine";"Thermique renouvelable et déchets";0,070267646128
2014-05;"Nouvelle-Aquitaine";"Thermique renouvelable et déchets";0,088086021711
2014-06;"Nouvelle-Aquitaine";"Thermique renouvelable et déchets";0,085369776619
2014-07;"Nouvelle-Aquitaine";"Thermique renouvelable et déchets";0,07819331604
2014-08;"Nouvelle-Aquitaine";"Thermique renouvelable et déchets";0,078053825923
2014-09;"Nouvelle-Aquitaine";"Thermique renouvelable et déchets";0,083213428079
2014-10;"Nouvelle-Aquitaine";"Thermique renouvelable et déchets";0,090409801165
2014-11;"Nouvelle-Aquitaine";"Thermique renouvelable et déchets";0,092488695721
2014-12;"Nouvelle-Aquitaine";"Thermique renouvelable et déchets";0,094705659706
2015-01;"Nouvelle-Aquitaine";"Thermique renouvelable et déchets";0,110540283995
2015-02;"Nouvelle-Aquitaine";"Thermique renouvelable et déchets";0,103113226924
2015-03;"Nouvelle-Aquitaine";"Thermique renouvelable et déchets";0,112474749811
2015-04;"Nouvelle-Aquitaine";"Thermique renouvelable et déchets";0,086876005239
2015-05;"Nouvelle-Aquitaine";"Thermique renouvelable et déchets";0,110491137645
2015-06;"Nouvelle-Aquitaine";"Thermique renouvelable et déchets";0,112381729992
2015-07;"Nouvelle-Aquitaine";"Thermique renouvelable et déchets";0,115293982843
2015-08;"Nouvelle-Aquitaine";"Thermique renouvelable et déchets";0,104086846501
2015-09;"Nouvelle-Aquitaine";"Thermique renouvelable et déchets";0,107592667884
2015-10;"Nouvelle-Aquitaine";"Thermique renouvelable et déchets";0,092526214069
2015-11;"Nouvelle-Aquitaine";"Thermique renouvelable et déchets";0,112860443795
2015-12;"Nouvelle-Aquitaine";"Thermique renouvelable et déchets";0,123910935268
2016-01;"Nouvelle-Aquitaine";"Thermique renouvelable et déchets";0,121882638501
2016-02;"Nouvelle-Aquitaine";"Thermique renouvelable et déchets";0,102223937663
2016-03;"Nouvelle-Aquitaine";"Thermique renouvelable et déchets";0,127058460996
2016-04;"Nouvelle-Aquitaine";"Thermique renouvelable et déchets";0,115441163
2016-05;"Nouvelle-Aquitaine";"Thermique renouvelable et déchets";0,119111859002
2016-06;"Nouvelle-Aquitaine";"Thermique renouvelable et déchets";0,117951571497
2016-07;"Nouvelle-Aquitaine";"Thermique renouvelable et déchets";0,118219507502
2016-08;"Nouvelle-Aquitaine";"Thermique renouvelable et déchets";0,113474585999
2016-09;"Nouvelle-Aquitaine";"Thermique renouvelable et déchets";0,100054323164
2016-10;"Nouvelle-Aquitaine";"Thermique renouvelable et déchets";0,074624712998
2016-11;"Nouvelle-Aquitaine";"Thermique renouvelable et déchets";0,125147220998
2016-12;"Nouvelle-Aquitaine";"Thermique renouvelable et déchets";0,127058142334
2017-01;"Nouvelle-Aquitaine";"Thermique renouvelable et déchets";0,138145614
2017-02;"Nouvelle-Aquitaine";"Thermique renouvelable et déchets";0,120497097002
2017-03;"Nouvelle-Aquitaine";"Thermique renouvelable et déchets";0,132926804834
2017-04;"Nouvelle-Aquitaine";"Thermique renouvelable et déchets";0,128466376668
2017-05;"Nouvelle-Aquitaine";"Thermique renouvelable et déchets";0,127905966331
2017-06;"Nouvelle-Aquitaine";"Thermique renouvelable et déchets";0,133024304666
2017-07;"Nouvelle-Aquitaine";"Thermique renouvelable et déchets";0,128280056
2017-08;"Nouvelle-Aquitaine";"Thermique renouvelable et déchets";0,134499241166
2017-09;"Nouvelle-Aquitaine";"Thermique renouvelable et déchets";0,12663718967
2017-10;"Nouvelle-Aquitaine";"Thermique renouvelable et déchets";0,130923203998
2017-11;"Nouvelle-Aquitaine";"Thermique renouvelable et déchets";0,126504841837
2017-12;"Nouvelle-Aquitaine";"Thermique renouvelable et déchets";0,121239467168
2018-01;"Nouvelle-Aquitaine";"Thermique renouvelable et déchets";0,121137721831
2018-02;"Nouvelle-Aquitaine";"Thermique renouvelable et déchets";0,105668239337
2018-03;"Nouvelle-Aquitaine";"Thermique renouvelable et déchets";0,094869501166
2018-04;"Nouvelle-Aquitaine";"Thermique renouvelable et déchets";0,110510538168
2018-05;"Nouvelle-Aquitaine";"Thermique renouvelable et déchets";0,134741337333
2018-06;"Nouvelle-Aquitaine";"Thermique renouvelable et déchets";0,130612127331
2018-07;"Nouvelle-Aquitaine";"Thermique renouvelable et déchets";0,136528634837
2018-08;"Nouvelle-Aquitaine";"Thermique renouvelable et déchets";0,139503799833
2018-09;"Nouvelle-Aquitaine";"Thermique renouvelable et déchets";0,127536756664
2018-10;"Nouvelle-Aquitaine";"Thermique renouvelable et déchets";0,126783859667
2018-11;"Nouvelle-Aquitaine";"Thermique renouvelable et déchets";0,134962290502
2018-12;"Nouvelle-Aquitaine";"Thermique renouvelable et déchets";0,142922184332
2019-01;"Nouvelle-Aquitaine";"Thermique renouvelable et déchets";0,139195737664
2019-02;"Nouvelle-Aquitaine";"Thermique renouvelable et déchets";0,124963104167
2019-03;"Nouvelle-Aquitaine";"Thermique renouvelable et déchets";0,140236499504
2019-04;"Nouvelle-Aquitaine";"Thermique renouvelable et déchets";0,133975691504
2019-05;"Nouvelle-Aquitaine";"Thermique renouvelable et déchets";0,139140549835
2019-06;"Nouvelle-Aquitaine";"Thermique renouvelable et déchets";0,114362480334
2019-07;"Nouvelle-Aquitaine";"Thermique renouvelable et déchets";0,124291849167
2019-08;"Nouvelle-Aquitaine";"Thermique renouvelable et déchets";0,134207417332
2019-09;"Nouvelle-Aquitaine";"Thermique renouvelable et déchets";0,134787394332
2019-10;"Nouvelle-Aquitaine";"Thermique renouvelable et déchets";0,126412648335
2019-11;"Nouvelle-Aquitaine";"Thermique renouvelable et déchets";0,130347836331
2019-12;"Nouvelle-Aquitaine";"Thermique renouvelable et déchets";0,132097011333
2020-01;"Nouvelle-Aquitaine";"Thermique renouvelable et déchets";0,127216712497
2020-02;"Nouvelle-Aquitaine";"Thermique renouvelable et déchets";0,142055544173
2020-03;"Nouvelle-Aquitaine";"Thermique renouvelable et déchets";0,145991680331
2020-04;"Nouvelle-Aquitaine";"Thermique renouvelable et déchets";0,142989921498
2020-05;"Nouvelle-Aquitaine";"Thermique renouvelable et déchets";0,140513350829
2020-06;"Nouvelle-Aquitaine";"Thermique renouvelable et déchets";0,141302963998
2020-07;"Nouvelle-Aquitaine";"Thermique renouvelable et déchets";0,140609688507
2020-08;"Nouvelle-Aquitaine";"Thermique renouvelable et déchets";0,137728306497
2020-09;"Nouvelle-Aquitaine";"Thermique renouvelable et déchets";0,116193862342
2020-10;"Nouvelle-Aquitaine";"Thermique renouvelable et déchets";0,121166831
2020-11;"Nouvelle-Aquitaine";"Thermique renouvelable et déchets";0,119566165171
2020-12;"Nouvelle-Aquitaine";"Thermique renouvelable et déchets";0,134206024497
2021-01;"Nouvelle-Aquitaine";"Thermique renouvelable et déchets";0,13566384583
2021-02;"Nouvelle-Aquitaine";"Thermique renouvelable et déchets";0,117576006
2021-03;"Nouvelle-Aquitaine";"Thermique renouvelable et déchets";0,114095544665
2021-04;"Nouvelle-Aquitaine";"Thermique renouvelable et déchets";0,117414458327
2021-05;"Nouvelle-Aquitaine";"Thermique renouvelable et déchets";0,138256730502
2021-06;"Nouvelle-Aquitaine";"Thermique renouvelable et déchets";0,126499020342
2021-07;"Nouvelle-Aquitaine";"Thermique renouvelable et déchets";0,139348155334
2021-08;"Nouvelle-Aquitaine";"Thermique renouvelable et déchets";0,137120603832
2021-09;"Nouvelle-Aquitaine";"Thermique renouvelable et déchets";0,128670538996
2021-10;"Nouvelle-Aquitaine";"Thermique renouvelable et déchets";0,118701249335
2021-11;"Nouvelle-Aquitaine";"Thermique renouvelable et déchets";0,128859758998
2021-12;"Nouvelle-Aquitaine";"Thermique renouvelable et déchets";0,1378316685
2022-01;"Nouvelle-Aquitaine";"Thermique renouvelable et déchets";0,136181206197
2022-02;"Nouvelle-Aquitaine";"Thermique renouvelable et déchets";0,12973707491
2022-03;"Nouvelle-Aquitaine";"Thermique renouvelable et déchets";0,134255179478
2022-04;"Nouvelle-Aquitaine";"Thermique renouvelable et déchets";0,126001590257
2022-05;"Nouvelle-Aquitaine";"Thermique renouvelable et déchets";0,130981440309
2022-06;"Nouvelle-Aquitaine";"Thermique renouvelable et déchets";0,127463176966
2022-07;"Nouvelle-Aquitaine";"Thermique renouvelable et déchets";0,124459060793
2022-08;"Nouvelle-Aquitaine";"Thermique renouvelable et déchets";0,129441603308
2022-09;"Nouvelle-Aquitaine";"Thermique renouvelable et déchets";0,12446367296
2022-10;"Nouvelle-Aquitaine";"Thermique renouvelable et déchets";0,13465674866
2022-11;"Nouvelle-Aquitaine";"Thermique renouvelable et déchets";0,121597762418
2022-12;"Nouvelle-Aquitaine";"Thermique renouvelable et déchets";0,131042113436
2023-01;"Nouvelle-Aquitaine";"Thermique renouvelable et déchets";0,12846233649
2023-02;"Nouvelle-Aquitaine";"Thermique renouvelable et déchets";0,109538134898
2023-03;"Nouvelle-Aquitaine";"Thermique renouvelable et déchets";0,123063111202
2023-04;"Nouvelle-Aquitaine";"Thermique renouvelable et déchets";0,123654232495
2023-05;"Nouvelle-Aquitaine";"Thermique renouvelable et déchets";0,140952601478
2023-06;"Nouvelle-Aquitaine";"Thermique renouvelable et déchets";0,129621194467
2023-07;"Nouvelle-Aquitaine";"Thermique renouvelable et déchets";0,139189587367
2023-08;"Nouvelle-Aquitaine";"Thermique renouvelable et déchets";0,137983836972
2023-09;"Nouvelle-Aquitaine";"Thermique renouvelable et déchets";0,124933234866
2023-10;"Nouvelle-Aquitaine";"Thermique renouvelable et déchets";0,127852577163
2023-11;"Nouvelle-Aquitaine";"Thermique renouvelable et déchets";0,127555670125
2023-12;"Nouvelle-Aquitaine";"Thermique renouvelable et déchets";0,127353026249
2024-01;"Nouvelle-Aquitaine";"Thermique renouvelable et déchets";0,118685769377
2024-02;"Nouvelle-Aquitaine";"Thermique renouvelable et déchets";0,130137588199
2024-03;"Nouvelle-Aquitaine";"Thermique renouvelable et déchets";0,13772891164
2024-04;"Nouvelle-Aquitaine";"Thermique renouvelable et déchets";0,13548422
2024-05;"Nouvelle-Aquitaine";"Thermique renouvelable et déchets";0,136614465679
2024-06;"Nouvelle-Aquitaine";"Thermique renouvelable et déchets";0,131883736349
2024-07;"Nouvelle-Aquitaine";"Thermique renouvelable et déchets";0,138966721432
2024-08;"Nouvelle-Aquitaine";"Thermique renouvelable et déchets";0,135946177762
2024-09;"Nouvelle-Aquitaine";"Thermique renouvelable et déchets";0,116925239713
2024-10;"Nouvelle-Aquitaine";"Thermique renouvelable et déchets";0,100710534879
2024-11;"Nouvelle-Aquitaine";"Thermique renouvelable et déchets";0,13302927409
2024-12;"Nouvelle-Aquitaine";"Thermique renouvelable et déchets";0,141014145063
2025-01;"Nouvelle-Aquitaine";"Thermique renouvelable et déchets";0,115647503845
2025-02;"Nouvelle-Aquitaine";"Thermique renouvelable et déchets";0,104775110855
2025-03;"Nouvelle-Aquitaine";"Thermique renouvelable et déchets";0,119129454015
2025-04;"Nouvelle-Aquitaine";"Thermique renouvelable et déchets";0,121300447005
2025-05;"Nouvelle-Aquitaine";"Thermique renouvelable et déchets";0,137510928668
2025-06;"Nouvelle-Aquitaine";"Thermique renouvelable et déchets";0,125636823509
2025-07;"Nouvelle-Aquitaine";"Thermique renouvelable et déchets";0,144516336275
2025-08;"Nouvelle-Aquitaine";"Thermique renouvelable et déchets";0,131776380443
2025-09;"Nouvelle-Aquitaine";"Thermique renouvelable et déchets";0,112876013055
2025-10;"Nouvelle-Aquitaine";"Thermique renouvelable et déchets";0,124662946093
2025-11;"Nouvelle-Aquitaine";"Thermique renouvelable et déchets";0,129179088432
2014-01;"Nouvelle-Aquitaine";"Energie produite";4,773066919643
2014-02;"Nouvelle-Aquitaine";"Energie produite";4,867353732958
2014-03;"Nouvelle-Aquitaine";"Energie produite";5,226423786988
2014-04;"Nouvelle-Aquitaine";"Energie produite";4,672411735949
2014-05;"Nouvelle-Aquitaine";"Energie produite";4,223114015476
2014-06;"Nouvelle-Aquitaine";"Energie produite";4,561458943778
2014-07;"Nouvelle-Aquitaine";"Energie produite";3,965851499615
2014-08;"Nouvelle-Aquitaine";"Energie produite";2,675274668501
2014-09;"Nouvelle-Aquitaine";"Energie produite";3,236536585652
2014-10;"Nouvelle-Aquitaine";"Energie produite";3,33625727079
2014-11;"Nouvelle-Aquitaine";"Energie produite";4,17469495642
2014-12;"Nouvelle-Aquitaine";"Energie produite";5,037245679156
2015-01;"Nouvelle-Aquitaine";"Energie produite";4,924791774422
2015-02;"Nouvelle-Aquitaine";"Energie produite";4,2528420308
2015-03;"Nouvelle-Aquitaine";"Energie produite";4,52626204893
2015-04;"Nouvelle-Aquitaine";"Energie produite";4,02547482988
2015-05;"Nouvelle-Aquitaine";"Energie produite";2,909227202291
2015-06;"Nouvelle-Aquitaine";"Energie produite";2,633986941359
2015-07;"Nouvelle-Aquitaine";"Energie produite";2,919074463254
2015-08;"Nouvelle-Aquitaine";"Energie produite";3,40571239454
2015-09;"Nouvelle-Aquitaine";"Energie produite";4,110038003043
2015-10;"Nouvelle-Aquitaine";"Energie produite";4,877395523891
2015-11;"Nouvelle-Aquitaine";"Energie produite";5,031868729039
2015-12;"Nouvelle-Aquitaine";"Energie produite";5,071588347965
2016-01;"Nouvelle-Aquitaine";"Energie produite";5,708396014004
2016-02;"Nouvelle-Aquitaine";"Energie produite";4,960851684637
2016-03;"Nouvelle-Aquitaine";"Energie produite";4,884066049046
2016-04;"Nouvelle-Aquitaine";"Energie produite";3,986325613607
2016-05;"Nouvelle-Aquitaine";"Energie produite";4,197598376927
2016-06;"Nouvelle-Aquitaine";"Energie produite";4,347130114659
2016-07;"Nouvelle-Aquitaine";"Energie produite";4,048402918262
2016-08;"Nouvelle-Aquitaine";"Energie produite";3,835642939466
2016-09;"Nouvelle-Aquitaine";"Energie produite";3,274569949403
2016-10;"Nouvelle-Aquitaine";"Energie produite";4,223607536726
2016-11;"Nouvelle-Aquitaine";"Energie produite";4,303324953556
2016-12;"Nouvelle-Aquitaine";"Energie produite";4,571053762714
2017-01;"Nouvelle-Aquitaine";"Energie produite";4,776251936547
2017-02;"Nouvelle-Aquitaine";"Energie produite";3,935840223335
2017-03;"Nouvelle-Aquitaine";"Energie produite";5,313970033084
2017-04;"Nouvelle-Aquitaine";"Energie produite";4,918616538521
2017-05;"Nouvelle-Aquitaine";"Energie produite";4,649002160338
2017-06;"Nouvelle-Aquitaine";"Energie produite";3,297662811205
2017-07;"Nouvelle-Aquitaine";"Energie produite";3,639558161256
2017-08;"Nouvelle-Aquitaine";"Energie produite";3,494250651532
2017-09;"Nouvelle-Aquitaine";"Energie produite";4,123650956993
2017-10;"Nouvelle-Aquitaine";"Energie produite";5,236094275122
2017-11;"Nouvelle-Aquitaine";"Energie produite";5,492651791196
2017-12;"Nouvelle-Aquitaine";"Energie produite";5,866095843613
2018-01;"Nouvelle-Aquitaine";"Energie produite";6,283450759685
2018-02;"Nouvelle-Aquitaine";"Energie produite";5,606772032962
2018-03;"Nouvelle-Aquitaine";"Energie produite";5,214624558814
2018-04;"Nouvelle-Aquitaine";"Energie produite";4,049608133349
2018-05;"Nouvelle-Aquitaine";"Energie produite";4,0739360232
2018-06;"Nouvelle-Aquitaine";"Energie produite";3,872591008193
2018-07;"Nouvelle-Aquitaine";"Energie produite";4,537913273787
2018-08;"Nouvelle-Aquitaine";"Energie produite";4,347695410423
2018-09;"Nouvelle-Aquitaine";"Energie produite";4,479064772719
2018-10;"Nouvelle-Aquitaine";"Energie produite";4,045539786942
2018-11;"Nouvelle-Aquitaine";"Energie produite";5,276243919937
2018-12;"Nouvelle-Aquitaine";"Energie produite";5,560655859557
2019-01;"Nouvelle-Aquitaine";"Energie produite";5,704691090008
2019-02;"Nouvelle-Aquitaine";"Energie produite";5,414225413619
2019-03;"Nouvelle-Aquitaine";"Energie produite";5,417789359085
2019-04;"Nouvelle-Aquitaine";"Energie produite";4,622641191327
2019-05;"Nouvelle-Aquitaine";"Energie produite";5,07445896833
2019-06;"Nouvelle-Aquitaine";"Energie produite";4,777374517113
2019-07;"Nouvelle-Aquitaine";"Energie produite";4,473029035856
2019-08;"Nouvelle-Aquitaine";"Energie produite";3,555216114166
2019-09;"Nouvelle-Aquitaine";"Energie produite";4,277900665324
2019-10;"Nouvelle-Aquitaine";"Energie produite";4,806083036592
2019-11;"Nouvelle-Aquitaine";"Energie produite";5,208980171969
2019-12;"Nouvelle-Aquitaine";"Energie produite";5,441708056708
2020-01;"Nouvelle-Aquitaine";"Energie produite";5,388722334249
2020-02;"Nouvelle-Aquitaine";"Energie produite";5,655030976993
2020-03;"Nouvelle-Aquitaine";"Energie produite";5,573083383057
2020-04;"Nouvelle-Aquitaine";"Energie produite";4,549361888142
2020-05;"Nouvelle-Aquitaine";"Energie produite";3,620411055163
2020-06;"Nouvelle-Aquitaine";"Energie produite";2,654476813079
2020-07;"Nouvelle-Aquitaine";"Energie produite";3,034050532849
2020-08;"Nouvelle-Aquitaine";"Energie produite";2,642534552207
2020-09;"Nouvelle-Aquitaine";"Energie produite";2,921910149212
2020-10;"Nouvelle-Aquitaine";"Energie produite";4,626894687571
2020-11;"Nouvelle-Aquitaine";"Energie produite";4,485670389409
2020-12;"Nouvelle-Aquitaine";"Energie produite";5,620238308721
2021-01;"Nouvelle-Aquitaine";"Energie produite";6,356481154768
2021-02;"Nouvelle-Aquitaine";"Energie produite";4,795121435584
2021-03;"Nouvelle-Aquitaine";"Energie produite";4,652267599551
2021-04;"Nouvelle-Aquitaine";"Energie produite";4,088703156625
2021-05;"Nouvelle-Aquitaine";"Energie produite";4,110005620842
2021-06;"Nouvelle-Aquitaine";"Energie produite";3,250602026624
2021-07;"Nouvelle-Aquitaine";"Energie produite";4,094680242163
2021-08;"Nouvelle-Aquitaine";"Energie produite";4,000143616807
2021-09;"Nouvelle-Aquitaine";"Energie produite";3,873973394239
2021-10;"Nouvelle-Aquitaine";"Energie produite";4,007411927389
2021-11;"Nouvelle-Aquitaine";"Energie produite";3,58132103852
2021-12;"Nouvelle-Aquitaine";"Energie produite";3,586218529983
2022-01;"Nouvelle-Aquitaine";"Energie produite";4,022583692645
2022-02;"Nouvelle-Aquitaine";"Energie produite";3,407539132939
2022-03;"Nouvelle-Aquitaine";"Energie produite";3,39339035582
2022-04;"Nouvelle-Aquitaine";"Energie produite";3,016487413486
2022-05;"Nouvelle-Aquitaine";"Energie produite";3,086261170692
2022-06;"Nouvelle-Aquitaine";"Energie produite";2,752174354195
2022-07;"Nouvelle-Aquitaine";"Energie produite";2,790554553951
2022-08;"Nouvelle-Aquitaine";"Energie produite";1,729417877877
2022-09;"Nouvelle-Aquitaine";"Energie produite";2,218029695146
2022-10;"Nouvelle-Aquitaine";"Energie produite";2,78513939703
2022-11;"Nouvelle-Aquitaine";"Energie produite";2,894070884989
2022-12;"Nouvelle-Aquitaine";"Energie produite";3,189474099574
2023-01;"Nouvelle-Aquitaine";"Energie produite";3,054919568364
2023-02;"Nouvelle-Aquitaine";"Energie produite";3,476131778927
2023-03;"Nouvelle-Aquitaine";"Energie produite";3,693624286351
2023-04;"Nouvelle-Aquitaine";"Energie produite";4,022965576566
2023-05;"Nouvelle-Aquitaine";"Energie produite";4,563313598089
2023-06;"Nouvelle-Aquitaine";"Energie produite";4,391622454276
2023-07;"Nouvelle-Aquitaine";"Energie produite";4,197388569356
2023-08;"Nouvelle-Aquitaine";"Energie produite";4,886386360657
2023-09;"Nouvelle-Aquitaine";"Energie produite";4,830394605293
2023-10;"Nouvelle-Aquitaine";"Energie produite";4,856933834909
2023-11;"Nouvelle-Aquitaine";"Energie produite";5,234586568543
2023-12;"Nouvelle-Aquitaine";"Energie produite";5,677004925253
2024-01;"Nouvelle-Aquitaine";"Energie produite";5,83478949142
2024-02;"Nouvelle-Aquitaine";"Energie produite";4,007875913342
2024-03;"Nouvelle-Aquitaine";"Energie produite";4,421638786022
2024-04;"Nouvelle-Aquitaine";"Energie produite";4,853768098019
2024-05;"Nouvelle-Aquitaine";"Energie produite";4,576368147
2024-06;"Nouvelle-Aquitaine";"Energie produite";3,797267762166
2024-07;"Nouvelle-Aquitaine";"Energie produite";3,651038722824
2024-08;"Nouvelle-Aquitaine";"Energie produite";4,191699016635
2024-09;"Nouvelle-Aquitaine";"Energie produite";4,639707718506
2024-10;"Nouvelle-Aquitaine";"Energie produite";5,090927931375
2024-11;"Nouvelle-Aquitaine";"Energie produite";5,184933395156
2024-12;"Nouvelle-Aquitaine";"Energie produite";5,388702031962
2025-01;"Nouvelle-Aquitaine";"Energie produite";6,141950520052
2025-02;"Nouvelle-Aquitaine";"Energie produite";5,425659928514
2025-03;"Nouvelle-Aquitaine";"Energie produite";5,74646444566
2025-04;"Nouvelle-Aquitaine";"Energie produite";4,256056682763
2025-05;"Nouvelle-Aquitaine";"Energie produite";3,300700936964
2025-06;"Nouvelle-Aquitaine";"Energie produite";3,591611066442
2025-07;"Nouvelle-Aquitaine";"Energie produite";4,352117364745
2025-08;"Nouvelle-Aquitaine";"Energie produite";4,72752118899
2025-09;"Nouvelle-Aquitaine";"Energie produite";4,773617575937
2025-10;"Nouvelle-Aquitaine";"Energie produite";4,538776402416
2025-11;"Nouvelle-Aquitaine";"Energie produite";5,63804301509
2014-01;"Occitanie";"Autre";-5,123702677412E-18
2014-02;"Occitanie";"Autre";3,7657680793113E-18
2014-03;"Occitanie";"Autre";-4,4038652932676E-18
2014-04;"Occitanie";"Autre";-6,4643637665007E-18
2014-05;"Occitanie";"Autre";6,3418506557333E-18
2014-06;"Occitanie";"Autre";1,9852817306765E-18
2014-07;"Occitanie";"Autre";-2,2875503574715E-18
2014-08;"Occitanie";"Autre";-3,7983158285293E-19
2014-09;"Occitanie";"Autre";1,3760555195308E-18
2014-10;"Occitanie";"Autre";1,0686295598417E-18
2014-11;"Occitanie";"Autre";1,4833342887322E-18
2014-12;"Occitanie";"Autre";8,2255001421227E-18
2015-01;"Occitanie";"Autre";1,1717198392103E-18
2015-02;"Occitanie";"Autre";6,8829004995496E-18
2015-03;"Occitanie";"Autre";2,6583769907607E-20
2015-04;"Occitanie";"Autre";1,2646446390097E-18
2015-05;"Occitanie";"Autre";-4,1994203253681E-18
2015-06;"Occitanie";"Autre";1,8562859582794E-18
2015-07;"Occitanie";"Autre";-2,1989285392543E-18
2015-08;"Occitanie";"Autre";-5,6137473142259E-18
2015-09;"Occitanie";"Autre";3,1713815601409E-18
2015-10;"Occitanie";"Autre";7,4017528217674E-19
2015-11;"Occitanie";"Autre";3,1075940432057E-18
2015-12;"Occitanie";"Autre";-6,0293957326873E-19
2016-01;"Occitanie";"Autre";-9,6887836295578E-18
2016-02;"Occitanie";"Autre";4,2153962612201E-18
2016-03;"Occitanie";"Autre";-1,7385745620935E-18
2016-04;"Occitanie";"Autre";1,0790084103984E-18
2016-05;"Occitanie";"Autre";4,6011285059766E-19
2016-06;"Occitanie";"Autre";-5,057034652145E-18
2016-07;"Occitanie";"Autre";3,4607785387442E-18
2016-08;"Occitanie";"Autre";3,6689479579466E-18
2016-09;"Occitanie";"Autre";1,1178028988534E-18
2016-10;"Occitanie";"Autre";5,400289590507E-18
2016-11;"Occitanie";"Autre";-1,5459855617905E-18
2016-12;"Occitanie";"Autre";2,6090553328917E-18
2017-01;"Occitanie";"Autre";-4,0929091713049E-18
2017-02;"Occitanie";"Autre";1,566554091309E-17
2017-03;"Occitanie";"Autre";0,00010494400000001
2017-04;"Occitanie";"Autre";9,6434E-5
2017-05;"Occitanie";"Autre";6,454499999999E-5
2017-06;"Occitanie";"Autre";2,6594E-5
2017-07;"Occitanie";"Autre";1,7289999999978E-6
2017-08;"Occitanie";"Autre";2,6413654249935E-18
2017-09;"Occitanie";"Autre";9,4999999999659E-7
2017-10;"Occitanie";"Autre";9,3209999999969E-6
2017-11;"Occitanie";"Autre";3,6846999999992E-5
2017-12;"Occitanie";"Autre";7,3884000000004E-5
2018-01;"Occitanie";"Autre";0,00011454899999999
2018-02;"Occitanie";"Autre";0,00010042599999999
2018-03;"Occitanie";"Autre";0,000107674
2018-04;"Occitanie";"Autre";0,000120433
2018-05;"Occitanie";"Autre";0,000123944
2018-06;"Occitanie";"Autre";8,5931000000011E-5
2018-07;"Occitanie";"Autre";1,1714999999998E-5
2018-08;"Occitanie";"Autre";3,3332999999998E-5
2018-09;"Occitanie";"Autre";1,1017185427842E-18
2018-10;"Occitanie";"Autre";4,6099999999767E-7
2018-11;"Occitanie";"Autre";2,7889999999996E-6
2018-12;"Occitanie";"Autre";2,1565000000001E-5
2019-01;"Occitanie";"Autre";4,4839999999985E-6
2019-02;"Occitanie";"Autre";8,2638000000005E-5
2019-03;"Occitanie";"Autre";5,6723000000018E-5
2019-04;"Occitanie";"Autre";9,0566000000004E-5
2019-05;"Occitanie";"Autre";8,0873999999993E-5
2019-06;"Occitanie";"Autre";4,5949999999997E-5
2019-07;"Occitanie";"Autre";1,8569999999958E-6
2019-08;"Occitanie";"Autre";1,5147000000006E-5
2019-09;"Occitanie";"Autre";2,9999999996709E-8
2019-10;"Occitanie";"Autre";6,5499999999956E-6
2019-11;"Occitanie";"Autre";6,0556999999992E-5
2019-12;"Occitanie";"Autre";9,2077999999995E-5
2020-01;"Occitanie";"Autre";5,6726E-5
2020-02;"Occitanie";"Autre";5,7070999999995E-5
2020-03;"Occitanie";"Autre";0,00015751499999999
2020-04;"Occitanie";"Autre";8,9622999999997E-5
2020-05;"Occitanie";"Autre";0,00010337899999999
2020-06;"Occitanie";"Autre";6,8844000000009E-5
2020-07;"Occitanie";"Autre";1,1486999999997E-5
2020-08;"Occitanie";"Autre";8,3276241805152E-18
2020-09;"Occitanie";"Autre";1,595E-5
2020-10;"Occitanie";"Autre";1,3959179298584E-17
2020-11;"Occitanie";"Autre";1,799999999999E-6
2020-12;"Occitanie";"Autre";3,1000000002198E-8
2021-01;"Occitanie";"Autre";1,1873E-5
2021-02;"Occitanie";"Autre";7,6999999999953E-6
2021-03;"Occitanie";"Autre";3,3999999999959E-7
2021-04;"Occitanie";"Autre";7,0439314103776E-20
2021-05;"Occitanie";"Autre";6,0760000000065E-6
2021-06;"Occitanie";"Autre";6,2699999999913E-6
2021-07;"Occitanie";"Autre";1,3329999999958E-6
2021-08;"Occitanie";"Autre";9,3000000007175E-8
2021-09;"Occitanie";"Autre";1,2000000000373E-7
2021-10;"Occitanie";"Autre";3,0999999998132E-8
2021-11;"Occitanie";"Autre";2,9099999999962E-6
2021-12;"Occitanie";"Autre";8,3699999999991E-6
2022-01;"Occitanie";"Autre";2,3727924000003E-5
2022-02;"Occitanie";"Autre";0,000197068515
2022-03;"Occitanie";"Autre";0,000261860056
2022-04;"Occitanie";"Autre";0,00026515260199999
2022-05;"Occitanie";"Autre";0,00027226018200001
2022-06;"Occitanie";"Autre";0,00026815797599999
2022-07;"Occitanie";"Autre";0,00027157632800001
2022-08;"Occitanie";"Autre";0,000268268947
2022-09;"Occitanie";"Autre";0,000232264414
2022-10;"Occitanie";"Autre";6,0835959999972E-6
2022-11;"Occitanie";"Autre";3,3558940000043E-6
2022-12;"Occitanie";"Autre";2,4210999999994E-6
2023-01;"Occitanie";"Autre";1,6087909999894E-6
2023-02;"Occitanie";"Autre";5,1412670000013E-6
2023-03;"Occitanie";"Autre";-3,783122252965E-18
2023-04;"Occitanie";"Autre";1,6161768104372E-18
2023-05;"Occitanie";"Autre";-7,6472612964285E-18
2023-06;"Occitanie";"Autre";-6,2519849323636E-18
2023-07;"Occitanie";"Autre";1,7863852758149E-18
2023-08;"Occitanie";"Autre";-2,4436329695843E-18
2023-09;"Occitanie";"Autre";1,6432983446224E-18
2023-10;"Occitanie";"Autre";-5,4612998151571E-19
2023-11;"Occitanie";"Autre";-1,2421680871399E-17
2023-12;"Occitanie";"Autre";-4,6687701447945E-18
2024-01;"Occitanie";"Autre";-2,8582648400888E-18
2024-02;"Occitanie";"Autre";3,2262265775573E-18
2024-03;"Occitanie";"Autre";2,4094736622571E-18
2024-04;"Occitanie";"Autre";0,00014085746099999
2024-05;"Occitanie";"Autre";0,000248572012
2024-06;"Occitanie";"Autre";0,00024857199000001
2024-07;"Occitanie";"Autre";0,00024055356
2024-08;"Occitanie";"Autre";0,00024055355999999
2024-09;"Occitanie";"Autre";0,000249259367
2024-10;"Occitanie";"Autre";0,00024857201200001
2024-11;"Occitanie";"Autre";0,00024857199
2024-12;"Occitanie";"Autre";0,00024857201200001
2025-01;"Occitanie";"Autre";0,000248609772
2025-02;"Occitanie";"Autre";0,000560794578
2025-03;"Occitanie";"Autre";0,00024953572100002
2025-04;"Occitanie";"Autre";0,000250043316
2025-05;"Occitanie";"Autre";0,000250267219
2025-06;"Occitanie";"Autre";0,000251190552
2025-07;"Occitanie";"Autre";2,0620440000048E-6
2025-08;"Occitanie";"Autre";3,1767119999969E-6
2025-09;"Occitanie";"Autre";2,361987999996E-6
2025-10;"Occitanie";"Autre";2,2656010000014E-6
2025-11;"Occitanie";"Autre";2,0219999999966E-6
2014-01;"Occitanie";"Solaire";0,040351859
2014-02;"Occitanie";"Solaire";0,061992113
2014-03;"Occitanie";"Solaire";0,1165822
2014-04;"Occitanie";"Solaire";0,125744798
2014-05;"Occitanie";"Solaire";0,147895099
2014-06;"Occitanie";"Solaire";0,1642358
2014-07;"Occitanie";"Solaire";0,149367905
2014-08;"Occitanie";"Solaire";0,150586551
2014-09;"Occitanie";"Solaire";0,133887022
2014-10;"Occitanie";"Solaire";0,112150711
2014-11;"Occitanie";"Solaire";0,055967329
2014-12;"Occitanie";"Solaire";0,046139432
2015-01;"Occitanie";"Solaire";0,06251134
2015-02;"Occitanie";"Solaire";0,079766356
2015-03;"Occitanie";"Solaire";0,114211356
2015-04;"Occitanie";"Solaire";0,1672407
2015-05;"Occitanie";"Solaire";0,181999314
2015-06;"Occitanie";"Solaire";0,198081038
2015-07;"Occitanie";"Solaire";0,196942087
2015-08;"Occitanie";"Solaire";0,181518348
2015-09;"Occitanie";"Solaire";0,151581797
2015-10;"Occitanie";"Solaire";0,113453565
2015-11;"Occitanie";"Solaire";0,088733744
2015-12;"Occitanie";"Solaire";0,067597953
2016-01;"Occitanie";"Solaire";0,058798657
2016-02;"Occitanie";"Solaire";0,092135219
2016-03;"Occitanie";"Solaire";0,142677162
2016-04;"Occitanie";"Solaire";0,173250529
2016-05;"Occitanie";"Solaire";0,20260423
2016-06;"Occitanie";"Solaire";0,20871981
2016-07;"Occitanie";"Solaire";0,23099664
2016-08;"Occitanie";"Solaire";0,232518412
2016-09;"Occitanie";"Solaire";0,186150995
2016-10;"Occitanie";"Solaire";0,1531009
2016-11;"Occitanie";"Solaire";0,080477894
2016-12;"Occitanie";"Solaire";0,087654361
2017-01;"Occitanie";"Solaire";0,087501432
2017-02;"Occitanie";"Solaire";0,103799773
2017-03;"Occitanie";"Solaire";0,167447358
2017-04;"Occitanie";"Solaire";0,236645242
2017-05;"Occitanie";"Solaire";0,243721487
2017-06;"Occitanie";"Solaire";0,24341923
2017-07;"Occitanie";"Solaire";0,241393237
2017-08;"Occitanie";"Solaire";0,229579788
2017-09;"Occitanie";"Solaire";0,182795168
2017-10;"Occitanie";"Solaire";0,162582135
2017-11;"Occitanie";"Solaire";0,107712122
2017-12;"Occitanie";"Solaire";0,069872736
2018-01;"Occitanie";"Solaire";0,06687726
2018-02;"Occitanie";"Solaire";0,110773816
2018-03;"Occitanie";"Solaire";0,172396411
2018-04;"Occitanie";"Solaire";0,214424041
2018-05;"Occitanie";"Solaire";0,2219641
2018-06;"Occitanie";"Solaire";0,272897132
2018-07;"Occitanie";"Solaire";0,30641461
2018-08;"Occitanie";"Solaire";0,277296635
2018-09;"Occitanie";"Solaire";0,246190831
2018-10;"Occitanie";"Solaire";0,155640111
2018-11;"Occitanie";"Solaire";0,098763523
2018-12;"Occitanie";"Solaire";0,073146106
2019-01;"Occitanie";"Solaire";0,098050725
2019-02;"Occitanie";"Solaire";0,166514405
2019-03;"Occitanie";"Solaire";0,239568454
2019-04;"Occitanie";"Solaire";0,228438255
2019-05;"Occitanie";"Solaire";0,288700644
2019-06;"Occitanie";"Solaire";0,30395841
2019-07;"Occitanie";"Solaire";0,322169877
2019-08;"Occitanie";"Solaire";0,307685073
2019-09;"Occitanie";"Solaire";0,254146085
2019-10;"Occitanie";"Solaire";0,167086523
2019-11;"Occitanie";"Solaire";0,10743213
2019-12;"Occitanie";"Solaire";0,097517375
2020-01;"Occitanie";"Solaire";0,10694897
2020-02;"Occitanie";"Solaire";0,163375358
2020-03;"Occitanie";"Solaire";0,22094259
2020-04;"Occitanie";"Solaire";0,257173213
2020-05;"Occitanie";"Solaire";0,32085728
2020-06;"Occitanie";"Solaire";0,31332161
2020-07;"Occitanie";"Solaire";0,358456618
2020-08;"Occitanie";"Solaire";0,321233798
2020-09;"Occitanie";"Solaire";0,257873527
2020-10;"Occitanie";"Solaire";0,164869749
2020-11;"Occitanie";"Solaire";0,136129975
2020-12;"Occitanie";"Solaire";0,077364118
2021-01;"Occitanie";"Solaire";0,104880769
2021-02;"Occitanie";"Solaire";0,135955018
2021-03;"Occitanie";"Solaire";0,256688714
2021-04;"Occitanie";"Solaire";0,312322981
2021-05;"Occitanie";"Solaire";0,323862774
2021-06;"Occitanie";"Solaire";0,342380409
2021-07;"Occitanie";"Solaire";0,358764076
2021-08;"Occitanie";"Solaire";0,376612222
2021-09;"Occitanie";"Solaire";0,278420955
2021-10;"Occitanie";"Solaire";0,256140489
2021-11;"Occitanie";"Solaire";0,142900514
2021-12;"Occitanie";"Solaire";0,131510732
2022-01;"Occitanie";"Solaire";0,194596249467
2022-02;"Occitanie";"Solaire";0,222000985614
2022-03;"Occitanie";"Solaire";0,258467519099
2022-04;"Occitanie";"Solaire";0,353318105308
2022-05;"Occitanie";"Solaire";0,474480612252
2022-06;"Occitanie";"Solaire";0,453697582798
2022-07;"Occitanie";"Solaire";0,532647757742
2022-08;"Occitanie";"Solaire";0,468621376698
2022-09;"Occitanie";"Solaire";0,376102703902
2022-10;"Occitanie";"Solaire";0,268952510349
2022-11;"Occitanie";"Solaire";0,186813707859
2022-12;"Occitanie";"Solaire";0,115737979946
2023-01;"Occitanie";"Solaire";0,153885163952
2023-02;"Occitanie";"Solaire";0,281578033634
2023-03;"Occitanie";"Solaire";0,365908520711
2023-04;"Occitanie";"Solaire";0,447371558992
2023-05;"Occitanie";"Solaire";0,497447756229
2023-06;"Occitanie";"Solaire";0,50668295335
2023-07;"Occitanie";"Solaire";0,556825484656
2023-08;"Occitanie";"Solaire";0,543015533695
2023-09;"Occitanie";"Solaire";0,468749141643
2023-10;"Occitanie";"Solaire";0,338329862449
2023-11;"Occitanie";"Solaire";0,215499881925
2023-12;"Occitanie";"Solaire";0,179435598504
2024-01;"Occitanie";"Solaire";0,19742890113
2024-02;"Occitanie";"Solaire";0,262848243573
2024-03;"Occitanie";"Solaire";0,420422173862
2024-04;"Occitanie";"Solaire";0,487879468
2024-05;"Occitanie";"Solaire";0,532731470169
2024-06;"Occitanie";"Solaire";0,55884450454
2024-07;"Occitanie";"Solaire";0,667578736197
2024-08;"Occitanie";"Solaire";0,641739589288
2024-09;"Occitanie";"Solaire";0,459824035018
2024-10;"Occitanie";"Solaire";0,331823632358
2024-11;"Occitanie";"Solaire";0,277253367074
2024-12;"Occitanie";"Solaire";0,214618979709
2025-01;"Occitanie";"Solaire";0,218564893478
2025-02;"Occitanie";"Solaire";0,305694482487
2025-03;"Occitanie";"Solaire";0,426972974247
2025-04;"Occitanie";"Solaire";0,518303694215
2025-05;"Occitanie";"Solaire";0,633049550118
2025-06;"Occitanie";"Solaire";0,663768888815
2025-07;"Occitanie";"Solaire";0,727451227914
2025-08;"Occitanie";"Solaire";0,677609129267
2025-09;"Occitanie";"Solaire";0,530645889422
2025-10;"Occitanie";"Solaire";0,460526732519
2025-11;"Occitanie";"Solaire";0,29241947037
2014-01;"Occitanie";"Hydraulique";1,369375509119
2014-02;"Occitanie";"Hydraulique";1,659053334722
2014-03;"Occitanie";"Hydraulique";1,694222026012
2014-04;"Occitanie";"Hydraulique";1,268599484356
2014-05;"Occitanie";"Hydraulique";1,198993531027
2014-06;"Occitanie";"Hydraulique";1,024576732739
2014-07;"Occitanie";"Hydraulique";0,911949637769
2014-08;"Occitanie";"Hydraulique";0,755719959216
2014-09;"Occitanie";"Hydraulique";0,567858673964
2014-10;"Occitanie";"Hydraulique";0,617005309158
2014-11;"Occitanie";"Hydraulique";0,676731177267
2014-12;"Occitanie";"Hydraulique";1,180816423273
2015-01;"Occitanie";"Hydraulique";1,090233338871
2015-02;"Occitanie";"Hydraulique";1,355595804884
2015-03;"Occitanie";"Hydraulique";1,362602146907
2015-04;"Occitanie";"Hydraulique";1,112095537569
2015-05;"Occitanie";"Hydraulique";1,162483363215
2015-06;"Occitanie";"Hydraulique";0,913333700457
2015-07;"Occitanie";"Hydraulique";0,661544293666
2015-08;"Occitanie";"Hydraulique";0,555236317203
2015-09;"Occitanie";"Hydraulique";0,482417040802
2015-10;"Occitanie";"Hydraulique";0,541468475547
2015-11;"Occitanie";"Hydraulique";0,660863250026
2015-12;"Occitanie";"Hydraulique";0,685712730486
2016-01;"Occitanie";"Hydraulique";1,060091773227
2016-02;"Occitanie";"Hydraulique";1,302146483654
2016-03;"Occitanie";"Hydraulique";1,429113809742
2016-04;"Occitanie";"Hydraulique";1,286962831662
2016-05;"Occitanie";"Hydraulique";1,229058751836
2016-06;"Occitanie";"Hydraulique";1,088558197689
2016-07;"Occitanie";"Hydraulique";0,705528321537
2016-08;"Occitanie";"Hydraulique";0,536562617423
2016-09;"Occitanie";"Hydraulique";0,424524045004
2016-10;"Occitanie";"Hydraulique";0,491088522109
2016-11;"Occitanie";"Hydraulique";0,665919749835
2016-12;"Occitanie";"Hydraulique";0,895771710299
2017-01;"Occitanie";"Hydraulique";1,065539283342
2017-02;"Occitanie";"Hydraulique";1,030737208841
2017-03;"Occitanie";"Hydraulique";1,26338313987
2017-04;"Occitanie";"Hydraulique";0,961792067834
2017-05;"Occitanie";"Hydraulique";1,011800571708
2017-06;"Occitanie";"Hydraulique";0,736460970049
2017-07;"Occitanie";"Hydraulique";0,530554239658
2017-08;"Occitanie";"Hydraulique";0,503311583818
2017-09;"Occitanie";"Hydraulique";0,377972583762
2017-10;"Occitanie";"Hydraulique";0,397456179231
2017-11;"Occitanie";"Hydraulique";0,658311746146
2017-12;"Occitanie";"Hydraulique";0,881331050243
2018-01;"Occitanie";"Hydraulique";1,548968435097
2018-02;"Occitanie";"Hydraulique";1,641190346042
2018-03;"Occitanie";"Hydraulique";1,631221336441
2018-04;"Occitanie";"Hydraulique";1,471416245092
2018-05;"Occitanie";"Hydraulique";1,474499341024
2018-06;"Occitanie";"Hydraulique";1,4975949089
2018-07;"Occitanie";"Hydraulique";1,047093359695
2018-08;"Occitanie";"Hydraulique";0,664299076232
2018-09;"Occitanie";"Hydraulique";0,491158949687
2018-10;"Occitanie";"Hydraulique";0,604248091864
2018-11;"Occitanie";"Hydraulique";0,977972672218
2018-12;"Occitanie";"Hydraulique";0,856218433636
2019-01;"Occitanie";"Hydraulique";0,846364458261
2019-02;"Occitanie";"Hydraulique";0,909458000428
2019-03;"Occitanie";"Hydraulique";0,817410942299
2019-04;"Occitanie";"Hydraulique";0,814610530555
2019-05;"Occitanie";"Hydraulique";0,941955029613
2019-06;"Occitanie";"Hydraulique";0,841055520075
2019-07;"Occitanie";"Hydraulique";0,551014572307
2019-08;"Occitanie";"Hydraulique";0,497197142743
2019-09;"Occitanie";"Hydraulique";0,340928467448
2019-10;"Occitanie";"Hydraulique";0,474966150327
2019-11;"Occitanie";"Hydraulique";1,24869527412
2019-12;"Occitanie";"Hydraulique";1,672566290454
2020-01;"Occitanie";"Hydraulique";1,287647029715
2020-02;"Occitanie";"Hydraulique";1,008415541156
2020-03;"Occitanie";"Hydraulique";1,385304887204
2020-04;"Occitanie";"Hydraulique";1,018067815232
2020-05;"Occitanie";"Hydraulique";1,222315462686
2020-06;"Occitanie";"Hydraulique";1,057057345697
2020-07;"Occitanie";"Hydraulique";0,597555483014
2020-08;"Occitanie";"Hydraulique";0,499094821643
2020-09;"Occitanie";"Hydraulique";0,461396471355
2020-10;"Occitanie";"Hydraulique";0,892154693289
2020-11;"Occitanie";"Hydraulique";0,864606984835
2020-12;"Occitanie";"Hydraulique";1,131021367261
2021-01;"Occitanie";"Hydraulique";1,538401437628
2021-02;"Occitanie";"Hydraulique";1,457035387868
2021-03;"Occitanie";"Hydraulique";1,28031382849
2021-04;"Occitanie";"Hydraulique";0,80764458209
2021-05;"Occitanie";"Hydraulique";0,909625855186
2021-06;"Occitanie";"Hydraulique";0,736686532419
2021-07;"Occitanie";"Hydraulique";0,54950848571
2021-08;"Occitanie";"Hydraulique";0,499471941172
2021-09;"Occitanie";"Hydraulique";0,421480300329
2021-10;"Occitanie";"Hydraulique";0,461658619897
2021-11;"Occitanie";"Hydraulique";0,636155771525
2021-12;"Occitanie";"Hydraulique";0,962335043328
2022-01;"Occitanie";"Hydraulique";1,240847273857
2022-02;"Occitanie";"Hydraulique";0,79743380237
2022-03;"Occitanie";"Hydraulique";1,176833968381
2022-04;"Occitanie";"Hydraulique";1,133091851794
2022-05;"Occitanie";"Hydraulique";1,103987399381
2022-06;"Occitanie";"Hydraulique";0,570386518934
2022-07;"Occitanie";"Hydraulique";0,572520303954
2022-08;"Occitanie";"Hydraulique";0,414293009449
2022-09;"Occitanie";"Hydraulique";0,365644588867
2022-10;"Occitanie";"Hydraulique";0,405930375621
2022-11;"Occitanie";"Hydraulique";0,525231087745
2022-12;"Occitanie";"Hydraulique";0,807951565514
2023-01;"Occitanie";"Hydraulique";0,960773938954
2023-02;"Occitanie";"Hydraulique";0,597663309431
2023-03;"Occitanie";"Hydraulique";0,988207798245
2023-04;"Occitanie";"Hydraulique";0,6972566815
2023-05;"Occitanie";"Hydraulique";0,825611834519
2023-06;"Occitanie";"Hydraulique";0,919121771172
2023-07;"Occitanie";"Hydraulique";0,509624301184
2023-08;"Occitanie";"Hydraulique";0,496185788002
2023-09;"Occitanie";"Hydraulique";0,399757993476
2023-10;"Occitanie";"Hydraulique";0,556195277015
2023-11;"Occitanie";"Hydraulique";1,037267310658
2023-12;"Occitanie";"Hydraulique";1,276181363213
2024-01;"Occitanie";"Hydraulique";1,336003482401
2024-02;"Occitanie";"Hydraulique";0,928392250824
2024-03;"Occitanie";"Hydraulique";1,601449206803
2024-04;"Occitanie";"Hydraulique";1,094564512453
2024-05;"Occitanie";"Hydraulique";1,482422587486
2024-06;"Occitanie";"Hydraulique";0,965637476362
2024-07;"Occitanie";"Hydraulique";0,746064107335
2024-08;"Occitanie";"Hydraulique";0,532786519252
2024-09;"Occitanie";"Hydraulique";0,58968789919
2024-10;"Occitanie";"Hydraulique";1,105249256744
2024-11;"Occitanie";"Hydraulique";1,119572200832
2024-12;"Occitanie";"Hydraulique";1,395286506956
2025-01;"Occitanie";"Hydraulique";1,407058498638
2025-02;"Occitanie";"Hydraulique";1,281489631864
2025-03;"Occitanie";"Hydraulique";1,236406992244
2025-04;"Occitanie";"Hydraulique";1,117612000959
2025-05;"Occitanie";"Hydraulique";1,060033372389
2025-06;"Occitanie";"Hydraulique";0,755620681966
2025-07;"Occitanie";"Hydraulique";0,550040021135
2025-08;"Occitanie";"Hydraulique";0,519423250043
2025-09;"Occitanie";"Hydraulique";0,478565476752
2025-10;"Occitanie";"Hydraulique";0,628945036824
2025-11;"Occitanie";"Hydraulique";0,954724682247
2014-01;"Occitanie";"Eolien";0,177555839
2014-02;"Occitanie";"Eolien";0,185948635
2014-03;"Occitanie";"Eolien";0,208457948
2014-04;"Occitanie";"Eolien";0,180049891
2014-05;"Occitanie";"Eolien";0,225225965
2014-06;"Occitanie";"Eolien";0,133641396
2014-07;"Occitanie";"Eolien";0,193113402
2014-08;"Occitanie";"Eolien";0,11531629
2014-09;"Occitanie";"Eolien";0,099563335
2014-10;"Occitanie";"Eolien";0,126036507
2014-11;"Occitanie";"Eolien";0,175865335
2014-12;"Occitanie";"Eolien";0,256979061
2015-01;"Occitanie";"Eolien";0,230346547
2015-02;"Occitanie";"Eolien";0,219182314
2015-03;"Occitanie";"Eolien";0,252697843
2015-04;"Occitanie";"Eolien";0,176313236
2015-05;"Occitanie";"Eolien";0,23481027
2015-06;"Occitanie";"Eolien";0,137326982
2015-07;"Occitanie";"Eolien";0,189319884
2015-08;"Occitanie";"Eolien";0,154982834
2015-09;"Occitanie";"Eolien";0,164291549
2015-10;"Occitanie";"Eolien";0,171826435
2015-11;"Occitanie";"Eolien";0,24194072
2015-12;"Occitanie";"Eolien";0,144966058
2016-01;"Occitanie";"Eolien";0,186908934
2016-02;"Occitanie";"Eolien";0,257555597
2016-03;"Occitanie";"Eolien";0,234340137
2016-04;"Occitanie";"Eolien";0,251864882
2016-05;"Occitanie";"Eolien";0,300020627
2016-06;"Occitanie";"Eolien";0,19434867
2016-07;"Occitanie";"Eolien";0,186308154
2016-08;"Occitanie";"Eolien";0,187981298
2016-09;"Occitanie";"Eolien";0,17432545
2016-10;"Occitanie";"Eolien";0,162650235
2016-11;"Occitanie";"Eolien";0,235478177
2016-12;"Occitanie";"Eolien";0,203223573
2017-01;"Occitanie";"Eolien";0,305377992831
2017-02;"Occitanie";"Eolien";0,271334825499
2017-03;"Occitanie";"Eolien";0,256141608502
2017-04;"Occitanie";"Eolien";0,253918678501
2017-05;"Occitanie";"Eolien";0,202145202334
2017-06;"Occitanie";"Eolien";0,167418763002
2017-07;"Occitanie";"Eolien";0,257217317334
2017-08;"Occitanie";"Eolien";0,194515961663
2017-09;"Occitanie";"Eolien";0,212721896165
2017-10;"Occitanie";"Eolien";0,260583710002
2017-11;"Occitanie";"Eolien";0,323598847667
2017-12;"Occitanie";"Eolien";0,340144933502
2018-01;"Occitanie";"Eolien";0,379631465333
2018-02;"Occitanie";"Eolien";0,293384901002
2018-03;"Occitanie";"Eolien";0,346058849164
2018-04;"Occitanie";"Eolien";0,264379467334
2018-05;"Occitanie";"Eolien";0,268914664834
2018-06;"Occitanie";"Eolien";0,190007674331
2018-07;"Occitanie";"Eolien";0,156150163504
2018-08;"Occitanie";"Eolien";0,207676998001
2018-09;"Occitanie";"Eolien";0,165908287168
2018-10;"Occitanie";"Eolien";0,358943536335
2018-11;"Occitanie";"Eolien";0,294368758833
2018-12;"Occitanie";"Eolien";0,326482266334
2019-01;"Occitanie";"Eolien";0,462828750168
2019-02;"Occitanie";"Eolien";0,2617814695
2019-03;"Occitanie";"Eolien";0,396476127835
2019-04;"Occitanie";"Eolien";0,338674129501
2019-05;"Occitanie";"Eolien";0,392097459832
2019-06;"Occitanie";"Eolien";0,218992711168
2019-07;"Occitanie";"Eolien";0,214046875498
2019-08;"Occitanie";"Eolien";0,162797193998
2019-09;"Occitanie";"Eolien";0,248233001839
2019-10;"Occitanie";"Eolien";0,323344576168
2019-11;"Occitanie";"Eolien";0,319052132165
2019-12;"Occitanie";"Eolien";0,396889567502
2020-01;"Occitanie";"Eolien";0,342644015832
2020-02;"Occitanie";"Eolien";0,375262330168
2020-03;"Occitanie";"Eolien";0,362972018168
2020-04;"Occitanie";"Eolien";0,237083511
2020-05;"Occitanie";"Eolien";0,266672379334
2020-06;"Occitanie";"Eolien";0,244725592664
2020-07;"Occitanie";"Eolien";0,248140559
2020-08;"Occitanie";"Eolien";0,242294959998
2020-09;"Occitanie";"Eolien";0,235779674666
2020-10;"Occitanie";"Eolien";0,371233151
2020-11;"Occitanie";"Eolien";0,311000862333
2020-12;"Occitanie";"Eolien";0,373777621503
2021-01;"Occitanie";"Eolien";0,419670643335
2021-02;"Occitanie";"Eolien";0,388141773499
2021-03;"Occitanie";"Eolien";0,392683578331
2021-04;"Occitanie";"Eolien";0,285540128167
2021-05;"Occitanie";"Eolien";0,265525670503
2021-06;"Occitanie";"Eolien";0,219322661333
2021-07;"Occitanie";"Eolien";0,219721598833
2021-08;"Occitanie";"Eolien";0,180925323168
2021-09;"Occitanie";"Eolien";0,169022750669
2021-10;"Occitanie";"Eolien";0,282932336832
2021-11;"Occitanie";"Eolien";0,345296871832
2021-12;"Occitanie";"Eolien";0,307096382002
2022-01;"Occitanie";"Eolien";0,345205046178
2022-02;"Occitanie";"Eolien";0,404677979534
2022-03;"Occitanie";"Eolien";0,388105042809
2022-04;"Occitanie";"Eolien";0,331086518037
2022-05;"Occitanie";"Eolien";0,224041012063
2022-06;"Occitanie";"Eolien";0,20045546204
2022-07;"Occitanie";"Eolien";0,185612647466
2022-08;"Occitanie";"Eolien";0,153753625076
2022-09;"Occitanie";"Eolien";0,208823703961
2022-10;"Occitanie";"Eolien";0,197297024269
2022-11;"Occitanie";"Eolien";0,309228005764
2022-12;"Occitanie";"Eolien";0,175945256783
2023-01;"Occitanie";"Eolien";0,368528528154
2023-02;"Occitanie";"Eolien";0,274937496463
2023-03;"Occitanie";"Eolien";0,337894941081
2023-04;"Occitanie";"Eolien";0,323884748627
2023-05;"Occitanie";"Eolien";0,286926801079
2023-06;"Occitanie";"Eolien";0,187956613847
2023-07;"Occitanie";"Eolien";0,239015534231
2023-08;"Occitanie";"Eolien";0,27502498831
2023-09;"Occitanie";"Eolien";0,208019677025
2023-10;"Occitanie";"Eolien";0,209752497594
2023-11;"Occitanie";"Eolien";0,383599705586
2023-12;"Occitanie";"Eolien";0,409235439174
2024-01;"Occitanie";"Eolien";0,319253976093
2024-02;"Occitanie";"Eolien";0,378555866627
2024-03;"Occitanie";"Eolien";0,387227530524
2024-04;"Occitanie";"Eolien";0,385051702976
2024-05;"Occitanie";"Eolien";0,227846817708
2024-06;"Occitanie";"Eolien";0,231920471742
2024-07;"Occitanie";"Eolien";0,226755775769
2024-08;"Occitanie";"Eolien";0,242237200613
2024-09;"Occitanie";"Eolien";0,350205510489
2024-10;"Occitanie";"Eolien";0,28131109734
2024-11;"Occitanie";"Eolien";0,277144705202
2024-12;"Occitanie";"Eolien";0,393682236843
2025-01;"Occitanie";"Eolien";0,344836317837
2025-02;"Occitanie";"Eolien";0,2529309052
2025-03;"Occitanie";"Eolien";0,440135528124
2025-04;"Occitanie";"Eolien";0,307881322058
2025-05;"Occitanie";"Eolien";0,283424998302
2025-06;"Occitanie";"Eolien";0,119867708668
2025-07;"Occitanie";"Eolien";0,258837998996
2025-08;"Occitanie";"Eolien";0,166745209356
2025-09;"Occitanie";"Eolien";0,206997514943
2025-10;"Occitanie";"Eolien";0,234621815666
2025-11;"Occitanie";"Eolien";0,411162547302
2014-01;"Occitanie";"Thermique fossile";0,046739386
2014-02;"Occitanie";"Thermique fossile";0,04317325
2014-03;"Occitanie";"Thermique fossile";0,049509188
2014-04;"Occitanie";"Thermique fossile";0,001907531
2014-05;"Occitanie";"Thermique fossile";-0,003442296
2014-06;"Occitanie";"Thermique fossile";-0,001865171
2014-07;"Occitanie";"Thermique fossile";-0,000674822
2014-08;"Occitanie";"Thermique fossile";-0,002161413
2014-09;"Occitanie";"Thermique fossile";0,005267855
2014-10;"Occitanie";"Thermique fossile";0,004421687
2014-11;"Occitanie";"Thermique fossile";0,049093942
2014-12;"Occitanie";"Thermique fossile";0,050100969
2015-01;"Occitanie";"Thermique fossile";0,045968999
2015-02;"Occitanie";"Thermique fossile";0,040416704
2015-03;"Occitanie";"Thermique fossile";0,049025377
2015-04;"Occitanie";"Thermique fossile";-0,002786707
2015-05;"Occitanie";"Thermique fossile";-0,002481176
2015-06;"Occitanie";"Thermique fossile";-0,002384512
2015-07;"Occitanie";"Thermique fossile";-0,002490396
2015-08;"Occitanie";"Thermique fossile";-0,002794332
2015-09;"Occitanie";"Thermique fossile";0,00116198
2015-10;"Occitanie";"Thermique fossile";-0,002680235
2015-11;"Occitanie";"Thermique fossile";0,094790537
2015-12;"Occitanie";"Thermique fossile";0,042502185
2016-01;"Occitanie";"Thermique fossile";0,128619202
2016-02;"Occitanie";"Thermique fossile";0,03583293
2016-03;"Occitanie";"Thermique fossile";0,040656598
2016-04;"Occitanie";"Thermique fossile";-0,00119467
2016-05;"Occitanie";"Thermique fossile";-0,001400749
2016-06;"Occitanie";"Thermique fossile";-0,000494122
2016-07;"Occitanie";"Thermique fossile";0,000185201
2016-08;"Occitanie";"Thermique fossile";5,5969E-5
2016-09;"Occitanie";"Thermique fossile";0,0001333
2016-10;"Occitanie";"Thermique fossile";0,000678179
2016-11;"Occitanie";"Thermique fossile";0,044691623
2016-12;"Occitanie";"Thermique fossile";0,049003043
2017-01;"Occitanie";"Thermique fossile";0,055171542
2017-02;"Occitanie";"Thermique fossile";0,047909431
2017-03;"Occitanie";"Thermique fossile";0,045826842
2017-04;"Occitanie";"Thermique fossile";0,000295989
2017-05;"Occitanie";"Thermique fossile";2,1027E-5
2017-06;"Occitanie";"Thermique fossile";0,000250425
2017-07;"Occitanie";"Thermique fossile";2,481E-5
2017-08;"Occitanie";"Thermique fossile";0,000439849
2017-09;"Occitanie";"Thermique fossile";0,000166892
2017-10;"Occitanie";"Thermique fossile";0,000913434
2017-11;"Occitanie";"Thermique fossile";0,046846198167
2017-12;"Occitanie";"Thermique fossile";0,061985557999
2018-01;"Occitanie";"Thermique fossile";0,061735512998
2018-02;"Occitanie";"Thermique fossile";0,056799468003
2018-03;"Occitanie";"Thermique fossile";0,057312281168
2018-04;"Occitanie";"Thermique fossile";0,0004247895
2018-05;"Occitanie";"Thermique fossile";0,00064708
2018-06;"Occitanie";"Thermique fossile";0,000146681
2018-07;"Occitanie";"Thermique fossile";0,00012484
2018-08;"Occitanie";"Thermique fossile";0,000112523
2018-09;"Occitanie";"Thermique fossile";9,6235E-5
2018-10;"Occitanie";"Thermique fossile";0,001499077834
2018-11;"Occitanie";"Thermique fossile";0,055737120501
2018-12;"Occitanie";"Thermique fossile";0,065346091833
2019-01;"Occitanie";"Thermique fossile";0,067977014333
2019-02;"Occitanie";"Thermique fossile";0,059924543666
2019-03;"Occitanie";"Thermique fossile";0,058641072166
2019-04;"Occitanie";"Thermique fossile";0,000573603167
2019-05;"Occitanie";"Thermique fossile";0,000366059
2019-06;"Occitanie";"Thermique fossile";0,000148692
2019-07;"Occitanie";"Thermique fossile";0,000110707
2019-08;"Occitanie";"Thermique fossile";0,000111527
2019-09;"Occitanie";"Thermique fossile";0,000362876
2019-10;"Occitanie";"Thermique fossile";0,0007245175
2019-11;"Occitanie";"Thermique fossile";0,0516122135
2019-12;"Occitanie";"Thermique fossile";0,067593514664
2020-01;"Occitanie";"Thermique fossile";0,068196875166
2020-02;"Occitanie";"Thermique fossile";0,063877611498
2020-03;"Occitanie";"Thermique fossile";0,05683268067
2020-04;"Occitanie";"Thermique fossile";0,001154608
2020-05;"Occitanie";"Thermique fossile";0,000364442
2020-06;"Occitanie";"Thermique fossile";9,6621E-5
2020-07;"Occitanie";"Thermique fossile";0,000160591
2020-08;"Occitanie";"Thermique fossile";0,000124595
2020-09;"Occitanie";"Thermique fossile";0,000220979
2020-10;"Occitanie";"Thermique fossile";0,001432479333
2020-11;"Occitanie";"Thermique fossile";0,045237980501
2020-12;"Occitanie";"Thermique fossile";0,064799960332
2021-01;"Occitanie";"Thermique fossile";0,065174694998
2021-02;"Occitanie";"Thermique fossile";0,060627360335
2021-03;"Occitanie";"Thermique fossile";0,058308778167
2021-04;"Occitanie";"Thermique fossile";0,000444731
2021-05;"Occitanie";"Thermique fossile";0,000353065
2021-06;"Occitanie";"Thermique fossile";0,000161051
2021-07;"Occitanie";"Thermique fossile";0,000101396
2021-08;"Occitanie";"Thermique fossile";0,000146258
2021-09;"Occitanie";"Thermique fossile";0,000347265
2021-10;"Occitanie";"Thermique fossile";0,001453749
2021-11;"Occitanie";"Thermique fossile";0,059454698833
2021-12;"Occitanie";"Thermique fossile";0,075476993
2022-01;"Occitanie";"Thermique fossile";0,072167813099
2022-02;"Occitanie";"Thermique fossile";0,058820371257
2022-03;"Occitanie";"Thermique fossile";0,041417744037
2022-04;"Occitanie";"Thermique fossile";0,00659182132
2022-05;"Occitanie";"Thermique fossile";0,001007198879
2022-06;"Occitanie";"Thermique fossile";0,000255498635
2022-07;"Occitanie";"Thermique fossile";0,000414668713
2022-08;"Occitanie";"Thermique fossile";0,000372347733
2022-09;"Occitanie";"Thermique fossile";0,003239178316
2022-10;"Occitanie";"Thermique fossile";0,002679275505
2022-11;"Occitanie";"Thermique fossile";0,044854776522
2022-12;"Occitanie";"Thermique fossile";0,070371480173
2023-01;"Occitanie";"Thermique fossile";0,065337246009
2023-02;"Occitanie";"Thermique fossile";0,057062765338
2023-03;"Occitanie";"Thermique fossile";0,052923449169
2023-04;"Occitanie";"Thermique fossile";0,002617866801
2023-05;"Occitanie";"Thermique fossile";0,000905250663
2023-06;"Occitanie";"Thermique fossile";0,000521685976
2023-07;"Occitanie";"Thermique fossile";0,000506651327
2023-08;"Occitanie";"Thermique fossile";0,000627264836
2023-09;"Occitanie";"Thermique fossile";0,001032728801
2023-10;"Occitanie";"Thermique fossile";0,001248934537
2023-11;"Occitanie";"Thermique fossile";0,035392287971
2023-12;"Occitanie";"Thermique fossile";0,051863773865
2024-01;"Occitanie";"Thermique fossile";0,052149037945
2024-02;"Occitanie";"Thermique fossile";0,036798047895
2024-03;"Occitanie";"Thermique fossile";0,034146188025
2024-04;"Occitanie";"Thermique fossile";0,0010746472
2024-05;"Occitanie";"Thermique fossile";0,000434828762
2024-06;"Occitanie";"Thermique fossile";0,00057896885
2024-07;"Occitanie";"Thermique fossile";0,000727275279
2024-08;"Occitanie";"Thermique fossile";0,000549607971
2024-09;"Occitanie";"Thermique fossile";0,000800231583
2024-10;"Occitanie";"Thermique fossile";0,002280284794
2024-11;"Occitanie";"Thermique fossile";0,026912847868
2024-12;"Occitanie";"Thermique fossile";0,032989119934
2025-01;"Occitanie";"Thermique fossile";0,036725074189
2025-02;"Occitanie";"Thermique fossile";0,032785469521
2025-03;"Occitanie";"Thermique fossile";0,030327694235
2025-04;"Occitanie";"Thermique fossile";0,001311619291
2025-05;"Occitanie";"Thermique fossile";0,000642693651
2025-06;"Occitanie";"Thermique fossile";0,000550105625
2025-07;"Occitanie";"Thermique fossile";0,000535323321
2025-08;"Occitanie";"Thermique fossile";0,000429065071
2025-09;"Occitanie";"Thermique fossile";0,000612922952
2025-10;"Occitanie";"Thermique fossile";0,001668608738
2025-11;"Occitanie";"Thermique fossile";0,016892675204
2014-01;"Occitanie";"Nucléaire";1,795000833
2014-02;"Occitanie";"Nucléaire";1,642201134
2014-03;"Occitanie";"Nucléaire";1,827788741
2014-04;"Occitanie";"Nucléaire";1,561785607
2014-05;"Occitanie";"Nucléaire";0,859775381
2014-06;"Occitanie";"Nucléaire";0,817679818
2014-07;"Occitanie";"Nucléaire";0,927468694
2014-08;"Occitanie";"Nucléaire";1,104902233
2014-09;"Occitanie";"Nucléaire";1,434622494
2014-10;"Occitanie";"Nucléaire";0,777118253
2014-11;"Occitanie";"Nucléaire";0,800945759
2014-12;"Occitanie";"Nucléaire";1,377240934
2015-01;"Occitanie";"Nucléaire";1,835402026
2015-02;"Occitanie";"Nucléaire";1,70830073
2015-03;"Occitanie";"Nucléaire";1,815686575
2015-04;"Occitanie";"Nucléaire";1,645859409
2015-05;"Occitanie";"Nucléaire";1,644557378
2015-06;"Occitanie";"Nucléaire";1,703868093
2015-07;"Occitanie";"Nucléaire";1,630448253
2015-08;"Occitanie";"Nucléaire";0,724745333
2015-09;"Occitanie";"Nucléaire";0,798631183
2015-10;"Occitanie";"Nucléaire";1,838862657
2015-11;"Occitanie";"Nucléaire";1,666632999
2015-12;"Occitanie";"Nucléaire";1,736476255
2016-01;"Occitanie";"Nucléaire";1,757770394
2016-02;"Occitanie";"Nucléaire";1,627969554
2016-03;"Occitanie";"Nucléaire";1,794970084
2016-04;"Occitanie";"Nucléaire";1,693323772
2016-05;"Occitanie";"Nucléaire";0,958039879
2016-06;"Occitanie";"Nucléaire";1,289750998
2016-07;"Occitanie";"Nucléaire";1,70358427
2016-08;"Occitanie";"Nucléaire";1,744495989
2016-09;"Occitanie";"Nucléaire";1,731030698
2016-10;"Occitanie";"Nucléaire";1,858514384
2016-11;"Occitanie";"Nucléaire";1,771594402
2016-12;"Occitanie";"Nucléaire";1,873102081
2017-01;"Occitanie";"Nucléaire";1,904251673
2017-02;"Occitanie";"Nucléaire";1,490302555
2017-03;"Occitanie";"Nucléaire";1,210436398
2017-04;"Occitanie";"Nucléaire";1,271486393
2017-05;"Occitanie";"Nucléaire";1,815113884
2017-06;"Occitanie";"Nucléaire";1,747853159
2017-07;"Occitanie";"Nucléaire";0,893040023
2017-08;"Occitanie";"Nucléaire";0,932182709
2017-09;"Occitanie";"Nucléaire";1,024057795
2017-10;"Occitanie";"Nucléaire";1,860988732
2017-11;"Occitanie";"Nucléaire";1,82864673
2017-12;"Occitanie";"Nucléaire";1,789931526
2018-01;"Occitanie";"Nucléaire";1,730929552
2018-02;"Occitanie";"Nucléaire";1,70960935
2018-03;"Occitanie";"Nucléaire";1,82830584
2018-04;"Occitanie";"Nucléaire";1,590292398
2018-05;"Occitanie";"Nucléaire";1,186636495
2018-06;"Occitanie";"Nucléaire";0,672818051
2018-07;"Occitanie";"Nucléaire";0,823405592
2018-08;"Occitanie";"Nucléaire";0,618512362
2018-09;"Occitanie";"Nucléaire";1,576146677
2018-10;"Occitanie";"Nucléaire";1,844273096
2018-11;"Occitanie";"Nucléaire";1,810165966
2018-12;"Occitanie";"Nucléaire";1,763831958
2019-01;"Occitanie";"Nucléaire";1,899084167
2019-02;"Occitanie";"Nucléaire";1,258279162
2019-03;"Occitanie";"Nucléaire";1,12526278
2019-04;"Occitanie";"Nucléaire";1,729556743
2019-05;"Occitanie";"Nucléaire";1,628665033
2019-06;"Occitanie";"Nucléaire";1,259080067
2019-07;"Occitanie";"Nucléaire";1,415800633
2019-08;"Occitanie";"Nucléaire";1,550551617
2019-09;"Occitanie";"Nucléaire";1,643752569
2019-10;"Occitanie";"Nucléaire";0,956200546
2019-11;"Occitanie";"Nucléaire";0,907169409
2019-12;"Occitanie";"Nucléaire";1,578120058
2020-01;"Occitanie";"Nucléaire";1,812157464
2020-02;"Occitanie";"Nucléaire";1,58359965
2020-03;"Occitanie";"Nucléaire";1,716660418
2020-04;"Occitanie";"Nucléaire";1,480541745
2020-05;"Occitanie";"Nucléaire";1,634271274
2020-06;"Occitanie";"Nucléaire";1,685304828
2020-07;"Occitanie";"Nucléaire";1,663939599
2020-08;"Occitanie";"Nucléaire";1,045721274
2020-09;"Occitanie";"Nucléaire";0,515110568
2020-10;"Occitanie";"Nucléaire";0,885460224
2020-11;"Occitanie";"Nucléaire";0,710766735
2020-12;"Occitanie";"Nucléaire";1,485855298
2021-01;"Occitanie";"Nucléaire";1,882123549
2021-02;"Occitanie";"Nucléaire";1,68325522
2021-03;"Occitanie";"Nucléaire";1,853126123
2021-04;"Occitanie";"Nucléaire";1,815579483
2021-05;"Occitanie";"Nucléaire";0,966271161
2021-06;"Occitanie";"Nucléaire";0,897730905
2021-07;"Occitanie";"Nucléaire";0,924738583
2021-08;"Occitanie";"Nucléaire";0,898191357
2021-09;"Occitanie";"Nucléaire";0,684716453
2021-10;"Occitanie";"Nucléaire";0,878285877
2021-11;"Occitanie";"Nucléaire";0,897742892
2021-12;"Occitanie";"Nucléaire";1,432985846
2022-01;"Occitanie";"Nucléaire";1,870360915
2022-02;"Occitanie";"Nucléaire";1,456217773
2022-03;"Occitanie";"Nucléaire";0,943127614
2022-04;"Occitanie";"Nucléaire";0,844693584
2022-05;"Occitanie";"Nucléaire";0,914628841
2022-06;"Occitanie";"Nucléaire";0,878388981999
2022-07;"Occitanie";"Nucléaire";0,724439514165
2022-08;"Occitanie";"Nucléaire";0,852068997667
2022-09;"Occitanie";"Nucléaire";0,870018014503
2022-10;"Occitanie";"Nucléaire";0,931124446499
2022-11;"Occitanie";"Nucléaire";0,913491036001
2022-12;"Occitanie";"Nucléaire";0,945657316666
2023-01;"Occitanie";"Nucléaire";0,945187608668
2023-02;"Occitanie";"Nucléaire";0,780152234005
2023-03;"Occitanie";"Nucléaire";0,635700059997
2023-04;"Occitanie";"Nucléaire";-0,012587730999
2023-05;"Occitanie";"Nucléaire";-0,008921955498
2023-06;"Occitanie";"Nucléaire";-0,011153466167
2023-07;"Occitanie";"Nucléaire";-0,016323010333
2023-08;"Occitanie";"Nucléaire";-0,049536384334
2023-09;"Occitanie";"Nucléaire";-0,047363049166
2023-10;"Occitanie";"Nucléaire";0,771635405169
2023-11;"Occitanie";"Nucléaire";0,77421938567
2023-12;"Occitanie";"Nucléaire";0,761607702582
2024-01;"Occitanie";"Nucléaire";1,182544154582
2024-02;"Occitanie";"Nucléaire";1,631823158333
2024-03;"Occitanie";"Nucléaire";1,802723652832
2024-04;"Occitanie";"Nucléaire";1,461729542414
2024-05;"Occitanie";"Nucléaire";1,387468191838
2024-06;"Occitanie";"Nucléaire";1,400859142253
2024-07;"Occitanie";"Nucléaire";1,057584813168
2024-08;"Occitanie";"Nucléaire";0,766387657252
2024-09;"Occitanie";"Nucléaire";1,297585735584
2024-10;"Occitanie";"Nucléaire";1,163966513917
2024-11;"Occitanie";"Nucléaire";1,708316827416
2024-12;"Occitanie";"Nucléaire";1,79537577125
2025-01;"Occitanie";"Nucléaire";1,801184577749
2025-02;"Occitanie";"Nucléaire";1,068683738833
2025-03;"Occitanie";"Nucléaire";0,871999863837
2025-04;"Occitanie";"Nucléaire";0,95344642625
2025-05;"Occitanie";"Nucléaire";0,841634108416
2025-06;"Occitanie";"Nucléaire";0,824121069671
2025-07;"Occitanie";"Nucléaire";0,669274284416
2025-08;"Occitanie";"Nucléaire";0,783752673338
2025-09;"Occitanie";"Nucléaire";0,792919639666
2025-10;"Occitanie";"Nucléaire";0,818078494829
2025-11;"Occitanie";"Nucléaire";0,900071040755
2014-01;"Occitanie";"Thermique renouvelable et déchets";0,061085264
2014-02;"Occitanie";"Thermique renouvelable et déchets";0,054291606334
2014-03;"Occitanie";"Thermique renouvelable et déchets";0,064484544334
2014-04;"Occitanie";"Thermique renouvelable et déchets";0,050321875999
2014-05;"Occitanie";"Thermique renouvelable et déchets";0,060986576999
2014-06;"Occitanie";"Thermique renouvelable et déchets";0,042440365501
2014-07;"Occitanie";"Thermique renouvelable et déchets";0,053500442166
2014-08;"Occitanie";"Thermique renouvelable et déchets";0,052006635499
2014-09;"Occitanie";"Thermique renouvelable et déchets";0,047695690831
2014-10;"Occitanie";"Thermique renouvelable et déchets";0,055012358667
2014-11;"Occitanie";"Thermique renouvelable et déchets";0,064382267667
2014-12;"Occitanie";"Thermique renouvelable et déchets";0,0666229415
2015-01;"Occitanie";"Thermique renouvelable et déchets";0,062983941667
2015-02;"Occitanie";"Thermique renouvelable et déchets";0,059484740001
2015-03;"Occitanie";"Thermique renouvelable et déchets";0,060588321665
2015-04;"Occitanie";"Thermique renouvelable et déchets";0,049577860165
2015-05;"Occitanie";"Thermique renouvelable et déchets";0,048630032333
2015-06;"Occitanie";"Thermique renouvelable et déchets";0,045215980834
2015-07;"Occitanie";"Thermique renouvelable et déchets";0,062635153665
2015-08;"Occitanie";"Thermique renouvelable et déchets";0,067023254335
2015-09;"Occitanie";"Thermique renouvelable et déchets";0,059611153334
2015-10;"Occitanie";"Thermique renouvelable et déchets";0,053172360001
2015-11;"Occitanie";"Thermique renouvelable et déchets";0,067671559499
2015-12;"Occitanie";"Thermique renouvelable et déchets";0,069255435
2016-01;"Occitanie";"Thermique renouvelable et déchets";0,069156625166
2016-02;"Occitanie";"Thermique renouvelable et déchets";0,064364921999
2016-03;"Occitanie";"Thermique renouvelable et déchets";0,059863646334
2016-04;"Occitanie";"Thermique renouvelable et déchets";0,053598684501
2016-05;"Occitanie";"Thermique renouvelable et déchets";0,060325132996
2016-06;"Occitanie";"Thermique renouvelable et déchets";0,056636737
2016-07;"Occitanie";"Thermique renouvelable et déchets";0,0678299935
2016-08;"Occitanie";"Thermique renouvelable et déchets";0,0687247545
2016-09;"Occitanie";"Thermique renouvelable et déchets";0,062431814334
2016-10;"Occitanie";"Thermique renouvelable et déchets";0,064064224334
2016-11;"Occitanie";"Thermique renouvelable et déchets";0,067233619668
2016-12;"Occitanie";"Thermique renouvelable et déchets";0,068256548167
2017-01;"Occitanie";"Thermique renouvelable et déchets";0,067098160503
2017-02;"Occitanie";"Thermique renouvelable et déchets";0,061847364168
2017-03;"Occitanie";"Thermique renouvelable et déchets";0,068518659835
2017-04;"Occitanie";"Thermique renouvelable et déchets";0,059212418668
2017-05;"Occitanie";"Thermique renouvelable et déchets";0,063547569498
2017-06;"Occitanie";"Thermique renouvelable et déchets";0,050973767501
2017-07;"Occitanie";"Thermique renouvelable et déchets";0,060963373003
2017-08;"Occitanie";"Thermique renouvelable et déchets";0,066965685666
2017-09;"Occitanie";"Thermique renouvelable et déchets";0,059342674668
2017-10;"Occitanie";"Thermique renouvelable et déchets";0,062866682001
2017-11;"Occitanie";"Thermique renouvelable et déchets";0,068122260001
2017-12;"Occitanie";"Thermique renouvelable et déchets";0,068741602337
2018-01;"Occitanie";"Thermique renouvelable et déchets";0,067672789332
2018-02;"Occitanie";"Thermique renouvelable et déchets";0,060816542332
2018-03;"Occitanie";"Thermique renouvelable et déchets";0,060331459
2018-04;"Occitanie";"Thermique renouvelable et déchets";0,053836789334
2018-05;"Occitanie";"Thermique renouvelable et déchets";0,060227840668
2018-06;"Occitanie";"Thermique renouvelable et déchets";0,050236321499
2018-07;"Occitanie";"Thermique renouvelable et déchets";0,059330682668
2018-08;"Occitanie";"Thermique renouvelable et déchets";0,061815313498
2018-09;"Occitanie";"Thermique renouvelable et déchets";0,055793014166
2018-10;"Occitanie";"Thermique renouvelable et déchets";0,061394590331
2018-11;"Occitanie";"Thermique renouvelable et déchets";0,063653028333
2018-12;"Occitanie";"Thermique renouvelable et déchets";0,065307409836
2019-01;"Occitanie";"Thermique renouvelable et déchets";0,065600248335
2019-02;"Occitanie";"Thermique renouvelable et déchets";0,062528162003
2019-03;"Occitanie";"Thermique renouvelable et déchets";0,071372737167
2019-04;"Occitanie";"Thermique renouvelable et déchets";0,057765297499
2019-05;"Occitanie";"Thermique renouvelable et déchets";0,061646689168
2019-06;"Occitanie";"Thermique renouvelable et déchets";0,057860020501
2019-07;"Occitanie";"Thermique renouvelable et déchets";0,066844834997
2019-08;"Occitanie";"Thermique renouvelable et déchets";0,071191072665
2019-09;"Occitanie";"Thermique renouvelable et déchets";0,053217082167
2019-10;"Occitanie";"Thermique renouvelable et déchets";0,0591499065
2019-11;"Occitanie";"Thermique renouvelable et déchets";0,066870168166
2019-12;"Occitanie";"Thermique renouvelable et déchets";0,067594459665
2020-01;"Occitanie";"Thermique renouvelable et déchets";0,068967986671
2020-02;"Occitanie";"Thermique renouvelable et déchets";0,062245850833
2020-03;"Occitanie";"Thermique renouvelable et déchets";0,064224019334
2020-04;"Occitanie";"Thermique renouvelable et déchets";0,061954583834
2020-05;"Occitanie";"Thermique renouvelable et déchets";0,058899472001
2020-06;"Occitanie";"Thermique renouvelable et déchets";0,046907716
2020-07;"Occitanie";"Thermique renouvelable et déchets";0,057703343834
2020-08;"Occitanie";"Thermique renouvelable et déchets";0,061433285664
2020-09;"Occitanie";"Thermique renouvelable et déchets";0,048477519666
2020-10;"Occitanie";"Thermique renouvelable et déchets";0,055304950499
2020-11;"Occitanie";"Thermique renouvelable et déchets";0,058535671335
2020-12;"Occitanie";"Thermique renouvelable et déchets";0,061753071831
2021-01;"Occitanie";"Thermique renouvelable et déchets";0,059965098833
2021-02;"Occitanie";"Thermique renouvelable et déchets";0,055631186665
2021-03;"Occitanie";"Thermique renouvelable et déchets";0,063937385836
2021-04;"Occitanie";"Thermique renouvelable et déchets";0,059968969833
2021-05;"Occitanie";"Thermique renouvelable et déchets";0,051708064335
2021-06;"Occitanie";"Thermique renouvelable et déchets";0,039133152165
2021-07;"Occitanie";"Thermique renouvelable et déchets";0,057298898834
2021-08;"Occitanie";"Thermique renouvelable et déchets";0,064860898
2021-09;"Occitanie";"Thermique renouvelable et déchets";0,05194829417
2021-10;"Occitanie";"Thermique renouvelable et déchets";0,061296662335
2021-11;"Occitanie";"Thermique renouvelable et déchets";0,060976339001
2021-12;"Occitanie";"Thermique renouvelable et déchets";0,060355158168
2022-01;"Occitanie";"Thermique renouvelable et déchets";0,059831756511
2022-02;"Occitanie";"Thermique renouvelable et déchets";0,064931642287
2022-03;"Occitanie";"Thermique renouvelable et déchets";0,070704913295
2022-04;"Occitanie";"Thermique renouvelable et déchets";0,064523852614
2022-05;"Occitanie";"Thermique renouvelable et déchets";0,058812784696
2022-06;"Occitanie";"Thermique renouvelable et déchets";0,051589771529
2022-07;"Occitanie";"Thermique renouvelable et déchets";0,072371085257
2022-08;"Occitanie";"Thermique renouvelable et déchets";0,071643071164
2022-09;"Occitanie";"Thermique renouvelable et déchets";0,059050747348
2022-10;"Occitanie";"Thermique renouvelable et déchets";0,076041683908
2022-11;"Occitanie";"Thermique renouvelable et déchets";0,0765269628
2022-12;"Occitanie";"Thermique renouvelable et déchets";0,074823846499
2023-01;"Occitanie";"Thermique renouvelable et déchets";0,058308933549
2023-02;"Occitanie";"Thermique renouvelable et déchets";0,055833712495
2023-03;"Occitanie";"Thermique renouvelable et déchets";0,062536492732
2023-04;"Occitanie";"Thermique renouvelable et déchets";0,071587248606
2023-05;"Occitanie";"Thermique renouvelable et déchets";0,077056274715
2023-06;"Occitanie";"Thermique renouvelable et déchets";0,048640653521
2023-07;"Occitanie";"Thermique renouvelable et déchets";0,066820455371
2023-08;"Occitanie";"Thermique renouvelable et déchets";0,071864654876
2023-09;"Occitanie";"Thermique renouvelable et déchets";0,070965318877
2023-10;"Occitanie";"Thermique renouvelable et déchets";0,072615248012
2023-11;"Occitanie";"Thermique renouvelable et déchets";0,0771445097
2023-12;"Occitanie";"Thermique renouvelable et déchets";0,084783916857
2024-01;"Occitanie";"Thermique renouvelable et déchets";0,07637905209
2024-02;"Occitanie";"Thermique renouvelable et déchets";0,079770997028
2024-03;"Occitanie";"Thermique renouvelable et déchets";0,084145976125
2024-04;"Occitanie";"Thermique renouvelable et déchets";0,076422957209
2024-05;"Occitanie";"Thermique renouvelable et déchets";0,079017662879
2024-06;"Occitanie";"Thermique renouvelable et déchets";0,059957759911
2024-07;"Occitanie";"Thermique renouvelable et déchets";0,081582117625
2024-08;"Occitanie";"Thermique renouvelable et déchets";0,08146419679
2024-09;"Occitanie";"Thermique renouvelable et déchets";0,071641854219
2024-10;"Occitanie";"Thermique renouvelable et déchets";0,075045579998
2024-11;"Occitanie";"Thermique renouvelable et déchets";0,076319471048
2024-12;"Occitanie";"Thermique renouvelable et déchets";0,078279176869
2025-01;"Occitanie";"Thermique renouvelable et déchets";0,071677386052
2025-02;"Occitanie";"Thermique renouvelable et déchets";0,066527104315
2025-03;"Occitanie";"Thermique renouvelable et déchets";0,06984689986
2025-04;"Occitanie";"Thermique renouvelable et déchets";0,057530697405
2025-05;"Occitanie";"Thermique renouvelable et déchets";0,062403820774
2025-06;"Occitanie";"Thermique renouvelable et déchets";0,048795725323
2025-07;"Occitanie";"Thermique renouvelable et déchets";0,070804177128
2025-08;"Occitanie";"Thermique renouvelable et déchets";0,073429883614
2025-09;"Occitanie";"Thermique renouvelable et déchets";0,064978581046
2025-10;"Occitanie";"Thermique renouvelable et déchets";0,062105547508
2025-11;"Occitanie";"Thermique renouvelable et déchets";0,05657371533
2014-01;"Occitanie";"Energie produite";3,490108690119
2014-02;"Occitanie";"Energie produite";3,646660073056
2014-03;"Occitanie";"Energie produite";3,961044647346
2014-04;"Occitanie";"Energie produite";3,188409187355
2014-05;"Occitanie";"Energie produite";2,489434257026
2014-06;"Occitanie";"Energie produite";2,18070894124
2014-07;"Occitanie";"Energie produite";2,234725258935
2014-08;"Occitanie";"Energie produite";2,176370255715
2014-09;"Occitanie";"Energie produite";2,288895070795
2014-10;"Occitanie";"Energie produite";1,691744825825
2014-11;"Occitanie";"Energie produite";1,822985809934
2014-12;"Occitanie";"Energie produite";2,977899760773
2015-01;"Occitanie";"Energie produite";3,327446192538
2015-02;"Occitanie";"Energie produite";3,462746648885
2015-03;"Occitanie";"Energie produite";3,654811619572
2015-04;"Occitanie";"Energie produite";3,148300035734
2015-05;"Occitanie";"Energie produite";3,269999181548
2015-06;"Occitanie";"Energie produite";2,995441282291
2015-07;"Occitanie";"Energie produite";2,738399275331
2015-08;"Occitanie";"Energie produite";1,680711754538
2015-09;"Occitanie";"Energie produite";1,657694703136
2015-10;"Occitanie";"Energie produite";2,716103257548
2015-11;"Occitanie";"Energie produite";2,820632809525
2015-12;"Occitanie";"Energie produite";2,746510616486
2016-01;"Occitanie";"Energie produite";3,261345585393
2016-02;"Occitanie";"Energie produite";3,380004705653
2016-03;"Occitanie";"Energie produite";3,701621437076
2016-04;"Occitanie";"Energie produite";3,457806029163
2016-05;"Occitanie";"Energie produite";2,748647871832
2016-06;"Occitanie";"Energie produite";2,837520290689
2016-07;"Occitanie";"Energie produite";2,894432580037
2016-08;"Occitanie";"Energie produite";2,770339039923
2016-09;"Occitanie";"Energie produite";2,578596302338
2016-10;"Occitanie";"Energie produite";2,730096444443
2016-11;"Occitanie";"Energie produite";2,865395465503
2016-12;"Occitanie";"Energie produite";3,177011316466
2017-01;"Occitanie";"Energie produite";3,484940083676
2017-02;"Occitanie";"Energie produite";3,005931157508
2017-03;"Occitanie";"Energie produite";3,011858950207
2017-04;"Occitanie";"Energie produite";2,783447223003
2017-05;"Occitanie";"Energie produite";3,33641428654
2017-06;"Occitanie";"Energie produite";2,946402908552
2017-07;"Occitanie";"Energie produite";1,983194728995
2017-08;"Occitanie";"Energie produite";1,926995577147
2017-09;"Occitanie";"Energie produite";1,857057959595
2017-10;"Occitanie";"Energie produite";2,745400193234
2017-11;"Occitanie";"Energie produite";3,033274750981
2017-12;"Occitanie";"Energie produite";3,212081290081
2018-01;"Occitanie";"Energie produite";3,85592956376
2018-02;"Occitanie";"Energie produite";3,872674849379
2018-03;"Occitanie";"Energie produite";4,095733850773
2018-04;"Occitanie";"Energie produite";3,59489416326
2018-05;"Occitanie";"Energie produite";3,213013465526
2018-06;"Occitanie";"Energie produite";2,68378669973
2018-07;"Occitanie";"Energie produite";2,392530962867
2018-08;"Occitanie";"Energie produite";1,829746240731
2018-09;"Occitanie";"Energie produite";2,535293994021
2018-10;"Occitanie";"Energie produite";3,025998964364
2018-11;"Occitanie";"Energie produite";3,300663857885
2018-12;"Occitanie";"Energie produite";3,150353830639
2019-01;"Occitanie";"Energie produite";3,439909847097
2019-02;"Occitanie";"Energie produite";2,718568380597
2019-03;"Occitanie";"Energie produite";2,708788836467
2019-04;"Occitanie";"Energie produite";3,169709124722
2019-05;"Occitanie";"Energie produite";3,313511788613
2019-06;"Occitanie";"Energie produite";2,681141370744
2019-07;"Occitanie";"Energie produite";2,569989356802
2019-08;"Occitanie";"Energie produite";2,589548773406
2019-09;"Occitanie";"Energie produite";2,540640111454
2019-10;"Occitanie";"Energie produite";1,981478769495
2019-11;"Occitanie";"Energie produite";2,700891883951
2019-12;"Occitanie";"Energie produite";3,880373343285
2020-01;"Occitanie";"Energie produite";3,686619067384
2020-02;"Occitanie";"Energie produite";3,256833412655
2020-03;"Occitanie";"Energie produite";3,807094128376
2020-04;"Occitanie";"Energie produite";3,056065099066
2020-05;"Occitanie";"Energie produite";3,503483689021
2020-06;"Occitanie";"Energie produite";3,347482557361
2020-07;"Occitanie";"Energie produite";2,925967680848
2020-08;"Occitanie";"Energie produite";2,169902734305
2020-09;"Occitanie";"Energie produite";1,518874689687
2020-10;"Occitanie";"Energie produite";2,370455247121
2020-11;"Occitanie";"Energie produite";2,126280009004
2020-12;"Occitanie";"Energie produite";3,194571467927
2021-01;"Occitanie";"Energie produite";4,070228065794
2021-02;"Occitanie";"Energie produite";3,780653646367
2021-03;"Occitanie";"Energie produite";3,905058747824
2021-04;"Occitanie";"Energie produite";3,28150087509
2021-05;"Occitanie";"Energie produite";2,517352666024
2021-06;"Occitanie";"Energie produite";2,235420980917
2021-07;"Occitanie";"Energie produite";2,110134371377
2021-08;"Occitanie";"Energie produite";2,02020809234
2021-09;"Occitanie";"Energie produite";1,605936138168
2021-10;"Occitanie";"Energie produite";1,941767765064
2021-11;"Occitanie";"Energie produite";2,142529997191
2021-12;"Occitanie";"Energie produite";2,969768524498
2022-01;"Occitanie";"Energie produite";3,783032782036
2022-02;"Occitanie";"Energie produite";3,004279622577
2022-03;"Occitanie";"Energie produite";2,878918661677
2022-04;"Occitanie";"Energie produite";2,733570885675
2022-05;"Occitanie";"Energie produite";2,777230108453
2022-06;"Occitanie";"Energie produite";2,155041973911
2022-07;"Occitanie";"Energie produite";2,088277553625
2022-08;"Occitanie";"Energie produite";1,961020696734
2022-09;"Occitanie";"Energie produite";1,883111201311
2022-10;"Occitanie";"Energie produite";1,882031399747
2022-11;"Occitanie";"Energie produite";2,056148932585
2022-12;"Occitanie";"Energie produite";2,190489866681
2023-01;"Occitanie";"Energie produite";2,552023028077
2023-02;"Occitanie";"Energie produite";2,047232692633
2023-03;"Occitanie";"Energie produite";2,443171261935
2023-04;"Occitanie";"Energie produite";1,530130373527
2023-05;"Occitanie";"Energie produite";1,679025961707
2023-06;"Occitanie";"Energie produite";1,651770211699
2023-07;"Occitanie";"Energie produite";1,356469416436
2023-08;"Occitanie";"Energie produite";1,337181845385
2023-09;"Occitanie";"Energie produite";1,101161810656
2023-10;"Occitanie";"Energie produite";1,949777224776
2023-11;"Occitanie";"Energie produite";2,52312308151
2023-12;"Occitanie";"Energie produite";2,763107794195
2024-01;"Occitanie";"Energie produite";3,163758604241
2024-02;"Occitanie";"Energie produite";3,31818856428
2024-03;"Occitanie";"Energie produite";4,330114728171
2024-04;"Occitanie";"Energie produite";3,506863687713
2024-05;"Occitanie";"Energie produite";3,710170130854
2024-06;"Occitanie";"Energie produite";3,218046895648
2024-07;"Occitanie";"Energie produite";2,780533378933
2024-08;"Occitanie";"Energie produite";2,265405324726
2024-09;"Occitanie";"Energie produite";2,76999452545
2024-10;"Occitanie";"Energie produite";2,959924937163
2024-11;"Occitanie";"Energie produite";3,48576799143
2024-12;"Occitanie";"Energie produite";3,910480363573
2025-01;"Occitanie";"Energie produite";3,880295357715
2025-02;"Occitanie";"Energie produite";3,008672126798
2025-03;"Occitanie";"Energie produite";3,075939488268
2025-04;"Occitanie";"Energie produite";2,956335803494
2025-05;"Occitanie";"Energie produite";2,881438810869
2025-06;"Occitanie";"Energie produite";2,41297537062
2025-07;"Occitanie";"Energie produite";2,276945094954
2025-08;"Occitanie";"Energie produite";2,221392387401
2025-09;"Occitanie";"Energie produite";2,074722386769
2025-10;"Occitanie";"Energie produite";2,205948501685
2025-11;"Occitanie";"Energie produite";2,631846153208
2014-01;"Auvergne-Rhône-Alpes";"Autre";6,9329177815325E-19
2014-02;"Auvergne-Rhône-Alpes";"Autre";6,29024610177E-19
2014-03;"Auvergne-Rhône-Alpes";"Autre";2,3430710496819E-18
2014-04;"Auvergne-Rhône-Alpes";"Autre";8,9750516046871E-19
2014-05;"Auvergne-Rhône-Alpes";"Autre";9,6117818565444E-19
2014-06;"Auvergne-Rhône-Alpes";"Autre";1,0367644243114E-18
2014-07;"Auvergne-Rhône-Alpes";"Autre";-3,4412698385333E-18
2014-08;"Auvergne-Rhône-Alpes";"Autre";3,8286561421241E-19
2014-09;"Auvergne-Rhône-Alpes";"Autre";-4,0359122294165E-19
2014-10;"Auvergne-Rhône-Alpes";"Autre";-7,8718889046092E-19
2014-11;"Auvergne-Rhône-Alpes";"Autre";-2,0340742978853E-18
2014-12;"Auvergne-Rhône-Alpes";"Autre";-1,1765302274092E-18
2015-01;"Auvergne-Rhône-Alpes";"Autre";5,1425530500637E-19
2015-02;"Auvergne-Rhône-Alpes";"Autre";4,3296963236905E-19
2015-03;"Auvergne-Rhône-Alpes";"Autre";-2,1317643830732E-18
2015-04;"Auvergne-Rhône-Alpes";"Autre";-1,7486862652349E-18
2015-05;"Auvergne-Rhône-Alpes";"Autre";2,9878877150225E-18
2015-06;"Auvergne-Rhône-Alpes";"Autre";-4,0934755585198E-18
2015-07;"Auvergne-Rhône-Alpes";"Autre";-6,9169756727883E-19
2015-08;"Auvergne-Rhône-Alpes";"Autre";-6,3064831135051E-19
2015-09;"Auvergne-Rhône-Alpes";"Autre";-9,3008586943277E-19
2015-10;"Auvergne-Rhône-Alpes";"Autre";-3,5024760869362E-19
2015-11;"Auvergne-Rhône-Alpes";"Autre";9,2455210154441E-19
2015-12;"Auvergne-Rhône-Alpes";"Autre";3,8308592409386E-19
2016-01;"Auvergne-Rhône-Alpes";"Autre";-1,8896620379571E-18
2016-02;"Auvergne-Rhône-Alpes";"Autre";8,0854420381193E-19
2016-03;"Auvergne-Rhône-Alpes";"Autre";-1,5127716787577E-18
2016-04;"Auvergne-Rhône-Alpes";"Autre";7,7879369619893E-19
2016-05;"Auvergne-Rhône-Alpes";"Autre";2,0356372837371E-18
2016-06;"Auvergne-Rhône-Alpes";"Autre";-8,2061354239604E-19
2016-07;"Auvergne-Rhône-Alpes";"Autre";7,0586592126887E-19
2016-08;"Auvergne-Rhône-Alpes";"Autre";3,323483849238E-18
2016-09;"Auvergne-Rhône-Alpes";"Autre";5,2451792909025E-19
2016-10;"Auvergne-Rhône-Alpes";"Autre";-1,6441709105308E-19
2016-11;"Auvergne-Rhône-Alpes";"Autre";1,1982706493718E-18
2016-12;"Auvergne-Rhône-Alpes";"Autre";6,2727600891321E-21
2017-01;"Auvergne-Rhône-Alpes";"Autre";0,001442864
2017-02;"Auvergne-Rhône-Alpes";"Autre";0,001303232
2017-03;"Auvergne-Rhône-Alpes";"Autre";0,001553583
2017-04;"Auvergne-Rhône-Alpes";"Autre";0,001541206
2017-05;"Auvergne-Rhône-Alpes";"Autre";0,001591086
2017-06;"Auvergne-Rhône-Alpes";"Autre";0,001545591
2017-07;"Auvergne-Rhône-Alpes";"Autre";0,001601411
2017-08;"Auvergne-Rhône-Alpes";"Autre";0,001584973
2017-09;"Auvergne-Rhône-Alpes";"Autre";0,001514668
2017-10;"Auvergne-Rhône-Alpes";"Autre";0,001553821
2017-11;"Auvergne-Rhône-Alpes";"Autre";0,001469507
2017-12;"Auvergne-Rhône-Alpes";"Autre";0,001491508
2018-01;"Auvergne-Rhône-Alpes";"Autre";0,001789897
2018-02;"Auvergne-Rhône-Alpes";"Autre";0,001650466
2018-03;"Auvergne-Rhône-Alpes";"Autre";0,001827593
2018-04;"Auvergne-Rhône-Alpes";"Autre";0,001799406
2018-05;"Auvergne-Rhône-Alpes";"Autre";0,001865291
2018-06;"Auvergne-Rhône-Alpes";"Autre";0,001834989
2018-07;"Auvergne-Rhône-Alpes";"Autre";0,001901333
2018-08;"Auvergne-Rhône-Alpes";"Autre";0,001888331
2018-09;"Auvergne-Rhône-Alpes";"Autre";0,001821871
2018-10;"Auvergne-Rhône-Alpes";"Autre";0,001826215
2018-11;"Auvergne-Rhône-Alpes";"Autre";0,001727082
2018-12;"Auvergne-Rhône-Alpes";"Autre";0,001802078
2019-01;"Auvergne-Rhône-Alpes";"Autre";0,001068188
2019-02;"Auvergne-Rhône-Alpes";"Autre";0,000989121
2019-03;"Auvergne-Rhône-Alpes";"Autre";0,001120576
2019-04;"Auvergne-Rhône-Alpes";"Autre";0,001076279
2019-05;"Auvergne-Rhône-Alpes";"Autre";0,001145216
2019-06;"Auvergne-Rhône-Alpes";"Autre";0,001113964
2019-07;"Auvergne-Rhône-Alpes";"Autre";0,001147061
2019-08;"Auvergne-Rhône-Alpes";"Autre";0,001145702
2019-09;"Auvergne-Rhône-Alpes";"Autre";0,001090345
2019-10;"Auvergne-Rhône-Alpes";"Autre";0,001071936
2019-11;"Auvergne-Rhône-Alpes";"Autre";0,001013543
2019-12;"Auvergne-Rhône-Alpes";"Autre";0,001048403
2020-01;"Auvergne-Rhône-Alpes";"Autre";0,001048078
2020-02;"Auvergne-Rhône-Alpes";"Autre";0,000973032
2020-03;"Auvergne-Rhône-Alpes";"Autre";0,001116956
2020-04;"Auvergne-Rhône-Alpes";"Autre";0,001099278
2020-05;"Auvergne-Rhône-Alpes";"Autre";0,001156591
2020-06;"Auvergne-Rhône-Alpes";"Autre";0,001114401
2020-07;"Auvergne-Rhône-Alpes";"Autre";0,001165343
2020-08;"Auvergne-Rhône-Alpes";"Autre";0,001140091
2020-09;"Auvergne-Rhône-Alpes";"Autre";0,00107747
2020-10;"Auvergne-Rhône-Alpes";"Autre";0,001064662
2020-11;"Auvergne-Rhône-Alpes";"Autre";0,000996922
2020-12;"Auvergne-Rhône-Alpes";"Autre";0,000990753
2021-01;"Auvergne-Rhône-Alpes";"Autre";0,000990326
2021-02;"Auvergne-Rhône-Alpes";"Autre";0,000894488
2021-03;"Auvergne-Rhône-Alpes";"Autre";0,000990295
2021-04;"Auvergne-Rhône-Alpes";"Autre";0,00095838
2021-05;"Auvergne-Rhône-Alpes";"Autre";0,000990326
2021-06;"Auvergne-Rhône-Alpes";"Autre";0,00097259999999999
2021-07;"Auvergne-Rhône-Alpes";"Autre";0,001003067
2021-08;"Auvergne-Rhône-Alpes";"Autre";0,001002757
2021-09;"Auvergne-Rhône-Alpes";"Autre";0,00096726
2021-10;"Auvergne-Rhône-Alpes";"Autre";0,000996872
2021-11;"Auvergne-Rhône-Alpes";"Autre";0,00096093
2021-12;"Auvergne-Rhône-Alpes";"Autre";0,000992248
2022-01;"Auvergne-Rhône-Alpes";"Autre";0,001018806334
2022-02;"Auvergne-Rhône-Alpes";"Autre";0,000924337856
2022-03;"Auvergne-Rhône-Alpes";"Autre";0,001021280471
2022-04;"Auvergne-Rhône-Alpes";"Autre";0,000990973807
2022-05;"Auvergne-Rhône-Alpes";"Autre";0,001024972744
2022-06;"Auvergne-Rhône-Alpes";"Autre";0,000992489255
2022-07;"Auvergne-Rhône-Alpes";"Autre";0,001025820762
2022-08;"Auvergne-Rhône-Alpes";"Autre";0,001023511221
2022-09;"Auvergne-Rhône-Alpes";"Autre";0,00098525475
2022-10;"Auvergne-Rhône-Alpes";"Autre";0,000998809305
2022-11;"Auvergne-Rhône-Alpes";"Autre";0,00099825822
2022-12;"Auvergne-Rhône-Alpes";"Autre";0,000998539295
2023-01;"Auvergne-Rhône-Alpes";"Autre";0,000996214388
2023-02;"Auvergne-Rhône-Alpes";"Autre";0,000995121462
2023-03;"Auvergne-Rhône-Alpes";"Autre";0,000996443666
2023-04;"Auvergne-Rhône-Alpes";"Autre";0,000996144118
2023-05;"Auvergne-Rhône-Alpes";"Autre";0,00099664486799999
2023-06;"Auvergne-Rhône-Alpes";"Autre";0,000996384939
2023-07;"Auvergne-Rhône-Alpes";"Autre";0,000996855573
2023-08;"Auvergne-Rhône-Alpes";"Autre";0,000996807748
2023-09;"Auvergne-Rhône-Alpes";"Autre";0,000996307415
2023-10;"Auvergne-Rhône-Alpes";"Autre";0,000996656485
2023-11;"Auvergne-Rhône-Alpes";"Autre";0,000995895653
2023-12;"Auvergne-Rhône-Alpes";"Autre";0,000996261635
2024-01;"Auvergne-Rhône-Alpes";"Autre";0,000994739494
2024-02;"Auvergne-Rhône-Alpes";"Autre";0,00099406935
2024-03;"Auvergne-Rhône-Alpes";"Autre";0,000996209133
2024-04;"Auvergne-Rhône-Alpes";"Autre";0,000996370022
2024-05;"Auvergne-Rhône-Alpes";"Autre";0,00099771120099999
2024-06;"Auvergne-Rhône-Alpes";"Autre";0,000997700696
2024-07;"Auvergne-Rhône-Alpes";"Autre";0,000998459347
2024-08;"Auvergne-Rhône-Alpes";"Autre";0,00099898144899999
2024-09;"Auvergne-Rhône-Alpes";"Autre";0,000996634089
2024-10;"Auvergne-Rhône-Alpes";"Autre";0,000995889729
2024-11;"Auvergne-Rhône-Alpes";"Autre";0,000994596125
2024-12;"Auvergne-Rhône-Alpes";"Autre";0,000994814511
2025-01;"Auvergne-Rhône-Alpes";"Autre";0,000994803514
2025-02;"Auvergne-Rhône-Alpes";"Autre";0,000993835372
2025-03;"Auvergne-Rhône-Alpes";"Autre";0,000995024496
2025-04;"Auvergne-Rhône-Alpes";"Autre";0,000999065062
2025-05;"Auvergne-Rhône-Alpes";"Autre";0,00099966136
2025-06;"Auvergne-Rhône-Alpes";"Autre";0,001001052033
2025-07;"Auvergne-Rhône-Alpes";"Autre";0,001243213118
2025-08;"Auvergne-Rhône-Alpes";"Autre";0,00098383676
2025-09;"Auvergne-Rhône-Alpes";"Autre";0,000982903539
2025-10;"Auvergne-Rhône-Alpes";"Autre";0,000982481357
2025-11;"Auvergne-Rhône-Alpes";"Autre";0,00098248131
2014-01;"Auvergne-Rhône-Alpes";"Solaire";0,018382434
2014-02;"Auvergne-Rhône-Alpes";"Solaire";0,02650491
2014-03;"Auvergne-Rhône-Alpes";"Solaire";0,059122723
2014-04;"Auvergne-Rhône-Alpes";"Solaire";0,064638153
2014-05;"Auvergne-Rhône-Alpes";"Solaire";0,072585388
2014-06;"Auvergne-Rhône-Alpes";"Solaire";0,085586969
2014-07;"Auvergne-Rhône-Alpes";"Solaire";0,067934649
2014-08;"Auvergne-Rhône-Alpes";"Solaire";0,075833261
2014-09;"Auvergne-Rhône-Alpes";"Solaire";0,067983852
2014-10;"Auvergne-Rhône-Alpes";"Solaire";0,050813964
2014-11;"Auvergne-Rhône-Alpes";"Solaire";0,025123867
2014-12;"Auvergne-Rhône-Alpes";"Solaire";0,017776841
2015-01;"Auvergne-Rhône-Alpes";"Solaire";0,024741909
2015-02;"Auvergne-Rhône-Alpes";"Solaire";0,032883173
2015-03;"Auvergne-Rhône-Alpes";"Solaire";0,057232261
2015-04;"Auvergne-Rhône-Alpes";"Solaire";0,081302533
2015-05;"Auvergne-Rhône-Alpes";"Solaire";0,09117205
2015-06;"Auvergne-Rhône-Alpes";"Solaire";0,100632612
2015-07;"Auvergne-Rhône-Alpes";"Solaire";0,105848549
2015-08;"Auvergne-Rhône-Alpes";"Solaire";0,091235078
2015-09;"Auvergne-Rhône-Alpes";"Solaire";0,073074416
2015-10;"Auvergne-Rhône-Alpes";"Solaire";0,048705895
2015-11;"Auvergne-Rhône-Alpes";"Solaire";0,039907545
2015-12;"Auvergne-Rhône-Alpes";"Solaire";0,033567655
2016-01;"Auvergne-Rhône-Alpes";"Solaire";0,026301794
2016-02;"Auvergne-Rhône-Alpes";"Solaire";0,03311408
2016-03;"Auvergne-Rhône-Alpes";"Solaire";0,063161796
2016-04;"Auvergne-Rhône-Alpes";"Solaire";0,075103901
2016-05;"Auvergne-Rhône-Alpes";"Solaire";0,090393294
2016-06;"Auvergne-Rhône-Alpes";"Solaire";0,094050761
2016-07;"Auvergne-Rhône-Alpes";"Solaire";0,106913711
2016-08;"Auvergne-Rhône-Alpes";"Solaire";0,107218671
2016-09;"Auvergne-Rhône-Alpes";"Solaire";0,081051376
2016-10;"Auvergne-Rhône-Alpes";"Solaire";0,071931528
2016-11;"Auvergne-Rhône-Alpes";"Solaire";0,032988031
2016-12;"Auvergne-Rhône-Alpes";"Solaire";0,037167271
2017-01;"Auvergne-Rhône-Alpes";"Solaire";0,030913988
2017-02;"Auvergne-Rhône-Alpes";"Solaire";0,044161931
2017-03;"Auvergne-Rhône-Alpes";"Solaire";0,070335078
2017-04;"Auvergne-Rhône-Alpes";"Solaire";0,100527352
2017-05;"Auvergne-Rhône-Alpes";"Solaire";0,105579802
2017-06;"Auvergne-Rhône-Alpes";"Solaire";0,112221024
2017-07;"Auvergne-Rhône-Alpes";"Solaire";0,108084612
2017-08;"Auvergne-Rhône-Alpes";"Solaire";0,10490053
2017-09;"Auvergne-Rhône-Alpes";"Solaire";0,078447046
2017-10;"Auvergne-Rhône-Alpes";"Solaire";0,071695664
2017-11;"Auvergne-Rhône-Alpes";"Solaire";0,037871688
2017-12;"Auvergne-Rhône-Alpes";"Solaire";0,021063338
2018-01;"Auvergne-Rhône-Alpes";"Solaire";0,021844258
2018-02;"Auvergne-Rhône-Alpes";"Solaire";0,040544613
2018-03;"Auvergne-Rhône-Alpes";"Solaire";0,071644506
2018-04;"Auvergne-Rhône-Alpes";"Solaire";0,101103839
2018-05;"Auvergne-Rhône-Alpes";"Solaire";0,105244817
2018-06;"Auvergne-Rhône-Alpes";"Solaire";0,13356411
2018-07;"Auvergne-Rhône-Alpes";"Solaire";0,14608768
2018-08;"Auvergne-Rhône-Alpes";"Solaire";0,132256773
2018-09;"Auvergne-Rhône-Alpes";"Solaire";0,119877672
2018-10;"Auvergne-Rhône-Alpes";"Solaire";0,084488613
2018-11;"Auvergne-Rhône-Alpes";"Solaire";0,046600145
2018-12;"Auvergne-Rhône-Alpes";"Solaire";0,025502391
2019-01;"Auvergne-Rhône-Alpes";"Solaire";0,038559892
2019-02;"Auvergne-Rhône-Alpes";"Solaire";0,07815994
2019-03;"Auvergne-Rhône-Alpes";"Solaire";0,111254459
2019-04;"Auvergne-Rhône-Alpes";"Solaire";0,113607622
2019-05;"Auvergne-Rhône-Alpes";"Solaire";0,138535398
2019-06;"Auvergne-Rhône-Alpes";"Solaire";0,149018255
2019-07;"Auvergne-Rhône-Alpes";"Solaire";0,164406702
2019-08;"Auvergne-Rhône-Alpes";"Solaire";0,150778296
2019-09;"Auvergne-Rhône-Alpes";"Solaire";0,127841221333
2019-10;"Auvergne-Rhône-Alpes";"Solaire";0,079725169999
2019-11;"Auvergne-Rhône-Alpes";"Solaire";0,046105533669
2019-12;"Auvergne-Rhône-Alpes";"Solaire";0,046621365
2020-01;"Auvergne-Rhône-Alpes";"Solaire";0,050745332
2020-02;"Auvergne-Rhône-Alpes";"Solaire";0,075126308166
2020-03;"Auvergne-Rhône-Alpes";"Solaire";0,112562710831
2020-04;"Auvergne-Rhône-Alpes";"Solaire";0,141813578334
2020-05;"Auvergne-Rhône-Alpes";"Solaire";0,165428422668
2020-06;"Auvergne-Rhône-Alpes";"Solaire";0,154947306167
2020-07;"Auvergne-Rhône-Alpes";"Solaire";0,184689269003
2020-08;"Auvergne-Rhône-Alpes";"Solaire";0,161957600332
2020-09;"Auvergne-Rhône-Alpes";"Solaire";0,133675784498
2020-10;"Auvergne-Rhône-Alpes";"Solaire";0,076363780168
2020-11;"Auvergne-Rhône-Alpes";"Solaire";0,069894956166
2020-12;"Auvergne-Rhône-Alpes";"Solaire";0,034571944667
2021-01;"Auvergne-Rhône-Alpes";"Solaire";0,037037127
2021-02;"Auvergne-Rhône-Alpes";"Solaire";0,068299588
2021-03;"Auvergne-Rhône-Alpes";"Solaire";0,126148425
2021-04;"Auvergne-Rhône-Alpes";"Solaire";0,162713
2021-05;"Auvergne-Rhône-Alpes";"Solaire";0,161271012
2021-06;"Auvergne-Rhône-Alpes";"Solaire";0,173320245
2021-07;"Auvergne-Rhône-Alpes";"Solaire";0,171523999
2021-08;"Auvergne-Rhône-Alpes";"Solaire";0,179089229
2021-09;"Auvergne-Rhône-Alpes";"Solaire";0,151002384
2021-10;"Auvergne-Rhône-Alpes";"Solaire";0,12618153
2021-11;"Auvergne-Rhône-Alpes";"Solaire";0,06647902
2021-12;"Auvergne-Rhône-Alpes";"Solaire";0,050143526
2022-01;"Auvergne-Rhône-Alpes";"Solaire";0,083795886422
2022-02;"Auvergne-Rhône-Alpes";"Solaire";0,121378437663
2022-03;"Auvergne-Rhône-Alpes";"Solaire";0,166504277324
2022-04;"Auvergne-Rhône-Alpes";"Solaire";0,199617986198
2022-05;"Auvergne-Rhône-Alpes";"Solaire";0,266101330277
2022-06;"Auvergne-Rhône-Alpes";"Solaire";0,259884212195
2022-07;"Auvergne-Rhône-Alpes";"Solaire";0,307087693897
2022-08;"Auvergne-Rhône-Alpes";"Solaire";0,268896506414
2022-09;"Auvergne-Rhône-Alpes";"Solaire";0,212322392637
2022-10;"Auvergne-Rhône-Alpes";"Solaire";0,154415552676
2022-11;"Auvergne-Rhône-Alpes";"Solaire";0,09138679046
2022-12;"Auvergne-Rhône-Alpes";"Solaire";0,045077374783
2023-01;"Auvergne-Rhône-Alpes";"Solaire";0,060548009112
2023-02;"Auvergne-Rhône-Alpes";"Solaire";0,141869473635
2023-03;"Auvergne-Rhône-Alpes";"Solaire";0,192376122998
2023-04;"Auvergne-Rhône-Alpes";"Solaire";0,23679655483
2023-05;"Auvergne-Rhône-Alpes";"Solaire";0,269172175286
2023-06;"Auvergne-Rhône-Alpes";"Solaire";0,314003320127
2023-07;"Auvergne-Rhône-Alpes";"Solaire";0,330654755582
2023-08;"Auvergne-Rhône-Alpes";"Solaire";0,314033468929
2023-09;"Auvergne-Rhône-Alpes";"Solaire";0,282465306297
2023-10;"Auvergne-Rhône-Alpes";"Solaire";0,198620132017
2023-11;"Auvergne-Rhône-Alpes";"Solaire";0,103979846032
2023-12;"Auvergne-Rhône-Alpes";"Solaire";0,085513252372
2024-01;"Auvergne-Rhône-Alpes";"Solaire";0,092148232995
2024-02;"Auvergne-Rhône-Alpes";"Solaire";0,131715030763
2024-03;"Auvergne-Rhône-Alpes";"Solaire";0,22556489131
2024-04;"Auvergne-Rhône-Alpes";"Solaire";0,268648404087
2024-05;"Auvergne-Rhône-Alpes";"Solaire";0,302009591729
2024-06;"Auvergne-Rhône-Alpes";"Solaire";0,322508545404
2024-07;"Auvergne-Rhône-Alpes";"Solaire";0,401334648033
2024-08;"Auvergne-Rhône-Alpes";"Solaire";0,41473940099
2024-09;"Auvergne-Rhône-Alpes";"Solaire";0,271630384269
2024-10;"Auvergne-Rhône-Alpes";"Solaire";0,20937381172
2024-11;"Auvergne-Rhône-Alpes";"Solaire";0,148478958079
2024-12;"Auvergne-Rhône-Alpes";"Solaire";0,105230089106
2025-01;"Auvergne-Rhône-Alpes";"Solaire";0,10770548693
2025-02;"Auvergne-Rhône-Alpes";"Solaire";0,168920078247
2025-03;"Auvergne-Rhône-Alpes";"Solaire";0,274926795529
2025-04;"Auvergne-Rhône-Alpes";"Solaire";0,355086977737
2025-05;"Auvergne-Rhône-Alpes";"Solaire";0,413577483629
2025-06;"Auvergne-Rhône-Alpes";"Solaire";0,46058163205
2025-07;"Auvergne-Rhône-Alpes";"Solaire";0,515295112908
2025-08;"Auvergne-Rhône-Alpes";"Solaire";0,484576165011
2025-09;"Auvergne-Rhône-Alpes";"Solaire";0,349901491873
2025-10;"Auvergne-Rhône-Alpes";"Solaire";0,255915722372
2025-11;"Auvergne-Rhône-Alpes";"Solaire";0,161032529257
2014-01;"Auvergne-Rhône-Alpes";"Hydraulique";3,040220714943
2014-02;"Auvergne-Rhône-Alpes";"Hydraulique";2,817775794961
2014-03;"Auvergne-Rhône-Alpes";"Hydraulique";2,706838113327
2014-04;"Auvergne-Rhône-Alpes";"Hydraulique";2,249051040706
2014-05;"Auvergne-Rhône-Alpes";"Hydraulique";2,484973246668
2014-06;"Auvergne-Rhône-Alpes";"Hydraulique";2,136249981991
2014-07;"Auvergne-Rhône-Alpes";"Hydraulique";2,839639465671
2014-08;"Auvergne-Rhône-Alpes";"Hydraulique";2,437095772809
2014-09;"Auvergne-Rhône-Alpes";"Hydraulique";1,531583231899
2014-10;"Auvergne-Rhône-Alpes";"Hydraulique";1,591590752817
2014-11;"Auvergne-Rhône-Alpes";"Hydraulique";2,173423999821
2014-12;"Auvergne-Rhône-Alpes";"Hydraulique";2,197072737737
2015-01;"Auvergne-Rhône-Alpes";"Hydraulique";2,598046964794
2015-02;"Auvergne-Rhône-Alpes";"Hydraulique";2,726703172916
2015-03;"Auvergne-Rhône-Alpes";"Hydraulique";2,651632742043
2015-04;"Auvergne-Rhône-Alpes";"Hydraulique";2,44613338185
2015-05;"Auvergne-Rhône-Alpes";"Hydraulique";2,854740195478
2015-06;"Auvergne-Rhône-Alpes";"Hydraulique";2,567521481163
2015-07;"Auvergne-Rhône-Alpes";"Hydraulique";1,922344786555
2015-08;"Auvergne-Rhône-Alpes";"Hydraulique";1,589367331618
2015-09;"Auvergne-Rhône-Alpes";"Hydraulique";1,486565728093
2015-10;"Auvergne-Rhône-Alpes";"Hydraulique";1,76181809095
2015-11;"Auvergne-Rhône-Alpes";"Hydraulique";1,54691167698
2015-12;"Auvergne-Rhône-Alpes";"Hydraulique";1,669883643155
2016-01;"Auvergne-Rhône-Alpes";"Hydraulique";2,52984225074
2016-02;"Auvergne-Rhône-Alpes";"Hydraulique";2,940100171644
2016-03;"Auvergne-Rhône-Alpes";"Hydraulique";2,58826836228
2016-04;"Auvergne-Rhône-Alpes";"Hydraulique";2,637008014432
2016-05;"Auvergne-Rhône-Alpes";"Hydraulique";2,751848528059
2016-06;"Auvergne-Rhône-Alpes";"Hydraulique";3,149945376712
2016-07;"Auvergne-Rhône-Alpes";"Hydraulique";2,5656157082
2016-08;"Auvergne-Rhône-Alpes";"Hydraulique";1,773390381318
2016-09;"Auvergne-Rhône-Alpes";"Hydraulique";1,502232492399
2016-10;"Auvergne-Rhône-Alpes";"Hydraulique";1,413253349858
2016-11;"Auvergne-Rhône-Alpes";"Hydraulique";1,94319833564
2016-12;"Auvergne-Rhône-Alpes";"Hydraulique";1,8620212272
2017-01;"Auvergne-Rhône-Alpes";"Hydraulique";2,150461283664
2017-02;"Auvergne-Rhône-Alpes";"Hydraulique";1,857290945929
2017-03;"Auvergne-Rhône-Alpes";"Hydraulique";2,601765917164
2017-04;"Auvergne-Rhône-Alpes";"Hydraulique";1,65879962254
2017-05;"Auvergne-Rhône-Alpes";"Hydraulique";2,403099063028
2017-06;"Auvergne-Rhône-Alpes";"Hydraulique";2,397501799772
2017-07;"Auvergne-Rhône-Alpes";"Hydraulique";1,810777131342
2017-08;"Auvergne-Rhône-Alpes";"Hydraulique";1,607991216892
2017-09;"Auvergne-Rhône-Alpes";"Hydraulique";1,261271366498
2017-10;"Auvergne-Rhône-Alpes";"Hydraulique";1,116369747351
2017-11;"Auvergne-Rhône-Alpes";"Hydraulique";1,721241781609
2017-12;"Auvergne-Rhône-Alpes";"Hydraulique";2,284742753159
2018-01;"Auvergne-Rhône-Alpes";"Hydraulique";2,813895491292
2018-02;"Auvergne-Rhône-Alpes";"Hydraulique";2,795807019138
2018-03;"Auvergne-Rhône-Alpes";"Hydraulique";2,724657645446
2018-04;"Auvergne-Rhône-Alpes";"Hydraulique";2,730211628866
2018-05;"Auvergne-Rhône-Alpes";"Hydraulique";3,396082115229
2018-06;"Auvergne-Rhône-Alpes";"Hydraulique";3,367038800973
2018-07;"Auvergne-Rhône-Alpes";"Hydraulique";2,59451116471
2018-08;"Auvergne-Rhône-Alpes";"Hydraulique";2,078430165546
2018-09;"Auvergne-Rhône-Alpes";"Hydraulique";1,36857315251
2018-10;"Auvergne-Rhône-Alpes";"Hydraulique";1,251858064089
2018-11;"Auvergne-Rhône-Alpes";"Hydraulique";1,634588450494
2018-12;"Auvergne-Rhône-Alpes";"Hydraulique";2,423119378353
2019-01;"Auvergne-Rhône-Alpes";"Hydraulique";2,232005915805
2019-02;"Auvergne-Rhône-Alpes";"Hydraulique";2,178983107572
2019-03;"Auvergne-Rhône-Alpes";"Hydraulique";2,348651964051
2019-04;"Auvergne-Rhône-Alpes";"Hydraulique";1,937087998156
2019-05;"Auvergne-Rhône-Alpes";"Hydraulique";2,457504852068
2019-06;"Auvergne-Rhône-Alpes";"Hydraulique";2,834316800157
2019-07;"Auvergne-Rhône-Alpes";"Hydraulique";2,268359953686
2019-08;"Auvergne-Rhône-Alpes";"Hydraulique";1,737965225982
2019-09;"Auvergne-Rhône-Alpes";"Hydraulique";1,096143573796
2019-10;"Auvergne-Rhône-Alpes";"Hydraulique";1,807483117639
2019-11;"Auvergne-Rhône-Alpes";"Hydraulique";2,736789447823
2019-12;"Auvergne-Rhône-Alpes";"Hydraulique";3,081911593501
2020-01;"Auvergne-Rhône-Alpes";"Hydraulique";2,548496640071
2020-02;"Auvergne-Rhône-Alpes";"Hydraulique";2,597002255399
2020-03;"Auvergne-Rhône-Alpes";"Hydraulique";2,913977375491
2020-04;"Auvergne-Rhône-Alpes";"Hydraulique";2,279970956722
2020-05;"Auvergne-Rhône-Alpes";"Hydraulique";2,915612173993
2020-06;"Auvergne-Rhône-Alpes";"Hydraulique";2,872222519311
2020-07;"Auvergne-Rhône-Alpes";"Hydraulique";2,367420198838
2020-08;"Auvergne-Rhône-Alpes";"Hydraulique";1,912358814326
2020-09;"Auvergne-Rhône-Alpes";"Hydraulique";1,627733277666
2020-10;"Auvergne-Rhône-Alpes";"Hydraulique";2,225918205333
2020-11;"Auvergne-Rhône-Alpes";"Hydraulique";1,921199115005
2020-12;"Auvergne-Rhône-Alpes";"Hydraulique";2,424556968494
2021-01;"Auvergne-Rhône-Alpes";"Hydraulique";3,023063041837
2021-02;"Auvergne-Rhône-Alpes";"Hydraulique";2,754820585651
2021-03;"Auvergne-Rhône-Alpes";"Hydraulique";2,510708481324
2021-04;"Auvergne-Rhône-Alpes";"Hydraulique";1,701388161334
2021-05;"Auvergne-Rhône-Alpes";"Hydraulique";2,795597169154
2021-06;"Auvergne-Rhône-Alpes";"Hydraulique";2,972655641003
2021-07;"Auvergne-Rhône-Alpes";"Hydraulique";2,84365904217
2021-08;"Auvergne-Rhône-Alpes";"Hydraulique";2,180188808329
2021-09;"Auvergne-Rhône-Alpes";"Hydraulique";1,4888656968
2021-10;"Auvergne-Rhône-Alpes";"Hydraulique";1,365212031665
2021-11;"Auvergne-Rhône-Alpes";"Hydraulique";1,747639641329
2021-12;"Auvergne-Rhône-Alpes";"Hydraulique";2,149903790673
2022-01;"Auvergne-Rhône-Alpes";"Hydraulique";2,455639424305
2022-02;"Auvergne-Rhône-Alpes";"Hydraulique";1,971565448509
2022-03;"Auvergne-Rhône-Alpes";"Hydraulique";1,912325999319
2022-04;"Auvergne-Rhône-Alpes";"Hydraulique";2,082323284132
2022-05;"Auvergne-Rhône-Alpes";"Hydraulique";2,241320157632
2022-06;"Auvergne-Rhône-Alpes";"Hydraulique";2,019849509136
2022-07;"Auvergne-Rhône-Alpes";"Hydraulique";1,699627890846
2022-08;"Auvergne-Rhône-Alpes";"Hydraulique";1,268516341931
2022-09;"Auvergne-Rhône-Alpes";"Hydraulique";1,106829877983
2022-10;"Auvergne-Rhône-Alpes";"Hydraulique";1,405819043026
2022-11;"Auvergne-Rhône-Alpes";"Hydraulique";1,948155328968
2022-12;"Auvergne-Rhône-Alpes";"Hydraulique";2,4481138379
2023-01;"Auvergne-Rhône-Alpes";"Hydraulique";2,78645654618
2023-02;"Auvergne-Rhône-Alpes";"Hydraulique";1,693939925312
2023-03;"Auvergne-Rhône-Alpes";"Hydraulique";1,843254938804
2023-04;"Auvergne-Rhône-Alpes";"Hydraulique";1,943194646009
2023-05;"Auvergne-Rhône-Alpes";"Hydraulique";2,54715152862
2023-06;"Auvergne-Rhône-Alpes";"Hydraulique";2,895638594552
2023-07;"Auvergne-Rhône-Alpes";"Hydraulique";2,192295332156
2023-08;"Auvergne-Rhône-Alpes";"Hydraulique";1,85722892825
2023-09;"Auvergne-Rhône-Alpes";"Hydraulique";1,537954400187
2023-10;"Auvergne-Rhône-Alpes";"Hydraulique";1,622921928193
2023-11;"Auvergne-Rhône-Alpes";"Hydraulique";2,769844688615
2023-12;"Auvergne-Rhône-Alpes";"Hydraulique";2,988029520213
2024-01;"Auvergne-Rhône-Alpes";"Hydraulique";3,335841399973
2024-02;"Auvergne-Rhône-Alpes";"Hydraulique";2,817953627594
2024-03;"Auvergne-Rhône-Alpes";"Hydraulique";2,835342163609
2024-04;"Auvergne-Rhône-Alpes";"Hydraulique";2,527043750793
2024-05;"Auvergne-Rhône-Alpes";"Hydraulique";3,197272208596
2024-06;"Auvergne-Rhône-Alpes";"Hydraulique";2,995134710957
2024-07;"Auvergne-Rhône-Alpes";"Hydraulique";2,992389382754
2024-08;"Auvergne-Rhône-Alpes";"Hydraulique";2,204599256821
2024-09;"Auvergne-Rhône-Alpes";"Hydraulique";1,80001626398
2024-10;"Auvergne-Rhône-Alpes";"Hydraulique";2,809387886174
2024-11;"Auvergne-Rhône-Alpes";"Hydraulique";2,074261951
2024-12;"Auvergne-Rhône-Alpes";"Hydraulique";2,867123781272
2025-01;"Auvergne-Rhône-Alpes";"Hydraulique";3,059025749145
2025-02;"Auvergne-Rhône-Alpes";"Hydraulique";2,73126321394
2025-03;"Auvergne-Rhône-Alpes";"Hydraulique";2,305003067008
2025-04;"Auvergne-Rhône-Alpes";"Hydraulique";2,070758155393
2025-05;"Auvergne-Rhône-Alpes";"Hydraulique";2,355379461622
2025-06;"Auvergne-Rhône-Alpes";"Hydraulique";2,564985748246
2025-07;"Auvergne-Rhône-Alpes";"Hydraulique";1,801528797502
2025-08;"Auvergne-Rhône-Alpes";"Hydraulique";1,456498014348
2025-09;"Auvergne-Rhône-Alpes";"Hydraulique";1,63241754755
2025-10;"Auvergne-Rhône-Alpes";"Hydraulique";1,73047351375
2025-11;"Auvergne-Rhône-Alpes";"Hydraulique";2,572793251246
2014-01;"Auvergne-Rhône-Alpes";"Eolien";0,075012417
2014-02;"Auvergne-Rhône-Alpes";"Eolien";0,080167994
2014-03;"Auvergne-Rhône-Alpes";"Eolien";0,070370689
2014-04;"Auvergne-Rhône-Alpes";"Eolien";0,057750235
2014-05;"Auvergne-Rhône-Alpes";"Eolien";0,089805356
2014-06;"Auvergne-Rhône-Alpes";"Eolien";0,055140116
2014-07;"Auvergne-Rhône-Alpes";"Eolien";0,053814022
2014-08;"Auvergne-Rhône-Alpes";"Eolien";0,038553293
2014-09;"Auvergne-Rhône-Alpes";"Eolien";0,048569763
2014-10;"Auvergne-Rhône-Alpes";"Eolien";0,052679536
2014-11;"Auvergne-Rhône-Alpes";"Eolien";0,06766869
2014-12;"Auvergne-Rhône-Alpes";"Eolien";0,074905682
2015-01;"Auvergne-Rhône-Alpes";"Eolien";0,070684359
2015-02;"Auvergne-Rhône-Alpes";"Eolien";0,06613687
2015-03;"Auvergne-Rhône-Alpes";"Eolien";0,074825897
2015-04;"Auvergne-Rhône-Alpes";"Eolien";0,066232188
2015-05;"Auvergne-Rhône-Alpes";"Eolien";0,086264374
2015-06;"Auvergne-Rhône-Alpes";"Eolien";0,044315513
2015-07;"Auvergne-Rhône-Alpes";"Eolien";0,057054997
2015-08;"Auvergne-Rhône-Alpes";"Eolien";0,055399367
2015-09;"Auvergne-Rhône-Alpes";"Eolien";0,070877824
2015-10;"Auvergne-Rhône-Alpes";"Eolien";0,062480556
2015-11;"Auvergne-Rhône-Alpes";"Eolien";0,075139982
2015-12;"Auvergne-Rhône-Alpes";"Eolien";0,069613506
2016-01;"Auvergne-Rhône-Alpes";"Eolien";0,085110492
2016-02;"Auvergne-Rhône-Alpes";"Eolien";0,090329576
2016-03;"Auvergne-Rhône-Alpes";"Eolien";0,090098016
2016-04;"Auvergne-Rhône-Alpes";"Eolien";0,084429171
2016-05;"Auvergne-Rhône-Alpes";"Eolien";0,096812077
2016-06;"Auvergne-Rhône-Alpes";"Eolien";0,045710957
2016-07;"Auvergne-Rhône-Alpes";"Eolien";0,053825328
2016-08;"Auvergne-Rhône-Alpes";"Eolien";0,050811533
2016-09;"Auvergne-Rhône-Alpes";"Eolien";0,050551319
2016-10;"Auvergne-Rhône-Alpes";"Eolien";0,064496853
2016-11;"Auvergne-Rhône-Alpes";"Eolien";0,084480497
2016-12;"Auvergne-Rhône-Alpes";"Eolien";0,060800108
2017-01;"Auvergne-Rhône-Alpes";"Eolien";0,088241436
2017-02;"Auvergne-Rhône-Alpes";"Eolien";0,101150223
2017-03;"Auvergne-Rhône-Alpes";"Eolien";0,089614039
2017-04;"Auvergne-Rhône-Alpes";"Eolien";0,091423474
2017-05;"Auvergne-Rhône-Alpes";"Eolien";0,074622862
2017-06;"Auvergne-Rhône-Alpes";"Eolien";0,056895511
2017-07;"Auvergne-Rhône-Alpes";"Eolien";0,069372419
2017-08;"Auvergne-Rhône-Alpes";"Eolien";0,055204311
2017-09;"Auvergne-Rhône-Alpes";"Eolien";0,054958068
2017-10;"Auvergne-Rhône-Alpes";"Eolien";0,086420256
2017-11;"Auvergne-Rhône-Alpes";"Eolien";0,111263715
2017-12;"Auvergne-Rhône-Alpes";"Eolien";0,128951731
2018-01;"Auvergne-Rhône-Alpes";"Eolien";0,139778426
2018-02;"Auvergne-Rhône-Alpes";"Eolien";0,087325938
2018-03;"Auvergne-Rhône-Alpes";"Eolien";0,122128345
2018-04;"Auvergne-Rhône-Alpes";"Eolien";0,102613294
2018-05;"Auvergne-Rhône-Alpes";"Eolien";0,066984144
2018-06;"Auvergne-Rhône-Alpes";"Eolien";0,061650387
2018-07;"Auvergne-Rhône-Alpes";"Eolien";0,048669765
2018-08;"Auvergne-Rhône-Alpes";"Eolien";0,064458825
2018-09;"Auvergne-Rhône-Alpes";"Eolien";0,057274565
2018-10;"Auvergne-Rhône-Alpes";"Eolien";0,11248805
2018-11;"Auvergne-Rhône-Alpes";"Eolien";0,098077076
2018-12;"Auvergne-Rhône-Alpes";"Eolien";0,120160275
2019-01;"Auvergne-Rhône-Alpes";"Eolien";0,114414966
2019-02;"Auvergne-Rhône-Alpes";"Eolien";0,089561329
2019-03;"Auvergne-Rhône-Alpes";"Eolien";0,140560789
2019-04;"Auvergne-Rhône-Alpes";"Eolien";0,103559594
2019-05;"Auvergne-Rhône-Alpes";"Eolien";0,119906022
2019-06;"Auvergne-Rhône-Alpes";"Eolien";0,070398774
2019-07;"Auvergne-Rhône-Alpes";"Eolien";0,058768975
2019-08;"Auvergne-Rhône-Alpes";"Eolien";0,05827828
2019-09;"Auvergne-Rhône-Alpes";"Eolien";0,075652985
2019-10;"Auvergne-Rhône-Alpes";"Eolien";0,117303922
2019-11;"Auvergne-Rhône-Alpes";"Eolien";0,106842394
2019-12;"Auvergne-Rhône-Alpes";"Eolien";0,137441409
2020-01;"Auvergne-Rhône-Alpes";"Eolien";0,121308128
2020-02;"Auvergne-Rhône-Alpes";"Eolien";0,1456192
2020-03;"Auvergne-Rhône-Alpes";"Eolien";0,095503436
2020-04;"Auvergne-Rhône-Alpes";"Eolien";0,067142076
2020-05;"Auvergne-Rhône-Alpes";"Eolien";0,096315568
2020-06;"Auvergne-Rhône-Alpes";"Eolien";0,065068741
2020-07;"Auvergne-Rhône-Alpes";"Eolien";0,061334154
2020-08;"Auvergne-Rhône-Alpes";"Eolien";0,064822413
2020-09;"Auvergne-Rhône-Alpes";"Eolien";0,066904528
2020-10;"Auvergne-Rhône-Alpes";"Eolien";0,123532413
2020-11;"Auvergne-Rhône-Alpes";"Eolien";0,095617176
2020-12;"Auvergne-Rhône-Alpes";"Eolien";0,14080899
2021-01;"Auvergne-Rhône-Alpes";"Eolien";0,129269219
2021-02;"Auvergne-Rhône-Alpes";"Eolien";0,144730318
2021-03;"Auvergne-Rhône-Alpes";"Eolien";0,128169264
2021-04;"Auvergne-Rhône-Alpes";"Eolien";0,113132823
2021-05;"Auvergne-Rhône-Alpes";"Eolien";0,107410174
2021-06;"Auvergne-Rhône-Alpes";"Eolien";0,091881147
2021-07;"Auvergne-Rhône-Alpes";"Eolien";0,081958305
2021-08;"Auvergne-Rhône-Alpes";"Eolien";0,082869844
2021-09;"Auvergne-Rhône-Alpes";"Eolien";0,063995712
2021-10;"Auvergne-Rhône-Alpes";"Eolien";0,155132352
2021-11;"Auvergne-Rhône-Alpes";"Eolien";0,110210573
2021-12;"Auvergne-Rhône-Alpes";"Eolien";0,141366843
2022-01;"Auvergne-Rhône-Alpes";"Eolien";0,144034770103
2022-02;"Auvergne-Rhône-Alpes";"Eolien";0,160340136572
2022-03;"Auvergne-Rhône-Alpes";"Eolien";0,131829650002
2022-04;"Auvergne-Rhône-Alpes";"Eolien";0,129546047959
2022-05;"Auvergne-Rhône-Alpes";"Eolien";0,108496361684
2022-06;"Auvergne-Rhône-Alpes";"Eolien";0,092062980284
2022-07;"Auvergne-Rhône-Alpes";"Eolien";0,095009503651
2022-08;"Auvergne-Rhône-Alpes";"Eolien";0,078029201488
2022-09;"Auvergne-Rhône-Alpes";"Eolien";0,096742695038
2022-10;"Auvergne-Rhône-Alpes";"Eolien";0,133033890588
2022-11;"Auvergne-Rhône-Alpes";"Eolien";0,137221032647
2022-12;"Auvergne-Rhône-Alpes";"Eolien";0,130471479993
2023-01;"Auvergne-Rhône-Alpes";"Eolien";0,154252203814
2023-02;"Auvergne-Rhône-Alpes";"Eolien";0,101384704514
2023-03;"Auvergne-Rhône-Alpes";"Eolien";0,155687977816
2023-04;"Auvergne-Rhône-Alpes";"Eolien";0,12512184477
2023-05;"Auvergne-Rhône-Alpes";"Eolien";0,10893499988
2023-06;"Auvergne-Rhône-Alpes";"Eolien";0,071284374581
2023-07;"Auvergne-Rhône-Alpes";"Eolien";0,084100000464
2023-08;"Auvergne-Rhône-Alpes";"Eolien";0,105132222058
2023-09;"Auvergne-Rhône-Alpes";"Eolien";0,076012991268
2023-10;"Auvergne-Rhône-Alpes";"Eolien";0,146691144313
2023-11;"Auvergne-Rhône-Alpes";"Eolien";0,175652407882
2023-12;"Auvergne-Rhône-Alpes";"Eolien";0,174655940208
2024-01;"Auvergne-Rhône-Alpes";"Eolien";0,148959335125
2024-02;"Auvergne-Rhône-Alpes";"Eolien";0,150314351922
2024-03;"Auvergne-Rhône-Alpes";"Eolien";0,16709902937
2024-04;"Auvergne-Rhône-Alpes";"Eolien";0,181889267223
2024-05;"Auvergne-Rhône-Alpes";"Eolien";0,086595695441
2024-06;"Auvergne-Rhône-Alpes";"Eolien";0,095669755286
2024-07;"Auvergne-Rhône-Alpes";"Eolien";0,074133987806
2024-08;"Auvergne-Rhône-Alpes";"Eolien";0,074543524396
2024-09;"Auvergne-Rhône-Alpes";"Eolien";0,14304340622
2024-10;"Auvergne-Rhône-Alpes";"Eolien";0,125080117363
2024-11;"Auvergne-Rhône-Alpes";"Eolien";0,116543953814
2024-12;"Auvergne-Rhône-Alpes";"Eolien";0,124763882817
2025-01;"Auvergne-Rhône-Alpes";"Eolien";0,176942938891
2025-02;"Auvergne-Rhône-Alpes";"Eolien";0,11761601613
2025-03;"Auvergne-Rhône-Alpes";"Eolien";0,157506330148
2025-04;"Auvergne-Rhône-Alpes";"Eolien";0,110992967291
2025-05;"Auvergne-Rhône-Alpes";"Eolien";0,100757791069
2025-06;"Auvergne-Rhône-Alpes";"Eolien";0,070858718188
2025-07;"Auvergne-Rhône-Alpes";"Eolien";0,097539688866
2025-08;"Auvergne-Rhône-Alpes";"Eolien";0,074326476752
2025-09;"Auvergne-Rhône-Alpes";"Eolien";0,076999200771
2025-10;"Auvergne-Rhône-Alpes";"Eolien";0,125671852314
2025-11;"Auvergne-Rhône-Alpes";"Eolien";0,159861139058
2014-01;"Auvergne-Rhône-Alpes";"Thermique fossile";0,140134930526
2014-02;"Auvergne-Rhône-Alpes";"Thermique fossile";0,125877600894
2014-03;"Auvergne-Rhône-Alpes";"Thermique fossile";0,138955742493
2014-04;"Auvergne-Rhône-Alpes";"Thermique fossile";0,025656443221
2014-05;"Auvergne-Rhône-Alpes";"Thermique fossile";0,021829657609
2014-06;"Auvergne-Rhône-Alpes";"Thermique fossile";0,015521371415
2014-07;"Auvergne-Rhône-Alpes";"Thermique fossile";0,025278393173
2014-08;"Auvergne-Rhône-Alpes";"Thermique fossile";0,024249853598
2014-09;"Auvergne-Rhône-Alpes";"Thermique fossile";0,037305385
2014-10;"Auvergne-Rhône-Alpes";"Thermique fossile";0,071715797003
2014-11;"Auvergne-Rhône-Alpes";"Thermique fossile";0,2053718535
2014-12;"Auvergne-Rhône-Alpes";"Thermique fossile";0,240803995167
2015-01;"Auvergne-Rhône-Alpes";"Thermique fossile";0,239694956357
2015-02;"Auvergne-Rhône-Alpes";"Thermique fossile";0,317884766563
2015-03;"Auvergne-Rhône-Alpes";"Thermique fossile";0,249925992492
2015-04;"Auvergne-Rhône-Alpes";"Thermique fossile";0,126247327717
2015-05;"Auvergne-Rhône-Alpes";"Thermique fossile";0,028975054608
2015-06;"Auvergne-Rhône-Alpes";"Thermique fossile";0,04127975508
2015-07;"Auvergne-Rhône-Alpes";"Thermique fossile";0,114077261006
2015-08;"Auvergne-Rhône-Alpes";"Thermique fossile";0,041375761098
2015-09;"Auvergne-Rhône-Alpes";"Thermique fossile";0,115187408501
2015-10;"Auvergne-Rhône-Alpes";"Thermique fossile";0,181379795832
2015-11;"Auvergne-Rhône-Alpes";"Thermique fossile";0,303538093837
2015-12;"Auvergne-Rhône-Alpes";"Thermique fossile";0,259498595995
2016-01;"Auvergne-Rhône-Alpes";"Thermique fossile";0,325319930025
2016-02;"Auvergne-Rhône-Alpes";"Thermique fossile";0,217410424922
2016-03;"Auvergne-Rhône-Alpes";"Thermique fossile";0,269820872053
2016-04;"Auvergne-Rhône-Alpes";"Thermique fossile";0,070240733447
2016-05;"Auvergne-Rhône-Alpes";"Thermique fossile";0,055490889662
2016-06;"Auvergne-Rhône-Alpes";"Thermique fossile";0,084938555321
2016-07;"Auvergne-Rhône-Alpes";"Thermique fossile";0,103386771354
2016-08;"Auvergne-Rhône-Alpes";"Thermique fossile";0,080573946728
2016-09;"Auvergne-Rhône-Alpes";"Thermique fossile";0,157764720581
2016-10;"Auvergne-Rhône-Alpes";"Thermique fossile";0,300395756318
2016-11;"Auvergne-Rhône-Alpes";"Thermique fossile";0,414424888917
2016-12;"Auvergne-Rhône-Alpes";"Thermique fossile";0,460690309154
2017-01;"Auvergne-Rhône-Alpes";"Thermique fossile";0,401400111203
2017-02;"Auvergne-Rhône-Alpes";"Thermique fossile";0,338690707787
2017-03;"Auvergne-Rhône-Alpes";"Thermique fossile";0,285635991547
2017-04;"Auvergne-Rhône-Alpes";"Thermique fossile";0,142138220755
2017-05;"Auvergne-Rhône-Alpes";"Thermique fossile";0,113458624801
2017-06;"Auvergne-Rhône-Alpes";"Thermique fossile";0,013285580373
2017-07;"Auvergne-Rhône-Alpes";"Thermique fossile";0,01052018038
2017-08;"Auvergne-Rhône-Alpes";"Thermique fossile";0,039883458114
2017-09;"Auvergne-Rhône-Alpes";"Thermique fossile";0,078784209668
2017-10;"Auvergne-Rhône-Alpes";"Thermique fossile";0,245047012502
2017-11;"Auvergne-Rhône-Alpes";"Thermique fossile";0,334855559516
2017-12;"Auvergne-Rhône-Alpes";"Thermique fossile";0,294545889814
2018-01;"Auvergne-Rhône-Alpes";"Thermique fossile";0,173667024861
2018-02;"Auvergne-Rhône-Alpes";"Thermique fossile";0,28487049002
2018-03;"Auvergne-Rhône-Alpes";"Thermique fossile";0,194755561362
2018-04;"Auvergne-Rhône-Alpes";"Thermique fossile";0,008232581249
2018-05;"Auvergne-Rhône-Alpes";"Thermique fossile";0,007177828868
2018-06;"Auvergne-Rhône-Alpes";"Thermique fossile";0,007749722863
2018-07;"Auvergne-Rhône-Alpes";"Thermique fossile";0,016704841708
2018-08;"Auvergne-Rhône-Alpes";"Thermique fossile";0,054198680436
2018-09;"Auvergne-Rhône-Alpes";"Thermique fossile";0,048520558993
2018-10;"Auvergne-Rhône-Alpes";"Thermique fossile";0,159570085487
2018-11;"Auvergne-Rhône-Alpes";"Thermique fossile";0,310363160172
2018-12;"Auvergne-Rhône-Alpes";"Thermique fossile";0,233336183967
2019-01;"Auvergne-Rhône-Alpes";"Thermique fossile";0,396993753586
2019-02;"Auvergne-Rhône-Alpes";"Thermique fossile";0,249480123374
2019-03;"Auvergne-Rhône-Alpes";"Thermique fossile";0,156146269184
2019-04;"Auvergne-Rhône-Alpes";"Thermique fossile";0,049189722071
2019-05;"Auvergne-Rhône-Alpes";"Thermique fossile";0,038323950525
2019-06;"Auvergne-Rhône-Alpes";"Thermique fossile";0,077610659161
2019-07;"Auvergne-Rhône-Alpes";"Thermique fossile";0,110655970242
2019-08;"Auvergne-Rhône-Alpes";"Thermique fossile";0,068633310572
2019-09;"Auvergne-Rhône-Alpes";"Thermique fossile";0,157857851349
2019-10;"Auvergne-Rhône-Alpes";"Thermique fossile";0,222017013835
2019-11;"Auvergne-Rhône-Alpes";"Thermique fossile";0,332590795536
2019-12;"Auvergne-Rhône-Alpes";"Thermique fossile";0,26937228174
2020-01;"Auvergne-Rhône-Alpes";"Thermique fossile";0,336512943677
2020-02;"Auvergne-Rhône-Alpes";"Thermique fossile";0,229481076555
2020-03;"Auvergne-Rhône-Alpes";"Thermique fossile";0,218340494654
2020-04;"Auvergne-Rhône-Alpes";"Thermique fossile";0,013909187874
2020-05;"Auvergne-Rhône-Alpes";"Thermique fossile";0,028762805118
2020-06;"Auvergne-Rhône-Alpes";"Thermique fossile";0,197628272673
2020-07;"Auvergne-Rhône-Alpes";"Thermique fossile";0,237683038605
2020-08;"Auvergne-Rhône-Alpes";"Thermique fossile";0,209706526712
2020-09;"Auvergne-Rhône-Alpes";"Thermique fossile";0,242967286042
2020-10;"Auvergne-Rhône-Alpes";"Thermique fossile";0,157918398951
2020-11;"Auvergne-Rhône-Alpes";"Thermique fossile";0,321795370821
2020-12;"Auvergne-Rhône-Alpes";"Thermique fossile";0,299446244254
2021-01;"Auvergne-Rhône-Alpes";"Thermique fossile";0,358419163788
2021-02;"Auvergne-Rhône-Alpes";"Thermique fossile";0,279113759183
2021-03;"Auvergne-Rhône-Alpes";"Thermique fossile";0,306348110734
2021-04;"Auvergne-Rhône-Alpes";"Thermique fossile";0,205093697656
2021-05;"Auvergne-Rhône-Alpes";"Thermique fossile";0,033688131432
2021-06;"Auvergne-Rhône-Alpes";"Thermique fossile";0,121979940918
2021-07;"Auvergne-Rhône-Alpes";"Thermique fossile";0,065478672798
2021-08;"Auvergne-Rhône-Alpes";"Thermique fossile";0,011351576029
2021-09;"Auvergne-Rhône-Alpes";"Thermique fossile";0,098506877406
2021-10;"Auvergne-Rhône-Alpes";"Thermique fossile";0,112924944869
2021-11;"Auvergne-Rhône-Alpes";"Thermique fossile";0,299542397297
2021-12;"Auvergne-Rhône-Alpes";"Thermique fossile";0,346890225848
2022-01;"Auvergne-Rhône-Alpes";"Thermique fossile";0,389007974426
2022-02;"Auvergne-Rhône-Alpes";"Thermique fossile";0,246852831183
2022-03;"Auvergne-Rhône-Alpes";"Thermique fossile";0,264241507762
2022-04;"Auvergne-Rhône-Alpes";"Thermique fossile";0,176340391961
2022-05;"Auvergne-Rhône-Alpes";"Thermique fossile";0,095515254968
2022-06;"Auvergne-Rhône-Alpes";"Thermique fossile";0,182827763368
2022-07;"Auvergne-Rhône-Alpes";"Thermique fossile";0,236974448351
2022-08;"Auvergne-Rhône-Alpes";"Thermique fossile";0,247299166858
2022-09;"Auvergne-Rhône-Alpes";"Thermique fossile";0,227867799954
2022-10;"Auvergne-Rhône-Alpes";"Thermique fossile";0,153953449895
2022-11;"Auvergne-Rhône-Alpes";"Thermique fossile";0,289231601869
2022-12;"Auvergne-Rhône-Alpes";"Thermique fossile";0,331998514144
2023-01;"Auvergne-Rhône-Alpes";"Thermique fossile";0,257304112696
2023-02;"Auvergne-Rhône-Alpes";"Thermique fossile";0,309686245912
2023-03;"Auvergne-Rhône-Alpes";"Thermique fossile";0,236787140782
2023-04;"Auvergne-Rhône-Alpes";"Thermique fossile";0,100157733032
2023-05;"Auvergne-Rhône-Alpes";"Thermique fossile";0,085741322825
2023-06;"Auvergne-Rhône-Alpes";"Thermique fossile";0,008909584928
2023-07;"Auvergne-Rhône-Alpes";"Thermique fossile";0,00858690945
2023-08;"Auvergne-Rhône-Alpes";"Thermique fossile";0,006265490802
2023-09;"Auvergne-Rhône-Alpes";"Thermique fossile";0,008275123356
2023-10;"Auvergne-Rhône-Alpes";"Thermique fossile";0,040745518031
2023-11;"Auvergne-Rhône-Alpes";"Thermique fossile";0,131355137
2023-12;"Auvergne-Rhône-Alpes";"Thermique fossile";0,212866119513
2024-01;"Auvergne-Rhône-Alpes";"Thermique fossile";0,259959245294
2024-02;"Auvergne-Rhône-Alpes";"Thermique fossile";0,155028676873
2024-03;"Auvergne-Rhône-Alpes";"Thermique fossile";0,146519902617
2024-04;"Auvergne-Rhône-Alpes";"Thermique fossile";0,026840709463
2024-05;"Auvergne-Rhône-Alpes";"Thermique fossile";0,005958379012
2024-06;"Auvergne-Rhône-Alpes";"Thermique fossile";0,016327933965
2024-07;"Auvergne-Rhône-Alpes";"Thermique fossile";0,015912654959
2024-08;"Auvergne-Rhône-Alpes";"Thermique fossile";0,023644344054
2024-09;"Auvergne-Rhône-Alpes";"Thermique fossile";0,029082726396
2024-10;"Auvergne-Rhône-Alpes";"Thermique fossile";0,028843464499
2024-11;"Auvergne-Rhône-Alpes";"Thermique fossile";0,154072495414
2024-12;"Auvergne-Rhône-Alpes";"Thermique fossile";0,171347624421
2025-01;"Auvergne-Rhône-Alpes";"Thermique fossile";0,219859983328
2025-02;"Auvergne-Rhône-Alpes";"Thermique fossile";0,189609981498
2025-03;"Auvergne-Rhône-Alpes";"Thermique fossile";0,157812285188
2025-04;"Auvergne-Rhône-Alpes";"Thermique fossile";0,035929379197
2025-05;"Auvergne-Rhône-Alpes";"Thermique fossile";0,006984402364
2025-06;"Auvergne-Rhône-Alpes";"Thermique fossile";0,020636811418
2025-07;"Auvergne-Rhône-Alpes";"Thermique fossile";0,049676004201
2025-08;"Auvergne-Rhône-Alpes";"Thermique fossile";0,048497885204
2025-09;"Auvergne-Rhône-Alpes";"Thermique fossile";0,013787199309
2025-10;"Auvergne-Rhône-Alpes";"Thermique fossile";0,066669739065
2025-11;"Auvergne-Rhône-Alpes";"Thermique fossile";0,1161681471
2014-01;"Auvergne-Rhône-Alpes";"Nucléaire";9,578044203
2014-02;"Auvergne-Rhône-Alpes";"Nucléaire";8,105587206
2014-03;"Auvergne-Rhône-Alpes";"Nucléaire";7,700958149
2014-04;"Auvergne-Rhône-Alpes";"Nucléaire";6,649728155
2014-05;"Auvergne-Rhône-Alpes";"Nucléaire";6,670370555
2014-06;"Auvergne-Rhône-Alpes";"Nucléaire";6,302013506
2014-07;"Auvergne-Rhône-Alpes";"Nucléaire";6,377779304
2014-08;"Auvergne-Rhône-Alpes";"Nucléaire";6,349763146
2014-09;"Auvergne-Rhône-Alpes";"Nucléaire";7,441898784
2014-10;"Auvergne-Rhône-Alpes";"Nucléaire";7,349015223
2014-11;"Auvergne-Rhône-Alpes";"Nucléaire";7,339914989
2014-12;"Auvergne-Rhône-Alpes";"Nucléaire";8,000739681
2015-01;"Auvergne-Rhône-Alpes";"Nucléaire";9,616968301
2015-02;"Auvergne-Rhône-Alpes";"Nucléaire";8,451816356
2015-03;"Auvergne-Rhône-Alpes";"Nucléaire";8,230613
2015-04;"Auvergne-Rhône-Alpes";"Nucléaire";7,275996003
2015-05;"Auvergne-Rhône-Alpes";"Nucléaire";6,96068027
2015-06;"Auvergne-Rhône-Alpes";"Nucléaire";7,200136508
2015-07;"Auvergne-Rhône-Alpes";"Nucléaire";7,398047448
2015-08;"Auvergne-Rhône-Alpes";"Nucléaire";7,848772306
2015-09;"Auvergne-Rhône-Alpes";"Nucléaire";6,158358878
2015-10;"Auvergne-Rhône-Alpes";"Nucléaire";6,643985853
2015-11;"Auvergne-Rhône-Alpes";"Nucléaire";7,191907867
2015-12;"Auvergne-Rhône-Alpes";"Nucléaire";7,876012091
2016-01;"Auvergne-Rhône-Alpes";"Nucléaire";8,770271647
2016-02;"Auvergne-Rhône-Alpes";"Nucléaire";8,217260028
2016-03;"Auvergne-Rhône-Alpes";"Nucléaire";7,630304452
2016-04;"Auvergne-Rhône-Alpes";"Nucléaire";6,610487
2016-05;"Auvergne-Rhône-Alpes";"Nucléaire";6,656285654
2016-06;"Auvergne-Rhône-Alpes";"Nucléaire";5,05274178
2016-07;"Auvergne-Rhône-Alpes";"Nucléaire";5,216540204
2016-08;"Auvergne-Rhône-Alpes";"Nucléaire";4,660456051
2016-09;"Auvergne-Rhône-Alpes";"Nucléaire";4,86038486
2016-10;"Auvergne-Rhône-Alpes";"Nucléaire";5,771019446
2016-11;"Auvergne-Rhône-Alpes";"Nucléaire";5,068407956
2016-12;"Auvergne-Rhône-Alpes";"Nucléaire";6,467661032
2017-01;"Auvergne-Rhône-Alpes";"Nucléaire";8,19129833
2017-02;"Auvergne-Rhône-Alpes";"Nucléaire";7,26609982
2017-03;"Auvergne-Rhône-Alpes";"Nucléaire";7,941611632
2017-04;"Auvergne-Rhône-Alpes";"Nucléaire";7,120949648
2017-05;"Auvergne-Rhône-Alpes";"Nucléaire";5,776731356
2017-06;"Auvergne-Rhône-Alpes";"Nucléaire";5,376830781
2017-07;"Auvergne-Rhône-Alpes";"Nucléaire";6,592136966
2017-08;"Auvergne-Rhône-Alpes";"Nucléaire";7,176971791
2017-09;"Auvergne-Rhône-Alpes";"Nucléaire";8,249836228
2017-10;"Auvergne-Rhône-Alpes";"Nucléaire";5,58292915
2017-11;"Auvergne-Rhône-Alpes";"Nucléaire";4,27762912
2017-12;"Auvergne-Rhône-Alpes";"Nucléaire";6,437611993
2018-01;"Auvergne-Rhône-Alpes";"Nucléaire";8,512849379
2018-02;"Auvergne-Rhône-Alpes";"Nucléaire";7,115832975
2018-03;"Auvergne-Rhône-Alpes";"Nucléaire";7,256741203
2018-04;"Auvergne-Rhône-Alpes";"Nucléaire";6,338628606
2018-05;"Auvergne-Rhône-Alpes";"Nucléaire";6,387591244
2018-06;"Auvergne-Rhône-Alpes";"Nucléaire";6,146535829
2018-07;"Auvergne-Rhône-Alpes";"Nucléaire";5,946085967
2018-08;"Auvergne-Rhône-Alpes";"Nucléaire";5,791229222
2018-09;"Auvergne-Rhône-Alpes";"Nucléaire";6,285088261
2018-10;"Auvergne-Rhône-Alpes";"Nucléaire";6,149565694
2018-11;"Auvergne-Rhône-Alpes";"Nucléaire";5,924065676
2018-12;"Auvergne-Rhône-Alpes";"Nucléaire";8,345203544
2019-01;"Auvergne-Rhône-Alpes";"Nucléaire";9,036324188
2019-02;"Auvergne-Rhône-Alpes";"Nucléaire";8,160050051
2019-03;"Auvergne-Rhône-Alpes";"Nucléaire";7,488896437
2019-04;"Auvergne-Rhône-Alpes";"Nucléaire";5,92041302
2019-05;"Auvergne-Rhône-Alpes";"Nucléaire";6,544070482
2019-06;"Auvergne-Rhône-Alpes";"Nucléaire";6,593557372
2019-07;"Auvergne-Rhône-Alpes";"Nucléaire";7,556704062
2019-08;"Auvergne-Rhône-Alpes";"Nucléaire";6,944553161
2019-09;"Auvergne-Rhône-Alpes";"Nucléaire";6,886695673
2019-10;"Auvergne-Rhône-Alpes";"Nucléaire";7,262111592
2019-11;"Auvergne-Rhône-Alpes";"Nucléaire";5,97159667
2019-12;"Auvergne-Rhône-Alpes";"Nucléaire";7,464767135
2020-01;"Auvergne-Rhône-Alpes";"Nucléaire";8,382942264
2020-02;"Auvergne-Rhône-Alpes";"Nucléaire";7,646852212
2020-03;"Auvergne-Rhône-Alpes";"Nucléaire";6,369252785
2020-04;"Auvergne-Rhône-Alpes";"Nucléaire";5,387431749
2020-05;"Auvergne-Rhône-Alpes";"Nucléaire";5,388745138
2020-06;"Auvergne-Rhône-Alpes";"Nucléaire";4,978228676
2020-07;"Auvergne-Rhône-Alpes";"Nucléaire";5,463415827
2020-08;"Auvergne-Rhône-Alpes";"Nucléaire";5,669207026
2020-09;"Auvergne-Rhône-Alpes";"Nucléaire";6,43645723
2020-10;"Auvergne-Rhône-Alpes";"Nucléaire";7,053950016
2020-11;"Auvergne-Rhône-Alpes";"Nucléaire";6,756107222
2020-12;"Auvergne-Rhône-Alpes";"Nucléaire";7,666658465
2021-01;"Auvergne-Rhône-Alpes";"Nucléaire";7,838720892
2021-02;"Auvergne-Rhône-Alpes";"Nucléaire";6,338571643
2021-03;"Auvergne-Rhône-Alpes";"Nucléaire";7,166376594
2021-04;"Auvergne-Rhône-Alpes";"Nucléaire";5,635359266
2021-05;"Auvergne-Rhône-Alpes";"Nucléaire";6,556919865
2021-06;"Auvergne-Rhône-Alpes";"Nucléaire";6,448885646
2021-07;"Auvergne-Rhône-Alpes";"Nucléaire";6,483959263
2021-08;"Auvergne-Rhône-Alpes";"Nucléaire";6,616767633
2021-09;"Auvergne-Rhône-Alpes";"Nucléaire";6,452994762
2021-10;"Auvergne-Rhône-Alpes";"Nucléaire";8,070514305
2021-11;"Auvergne-Rhône-Alpes";"Nucléaire";7,873126149
2021-12;"Auvergne-Rhône-Alpes";"Nucléaire";8,838066953166
2022-01;"Auvergne-Rhône-Alpes";"Nucléaire";9,02107354
2022-02;"Auvergne-Rhône-Alpes";"Nucléaire";7,282007515
2022-03;"Auvergne-Rhône-Alpes";"Nucléaire";7,40390485
2022-04;"Auvergne-Rhône-Alpes";"Nucléaire";5,990624374
2022-05;"Auvergne-Rhône-Alpes";"Nucléaire";5,139355298
2022-06;"Auvergne-Rhône-Alpes";"Nucléaire";5,776336728334
2022-07;"Auvergne-Rhône-Alpes";"Nucléaire";5,535490356005
2022-08;"Auvergne-Rhône-Alpes";"Nucléaire";5,035186589171
2022-09;"Auvergne-Rhône-Alpes";"Nucléaire";4,504051028503
2022-10;"Auvergne-Rhône-Alpes";"Nucléaire";4,551846076
2022-11;"Auvergne-Rhône-Alpes";"Nucléaire";5,26101148832
2022-12;"Auvergne-Rhône-Alpes";"Nucléaire";7,621233308829
2023-01;"Auvergne-Rhône-Alpes";"Nucléaire";9,197036903164
2023-02;"Auvergne-Rhône-Alpes";"Nucléaire";8,698067663658
2023-03;"Auvergne-Rhône-Alpes";"Nucléaire";8,286272885337
2023-04;"Auvergne-Rhône-Alpes";"Nucléaire";7,971683785166
2023-05;"Auvergne-Rhône-Alpes";"Nucléaire";6,732217739487
2023-06;"Auvergne-Rhône-Alpes";"Nucléaire";5,55048242616
2023-07;"Auvergne-Rhône-Alpes";"Nucléaire";5,93800816917
2023-08;"Auvergne-Rhône-Alpes";"Nucléaire";5,138006459497
2023-09;"Auvergne-Rhône-Alpes";"Nucléaire";6,115442770337
2023-10;"Auvergne-Rhône-Alpes";"Nucléaire";6,224893254004
2023-11;"Auvergne-Rhône-Alpes";"Nucléaire";6,241467917917
2023-12;"Auvergne-Rhône-Alpes";"Nucléaire";7,513789140171
2024-01;"Auvergne-Rhône-Alpes";"Nucléaire";7,391333273415
2024-02;"Auvergne-Rhône-Alpes";"Nucléaire";7,492986084253
2024-03;"Auvergne-Rhône-Alpes";"Nucléaire";6,923386629085
2024-04;"Auvergne-Rhône-Alpes";"Nucléaire";5,480251034082
2024-05;"Auvergne-Rhône-Alpes";"Nucléaire";5,849496167663
2024-06;"Auvergne-Rhône-Alpes";"Nucléaire";5,613192870007
2024-07;"Auvergne-Rhône-Alpes";"Nucléaire";7,189459656996
2024-08;"Auvergne-Rhône-Alpes";"Nucléaire";6,337267535082
2024-09;"Auvergne-Rhône-Alpes";"Nucléaire";5,084816243743
2024-10;"Auvergne-Rhône-Alpes";"Nucléaire";6,382708699668
2024-11;"Auvergne-Rhône-Alpes";"Nucléaire";7,889092716587
2024-12;"Auvergne-Rhône-Alpes";"Nucléaire";8,56782035717
2025-01;"Auvergne-Rhône-Alpes";"Nucléaire";8,548727783
2025-02;"Auvergne-Rhône-Alpes";"Nucléaire";6,923593866585
2025-03;"Auvergne-Rhône-Alpes";"Nucléaire";7,129201505834
2025-04;"Auvergne-Rhône-Alpes";"Nucléaire";6,952073586912
2025-05;"Auvergne-Rhône-Alpes";"Nucléaire";7,172354125746
2025-06;"Auvergne-Rhône-Alpes";"Nucléaire";6,752138859168
2025-07;"Auvergne-Rhône-Alpes";"Nucléaire";6,162137248417
2025-08;"Auvergne-Rhône-Alpes";"Nucléaire";5,775166263413
2025-09;"Auvergne-Rhône-Alpes";"Nucléaire";6,116952330833
2025-10;"Auvergne-Rhône-Alpes";"Nucléaire";6,448418794502
2025-11;"Auvergne-Rhône-Alpes";"Nucléaire";7,591548440497
2014-01;"Auvergne-Rhône-Alpes";"Thermique renouvelable et déchets";0,074183324
2014-02;"Auvergne-Rhône-Alpes";"Thermique renouvelable et déchets";0,069171685
2014-03;"Auvergne-Rhône-Alpes";"Thermique renouvelable et déchets";0,0756997
2014-04;"Auvergne-Rhône-Alpes";"Thermique renouvelable et déchets";0,057832179
2014-05;"Auvergne-Rhône-Alpes";"Thermique renouvelable et déchets";0,066961246
2014-06;"Auvergne-Rhône-Alpes";"Thermique renouvelable et déchets";0,055437074
2014-07;"Auvergne-Rhône-Alpes";"Thermique renouvelable et déchets";0,064495635
2014-08;"Auvergne-Rhône-Alpes";"Thermique renouvelable et déchets";0,068275256
2014-09;"Auvergne-Rhône-Alpes";"Thermique renouvelable et déchets";0,066898101
2014-10;"Auvergne-Rhône-Alpes";"Thermique renouvelable et déchets";0,060359869
2014-11;"Auvergne-Rhône-Alpes";"Thermique renouvelable et déchets";0,07968782
2014-12;"Auvergne-Rhône-Alpes";"Thermique renouvelable et déchets";0,079613873
2015-01;"Auvergne-Rhône-Alpes";"Thermique renouvelable et déchets";0,073465817
2015-02;"Auvergne-Rhône-Alpes";"Thermique renouvelable et déchets";0,065005715
2015-03;"Auvergne-Rhône-Alpes";"Thermique renouvelable et déchets";0,073965114
2015-04;"Auvergne-Rhône-Alpes";"Thermique renouvelable et déchets";0,061790267
2015-05;"Auvergne-Rhône-Alpes";"Thermique renouvelable et déchets";0,065137216
2015-06;"Auvergne-Rhône-Alpes";"Thermique renouvelable et déchets";0,058798621
2015-07;"Auvergne-Rhône-Alpes";"Thermique renouvelable et déchets";0,070101284
2015-08;"Auvergne-Rhône-Alpes";"Thermique renouvelable et déchets";0,068533913
2015-09;"Auvergne-Rhône-Alpes";"Thermique renouvelable et déchets";0,070535672
2015-10;"Auvergne-Rhône-Alpes";"Thermique renouvelable et déchets";0,061995891
2015-11;"Auvergne-Rhône-Alpes";"Thermique renouvelable et déchets";0,078546665
2015-12;"Auvergne-Rhône-Alpes";"Thermique renouvelable et déchets";0,080697539
2016-01;"Auvergne-Rhône-Alpes";"Thermique renouvelable et déchets";0,0825510665
2016-02;"Auvergne-Rhône-Alpes";"Thermique renouvelable et déchets";0,0774650195
2016-03;"Auvergne-Rhône-Alpes";"Thermique renouvelable et déchets";0,082905934
2016-04;"Auvergne-Rhône-Alpes";"Thermique renouvelable et déchets";0,078040950999
2016-05;"Auvergne-Rhône-Alpes";"Thermique renouvelable et déchets";0,070971109166
2016-06;"Auvergne-Rhône-Alpes";"Thermique renouvelable et déchets";0,071382027168
2016-07;"Auvergne-Rhône-Alpes";"Thermique renouvelable et déchets";0,0756247555
2016-08;"Auvergne-Rhône-Alpes";"Thermique renouvelable et déchets";0,0796425905
2016-09;"Auvergne-Rhône-Alpes";"Thermique renouvelable et déchets";0,070202420166
2016-10;"Auvergne-Rhône-Alpes";"Thermique renouvelable et déchets";0,063157433
2016-11;"Auvergne-Rhône-Alpes";"Thermique renouvelable et déchets";0,084471887
2016-12;"Auvergne-Rhône-Alpes";"Thermique renouvelable et déchets";0,086497424
2017-01;"Auvergne-Rhône-Alpes";"Thermique renouvelable et déchets";0,077767784
2017-02;"Auvergne-Rhône-Alpes";"Thermique renouvelable et déchets";0,070660645
2017-03;"Auvergne-Rhône-Alpes";"Thermique renouvelable et déchets";0,076570487
2017-04;"Auvergne-Rhône-Alpes";"Thermique renouvelable et déchets";0,063323328334
2017-05;"Auvergne-Rhône-Alpes";"Thermique renouvelable et déchets";0,060252996
2017-06;"Auvergne-Rhône-Alpes";"Thermique renouvelable et déchets";0,063360150501
2017-07;"Auvergne-Rhône-Alpes";"Thermique renouvelable et déchets";0,080434943667
2017-08;"Auvergne-Rhône-Alpes";"Thermique renouvelable et déchets";0,0696640255
2017-09;"Auvergne-Rhône-Alpes";"Thermique renouvelable et déchets";0,064778584833
2017-10;"Auvergne-Rhône-Alpes";"Thermique renouvelable et déchets";0,076365380168
2017-11;"Auvergne-Rhône-Alpes";"Thermique renouvelable et déchets";0,084378684
2017-12;"Auvergne-Rhône-Alpes";"Thermique renouvelable et déchets";0,088760355
2018-01;"Auvergne-Rhône-Alpes";"Thermique renouvelable et déchets";0,088286590167
2018-02;"Auvergne-Rhône-Alpes";"Thermique renouvelable et déchets";0,080235640163
2018-03;"Auvergne-Rhône-Alpes";"Thermique renouvelable et déchets";0,083394914167
2018-04;"Auvergne-Rhône-Alpes";"Thermique renouvelable et déchets";0,076210920166
2018-05;"Auvergne-Rhône-Alpes";"Thermique renouvelable et déchets";0,087851661832
2018-06;"Auvergne-Rhône-Alpes";"Thermique renouvelable et déchets";0,080901748332
2018-07;"Auvergne-Rhône-Alpes";"Thermique renouvelable et déchets";0,081253219667
2018-08;"Auvergne-Rhône-Alpes";"Thermique renouvelable et déchets";0,078430749165
2018-09;"Auvergne-Rhône-Alpes";"Thermique renouvelable et déchets";0,077505958167
2018-10;"Auvergne-Rhône-Alpes";"Thermique renouvelable et déchets";0,086054141498
2018-11;"Auvergne-Rhône-Alpes";"Thermique renouvelable et déchets";0,085238889835
2018-12;"Auvergne-Rhône-Alpes";"Thermique renouvelable et déchets";0,095116872501
2019-01;"Auvergne-Rhône-Alpes";"Thermique renouvelable et déchets";0,091568369998
2019-02;"Auvergne-Rhône-Alpes";"Thermique renouvelable et déchets";0,081005493831
2019-03;"Auvergne-Rhône-Alpes";"Thermique renouvelable et déchets";0,088084519167
2019-04;"Auvergne-Rhône-Alpes";"Thermique renouvelable et déchets";0,077478676836
2019-05;"Auvergne-Rhône-Alpes";"Thermique renouvelable et déchets";0,091614656667
2019-06;"Auvergne-Rhône-Alpes";"Thermique renouvelable et déchets";0,071807772165
2019-07;"Auvergne-Rhône-Alpes";"Thermique renouvelable et déchets";0,081673874333
2019-08;"Auvergne-Rhône-Alpes";"Thermique renouvelable et déchets";0,086061370666
2019-09;"Auvergne-Rhône-Alpes";"Thermique renouvelable et déchets";0,079410781669
2019-10;"Auvergne-Rhône-Alpes";"Thermique renouvelable et déchets";0,074708493999
2019-11;"Auvergne-Rhône-Alpes";"Thermique renouvelable et déchets";0,082844357667
2019-12;"Auvergne-Rhône-Alpes";"Thermique renouvelable et déchets";0,092615638834
2020-01;"Auvergne-Rhône-Alpes";"Thermique renouvelable et déchets";0,092529175002
2020-02;"Auvergne-Rhône-Alpes";"Thermique renouvelable et déchets";0,081950207166
2020-03;"Auvergne-Rhône-Alpes";"Thermique renouvelable et déchets";0,083796487163
2020-04;"Auvergne-Rhône-Alpes";"Thermique renouvelable et déchets";0,076174229335
2020-05;"Auvergne-Rhône-Alpes";"Thermique renouvelable et déchets";0,085580145834
2020-06;"Auvergne-Rhône-Alpes";"Thermique renouvelable et déchets";0,081726970999
2020-07;"Auvergne-Rhône-Alpes";"Thermique renouvelable et déchets";0,078391414833
2020-08;"Auvergne-Rhône-Alpes";"Thermique renouvelable et déchets";0,071774141331
2020-09;"Auvergne-Rhône-Alpes";"Thermique renouvelable et déchets";0,077236112334
2020-10;"Auvergne-Rhône-Alpes";"Thermique renouvelable et déchets";0,074934136499
2020-11;"Auvergne-Rhône-Alpes";"Thermique renouvelable et déchets";0,087613918668
2020-12;"Auvergne-Rhône-Alpes";"Thermique renouvelable et déchets";0,085196697332
2021-01;"Auvergne-Rhône-Alpes";"Thermique renouvelable et déchets";0,083549295165
2021-02;"Auvergne-Rhône-Alpes";"Thermique renouvelable et déchets";0,078760523168
2021-03;"Auvergne-Rhône-Alpes";"Thermique renouvelable et déchets";0,0888227445
2021-04;"Auvergne-Rhône-Alpes";"Thermique renouvelable et déchets";0,073591788999
2021-05;"Auvergne-Rhône-Alpes";"Thermique renouvelable et déchets";0,082003083332
2021-06;"Auvergne-Rhône-Alpes";"Thermique renouvelable et déchets";0,075638255501
2021-07;"Auvergne-Rhône-Alpes";"Thermique renouvelable et déchets";0,089305199832
2021-08;"Auvergne-Rhône-Alpes";"Thermique renouvelable et déchets";0,085996424333
2021-09;"Auvergne-Rhône-Alpes";"Thermique renouvelable et déchets";0,077121518335
2021-10;"Auvergne-Rhône-Alpes";"Thermique renouvelable et déchets";0,075807403998
2021-11;"Auvergne-Rhône-Alpes";"Thermique renouvelable et déchets";0,083500636668
2021-12;"Auvergne-Rhône-Alpes";"Thermique renouvelable et déchets";0,08545729717
2022-01;"Auvergne-Rhône-Alpes";"Thermique renouvelable et déchets";0,085612466699
2022-02;"Auvergne-Rhône-Alpes";"Thermique renouvelable et déchets";0,084854505497
2022-03;"Auvergne-Rhône-Alpes";"Thermique renouvelable et déchets";0,095267544686
2022-04;"Auvergne-Rhône-Alpes";"Thermique renouvelable et déchets";0,07927121788
2022-05;"Auvergne-Rhône-Alpes";"Thermique renouvelable et déchets";0,088580493085
2022-06;"Auvergne-Rhône-Alpes";"Thermique renouvelable et déchets";0,084565751918
2022-07;"Auvergne-Rhône-Alpes";"Thermique renouvelable et déchets";0,085397174591
2022-08;"Auvergne-Rhône-Alpes";"Thermique renouvelable et déchets";0,084548749103
2022-09;"Auvergne-Rhône-Alpes";"Thermique renouvelable et déchets";0,08363652022
2022-10;"Auvergne-Rhône-Alpes";"Thermique renouvelable et déchets";0,074990404683
2022-11;"Auvergne-Rhône-Alpes";"Thermique renouvelable et déchets";0,082260434989
2022-12;"Auvergne-Rhône-Alpes";"Thermique renouvelable et déchets";0,083733717159
2023-01;"Auvergne-Rhône-Alpes";"Thermique renouvelable et déchets";0,080318840965
2023-02;"Auvergne-Rhône-Alpes";"Thermique renouvelable et déchets";0,074875152283
2023-03;"Auvergne-Rhône-Alpes";"Thermique renouvelable et déchets";0,077976254173
2023-04;"Auvergne-Rhône-Alpes";"Thermique renouvelable et déchets";0,077111615219
2023-05;"Auvergne-Rhône-Alpes";"Thermique renouvelable et déchets";0,083106163437
2023-06;"Auvergne-Rhône-Alpes";"Thermique renouvelable et déchets";0,084941323656
2023-07;"Auvergne-Rhône-Alpes";"Thermique renouvelable et déchets";0,092532264445
2023-08;"Auvergne-Rhône-Alpes";"Thermique renouvelable et déchets";0,084179271699
2023-09;"Auvergne-Rhône-Alpes";"Thermique renouvelable et déchets";0,081517249723
2023-10;"Auvergne-Rhône-Alpes";"Thermique renouvelable et déchets";0,07357498799
2023-11;"Auvergne-Rhône-Alpes";"Thermique renouvelable et déchets";0,084974807878
2023-12;"Auvergne-Rhône-Alpes";"Thermique renouvelable et déchets";0,085285602418
2024-01;"Auvergne-Rhône-Alpes";"Thermique renouvelable et déchets";0,088339390221
2024-02;"Auvergne-Rhône-Alpes";"Thermique renouvelable et déchets";0,083583368226
2024-03;"Auvergne-Rhône-Alpes";"Thermique renouvelable et déchets";0,091504192144
2024-04;"Auvergne-Rhône-Alpes";"Thermique renouvelable et déchets";0,079308932567
2024-05;"Auvergne-Rhône-Alpes";"Thermique renouvelable et déchets";0,091363792486
2024-06;"Auvergne-Rhône-Alpes";"Thermique renouvelable et déchets";0,0761921252
2024-07;"Auvergne-Rhône-Alpes";"Thermique renouvelable et déchets";0,08438968333
2024-08;"Auvergne-Rhône-Alpes";"Thermique renouvelable et déchets";0,08846460106
2024-09;"Auvergne-Rhône-Alpes";"Thermique renouvelable et déchets";0,083678250224
2024-10;"Auvergne-Rhône-Alpes";"Thermique renouvelable et déchets";0,08366239349
2024-11;"Auvergne-Rhône-Alpes";"Thermique renouvelable et déchets";0,077899724063
2024-12;"Auvergne-Rhône-Alpes";"Thermique renouvelable et déchets";0,075940146532
2025-01;"Auvergne-Rhône-Alpes";"Thermique renouvelable et déchets";0,078068382056
2025-02;"Auvergne-Rhône-Alpes";"Thermique renouvelable et déchets";0,073385334515
2025-03;"Auvergne-Rhône-Alpes";"Thermique renouvelable et déchets";0,090861669223
2025-04;"Auvergne-Rhône-Alpes";"Thermique renouvelable et déchets";0,085604532998
2025-05;"Auvergne-Rhône-Alpes";"Thermique renouvelable et déchets";0,091127740146
2025-06;"Auvergne-Rhône-Alpes";"Thermique renouvelable et déchets";0,080305175201
2025-07;"Auvergne-Rhône-Alpes";"Thermique renouvelable et déchets";0,092901349729
2025-08;"Auvergne-Rhône-Alpes";"Thermique renouvelable et déchets";0,081827531313
2025-09;"Auvergne-Rhône-Alpes";"Thermique renouvelable et déchets";0,072109140251
2025-10;"Auvergne-Rhône-Alpes";"Thermique renouvelable et déchets";0,0625505804
2025-11;"Auvergne-Rhône-Alpes";"Thermique renouvelable et déchets";0,076571790877
2014-01;"Auvergne-Rhône-Alpes";"Energie produite";12,925978023469
2014-02;"Auvergne-Rhône-Alpes";"Energie produite";11,225085190855
2014-03;"Auvergne-Rhône-Alpes";"Energie produite";10,75194511682
2014-04;"Auvergne-Rhône-Alpes";"Energie produite";9,104656205927
2014-05;"Auvergne-Rhône-Alpes";"Energie produite";9,406525449277
2014-06;"Auvergne-Rhône-Alpes";"Energie produite";8,649949018406
2014-07;"Auvergne-Rhône-Alpes";"Energie produite";9,428941468844
2014-08;"Auvergne-Rhône-Alpes";"Energie produite";8,993770582407
2014-09;"Auvergne-Rhône-Alpes";"Energie produite";9,194239116899
2014-10;"Auvergne-Rhône-Alpes";"Energie produite";9,17617514182
2014-11;"Auvergne-Rhône-Alpes";"Energie produite";9,891191219321
2014-12;"Auvergne-Rhône-Alpes";"Energie produite";10,610912809904
2015-01;"Auvergne-Rhône-Alpes";"Energie produite";12,623602307151
2015-02;"Auvergne-Rhône-Alpes";"Energie produite";11,660430053479
2015-03;"Auvergne-Rhône-Alpes";"Energie produite";11,338195006535
2015-04;"Auvergne-Rhône-Alpes";"Energie produite";10,057701700567
2015-05;"Auvergne-Rhône-Alpes";"Energie produite";10,086969160086
2015-06;"Auvergne-Rhône-Alpes";"Energie produite";10,012684490243
2015-07;"Auvergne-Rhône-Alpes";"Energie produite";9,667474325561
2015-08;"Auvergne-Rhône-Alpes";"Energie produite";9,694683756716
2015-09;"Auvergne-Rhône-Alpes";"Energie produite";7,974599926594
2015-10;"Auvergne-Rhône-Alpes";"Energie produite";8,760366081782
2015-11;"Auvergne-Rhône-Alpes";"Energie produite";9,235951829817
2015-12;"Auvergne-Rhône-Alpes";"Energie produite";9,98927303015
2016-01;"Auvergne-Rhône-Alpes";"Energie produite";11,819397180265
2016-02;"Auvergne-Rhône-Alpes";"Energie produite";11,575679300066
2016-03;"Auvergne-Rhône-Alpes";"Energie produite";10,724559432333
2016-04;"Auvergne-Rhône-Alpes";"Energie produite";9,555309770878
2016-05;"Auvergne-Rhône-Alpes";"Energie produite";9,721801551887
2016-06;"Auvergne-Rhône-Alpes";"Energie produite";8,498769457201
2016-07;"Auvergne-Rhône-Alpes";"Energie produite";8,121906478054
2016-08;"Auvergne-Rhône-Alpes";"Energie produite";6,752093173546
2016-09;"Auvergne-Rhône-Alpes";"Energie produite";6,722187188146
2016-10;"Auvergne-Rhône-Alpes";"Energie produite";7,684254366176
2016-11;"Auvergne-Rhône-Alpes";"Energie produite";7,627971595557
2016-12;"Auvergne-Rhône-Alpes";"Energie produite";8,974837371354
2017-01;"Auvergne-Rhône-Alpes";"Energie produite";10,941525796867
2017-02;"Auvergne-Rhône-Alpes";"Energie produite";9,679357504716
2017-03;"Auvergne-Rhône-Alpes";"Energie produite";11,067086727711
2017-04;"Auvergne-Rhône-Alpes";"Energie produite";9,178702851629
2017-05;"Auvergne-Rhône-Alpes";"Energie produite";8,535335789829
2017-06;"Auvergne-Rhône-Alpes";"Energie produite";8,021640437646
2017-07;"Auvergne-Rhône-Alpes";"Energie produite";8,672927663389
2017-08;"Auvergne-Rhône-Alpes";"Energie produite";9,056200305506
2017-09;"Auvergne-Rhône-Alpes";"Energie produite";9,789590170999
2017-10;"Auvergne-Rhône-Alpes";"Energie produite";7,180381031021
2017-11;"Auvergne-Rhône-Alpes";"Energie produite";6,568710055125
2017-12;"Auvergne-Rhône-Alpes";"Energie produite";9,257167567973
2018-01;"Auvergne-Rhône-Alpes";"Energie produite";11,75211106632
2018-02;"Auvergne-Rhône-Alpes";"Energie produite";10,406267141321
2018-03;"Auvergne-Rhône-Alpes";"Energie produite";10,455149767975
2018-04;"Auvergne-Rhône-Alpes";"Energie produite";9,358800275281
2018-05;"Auvergne-Rhône-Alpes";"Energie produite";10,052797101929
2018-06;"Auvergne-Rhône-Alpes";"Energie produite";9,799275587168
2018-07;"Auvergne-Rhône-Alpes";"Energie produite";8,835213971085
2018-08;"Auvergne-Rhône-Alpes";"Energie produite";8,200892746147
2018-09;"Auvergne-Rhône-Alpes";"Energie produite";7,95866203867
2018-10;"Auvergne-Rhône-Alpes";"Energie produite";7,845850863074
2018-11;"Auvergne-Rhône-Alpes";"Energie produite";8,100660479501
2018-12;"Auvergne-Rhône-Alpes";"Energie produite";11,244240722821
2019-01;"Auvergne-Rhône-Alpes";"Energie produite";11,910935273389
2019-02;"Auvergne-Rhône-Alpes";"Energie produite";10,838229165777
2019-03;"Auvergne-Rhône-Alpes";"Energie produite";10,334715013402
2019-04;"Auvergne-Rhône-Alpes";"Energie produite";8,202412912063
2019-05;"Auvergne-Rhône-Alpes";"Energie produite";9,39110057726
2019-06;"Auvergne-Rhône-Alpes";"Energie produite";9,797823596483
2019-07;"Auvergne-Rhône-Alpes";"Energie produite";10,241716598261
2019-08;"Auvergne-Rhône-Alpes";"Energie produite";9,04741534622
2019-09;"Auvergne-Rhône-Alpes";"Energie produite";8,424692431147
2019-10;"Auvergne-Rhône-Alpes";"Energie produite";9,564421245472
2019-11;"Auvergne-Rhône-Alpes";"Energie produite";9,277782741695
2019-12;"Auvergne-Rhône-Alpes";"Energie produite";11,093777826075
2020-01;"Auvergne-Rhône-Alpes";"Energie produite";11,53358256075
2020-02;"Auvergne-Rhône-Alpes";"Energie produite";10,777004291286
2020-03;"Auvergne-Rhône-Alpes";"Energie produite";9,794550245139
2020-04;"Auvergne-Rhône-Alpes";"Energie produite";7,967541055265
2020-05;"Auvergne-Rhône-Alpes";"Energie produite";8,681600844613
2020-06;"Auvergne-Rhône-Alpes";"Energie produite";8,35093688715
2020-07;"Auvergne-Rhône-Alpes";"Energie produite";8,394099245279
2020-08;"Auvergne-Rhône-Alpes";"Energie produite";8,090966612701
2020-09;"Auvergne-Rhône-Alpes";"Energie produite";8,58605168854
2020-10;"Auvergne-Rhône-Alpes";"Energie produite";9,713681611951
2020-11;"Auvergne-Rhône-Alpes";"Energie produite";9,25322468066
2020-12;"Auvergne-Rhône-Alpes";"Energie produite";10,652230062747
2021-01;"Auvergne-Rhône-Alpes";"Energie produite";11,47104906479
2021-02;"Auvergne-Rhône-Alpes";"Energie produite";9,665190905002
2021-03;"Auvergne-Rhône-Alpes";"Energie produite";10,327563914558
2021-04;"Auvergne-Rhône-Alpes";"Energie produite";7,892237116989
2021-05;"Auvergne-Rhône-Alpes";"Energie produite";9,737879760918
2021-06;"Auvergne-Rhône-Alpes";"Energie produite";9,885333475422
2021-07;"Auvergne-Rhône-Alpes";"Energie produite";9,7368875488
2021-08;"Auvergne-Rhône-Alpes";"Energie produite";9,157266271691
2021-09;"Auvergne-Rhône-Alpes";"Energie produite";8,333454210541
2021-10;"Auvergne-Rhône-Alpes";"Energie produite";9,906769439532
2021-11;"Auvergne-Rhône-Alpes";"Energie produite";10,181459347294
2021-12;"Auvergne-Rhône-Alpes";"Energie produite";11,612820883857
2022-01;"Auvergne-Rhône-Alpes";"Energie produite";12,180182868289
2022-02;"Auvergne-Rhône-Alpes";"Energie produite";9,86792321228
2022-03;"Auvergne-Rhône-Alpes";"Energie produite";9,975095109564
2022-04;"Auvergne-Rhône-Alpes";"Energie produite";8,658714275937
2022-05;"Auvergne-Rhône-Alpes";"Energie produite";7,94039386839
2022-06;"Auvergne-Rhône-Alpes";"Energie produite";8,41651943449
2022-07;"Auvergne-Rhône-Alpes";"Energie produite";7,960612888103
2022-08;"Auvergne-Rhône-Alpes";"Energie produite";6,983500066186
2022-09;"Auvergne-Rhône-Alpes";"Energie produite";6,232435569085
2022-10;"Auvergne-Rhône-Alpes";"Energie produite";6,475057226173
2022-11;"Auvergne-Rhône-Alpes";"Energie produite";7,810264935473
2022-12;"Auvergne-Rhône-Alpes";"Energie produite";10,661626772103
2023-01;"Auvergne-Rhône-Alpes";"Energie produite";12,536912830319
2023-02;"Auvergne-Rhône-Alpes";"Energie produite";11,020818286776
2023-03;"Auvergne-Rhône-Alpes";"Energie produite";10,793351763576
2023-04;"Auvergne-Rhône-Alpes";"Energie produite";10,455062323144
2023-05;"Auvergne-Rhône-Alpes";"Energie produite";9,827320574403
2023-06;"Auvergne-Rhône-Alpes";"Energie produite";8,926256008943
2023-07;"Auvergne-Rhône-Alpes";"Energie produite";8,64717428684
2023-08;"Auvergne-Rhône-Alpes";"Energie produite";7,505842648983
2023-09;"Auvergne-Rhône-Alpes";"Energie produite";8,102664148583
2023-10;"Auvergne-Rhône-Alpes";"Energie produite";8,308443621033
2023-11;"Auvergne-Rhône-Alpes";"Energie produite";9,508270700977
2023-12;"Auvergne-Rhône-Alpes";"Energie produite";11,06113583653
2024-01;"Auvergne-Rhône-Alpes";"Energie produite";11,317575616517
2024-02;"Auvergne-Rhône-Alpes";"Energie produite";10,832575208981
2024-03;"Auvergne-Rhône-Alpes";"Energie produite";10,390413017268
2024-04;"Auvergne-Rhône-Alpes";"Energie produite";8,564978468237
2024-05;"Auvergne-Rhône-Alpes";"Energie produite";9,533693546128
2024-06;"Auvergne-Rhône-Alpes";"Energie produite";9,120023641515
2024-07;"Auvergne-Rhône-Alpes";"Energie produite";10,758618473225
2024-08;"Auvergne-Rhône-Alpes";"Energie produite";9,144257643852
2024-09;"Auvergne-Rhône-Alpes";"Energie produite";7,413263908921
2024-10;"Auvergne-Rhône-Alpes";"Energie produite";9,640052262643
2024-11;"Auvergne-Rhône-Alpes";"Energie produite";10,461344395082
2024-12;"Auvergne-Rhône-Alpes";"Energie produite";11,913220695829
2025-01;"Auvergne-Rhône-Alpes";"Energie produite";12,191325126864
2025-02;"Auvergne-Rhône-Alpes";"Energie produite";10,205382326287
2025-03;"Auvergne-Rhône-Alpes";"Energie produite";10,116306677426
2025-04;"Auvergne-Rhône-Alpes";"Energie produite";9,61144466459
2025-05;"Auvergne-Rhône-Alpes";"Energie produite";10,141180665936
2025-06;"Auvergne-Rhône-Alpes";"Energie produite";9,950507996304
2025-07;"Auvergne-Rhône-Alpes";"Energie produite";8,720321414741
2025-08;"Auvergne-Rhône-Alpes";"Energie produite";7,921876172801
2025-09;"Auvergne-Rhône-Alpes";"Energie produite";8,263149814126
2025-10;"Auvergne-Rhône-Alpes";"Energie produite";8,69068268376
2025-11;"Auvergne-Rhône-Alpes";"Energie produite";10,678957779345
2014-01;"Provence-Alpes-Côte d'Azur";"Autre";1,0015079043857E-19
2014-02;"Provence-Alpes-Côte d'Azur";"Autre";-6,0583135730319E-19
2014-03;"Provence-Alpes-Côte d'Azur";"Autre";4,3100245594729E-19
2014-04;"Provence-Alpes-Côte d'Azur";"Autre";-1,8980641711131E-18
2014-05;"Provence-Alpes-Côte d'Azur";"Autre";4,685479434996E-19
2014-06;"Provence-Alpes-Côte d'Azur";"Autre";-9,0191222545943E-19
2014-07;"Provence-Alpes-Côte d'Azur";"Autre";-7,3079823442734E-19
2014-08;"Provence-Alpes-Côte d'Azur";"Autre";1,3441869145536E-18
2014-09;"Provence-Alpes-Côte d'Azur";"Autre";9,8559615330229E-19
2014-10;"Provence-Alpes-Côte d'Azur";"Autre";-4,5486184263588E-19
2014-11;"Provence-Alpes-Côte d'Azur";"Autre";-1,1138529334986E-18
2014-12;"Provence-Alpes-Côte d'Azur";"Autre";1,5644950612792E-19
2015-01;"Provence-Alpes-Côte d'Azur";"Autre";-2,6185997814565E-19
2015-02;"Provence-Alpes-Côte d'Azur";"Autre";1,4123147096257E-18
2015-03;"Provence-Alpes-Côte d'Azur";"Autre";6,3968014912819E-19
2015-04;"Provence-Alpes-Côte d'Azur";"Autre";9,0533830432449E-19
2015-05;"Provence-Alpes-Côte d'Azur";"Autre";-2,5200258546576E-18
2015-06;"Provence-Alpes-Côte d'Azur";"Autre";3,7037361025338E-18
2015-07;"Provence-Alpes-Côte d'Azur";"Autre";-5,6701180209395E-18
2015-08;"Provence-Alpes-Côte d'Azur";"Autre";7,0347633968071E-19
2015-09;"Provence-Alpes-Côte d'Azur";"Autre";-1,2979010227676E-18
2015-10;"Provence-Alpes-Côte d'Azur";"Autre";1,9211299218114E-18
2015-11;"Provence-Alpes-Côte d'Azur";"Autre";-2,9152374958485E-19
2015-12;"Provence-Alpes-Côte d'Azur";"Autre";2,1207601647033E-19
2016-01;"Provence-Alpes-Côte d'Azur";"Autre";-1,0022260799047E-18
2016-02;"Provence-Alpes-Côte d'Azur";"Autre";2,7538735181132E-19
2016-03;"Provence-Alpes-Côte d'Azur";"Autre";9,0572167821268E-19
2016-04;"Provence-Alpes-Côte d'Azur";"Autre";-3,9842478274932E-18
2016-05;"Provence-Alpes-Côte d'Azur";"Autre";-7,05206726348E-19
2016-06;"Provence-Alpes-Côte d'Azur";"Autre";-8,840246243369E-19
2016-07;"Provence-Alpes-Côte d'Azur";"Autre";-1,5656226315386E-18
2016-08;"Provence-Alpes-Côte d'Azur";"Autre";-3,0552851915111E-18
2016-09;"Provence-Alpes-Côte d'Azur";"Autre";-4,1723013932682E-18
2016-10;"Provence-Alpes-Côte d'Azur";"Autre";1,0012182055652E-18
2016-11;"Provence-Alpes-Côte d'Azur";"Autre";-1,3720830027708E-18
2016-12;"Provence-Alpes-Côte d'Azur";"Autre";2,493534892456E-19
2017-01;"Provence-Alpes-Côte d'Azur";"Autre";0,000851911
2017-02;"Provence-Alpes-Côte d'Azur";"Autre";0,001277864
2017-03;"Provence-Alpes-Côte d'Azur";"Autre";0,000425956
2017-04;"Provence-Alpes-Côte d'Azur";"Autre";-1,0870072203462E-18
2017-05;"Provence-Alpes-Côte d'Azur";"Autre";1,1551593015469E-18
2017-06;"Provence-Alpes-Côte d'Azur";"Autre";6,9424327397982E-19
2017-07;"Provence-Alpes-Côte d'Azur";"Autre";2,0509288711779E-19
2017-08;"Provence-Alpes-Côte d'Azur";"Autre";-9,615606921809E-19
2017-09;"Provence-Alpes-Côte d'Azur";"Autre";4,8302854771531E-19
2017-10;"Provence-Alpes-Côte d'Azur";"Autre";0,000425954
2017-11;"Provence-Alpes-Côte d'Azur";"Autre";0,00085191
2017-12;"Provence-Alpes-Côte d'Azur";"Autre";0,000425971
2018-01;"Provence-Alpes-Côte d'Azur";"Autre";0,000314278
2018-02;"Provence-Alpes-Côte d'Azur";"Autre";0,000283864
2018-03;"Provence-Alpes-Côte d'Azur";"Autre";0,000314289
2018-04;"Provence-Alpes-Côte d'Azur";"Autre";0,00030414
2018-05;"Provence-Alpes-Côte d'Azur";"Autre";0,000314278
2018-06;"Provence-Alpes-Côte d'Azur";"Autre";0,00030414
2018-07;"Provence-Alpes-Côte d'Azur";"Autre";0,000314278
2018-08;"Provence-Alpes-Côte d'Azur";"Autre";0,000314278
2018-09;"Provence-Alpes-Côte d'Azur";"Autre";0,00030414
2018-10;"Provence-Alpes-Côte d'Azur";"Autre";0,000314297
2018-11;"Provence-Alpes-Côte d'Azur";"Autre";0,00030414
2018-12;"Provence-Alpes-Côte d'Azur";"Autre";0,000314278
2019-01;"Provence-Alpes-Côte d'Azur";"Autre";0,000574027
2019-02;"Provence-Alpes-Côte d'Azur";"Autre";0,000518476
2019-03;"Provence-Alpes-Côte d'Azur";"Autre";0,00057406
2019-04;"Provence-Alpes-Côte d'Azur";"Autre";0,00055551
2019-05;"Provence-Alpes-Côte d'Azur";"Autre";0,000666376
2019-06;"Provence-Alpes-Côte d'Azur";"Autre";0,000651526
2019-07;"Provence-Alpes-Côte d'Azur";"Autre";0,000664369
2019-08;"Provence-Alpes-Côte d'Azur";"Autre";0,000650106
2019-09;"Provence-Alpes-Côte d'Azur";"Autre";0,00061371
2019-10;"Provence-Alpes-Côte d'Azur";"Autre";0,000608075
2019-11;"Provence-Alpes-Côte d'Azur";"Autre";0,00057117
2019-12;"Provence-Alpes-Côte d'Azur";"Autre";0,000585001
2020-01;"Provence-Alpes-Côte d'Azur";"Autre";0,000584784
2020-02;"Provence-Alpes-Côte d'Azur";"Autre";0,00054433
2020-03;"Provence-Alpes-Côte d'Azur";"Autre";0,000624646
2020-04;"Provence-Alpes-Côte d'Azur";"Autre";0,00063582
2020-05;"Provence-Alpes-Côte d'Azur";"Autre";0,000666624
2020-06;"Provence-Alpes-Côte d'Azur";"Autre";0,00064767
2020-07;"Provence-Alpes-Côte d'Azur";"Autre";0,000661819
2020-08;"Provence-Alpes-Côte d'Azur";"Autre";0,000648272
2020-09;"Provence-Alpes-Côte d'Azur";"Autre";0,00061137
2020-10;"Provence-Alpes-Côte d'Azur";"Autre";0,000574023
2020-11;"Provence-Alpes-Côte d'Azur";"Autre";0,00055551
2020-12;"Provence-Alpes-Côte d'Azur";"Autre";0,000574027
2021-01;"Provence-Alpes-Côte d'Azur";"Autre";0,000574027
2021-02;"Provence-Alpes-Côte d'Azur";"Autre";0,000518476
2021-03;"Provence-Alpes-Côte d'Azur";"Autre";0,00057406
2021-04;"Provence-Alpes-Côte d'Azur";"Autre";0,00055550999999999
2021-05;"Provence-Alpes-Côte d'Azur";"Autre";0,000574027
2021-06;"Provence-Alpes-Côte d'Azur";"Autre";0,00055551
2021-07;"Provence-Alpes-Côte d'Azur";"Autre";0,000574027
2021-08;"Provence-Alpes-Côte d'Azur";"Autre";0,000574027
2021-09;"Provence-Alpes-Côte d'Azur";"Autre";0,00055551
2021-10;"Provence-Alpes-Côte d'Azur";"Autre";0,000574023
2021-11;"Provence-Alpes-Côte d'Azur";"Autre";0,00055551
2021-12;"Provence-Alpes-Côte d'Azur";"Autre";0,000574027
2022-01;"Provence-Alpes-Côte d'Azur";"Autre";0,000654177455
2022-02;"Provence-Alpes-Côte d'Azur";"Autre";0,00051878266
2022-03;"Provence-Alpes-Côte d'Azur";"Autre";0,000574554926
2022-04;"Provence-Alpes-Côte d'Azur";"Autre";0,000555911852
2022-05;"Provence-Alpes-Côte d'Azur";"Autre";0,000574477607
2022-06;"Provence-Alpes-Côte d'Azur";"Autre";0,000556019849
2022-07;"Provence-Alpes-Côte d'Azur";"Autre";0,000574573141
2022-08;"Provence-Alpes-Côte d'Azur";"Autre";0,000574338443
2022-09;"Provence-Alpes-Côte d'Azur";"Autre";0,00055588985
2022-10;"Provence-Alpes-Côte d'Azur";"Autre";0,000555885459
2022-11;"Provence-Alpes-Côte d'Azur";"Autre";0,000848942949
2022-12;"Provence-Alpes-Côte d'Azur";"Autre";0,000555868463
2023-01;"Provence-Alpes-Côte d'Azur";"Autre";0,000555873458
2023-02;"Provence-Alpes-Côte d'Azur";"Autre";0,00056969339
2023-03;"Provence-Alpes-Côte d'Azur";"Autre";0,000556121461
2023-04;"Provence-Alpes-Côte d'Azur";"Autre";0,000556472853
2023-05;"Provence-Alpes-Côte d'Azur";"Autre";0,000556410463
2023-06;"Provence-Alpes-Côte d'Azur";"Autre";0,000555989178
2023-07;"Provence-Alpes-Côte d'Azur";"Autre";0,000556001133
2023-08;"Provence-Alpes-Côte d'Azur";"Autre";0,00055644346100001
2023-09;"Provence-Alpes-Côte d'Azur";"Autre";0,000556459048
2023-10;"Provence-Alpes-Côte d'Azur";"Autre";0,000557400685
2023-11;"Provence-Alpes-Côte d'Azur";"Autre";0,000582080601
2023-12;"Provence-Alpes-Côte d'Azur";"Autre";0,001530636298
2024-01;"Provence-Alpes-Côte d'Azur";"Autre";0,001467991748
2024-02;"Provence-Alpes-Côte d'Azur";"Autre";0,001458870918
2024-03;"Provence-Alpes-Côte d'Azur";"Autre";0,000591001481
2024-04;"Provence-Alpes-Côte d'Azur";"Autre";0,000585104367
2024-05;"Provence-Alpes-Côte d'Azur";"Autre";0,000587346356
2024-06;"Provence-Alpes-Côte d'Azur";"Autre";0,000587050104
2024-07;"Provence-Alpes-Côte d'Azur";"Autre";0,00059181562800001
2024-08;"Provence-Alpes-Côte d'Azur";"Autre";0,000588195971
2024-09;"Provence-Alpes-Côte d'Azur";"Autre";0,000596786455
2024-10;"Provence-Alpes-Côte d'Azur";"Autre";0,000584969522
2024-11;"Provence-Alpes-Côte d'Azur";"Autre";0,0005766915
2024-12;"Provence-Alpes-Côte d'Azur";"Autre";0,000580579265
2025-01;"Provence-Alpes-Côte d'Azur";"Autre";0,00058209142
2025-02;"Provence-Alpes-Côte d'Azur";"Autre";0,000594498601
2025-03;"Provence-Alpes-Côte d'Azur";"Autre";0,000636808782
2025-04;"Provence-Alpes-Côte d'Azur";"Autre";0,000645603583
2025-05;"Provence-Alpes-Côte d'Azur";"Autre";0,000652949206
2025-06;"Provence-Alpes-Côte d'Azur";"Autre";0,000615716718
2025-07;"Provence-Alpes-Côte d'Azur";"Autre";0,00063952202399999
2025-08;"Provence-Alpes-Côte d'Azur";"Autre";0,00061892187
2025-09;"Provence-Alpes-Côte d'Azur";"Autre";0,000620082364
2025-10;"Provence-Alpes-Côte d'Azur";"Autre";0,00060328595399999
2025-11;"Provence-Alpes-Côte d'Azur";"Autre";0,000584796153
2014-01;"Provence-Alpes-Côte d'Azur";"Solaire";0,034546662
2014-02;"Provence-Alpes-Côte d'Azur";"Solaire";0,044027468
2014-03;"Provence-Alpes-Côte d'Azur";"Solaire";0,091550229
2014-04;"Provence-Alpes-Côte d'Azur";"Solaire";0,098830492
2014-05;"Provence-Alpes-Côte d'Azur";"Solaire";0,118788242
2014-06;"Provence-Alpes-Côte d'Azur";"Solaire";0,116684456
2014-07;"Provence-Alpes-Côte d'Azur";"Solaire";0,117815965
2014-08;"Provence-Alpes-Côte d'Azur";"Solaire";0,128292242
2014-09;"Provence-Alpes-Côte d'Azur";"Solaire";0,097896428
2014-10;"Provence-Alpes-Côte d'Azur";"Solaire";0,07944522
2014-11;"Provence-Alpes-Côte d'Azur";"Solaire";0,040030514
2014-12;"Provence-Alpes-Côte d'Azur";"Solaire";0,042233693
2015-01;"Provence-Alpes-Côte d'Azur";"Solaire";0,054710292
2015-02;"Provence-Alpes-Côte d'Azur";"Solaire";0,064491418
2015-03;"Provence-Alpes-Côte d'Azur";"Solaire";0,09087641
2015-04;"Provence-Alpes-Côte d'Azur";"Solaire";0,120684454
2015-05;"Provence-Alpes-Côte d'Azur";"Solaire";0,139598583
2015-06;"Provence-Alpes-Côte d'Azur";"Solaire";0,139493452
2015-07;"Provence-Alpes-Côte d'Azur";"Solaire";0,149273669
2015-08;"Provence-Alpes-Côte d'Azur";"Solaire";0,134110973
2015-09;"Provence-Alpes-Côte d'Azur";"Solaire";0,113588382
2015-10;"Provence-Alpes-Côte d'Azur";"Solaire";0,082179322
2015-11;"Provence-Alpes-Côte d'Azur";"Solaire";0,07484596
2015-12;"Provence-Alpes-Côte d'Azur";"Solaire";0,040981689
2016-01;"Provence-Alpes-Côte d'Azur";"Solaire";0,049634743
2016-02;"Provence-Alpes-Côte d'Azur";"Solaire";0,070526278
2016-03;"Provence-Alpes-Côte d'Azur";"Solaire";0,108678986
2016-04;"Provence-Alpes-Côte d'Azur";"Solaire";0,125677947
2016-05;"Provence-Alpes-Côte d'Azur";"Solaire";0,149495562
2016-06;"Provence-Alpes-Côte d'Azur";"Solaire";0,15329213
2016-07;"Provence-Alpes-Côte d'Azur";"Solaire";0,165771609
2016-08;"Provence-Alpes-Côte d'Azur";"Solaire";0,160514131
2016-09;"Provence-Alpes-Côte d'Azur";"Solaire";0,129305656
2016-10;"Provence-Alpes-Côte d'Azur";"Solaire";0,102132199
2016-11;"Provence-Alpes-Côte d'Azur";"Solaire";0,063605771
2016-12;"Provence-Alpes-Côte d'Azur";"Solaire";0,064006311
2017-01;"Provence-Alpes-Côte d'Azur";"Solaire";0,064101224
2017-02;"Provence-Alpes-Côte d'Azur";"Solaire";0,069827664
2017-03;"Provence-Alpes-Côte d'Azur";"Solaire";0,117734367
2017-04;"Provence-Alpes-Côte d'Azur";"Solaire";0,151605754
2017-05;"Provence-Alpes-Côte d'Azur";"Solaire";0,165559597
2017-06;"Provence-Alpes-Côte d'Azur";"Solaire";0,174400234
2017-07;"Provence-Alpes-Côte d'Azur";"Solaire";0,192283504
2017-08;"Provence-Alpes-Côte d'Azur";"Solaire";0,168244587
2017-09;"Provence-Alpes-Côte d'Azur";"Solaire";0,141695791
2017-10;"Provence-Alpes-Côte d'Azur";"Solaire";0,132098503
2017-11;"Provence-Alpes-Côte d'Azur";"Solaire";0,088262651
2017-12;"Provence-Alpes-Côte d'Azur";"Solaire";0,059735323
2018-01;"Provence-Alpes-Côte d'Azur";"Solaire";0,065411997
2018-02;"Provence-Alpes-Côte d'Azur";"Solaire";0,088981707
2018-03;"Provence-Alpes-Côte d'Azur";"Solaire";0,127396101
2018-04;"Provence-Alpes-Côte d'Azur";"Solaire";0,158070808
2018-05;"Provence-Alpes-Côte d'Azur";"Solaire";0,159512038
2018-06;"Provence-Alpes-Côte d'Azur";"Solaire";0,189574108
2018-07;"Provence-Alpes-Côte d'Azur";"Solaire";0,216725167
2018-08;"Provence-Alpes-Côte d'Azur";"Solaire";0,194900757
2018-09;"Provence-Alpes-Côte d'Azur";"Solaire";0,175931435
2018-10;"Provence-Alpes-Côte d'Azur";"Solaire";0,112215314
2018-11;"Provence-Alpes-Côte d'Azur";"Solaire";0,062152049163
2018-12;"Provence-Alpes-Côte d'Azur";"Solaire";0,0719359405
2019-01;"Provence-Alpes-Côte d'Azur";"Solaire";0,097305371
2019-02;"Provence-Alpes-Côte d'Azur";"Solaire";0,129227151668
2019-03;"Provence-Alpes-Côte d'Azur";"Solaire";0,189698430833
2019-04;"Provence-Alpes-Côte d'Azur";"Solaire";0,171729131168
2019-05;"Provence-Alpes-Côte d'Azur";"Solaire";0,213510910499
2019-06;"Provence-Alpes-Côte d'Azur";"Solaire";0,225606549501
2019-07;"Provence-Alpes-Côte d'Azur";"Solaire";0,227129040333
2019-08;"Provence-Alpes-Côte d'Azur";"Solaire";0,209465225
2019-09;"Provence-Alpes-Côte d'Azur";"Solaire";0,177265184333
2019-10;"Provence-Alpes-Côte d'Azur";"Solaire";0,125393247332
2019-11;"Provence-Alpes-Côte d'Azur";"Solaire";0,073468785332
2019-12;"Provence-Alpes-Côte d'Azur";"Solaire";0,078700179166
2020-01;"Provence-Alpes-Côte d'Azur";"Solaire";0,077140414834
2020-02;"Provence-Alpes-Côte d'Azur";"Solaire";0,122201181501
2020-03;"Provence-Alpes-Côte d'Azur";"Solaire";0,165226416
2020-04;"Provence-Alpes-Côte d'Azur";"Solaire";0,194233072998
2020-05;"Provence-Alpes-Côte d'Azur";"Solaire";0,222007508332
2020-06;"Provence-Alpes-Côte d'Azur";"Solaire";0,234224598834
2020-07;"Provence-Alpes-Côte d'Azur";"Solaire";0,2524708585
2020-08;"Provence-Alpes-Côte d'Azur";"Solaire";0,235255726001
2020-09;"Provence-Alpes-Côte d'Azur";"Solaire";0,180330737167
2020-10;"Provence-Alpes-Côte d'Azur";"Solaire";0,143035372
2020-11;"Provence-Alpes-Côte d'Azur";"Solaire";0,103751146167
2020-12;"Provence-Alpes-Côte d'Azur";"Solaire";0,064351409667
2021-01;"Provence-Alpes-Côte d'Azur";"Solaire";0,087135512001
2021-02;"Provence-Alpes-Côte d'Azur";"Solaire";0,104001614832
2021-03;"Provence-Alpes-Côte d'Azur";"Solaire";0,190217904167
2021-04;"Provence-Alpes-Côte d'Azur";"Solaire";0,194328152002
2021-05;"Provence-Alpes-Côte d'Azur";"Solaire";0,232483286499
2021-06;"Provence-Alpes-Côte d'Azur";"Solaire";0,239049154167
2021-07;"Provence-Alpes-Côte d'Azur";"Solaire";0,255590475165
2021-08;"Provence-Alpes-Côte d'Azur";"Solaire";0,256830585666
2021-09;"Provence-Alpes-Côte d'Azur";"Solaire";0,190014318998
2021-10;"Provence-Alpes-Côte d'Azur";"Solaire";0,170332112334
2021-11;"Provence-Alpes-Côte d'Azur";"Solaire";0,110014925501
2021-12;"Provence-Alpes-Côte d'Azur";"Solaire";0,096829774668
2022-01;"Provence-Alpes-Côte d'Azur";"Solaire";0,147904171638
2022-02;"Provence-Alpes-Côte d'Azur";"Solaire";0,166732039135
2022-03;"Provence-Alpes-Côte d'Azur";"Solaire";0,185495813423
2022-04;"Provence-Alpes-Côte d'Azur";"Solaire";0,257496832214
2022-05;"Provence-Alpes-Côte d'Azur";"Solaire";0,305303514886
2022-06;"Provence-Alpes-Côte d'Azur";"Solaire";0,308293450722
2022-07;"Provence-Alpes-Côte d'Azur";"Solaire";0,336966679992
2022-08;"Provence-Alpes-Côte d'Azur";"Solaire";0,302950980247
2022-09;"Provence-Alpes-Côte d'Azur";"Solaire";0,243567133463
2022-10;"Provence-Alpes-Côte d'Azur";"Solaire";0,182123459053
2022-11;"Provence-Alpes-Côte d'Azur";"Solaire";0,13002809163
2022-12;"Provence-Alpes-Côte d'Azur";"Solaire";0,087815582248
2023-01;"Provence-Alpes-Côte d'Azur";"Solaire";0,134168306333
2023-02;"Provence-Alpes-Côte d'Azur";"Solaire";0,182716780686
2023-03;"Provence-Alpes-Côte d'Azur";"Solaire";0,263674899547
2023-04;"Provence-Alpes-Côte d'Azur";"Solaire";0,31609774453
2023-05;"Provence-Alpes-Côte d'Azur";"Solaire";0,316727019546
2023-06;"Provence-Alpes-Côte d'Azur";"Solaire";0,327729217729
2023-07;"Provence-Alpes-Côte d'Azur";"Solaire";0,397153056998
2023-08;"Provence-Alpes-Côte d'Azur";"Solaire";0,380848736703
2023-09;"Provence-Alpes-Côte d'Azur";"Solaire";0,314051137055
2023-10;"Provence-Alpes-Côte d'Azur";"Solaire";0,226351104253
2023-11;"Provence-Alpes-Côte d'Azur";"Solaire";0,161842108787
2023-12;"Provence-Alpes-Côte d'Azur";"Solaire";0,132607823014
2024-01;"Provence-Alpes-Côte d'Azur";"Solaire";0,144981395494
2024-02;"Provence-Alpes-Côte d'Azur";"Solaire";0,193688649187
2024-03;"Provence-Alpes-Côte d'Azur";"Solaire";0,272219591869
2024-04;"Provence-Alpes-Côte d'Azur";"Solaire";0,326901882372
2024-05;"Provence-Alpes-Côte d'Azur";"Solaire";0,355109121413
2024-06;"Provence-Alpes-Côte d'Azur";"Solaire";0,356539302406
2024-07;"Provence-Alpes-Côte d'Azur";"Solaire";0,400711485517
2024-08;"Provence-Alpes-Côte d'Azur";"Solaire";0,392823875805
2024-09;"Provence-Alpes-Côte d'Azur";"Solaire";0,299858771781
2024-10;"Provence-Alpes-Côte d'Azur";"Solaire";0,209620320573
2024-11;"Provence-Alpes-Côte d'Azur";"Solaire";0,178622905804
2024-12;"Provence-Alpes-Côte d'Azur";"Solaire";0,162105029306
2025-01;"Provence-Alpes-Côte d'Azur";"Solaire";0,140764135751
2025-02;"Provence-Alpes-Côte d'Azur";"Solaire";0,169467770742
2025-03;"Provence-Alpes-Côte d'Azur";"Solaire";0,269871610852
2025-04;"Provence-Alpes-Côte d'Azur";"Solaire";0,302218235232
2025-05;"Provence-Alpes-Côte d'Azur";"Solaire";0,373979392749
2025-06;"Provence-Alpes-Côte d'Azur";"Solaire";0,382384979414
2025-07;"Provence-Alpes-Côte d'Azur";"Solaire";0,451855464673
2025-08;"Provence-Alpes-Côte d'Azur";"Solaire";0,39947298271
2025-09;"Provence-Alpes-Côte d'Azur";"Solaire";0,336568238748
2025-10;"Provence-Alpes-Côte d'Azur";"Solaire";0,26506409468
2025-11;"Provence-Alpes-Côte d'Azur";"Solaire";0,179570289002
2014-01;"Provence-Alpes-Côte d'Azur";"Hydraulique";0,954440462242
2014-02;"Provence-Alpes-Côte d'Azur";"Hydraulique";0,966696737776
2014-03;"Provence-Alpes-Côte d'Azur";"Hydraulique";1,06557749933
2014-04;"Provence-Alpes-Côte d'Azur";"Hydraulique";1,119794399581
2014-05;"Provence-Alpes-Côte d'Azur";"Hydraulique";1,04036695116
2014-06;"Provence-Alpes-Côte d'Azur";"Hydraulique";0,742289638261
2014-07;"Provence-Alpes-Côte d'Azur";"Hydraulique";0,988158696666
2014-08;"Provence-Alpes-Côte d'Azur";"Hydraulique";0,752876882065
2014-09;"Provence-Alpes-Côte d'Azur";"Hydraulique";0,581842961777
2014-10;"Provence-Alpes-Côte d'Azur";"Hydraulique";0,548712287145
2014-11;"Provence-Alpes-Côte d'Azur";"Hydraulique";0,791939470105
2014-12;"Provence-Alpes-Côte d'Azur";"Hydraulique";0,983608830153
2015-01;"Provence-Alpes-Côte d'Azur";"Hydraulique";1,000450852712
2015-02;"Provence-Alpes-Côte d'Azur";"Hydraulique";0,936036575901
2015-03;"Provence-Alpes-Côte d'Azur";"Hydraulique";0,78424233482
2015-04;"Provence-Alpes-Côte d'Azur";"Hydraulique";0,63312206557
2015-05;"Provence-Alpes-Côte d'Azur";"Hydraulique";0,834699132724
2015-06;"Provence-Alpes-Côte d'Azur";"Hydraulique";0,862141415275
2015-07;"Provence-Alpes-Côte d'Azur";"Hydraulique";0,563721854286
2015-08;"Provence-Alpes-Côte d'Azur";"Hydraulique";0,556411856597
2015-09;"Provence-Alpes-Côte d'Azur";"Hydraulique";0,667613162421
2015-10;"Provence-Alpes-Côte d'Azur";"Hydraulique";0,774373569327
2015-11;"Provence-Alpes-Côte d'Azur";"Hydraulique";0,629629235241
2015-12;"Provence-Alpes-Côte d'Azur";"Hydraulique";0,457413308137
2016-01;"Provence-Alpes-Côte d'Azur";"Hydraulique";0,540912781193
2016-02;"Provence-Alpes-Côte d'Azur";"Hydraulique";0,774451758847
2016-03;"Provence-Alpes-Côte d'Azur";"Hydraulique";0,907635003283
2016-04;"Provence-Alpes-Côte d'Azur";"Hydraulique";0,904589715546
2016-05;"Provence-Alpes-Côte d'Azur";"Hydraulique";0,803712122758
2016-06;"Provence-Alpes-Côte d'Azur";"Hydraulique";1,072530496571
2016-07;"Provence-Alpes-Côte d'Azur";"Hydraulique";0,721946115359
2016-08;"Provence-Alpes-Côte d'Azur";"Hydraulique";0,538504490898
2016-09;"Provence-Alpes-Côte d'Azur";"Hydraulique";0,536166150323
2016-10;"Provence-Alpes-Côte d'Azur";"Hydraulique";0,456822017695
2016-11;"Provence-Alpes-Côte d'Azur";"Hydraulique";0,654728623137
2016-12;"Provence-Alpes-Côte d'Azur";"Hydraulique";0,903783149866
2017-01;"Provence-Alpes-Côte d'Azur";"Hydraulique";1,077678204063
2017-02;"Provence-Alpes-Côte d'Azur";"Hydraulique";0,563561490811
2017-03;"Provence-Alpes-Côte d'Azur";"Hydraulique";0,75568095222
2017-04;"Provence-Alpes-Côte d'Azur";"Hydraulique";0,503172762543
2017-05;"Provence-Alpes-Côte d'Azur";"Hydraulique";0,987020981988
2017-06;"Provence-Alpes-Côte d'Azur";"Hydraulique";0,864519486062
2017-07;"Provence-Alpes-Côte d'Azur";"Hydraulique";0,558681190368
2017-08;"Provence-Alpes-Côte d'Azur";"Hydraulique";0,475150997196
2017-09;"Provence-Alpes-Côte d'Azur";"Hydraulique";0,412377934649
2017-10;"Provence-Alpes-Côte d'Azur";"Hydraulique";0,357670116974
2017-11;"Provence-Alpes-Côte d'Azur";"Hydraulique";0,517626838652
2017-12;"Provence-Alpes-Côte d'Azur";"Hydraulique";0,598766951408
2018-01;"Provence-Alpes-Côte d'Azur";"Hydraulique";0,72690545804
2018-02;"Provence-Alpes-Côte d'Azur";"Hydraulique";1,017738558425
2018-03;"Provence-Alpes-Côte d'Azur";"Hydraulique";1,025270250738
2018-04;"Provence-Alpes-Côte d'Azur";"Hydraulique";1,199688976588
2018-05;"Provence-Alpes-Côte d'Azur";"Hydraulique";1,301776327289
2018-06;"Provence-Alpes-Côte d'Azur";"Hydraulique";1,292043797858
2018-07;"Provence-Alpes-Côte d'Azur";"Hydraulique";0,801382300584
2018-08;"Provence-Alpes-Côte d'Azur";"Hydraulique";0,549179922225
2018-09;"Provence-Alpes-Côte d'Azur";"Hydraulique";0,487345530433
2018-10;"Provence-Alpes-Côte d'Azur";"Hydraulique";0,505872410125
2018-11;"Provence-Alpes-Côte d'Azur";"Hydraulique";0,809526212437
2018-12;"Provence-Alpes-Côte d'Azur";"Hydraulique";0,798259704596
2019-01;"Provence-Alpes-Côte d'Azur";"Hydraulique";0,837059047391
2019-02;"Provence-Alpes-Côte d'Azur";"Hydraulique";0,781155572417
2019-03;"Provence-Alpes-Côte d'Azur";"Hydraulique";0,63804843479
2019-04;"Provence-Alpes-Côte d'Azur";"Hydraulique";0,620590517123
2019-05;"Provence-Alpes-Côte d'Azur";"Hydraulique";0,753663925555
2019-06;"Provence-Alpes-Côte d'Azur";"Hydraulique";0,795719236711
2019-07;"Provence-Alpes-Côte d'Azur";"Hydraulique";0,610571315695
2019-08;"Provence-Alpes-Côte d'Azur";"Hydraulique";0,530025064046
2019-09;"Provence-Alpes-Côte d'Azur";"Hydraulique";0,313814166009
2019-10;"Provence-Alpes-Côte d'Azur";"Hydraulique";0,499851317987
2019-11;"Provence-Alpes-Côte d'Azur";"Hydraulique";0,937475495643
2019-12;"Provence-Alpes-Côte d'Azur";"Hydraulique";1,103570498378
2020-01;"Provence-Alpes-Côte d'Azur";"Hydraulique";1,137810491834
2020-02;"Provence-Alpes-Côte d'Azur";"Hydraulique";1,231014334831
2020-03;"Provence-Alpes-Côte d'Azur";"Hydraulique";1,246228677831
2020-04;"Provence-Alpes-Côte d'Azur";"Hydraulique";0,724860552838
2020-05;"Provence-Alpes-Côte d'Azur";"Hydraulique";1,251436016832
2020-06;"Provence-Alpes-Côte d'Azur";"Hydraulique";1,334484841838
2020-07;"Provence-Alpes-Côte d'Azur";"Hydraulique";0,75033211467
2020-08;"Provence-Alpes-Côte d'Azur";"Hydraulique";0,514145301665
2020-09;"Provence-Alpes-Côte d'Azur";"Hydraulique";0,461647894496
2020-10;"Provence-Alpes-Côte d'Azur";"Hydraulique";0,784822388168
2020-11;"Provence-Alpes-Côte d'Azur";"Hydraulique";0,661832380332
2020-12;"Provence-Alpes-Côte d'Azur";"Hydraulique";0,713142431496
2021-01;"Provence-Alpes-Côte d'Azur";"Hydraulique";0,876974906831
2021-02;"Provence-Alpes-Côte d'Azur";"Hydraulique";0,832241967669
2021-03;"Provence-Alpes-Côte d'Azur";"Hydraulique";0,636191815831
2021-04;"Provence-Alpes-Côte d'Azur";"Hydraulique";0,50178475283
2021-05;"Provence-Alpes-Côte d'Azur";"Hydraulique";1,081730161668
2021-06;"Provence-Alpes-Côte d'Azur";"Hydraulique";1,182633944503
2021-07;"Provence-Alpes-Côte d'Azur";"Hydraulique";0,725215792833
2021-08;"Provence-Alpes-Côte d'Azur";"Hydraulique";0,546261073996
2021-09;"Provence-Alpes-Côte d'Azur";"Hydraulique";0,471321404835
2021-10;"Provence-Alpes-Côte d'Azur";"Hydraulique";0,400936665338
2021-11;"Provence-Alpes-Côte d'Azur";"Hydraulique";0,693664541669
2021-12;"Provence-Alpes-Côte d'Azur";"Hydraulique";0,657551341832
2022-01;"Provence-Alpes-Côte d'Azur";"Hydraulique";0,591499120183
2022-02;"Provence-Alpes-Côte d'Azur";"Hydraulique";0,376650076494
2022-03;"Provence-Alpes-Côte d'Azur";"Hydraulique";0,368176533425
2022-04;"Provence-Alpes-Côte d'Azur";"Hydraulique";0,535146716193
2022-05;"Provence-Alpes-Côte d'Azur";"Hydraulique";0,591144414047
2022-06;"Provence-Alpes-Côte d'Azur";"Hydraulique";0,534851663263
2022-07;"Provence-Alpes-Côte d'Azur";"Hydraulique";0,449310755146
2022-08;"Provence-Alpes-Côte d'Azur";"Hydraulique";0,37850751721
2022-09;"Provence-Alpes-Côte d'Azur";"Hydraulique";0,268850773791
2022-10;"Provence-Alpes-Côte d'Azur";"Hydraulique";0,344602225225
2022-11;"Provence-Alpes-Côte d'Azur";"Hydraulique";0,447821468268
2022-12;"Provence-Alpes-Côte d'Azur";"Hydraulique";0,647669343683
2023-01;"Provence-Alpes-Côte d'Azur";"Hydraulique";0,978817364304
2023-02;"Provence-Alpes-Côte d'Azur";"Hydraulique";0,433603425865
2023-03;"Provence-Alpes-Côte d'Azur";"Hydraulique";0,418552233056
2023-04;"Provence-Alpes-Côte d'Azur";"Hydraulique";0,568061837971
2023-05;"Provence-Alpes-Côte d'Azur";"Hydraulique";0,659403956337
2023-06;"Provence-Alpes-Côte d'Azur";"Hydraulique";0,930614504878
2023-07;"Provence-Alpes-Côte d'Azur";"Hydraulique";0,570734524176
2023-08;"Provence-Alpes-Côte d'Azur";"Hydraulique";0,459953737047
2023-09;"Provence-Alpes-Côte d'Azur";"Hydraulique";0,444571938124
2023-10;"Provence-Alpes-Côte d'Azur";"Hydraulique";0,636910317005
2023-11;"Provence-Alpes-Côte d'Azur";"Hydraulique";1,1505607422
2023-12;"Provence-Alpes-Côte d'Azur";"Hydraulique";1,170505634698
2024-01;"Provence-Alpes-Côte d'Azur";"Hydraulique";1,313354067953
2024-02;"Provence-Alpes-Côte d'Azur";"Hydraulique";1,071241513334
2024-03;"Provence-Alpes-Côte d'Azur";"Hydraulique";1,263699633137
2024-04;"Provence-Alpes-Côte d'Azur";"Hydraulique";1,038162421741
2024-05;"Provence-Alpes-Côte d'Azur";"Hydraulique";1,233371901932
2024-06;"Provence-Alpes-Côte d'Azur";"Hydraulique";1,25166455278
2024-07;"Provence-Alpes-Côte d'Azur";"Hydraulique";0,901672331532
2024-08;"Provence-Alpes-Côte d'Azur";"Hydraulique";0,58178916642
2024-09;"Provence-Alpes-Côte d'Azur";"Hydraulique";0,565736870732
2024-10;"Provence-Alpes-Côte d'Azur";"Hydraulique";1,049085637418
2024-11;"Provence-Alpes-Côte d'Azur";"Hydraulique";0,911498454443
2024-12;"Provence-Alpes-Côte d'Azur";"Hydraulique";0,898828905667
2025-01;"Provence-Alpes-Côte d'Azur";"Hydraulique";1,074880773482
2025-02;"Provence-Alpes-Côte d'Azur";"Hydraulique";1,026768625621
2025-03;"Provence-Alpes-Côte d'Azur";"Hydraulique";0,790840876665
2025-04;"Provence-Alpes-Côte d'Azur";"Hydraulique";0,809727690829
2025-05;"Provence-Alpes-Côte d'Azur";"Hydraulique";1,016236439904
2025-06;"Provence-Alpes-Côte d'Azur";"Hydraulique";0,927210221283
2025-07;"Provence-Alpes-Côte d'Azur";"Hydraulique";0,568443572213
2025-08;"Provence-Alpes-Côte d'Azur";"Hydraulique";0,447068751726
2025-09;"Provence-Alpes-Côte d'Azur";"Hydraulique";0,526474737237
2025-10;"Provence-Alpes-Côte d'Azur";"Hydraulique";0,665302437679
2025-11;"Provence-Alpes-Côte d'Azur";"Hydraulique";0,840314245175
2014-01;"Provence-Alpes-Côte d'Azur";"Eolien";0,008226254
2014-02;"Provence-Alpes-Côte d'Azur";"Eolien";0,008280593
2014-03;"Provence-Alpes-Côte d'Azur";"Eolien";0,008544441
2014-04;"Provence-Alpes-Côte d'Azur";"Eolien";0,0096717
2014-05;"Provence-Alpes-Côte d'Azur";"Eolien";0,011740179
2014-06;"Provence-Alpes-Côte d'Azur";"Eolien";0,005512295
2014-07;"Provence-Alpes-Côte d'Azur";"Eolien";0,009162485
2014-08;"Provence-Alpes-Côte d'Azur";"Eolien";0,00573922
2014-09;"Provence-Alpes-Côte d'Azur";"Eolien";0,00782583
2014-10;"Provence-Alpes-Côte d'Azur";"Eolien";0,008039188
2014-11;"Provence-Alpes-Côte d'Azur";"Eolien";0,007434421
2014-12;"Provence-Alpes-Côte d'Azur";"Eolien";0,015684103
2015-01;"Provence-Alpes-Côte d'Azur";"Eolien";0,012261025
2015-02;"Provence-Alpes-Côte d'Azur";"Eolien";0,011784671
2015-03;"Provence-Alpes-Côte d'Azur";"Eolien";0,010023882
2015-04;"Provence-Alpes-Côte d'Azur";"Eolien";0,008686235
2015-05;"Provence-Alpes-Côte d'Azur";"Eolien";0,011226829
2015-06;"Provence-Alpes-Côte d'Azur";"Eolien";0,006622559
2015-07;"Provence-Alpes-Côte d'Azur";"Eolien";0,006949172
2015-08;"Provence-Alpes-Côte d'Azur";"Eolien";0,005248003
2015-09;"Provence-Alpes-Côte d'Azur";"Eolien";0,01008479
2015-10;"Provence-Alpes-Côte d'Azur";"Eolien";0,008775841
2015-11;"Provence-Alpes-Côte d'Azur";"Eolien";0,010178324
2015-12;"Provence-Alpes-Côte d'Azur";"Eolien";0,00351542
2016-01;"Provence-Alpes-Côte d'Azur";"Eolien";0,005996959
2016-02;"Provence-Alpes-Côte d'Azur";"Eolien";0,011122043
2016-03;"Provence-Alpes-Côte d'Azur";"Eolien";0,011889254
2016-04;"Provence-Alpes-Côte d'Azur";"Eolien";0,012518396
2016-05;"Provence-Alpes-Côte d'Azur";"Eolien";0,013211458
2016-06;"Provence-Alpes-Côte d'Azur";"Eolien";0,006847239
2016-07;"Provence-Alpes-Côte d'Azur";"Eolien";0,008334349
2016-08;"Provence-Alpes-Côte d'Azur";"Eolien";0,007545
2016-09;"Provence-Alpes-Côte d'Azur";"Eolien";0,0054594
2016-10;"Provence-Alpes-Côte d'Azur";"Eolien";0,009436674
2016-11;"Provence-Alpes-Côte d'Azur";"Eolien";0,009184916
2016-12;"Provence-Alpes-Côte d'Azur";"Eolien";0,007070978
2017-01;"Provence-Alpes-Côte d'Azur";"Eolien";0,015452922
2017-02;"Provence-Alpes-Côte d'Azur";"Eolien";0,010184633
2017-03;"Provence-Alpes-Côte d'Azur";"Eolien";0,008435487
2017-04;"Provence-Alpes-Côte d'Azur";"Eolien";0,01361332
2017-05;"Provence-Alpes-Côte d'Azur";"Eolien";0,006394893
2017-06;"Provence-Alpes-Côte d'Azur";"Eolien";0,005624481
2017-07;"Provence-Alpes-Côte d'Azur";"Eolien";0,009022428
2017-08;"Provence-Alpes-Côte d'Azur";"Eolien";0,006939917
2017-09;"Provence-Alpes-Côte d'Azur";"Eolien";0,006762347
2017-10;"Provence-Alpes-Côte d'Azur";"Eolien";0,009388579
2017-11;"Provence-Alpes-Côte d'Azur";"Eolien";0,013371282
2017-12;"Provence-Alpes-Côte d'Azur";"Eolien";0,012370602
2018-01;"Provence-Alpes-Côte d'Azur";"Eolien";0,010978313
2018-02;"Provence-Alpes-Côte d'Azur";"Eolien";0,012334558
2018-03;"Provence-Alpes-Côte d'Azur";"Eolien";0,012406002
2018-04;"Provence-Alpes-Côte d'Azur";"Eolien";0,008545097
2018-05;"Provence-Alpes-Côte d'Azur";"Eolien";0,005662772
2018-06;"Provence-Alpes-Côte d'Azur";"Eolien";0,007290061
2018-07;"Provence-Alpes-Côte d'Azur";"Eolien";0,004974121
2018-08;"Provence-Alpes-Côte d'Azur";"Eolien";0,005610687
2018-09;"Provence-Alpes-Côte d'Azur";"Eolien";0,005007982
2018-10;"Provence-Alpes-Côte d'Azur";"Eolien";0,011013259
2018-11;"Provence-Alpes-Côte d'Azur";"Eolien";0,008311052
2018-12;"Provence-Alpes-Côte d'Azur";"Eolien";0,007860355
2019-01;"Provence-Alpes-Côte d'Azur";"Eolien";0,017952854
2019-02;"Provence-Alpes-Côte d'Azur";"Eolien";0,006404922
2019-03;"Provence-Alpes-Côte d'Azur";"Eolien";0,010359076
2019-04;"Provence-Alpes-Côte d'Azur";"Eolien";0,009932287
2019-05;"Provence-Alpes-Côte d'Azur";"Eolien";0,01198372
2019-06;"Provence-Alpes-Côte d'Azur";"Eolien";0,005059077
2019-07;"Provence-Alpes-Côte d'Azur";"Eolien";0,004967932
2019-08;"Provence-Alpes-Côte d'Azur";"Eolien";0,005639835
2019-09;"Provence-Alpes-Côte d'Azur";"Eolien";0,006836348
2019-10;"Provence-Alpes-Côte d'Azur";"Eolien";0,00821643
2019-11;"Provence-Alpes-Côte d'Azur";"Eolien";0,007158652
2019-12;"Provence-Alpes-Côte d'Azur";"Eolien";0,009233336
2020-01;"Provence-Alpes-Côte d'Azur";"Eolien";0,007145581
2020-02;"Provence-Alpes-Côte d'Azur";"Eolien";0,007970113
2020-03;"Provence-Alpes-Côte d'Azur";"Eolien";0,009189434
2020-04;"Provence-Alpes-Côte d'Azur";"Eolien";0,002640958
2020-05;"Provence-Alpes-Côte d'Azur";"Eolien";0,007974876
2020-06;"Provence-Alpes-Côte d'Azur";"Eolien";0,008029723
2020-07;"Provence-Alpes-Côte d'Azur";"Eolien";0,00707169
2020-08;"Provence-Alpes-Côte d'Azur";"Eolien";0,006016992
2020-09;"Provence-Alpes-Côte d'Azur";"Eolien";0,005274562
2020-10;"Provence-Alpes-Côte d'Azur";"Eolien";0,01039555
2020-11;"Provence-Alpes-Côte d'Azur";"Eolien";0,01220411
2020-12;"Provence-Alpes-Côte d'Azur";"Eolien";0,01124896
2021-01;"Provence-Alpes-Côte d'Azur";"Eolien";0,027761501506
2021-02;"Provence-Alpes-Côte d'Azur";"Eolien";0,018893593003
2021-03;"Provence-Alpes-Côte d'Azur";"Eolien";0,019139105501
2021-04;"Provence-Alpes-Côte d'Azur";"Eolien";0,015004133499
2021-05;"Provence-Alpes-Côte d'Azur";"Eolien";0,018054797165
2021-06;"Provence-Alpes-Côte d'Azur";"Eolien";0,011767012662
2021-07;"Provence-Alpes-Côte d'Azur";"Eolien";0,013927800669
2021-08;"Provence-Alpes-Côte d'Azur";"Eolien";0,013581883664
2021-09;"Provence-Alpes-Côte d'Azur";"Eolien";0,011915417666
2021-10;"Provence-Alpes-Côte d'Azur";"Eolien";0,017336438833
2021-11;"Provence-Alpes-Côte d'Azur";"Eolien";0,015141089503
2021-12;"Provence-Alpes-Côte d'Azur";"Eolien";0,01832480284
2022-01;"Provence-Alpes-Côte d'Azur";"Eolien";0,017947386584
2022-02;"Provence-Alpes-Côte d'Azur";"Eolien";0,02370046648
2022-03;"Provence-Alpes-Côte d'Azur";"Eolien";0,015536365692
2022-04;"Provence-Alpes-Côte d'Azur";"Eolien";0,015684564067
2022-05;"Provence-Alpes-Côte d'Azur";"Eolien";0,009755496378
2022-06;"Provence-Alpes-Côte d'Azur";"Eolien";0,012439843681
2022-07;"Provence-Alpes-Côte d'Azur";"Eolien";0,010072323499
2022-08;"Provence-Alpes-Côte d'Azur";"Eolien";0,010396054632
2022-09;"Provence-Alpes-Côte d'Azur";"Eolien";0,017199708827
2022-10;"Provence-Alpes-Côte d'Azur";"Eolien";0,012445810841
2022-11;"Provence-Alpes-Côte d'Azur";"Eolien";0,01466088701
2022-12;"Provence-Alpes-Côte d'Azur";"Eolien";0,017305708402
2023-01;"Provence-Alpes-Côte d'Azur";"Eolien";0,023977106401
2023-02;"Provence-Alpes-Côte d'Azur";"Eolien";0,014550341865
2023-03;"Provence-Alpes-Côte d'Azur";"Eolien";0,020100307549
2023-04;"Provence-Alpes-Côte d'Azur";"Eolien";0,020326032938
2023-05;"Provence-Alpes-Côte d'Azur";"Eolien";0,011445450523
2023-06;"Provence-Alpes-Côte d'Azur";"Eolien";0,006162468279
2023-07;"Provence-Alpes-Côte d'Azur";"Eolien";0,013013339365
2023-08;"Provence-Alpes-Côte d'Azur";"Eolien";0,014334659376
2023-09;"Provence-Alpes-Côte d'Azur";"Eolien";0,009555034415
2023-10;"Provence-Alpes-Côte d'Azur";"Eolien";0,015622441137
2023-11;"Provence-Alpes-Côte d'Azur";"Eolien";0,021738684592
2023-12;"Provence-Alpes-Côte d'Azur";"Eolien";0,021570989052
2024-01;"Provence-Alpes-Côte d'Azur";"Eolien";0,020888969292
2024-02;"Provence-Alpes-Côte d'Azur";"Eolien";0,016680535057
2024-03;"Provence-Alpes-Côte d'Azur";"Eolien";0,02656958596
2024-04;"Provence-Alpes-Côte d'Azur";"Eolien";0,024880033096
2024-05;"Provence-Alpes-Côte d'Azur";"Eolien";0,012649278456
2024-06;"Provence-Alpes-Côte d'Azur";"Eolien";0,012328685492
2024-07;"Provence-Alpes-Côte d'Azur";"Eolien";0,010880158123
2024-08;"Provence-Alpes-Côte d'Azur";"Eolien";0,008551027036
2024-09;"Provence-Alpes-Côte d'Azur";"Eolien";0,01909360926
2024-10;"Provence-Alpes-Côte d'Azur";"Eolien";0,016796976791
2024-11;"Provence-Alpes-Côte d'Azur";"Eolien";0,015032117499
2024-12;"Provence-Alpes-Côte d'Azur";"Eolien";0,022902675539
2025-01;"Provence-Alpes-Côte d'Azur";"Eolien";0,027851301443
2025-02;"Provence-Alpes-Côte d'Azur";"Eolien";0,017405557269
2025-03;"Provence-Alpes-Côte d'Azur";"Eolien";0,028851623571
2025-04;"Provence-Alpes-Côte d'Azur";"Eolien";0,018597976233
2025-05;"Provence-Alpes-Côte d'Azur";"Eolien";0,018455120179
2025-06;"Provence-Alpes-Côte d'Azur";"Eolien";0,009061835406
2025-07;"Provence-Alpes-Côte d'Azur";"Eolien";0,027631730597
2025-08;"Provence-Alpes-Côte d'Azur";"Eolien";0,016864376156
2025-09;"Provence-Alpes-Côte d'Azur";"Eolien";0,014377890162
2025-10;"Provence-Alpes-Côte d'Azur";"Eolien";0,018510826994
2025-11;"Provence-Alpes-Côte d'Azur";"Eolien";0,031148217575
2014-01;"Provence-Alpes-Côte d'Azur";"Thermique fossile";0,216856369623
2014-02;"Provence-Alpes-Côte d'Azur";"Thermique fossile";0,158244381863
2014-03;"Provence-Alpes-Côte d'Azur";"Thermique fossile";0,117378421176
2014-04;"Provence-Alpes-Côte d'Azur";"Thermique fossile";0,043358165525
2014-05;"Provence-Alpes-Côte d'Azur";"Thermique fossile";0,084206008347
2014-06;"Provence-Alpes-Côte d'Azur";"Thermique fossile";0,029873761738
2014-07;"Provence-Alpes-Côte d'Azur";"Thermique fossile";0,031995228549
2014-08;"Provence-Alpes-Côte d'Azur";"Thermique fossile";0,06494813285
2014-09;"Provence-Alpes-Côte d'Azur";"Thermique fossile";0,129737737642
2014-10;"Provence-Alpes-Côte d'Azur";"Thermique fossile";0,343213763811
2014-11;"Provence-Alpes-Côte d'Azur";"Thermique fossile";0,497567061084
2014-12;"Provence-Alpes-Côte d'Azur";"Thermique fossile";0,708290133586
2015-01;"Provence-Alpes-Côte d'Azur";"Thermique fossile";0,730907192264
2015-02;"Provence-Alpes-Côte d'Azur";"Thermique fossile";0,739193270711
2015-03;"Provence-Alpes-Côte d'Azur";"Thermique fossile";0,543506976906
2015-04;"Provence-Alpes-Côte d'Azur";"Thermique fossile";0,244399937907
2015-05;"Provence-Alpes-Côte d'Azur";"Thermique fossile";0,064808873596
2015-06;"Provence-Alpes-Côte d'Azur";"Thermique fossile";0,099172982928
2015-07;"Provence-Alpes-Côte d'Azur";"Thermique fossile";0,243096886641
2015-08;"Provence-Alpes-Côte d'Azur";"Thermique fossile";0,034488953115
2015-09;"Provence-Alpes-Côte d'Azur";"Thermique fossile";0,228936201862
2015-10;"Provence-Alpes-Côte d'Azur";"Thermique fossile";0,81068415359
2015-11;"Provence-Alpes-Côte d'Azur";"Thermique fossile";0,811843236076
2015-12;"Provence-Alpes-Côte d'Azur";"Thermique fossile";0,687622035867
2016-01;"Provence-Alpes-Côte d'Azur";"Thermique fossile";0,711579596985
2016-02;"Provence-Alpes-Côte d'Azur";"Thermique fossile";0,534379141435
2016-03;"Provence-Alpes-Côte d'Azur";"Thermique fossile";0,597931289933
2016-04;"Provence-Alpes-Côte d'Azur";"Thermique fossile";0,578685082753
2016-05;"Provence-Alpes-Côte d'Azur";"Thermique fossile";0,336471751479
2016-06;"Provence-Alpes-Côte d'Azur";"Thermique fossile";0,335235134299
2016-07;"Provence-Alpes-Côte d'Azur";"Thermique fossile";0,479450343081
2016-08;"Provence-Alpes-Côte d'Azur";"Thermique fossile";0,294970239113
2016-09;"Provence-Alpes-Côte d'Azur";"Thermique fossile";0,983860525207
2016-10;"Provence-Alpes-Côte d'Azur";"Thermique fossile";1,416612370863
2016-11;"Provence-Alpes-Côte d'Azur";"Thermique fossile";1,320430484518
2016-12;"Provence-Alpes-Côte d'Azur";"Thermique fossile";1,42202666761
2017-01;"Provence-Alpes-Côte d'Azur";"Thermique fossile";1,376127037709
2017-02;"Provence-Alpes-Côte d'Azur";"Thermique fossile";0,917246483547
2017-03;"Provence-Alpes-Côte d'Azur";"Thermique fossile";0,901058003272
2017-04;"Provence-Alpes-Côte d'Azur";"Thermique fossile";0,585929072455
2017-05;"Provence-Alpes-Côte d'Azur";"Thermique fossile";0,198698711974
2017-06;"Provence-Alpes-Côte d'Azur";"Thermique fossile";0,310614027352
2017-07;"Provence-Alpes-Côte d'Azur";"Thermique fossile";0,604039881571
2017-08;"Provence-Alpes-Côte d'Azur";"Thermique fossile";0,354251472201
2017-09;"Provence-Alpes-Côte d'Azur";"Thermique fossile";0,633452774654
2017-10;"Provence-Alpes-Côte d'Azur";"Thermique fossile";1,15062077527
2017-11;"Provence-Alpes-Côte d'Azur";"Thermique fossile";1,452667746468
2017-12;"Provence-Alpes-Côte d'Azur";"Thermique fossile";1,063072480681
2018-01;"Provence-Alpes-Côte d'Azur";"Thermique fossile";0,501695337659
2018-02;"Provence-Alpes-Côte d'Azur";"Thermique fossile";1,102139253728
2018-03;"Provence-Alpes-Côte d'Azur";"Thermique fossile";0,836286087353
2018-04;"Provence-Alpes-Côte d'Azur";"Thermique fossile";0,040161763687
2018-05;"Provence-Alpes-Côte d'Azur";"Thermique fossile";0,041606049347
2018-06;"Provence-Alpes-Côte d'Azur";"Thermique fossile";0,082393844507
2018-07;"Provence-Alpes-Côte d'Azur";"Thermique fossile";0,124201956411
2018-08;"Provence-Alpes-Côte d'Azur";"Thermique fossile";0,198500158573
2018-09;"Provence-Alpes-Côte d'Azur";"Thermique fossile";0,262488080978
2018-10;"Provence-Alpes-Côte d'Azur";"Thermique fossile";0,811552996366
2018-11;"Provence-Alpes-Côte d'Azur";"Thermique fossile";1,043179131807
2018-12;"Provence-Alpes-Côte d'Azur";"Thermique fossile";0,759190951946
2019-01;"Provence-Alpes-Côte d'Azur";"Thermique fossile";1,167951279785
2019-02;"Provence-Alpes-Côte d'Azur";"Thermique fossile";0,809977269881
2019-03;"Provence-Alpes-Côte d'Azur";"Thermique fossile";0,463765386738
2019-04;"Provence-Alpes-Côte d'Azur";"Thermique fossile";0,419410698223
2019-05;"Provence-Alpes-Côte d'Azur";"Thermique fossile";0,516366893866
2019-06;"Provence-Alpes-Côte d'Azur";"Thermique fossile";0,399651408987
2019-07;"Provence-Alpes-Côte d'Azur";"Thermique fossile";0,616352050603
2019-08;"Provence-Alpes-Côte d'Azur";"Thermique fossile";0,342461553839
2019-09;"Provence-Alpes-Côte d'Azur";"Thermique fossile";0,579494210876
2019-10;"Provence-Alpes-Côte d'Azur";"Thermique fossile";0,615469067992
2019-11;"Provence-Alpes-Côte d'Azur";"Thermique fossile";1,023912699231
2019-12;"Provence-Alpes-Côte d'Azur";"Thermique fossile";0,637612411493
2020-01;"Provence-Alpes-Côte d'Azur";"Thermique fossile";0,935276642654
2020-02;"Provence-Alpes-Côte d'Azur";"Thermique fossile";0,597500736952
2020-03;"Provence-Alpes-Côte d'Azur";"Thermique fossile";0,558383842412
2020-04;"Provence-Alpes-Côte d'Azur";"Thermique fossile";0,090654803885
2020-05;"Provence-Alpes-Côte d'Azur";"Thermique fossile";0,202744338562
2020-06;"Provence-Alpes-Côte d'Azur";"Thermique fossile";0,557390876791
2020-07;"Provence-Alpes-Côte d'Azur";"Thermique fossile";0,661975461291
2020-08;"Provence-Alpes-Côte d'Azur";"Thermique fossile";0,670149464792
2020-09;"Provence-Alpes-Côte d'Azur";"Thermique fossile";0,459144177875
2020-10;"Provence-Alpes-Côte d'Azur";"Thermique fossile";0,415689944115
2020-11;"Provence-Alpes-Côte d'Azur";"Thermique fossile";0,920000726439
2020-12;"Provence-Alpes-Côte d'Azur";"Thermique fossile";0,858507485743
2021-01;"Provence-Alpes-Côte d'Azur";"Thermique fossile";0,932337523433
2021-02;"Provence-Alpes-Côte d'Azur";"Thermique fossile";0,663737090183
2021-03;"Provence-Alpes-Côte d'Azur";"Thermique fossile";0,727635975727
2021-04;"Provence-Alpes-Côte d'Azur";"Thermique fossile";0,585700139371
2021-05;"Provence-Alpes-Côte d'Azur";"Thermique fossile";0,190006207849
2021-06;"Provence-Alpes-Côte d'Azur";"Thermique fossile";0,177078648126
2021-07;"Provence-Alpes-Côte d'Azur";"Thermique fossile";0,188588675293
2021-08;"Provence-Alpes-Côte d'Azur";"Thermique fossile";0,054644095083
2021-09;"Provence-Alpes-Côte d'Azur";"Thermique fossile";0,1860792301
2021-10;"Provence-Alpes-Côte d'Azur";"Thermique fossile";0,313899331963
2021-11;"Provence-Alpes-Côte d'Azur";"Thermique fossile";0,851572088329
2021-12;"Provence-Alpes-Côte d'Azur";"Thermique fossile";0,805505339828
2022-01;"Provence-Alpes-Côte d'Azur";"Thermique fossile";0,799484814771
2022-02;"Provence-Alpes-Côte d'Azur";"Thermique fossile";0,560027213943
2022-03;"Provence-Alpes-Côte d'Azur";"Thermique fossile";0,998890973661
2022-04;"Provence-Alpes-Côte d'Azur";"Thermique fossile";0,850437032191
2022-05;"Provence-Alpes-Côte d'Azur";"Thermique fossile";0,740201767312
2022-06;"Provence-Alpes-Côte d'Azur";"Thermique fossile";0,561008186798
2022-07;"Provence-Alpes-Côte d'Azur";"Thermique fossile";0,712210782721
2022-08;"Provence-Alpes-Côte d'Azur";"Thermique fossile";0,594186677804
2022-09;"Provence-Alpes-Côte d'Azur";"Thermique fossile";0,575249654145
2022-10;"Provence-Alpes-Côte d'Azur";"Thermique fossile";0,718469895117
2022-11;"Provence-Alpes-Côte d'Azur";"Thermique fossile";0,933271911853
2022-12;"Provence-Alpes-Côte d'Azur";"Thermique fossile";0,902878825427
2023-01;"Provence-Alpes-Côte d'Azur";"Thermique fossile";0,673215267708
2023-02;"Provence-Alpes-Côte d'Azur";"Thermique fossile";0,840228904192
2023-03;"Provence-Alpes-Côte d'Azur";"Thermique fossile";0,521186707413
2023-04;"Provence-Alpes-Côte d'Azur";"Thermique fossile";0,262368895423
2023-05;"Provence-Alpes-Côte d'Azur";"Thermique fossile";0,159523244164
2023-06;"Provence-Alpes-Côte d'Azur";"Thermique fossile";0,198417500328
2023-07;"Provence-Alpes-Côte d'Azur";"Thermique fossile";0,336576638941
2023-08;"Provence-Alpes-Côte d'Azur";"Thermique fossile";0,31833272742
2023-09;"Provence-Alpes-Côte d'Azur";"Thermique fossile";0,269999900559
2023-10;"Provence-Alpes-Côte d'Azur";"Thermique fossile";0,23949354561
2023-11;"Provence-Alpes-Côte d'Azur";"Thermique fossile";0,400481756686
2023-12;"Provence-Alpes-Côte d'Azur";"Thermique fossile";0,527792571064
2024-01;"Provence-Alpes-Côte d'Azur";"Thermique fossile";0,651647281389
2024-02;"Provence-Alpes-Côte d'Azur";"Thermique fossile";0,253939029047
2024-03;"Provence-Alpes-Côte d'Azur";"Thermique fossile";0,255890321956
2024-04;"Provence-Alpes-Côte d'Azur";"Thermique fossile";0,058849525264
2024-05;"Provence-Alpes-Côte d'Azur";"Thermique fossile";0,031673238655
2024-06;"Provence-Alpes-Côte d'Azur";"Thermique fossile";0,040548003564
2024-07;"Provence-Alpes-Côte d'Azur";"Thermique fossile";0,082055523963
2024-08;"Provence-Alpes-Côte d'Azur";"Thermique fossile";0,108781249091
2024-09;"Provence-Alpes-Côte d'Azur";"Thermique fossile";0,106841396861
2024-10;"Provence-Alpes-Côte d'Azur";"Thermique fossile";0,071948033404
2024-11;"Provence-Alpes-Côte d'Azur";"Thermique fossile";0,499277718345
2024-12;"Provence-Alpes-Côte d'Azur";"Thermique fossile";0,433255459853
2025-01;"Provence-Alpes-Côte d'Azur";"Thermique fossile";0,530451600125
2025-02;"Provence-Alpes-Côte d'Azur";"Thermique fossile";0,517222879613
2025-03;"Provence-Alpes-Côte d'Azur";"Thermique fossile";0,26019739075
2025-04;"Provence-Alpes-Côte d'Azur";"Thermique fossile";0,050590894933
2025-05;"Provence-Alpes-Côte d'Azur";"Thermique fossile";0,022810229873
2025-06;"Provence-Alpes-Côte d'Azur";"Thermique fossile";0,069793386382
2025-07;"Provence-Alpes-Côte d'Azur";"Thermique fossile";0,110705689221
2025-08;"Provence-Alpes-Côte d'Azur";"Thermique fossile";0,106743514592
2025-09;"Provence-Alpes-Côte d'Azur";"Thermique fossile";0,026498865582
2025-10;"Provence-Alpes-Côte d'Azur";"Thermique fossile";0,13418562154
2025-11;"Provence-Alpes-Côte d'Azur";"Thermique fossile";0,224709478517
2014-01;"Provence-Alpes-Côte d'Azur";"Thermique renouvelable et déchets";0,051914263
2014-02;"Provence-Alpes-Côte d'Azur";"Thermique renouvelable et déchets";0,041544429
2014-03;"Provence-Alpes-Côte d'Azur";"Thermique renouvelable et déchets";0,050626925
2014-04;"Provence-Alpes-Côte d'Azur";"Thermique renouvelable et déchets";0,049132062
2014-05;"Provence-Alpes-Côte d'Azur";"Thermique renouvelable et déchets";0,044493392
2014-06;"Provence-Alpes-Côte d'Azur";"Thermique renouvelable et déchets";0,036161786
2014-07;"Provence-Alpes-Côte d'Azur";"Thermique renouvelable et déchets";0,051462869
2014-08;"Provence-Alpes-Côte d'Azur";"Thermique renouvelable et déchets";0,052042442
2014-09;"Provence-Alpes-Côte d'Azur";"Thermique renouvelable et déchets";0,039639836
2014-10;"Provence-Alpes-Côte d'Azur";"Thermique renouvelable et déchets";0,045128413
2014-11;"Provence-Alpes-Côte d'Azur";"Thermique renouvelable et déchets";0,049102659
2014-12;"Provence-Alpes-Côte d'Azur";"Thermique renouvelable et déchets";0,051966709
2015-01;"Provence-Alpes-Côte d'Azur";"Thermique renouvelable et déchets";0,048816604
2015-02;"Provence-Alpes-Côte d'Azur";"Thermique renouvelable et déchets";0,04603994
2015-03;"Provence-Alpes-Côte d'Azur";"Thermique renouvelable et déchets";0,052403773
2015-04;"Provence-Alpes-Côte d'Azur";"Thermique renouvelable et déchets";0,046175287
2015-05;"Provence-Alpes-Côte d'Azur";"Thermique renouvelable et déchets";0,049528098
2015-06;"Provence-Alpes-Côte d'Azur";"Thermique renouvelable et déchets";0,050157339
2015-07;"Provence-Alpes-Côte d'Azur";"Thermique renouvelable et déchets";0,056276097
2015-08;"Provence-Alpes-Côte d'Azur";"Thermique renouvelable et déchets";0,06214651
2015-09;"Provence-Alpes-Côte d'Azur";"Thermique renouvelable et déchets";0,051730852
2015-10;"Provence-Alpes-Côte d'Azur";"Thermique renouvelable et déchets";0,052362841
2015-11;"Provence-Alpes-Côte d'Azur";"Thermique renouvelable et déchets";0,061323972
2015-12;"Provence-Alpes-Côte d'Azur";"Thermique renouvelable et déchets";0,064739548
2016-01;"Provence-Alpes-Côte d'Azur";"Thermique renouvelable et déchets";0,073347134
2016-02;"Provence-Alpes-Côte d'Azur";"Thermique renouvelable et déchets";0,080226903
2016-03;"Provence-Alpes-Côte d'Azur";"Thermique renouvelable et déchets";0,083928556
2016-04;"Provence-Alpes-Côte d'Azur";"Thermique renouvelable et déchets";0,076283832
2016-05;"Provence-Alpes-Côte d'Azur";"Thermique renouvelable et déchets";0,078979478
2016-06;"Provence-Alpes-Côte d'Azur";"Thermique renouvelable et déchets";0,057289895
2016-07;"Provence-Alpes-Côte d'Azur";"Thermique renouvelable et déchets";0,072852561
2016-08;"Provence-Alpes-Côte d'Azur";"Thermique renouvelable et déchets";0,075476623
2016-09;"Provence-Alpes-Côte d'Azur";"Thermique renouvelable et déchets";0,070786253
2016-10;"Provence-Alpes-Côte d'Azur";"Thermique renouvelable et déchets";0,075155783
2016-11;"Provence-Alpes-Côte d'Azur";"Thermique renouvelable et déchets";0,081770491
2016-12;"Provence-Alpes-Côte d'Azur";"Thermique renouvelable et déchets";0,089847805
2017-01;"Provence-Alpes-Côte d'Azur";"Thermique renouvelable et déchets";0,1022407765
2017-02;"Provence-Alpes-Côte d'Azur";"Thermique renouvelable et déchets";0,074232921166
2017-03;"Provence-Alpes-Côte d'Azur";"Thermique renouvelable et déchets";0,082010658499
2017-04;"Provence-Alpes-Côte d'Azur";"Thermique renouvelable et déchets";0,088399060501
2017-05;"Provence-Alpes-Côte d'Azur";"Thermique renouvelable et déchets";0,087804349501
2017-06;"Provence-Alpes-Côte d'Azur";"Thermique renouvelable et déchets";0,114206884668
2017-07;"Provence-Alpes-Côte d'Azur";"Thermique renouvelable et déchets";0,106654396669
2017-08;"Provence-Alpes-Côte d'Azur";"Thermique renouvelable et déchets";0,096790434837
2017-09;"Provence-Alpes-Côte d'Azur";"Thermique renouvelable et déchets";0,096454303666
2017-10;"Provence-Alpes-Côte d'Azur";"Thermique renouvelable et déchets";0,085189515665
2017-11;"Provence-Alpes-Côte d'Azur";"Thermique renouvelable et déchets";0,120968646
2017-12;"Provence-Alpes-Côte d'Azur";"Thermique renouvelable et déchets";0,082295002664
2018-01;"Provence-Alpes-Côte d'Azur";"Thermique renouvelable et déchets";0,074202049
2018-02;"Provence-Alpes-Côte d'Azur";"Thermique renouvelable et déchets";0,116567513334
2018-03;"Provence-Alpes-Côte d'Azur";"Thermique renouvelable et déchets";0,119752579334
2018-04;"Provence-Alpes-Côte d'Azur";"Thermique renouvelable et déchets";0,141757043332
2018-05;"Provence-Alpes-Côte d'Azur";"Thermique renouvelable et déchets";0,089849954167
2018-06;"Provence-Alpes-Côte d'Azur";"Thermique renouvelable et déchets";0,045808199999
2018-07;"Provence-Alpes-Côte d'Azur";"Thermique renouvelable et déchets";0,079758081667
2018-08;"Provence-Alpes-Côte d'Azur";"Thermique renouvelable et déchets";0,078917142667
2018-09;"Provence-Alpes-Côte d'Azur";"Thermique renouvelable et déchets";0,105010281666
2018-10;"Provence-Alpes-Côte d'Azur";"Thermique renouvelable et déchets";0,07091159
2018-11;"Provence-Alpes-Côte d'Azur";"Thermique renouvelable et déchets";0,064726005831
2018-12;"Provence-Alpes-Côte d'Azur";"Thermique renouvelable et déchets";0,079199010666
2019-01;"Provence-Alpes-Côte d'Azur";"Thermique renouvelable et déchets";0,071939891336
2019-02;"Provence-Alpes-Côte d'Azur";"Thermique renouvelable et déchets";0,072098822667
2019-03;"Provence-Alpes-Côte d'Azur";"Thermique renouvelable et déchets";0,076045897833
2019-04;"Provence-Alpes-Côte d'Azur";"Thermique renouvelable et déchets";0,052893796498
2019-05;"Provence-Alpes-Côte d'Azur";"Thermique renouvelable et déchets";0,072701798664
2019-06;"Provence-Alpes-Côte d'Azur";"Thermique renouvelable et déchets";0,056693275999
2019-07;"Provence-Alpes-Côte d'Azur";"Thermique renouvelable et déchets";0,060484125001
2019-08;"Provence-Alpes-Côte d'Azur";"Thermique renouvelable et déchets";0,1159068285
2019-09;"Provence-Alpes-Côte d'Azur";"Thermique renouvelable et déchets";0,076772076335
2019-10;"Provence-Alpes-Côte d'Azur";"Thermique renouvelable et déchets";0,057770004835
2019-11;"Provence-Alpes-Côte d'Azur";"Thermique renouvelable et déchets";0,068540552167
2019-12;"Provence-Alpes-Côte d'Azur";"Thermique renouvelable et déchets";0,071639838332
2020-01;"Provence-Alpes-Côte d'Azur";"Thermique renouvelable et déchets";0,074534624667
2020-02;"Provence-Alpes-Côte d'Azur";"Thermique renouvelable et déchets";0,063841893333
2020-03;"Provence-Alpes-Côte d'Azur";"Thermique renouvelable et déchets";0,074482889832
2020-04;"Provence-Alpes-Côte d'Azur";"Thermique renouvelable et déchets";0,068479888664
2020-05;"Provence-Alpes-Côte d'Azur";"Thermique renouvelable et déchets";0,072760478667
2020-06;"Provence-Alpes-Côte d'Azur";"Thermique renouvelable et déchets";0,054832205003
2020-07;"Provence-Alpes-Côte d'Azur";"Thermique renouvelable et déchets";0,053073826
2020-08;"Provence-Alpes-Côte d'Azur";"Thermique renouvelable et déchets";0,056439811833
2020-09;"Provence-Alpes-Côte d'Azur";"Thermique renouvelable et déchets";0,052815812333
2020-10;"Provence-Alpes-Côte d'Azur";"Thermique renouvelable et déchets";0,063485305836
2020-11;"Provence-Alpes-Côte d'Azur";"Thermique renouvelable et déchets";0,062015957834
2020-12;"Provence-Alpes-Côte d'Azur";"Thermique renouvelable et déchets";0,076174148499
2021-01;"Provence-Alpes-Côte d'Azur";"Thermique renouvelable et déchets";0,067116259835
2021-02;"Provence-Alpes-Côte d'Azur";"Thermique renouvelable et déchets";0,060521841168
2021-03;"Provence-Alpes-Côte d'Azur";"Thermique renouvelable et déchets";0,069131920835
2021-04;"Provence-Alpes-Côte d'Azur";"Thermique renouvelable et déchets";0,0501453625
2021-05;"Provence-Alpes-Côte d'Azur";"Thermique renouvelable et déchets";0,057867580666
2021-06;"Provence-Alpes-Côte d'Azur";"Thermique renouvelable et déchets";0,049640932333
2021-07;"Provence-Alpes-Côte d'Azur";"Thermique renouvelable et déchets";0,076069284
2021-08;"Provence-Alpes-Côte d'Azur";"Thermique renouvelable et déchets";0,071381120501
2021-09;"Provence-Alpes-Côte d'Azur";"Thermique renouvelable et déchets";0,053972525668
2021-10;"Provence-Alpes-Côte d'Azur";"Thermique renouvelable et déchets";0,053418176667
2021-11;"Provence-Alpes-Côte d'Azur";"Thermique renouvelable et déchets";0,061054005166
2021-12;"Provence-Alpes-Côte d'Azur";"Thermique renouvelable et déchets";0,057670799
2022-01;"Provence-Alpes-Côte d'Azur";"Thermique renouvelable et déchets";0,064102654717
2022-02;"Provence-Alpes-Côte d'Azur";"Thermique renouvelable et déchets";0,091806769389
2022-03;"Provence-Alpes-Côte d'Azur";"Thermique renouvelable et déchets";0,082152526141
2022-04;"Provence-Alpes-Côte d'Azur";"Thermique renouvelable et déchets";0,097533925121
2022-05;"Provence-Alpes-Côte d'Azur";"Thermique renouvelable et déchets";0,14544535789
2022-06;"Provence-Alpes-Côte d'Azur";"Thermique renouvelable et déchets";0,085018456093
2022-07;"Provence-Alpes-Côte d'Azur";"Thermique renouvelable et déchets";0,05913453653
2022-08;"Provence-Alpes-Côte d'Azur";"Thermique renouvelable et déchets";0,061563505986
2022-09;"Provence-Alpes-Côte d'Azur";"Thermique renouvelable et déchets";0,118692750424
2022-10;"Provence-Alpes-Côte d'Azur";"Thermique renouvelable et déchets";0,047138665141
2022-11;"Provence-Alpes-Côte d'Azur";"Thermique renouvelable et déchets";0,087876957749
2022-12;"Provence-Alpes-Côte d'Azur";"Thermique renouvelable et déchets";0,135278452864
2023-01;"Provence-Alpes-Côte d'Azur";"Thermique renouvelable et déchets";0,104596589948
2023-02;"Provence-Alpes-Côte d'Azur";"Thermique renouvelable et déchets";0,083767284164
2023-03;"Provence-Alpes-Côte d'Azur";"Thermique renouvelable et déchets";0,102469659048
2023-04;"Provence-Alpes-Côte d'Azur";"Thermique renouvelable et déchets";0,084283093349
2023-05;"Provence-Alpes-Côte d'Azur";"Thermique renouvelable et déchets";0,099952864019
2023-06;"Provence-Alpes-Côte d'Azur";"Thermique renouvelable et déchets";0,079008001761
2023-07;"Provence-Alpes-Côte d'Azur";"Thermique renouvelable et déchets";0,080281756693
2023-08;"Provence-Alpes-Côte d'Azur";"Thermique renouvelable et déchets";0,075687916685
2023-09;"Provence-Alpes-Côte d'Azur";"Thermique renouvelable et déchets";0,074363601877
2023-10;"Provence-Alpes-Côte d'Azur";"Thermique renouvelable et déchets";0,051217436321
2023-11;"Provence-Alpes-Côte d'Azur";"Thermique renouvelable et déchets";0,061415970788
2023-12;"Provence-Alpes-Côte d'Azur";"Thermique renouvelable et déchets";0,088646662339
2024-01;"Provence-Alpes-Côte d'Azur";"Thermique renouvelable et déchets";0,072079835438
2024-02;"Provence-Alpes-Côte d'Azur";"Thermique renouvelable et déchets";0,076373643355
2024-03;"Provence-Alpes-Côte d'Azur";"Thermique renouvelable et déchets";0,075214169114
2024-04;"Provence-Alpes-Côte d'Azur";"Thermique renouvelable et déchets";0,072260599343
2024-05;"Provence-Alpes-Côte d'Azur";"Thermique renouvelable et déchets";0,075738436684
2024-06;"Provence-Alpes-Côte d'Azur";"Thermique renouvelable et déchets";0,08571386501
2024-07;"Provence-Alpes-Côte d'Azur";"Thermique renouvelable et déchets";0,084513908003
2024-08;"Provence-Alpes-Côte d'Azur";"Thermique renouvelable et déchets";0,079754396264
2024-09;"Provence-Alpes-Côte d'Azur";"Thermique renouvelable et déchets";0,079007923571
2024-10;"Provence-Alpes-Côte d'Azur";"Thermique renouvelable et déchets";0,070266041826
2024-11;"Provence-Alpes-Côte d'Azur";"Thermique renouvelable et déchets";0,082235042678
2024-12;"Provence-Alpes-Côte d'Azur";"Thermique renouvelable et déchets";0,090944416753
2025-01;"Provence-Alpes-Côte d'Azur";"Thermique renouvelable et déchets";0,121456438969
2025-02;"Provence-Alpes-Côte d'Azur";"Thermique renouvelable et déchets";0,147873117901
2025-03;"Provence-Alpes-Côte d'Azur";"Thermique renouvelable et déchets";0,166706868176
2025-04;"Provence-Alpes-Côte d'Azur";"Thermique renouvelable et déchets";0,163813776921
2025-05;"Provence-Alpes-Côte d'Azur";"Thermique renouvelable et déchets";0,173818886748
2025-06;"Provence-Alpes-Côte d'Azur";"Thermique renouvelable et déchets";0,145126880257
2025-07;"Provence-Alpes-Côte d'Azur";"Thermique renouvelable et déchets";0,090878464418
2025-08;"Provence-Alpes-Côte d'Azur";"Thermique renouvelable et déchets";0,088833346819
2025-09;"Provence-Alpes-Côte d'Azur";"Thermique renouvelable et déchets";0,073516560003
2025-10;"Provence-Alpes-Côte d'Azur";"Thermique renouvelable et déchets";0,092311556253
2025-11;"Provence-Alpes-Côte d'Azur";"Thermique renouvelable et déchets";0,121028404927
2014-01;"Provence-Alpes-Côte d'Azur";"Energie produite";1,265984010865
2014-02;"Provence-Alpes-Côte d'Azur";"Energie produite";1,218793609639
2014-03;"Provence-Alpes-Côte d'Azur";"Energie produite";1,333677515506
2014-04;"Provence-Alpes-Côte d'Azur";"Energie produite";1,320786819106
2014-05;"Provence-Alpes-Côte d'Azur";"Energie produite";1,299594772507
2014-06;"Provence-Alpes-Côte d'Azur";"Energie produite";0,930521936999
2014-07;"Provence-Alpes-Côte d'Azur";"Energie produite";1,198595244215
2014-08;"Provence-Alpes-Côte d'Azur";"Energie produite";1,003898918915
2014-09;"Provence-Alpes-Côte d'Azur";"Energie produite";0,856942793419
2014-10;"Provence-Alpes-Côte d'Azur";"Energie produite";1,024538871956
2014-11;"Provence-Alpes-Côte d'Azur";"Energie produite";1,386074125189
2014-12;"Provence-Alpes-Côte d'Azur";"Energie produite";1,801783468739
2015-01;"Provence-Alpes-Côte d'Azur";"Energie produite";1,847145965976
2015-02;"Provence-Alpes-Côte d'Azur";"Energie produite";1,797545875612
2015-03;"Provence-Alpes-Côte d'Azur";"Energie produite";1,481053376726
2015-04;"Provence-Alpes-Côte d'Azur";"Energie produite";1,053067979477
2015-05;"Provence-Alpes-Côte d'Azur";"Energie produite";1,09986151632
2015-06;"Provence-Alpes-Côte d'Azur";"Energie produite";1,157587748203
2015-07;"Provence-Alpes-Côte d'Azur";"Energie produite";1,019317678927
2015-08;"Provence-Alpes-Côte d'Azur";"Energie produite";0,792406295712
2015-09;"Provence-Alpes-Côte d'Azur";"Energie produite";1,071953388283
2015-10;"Provence-Alpes-Côte d'Azur";"Energie produite";1,728375726917
2015-11;"Provence-Alpes-Côte d'Azur";"Energie produite";1,587820727317
2015-12;"Provence-Alpes-Côte d'Azur";"Energie produite";1,254272001004
2016-01;"Provence-Alpes-Côte d'Azur";"Energie produite";1,381471214178
2016-02;"Provence-Alpes-Côte d'Azur";"Energie produite";1,470706124282
2016-03;"Provence-Alpes-Côte d'Azur";"Energie produite";1,710063089216
2016-04;"Provence-Alpes-Côte d'Azur";"Energie produite";1,697754973299
2016-05;"Provence-Alpes-Côte d'Azur";"Energie produite";1,381870372237
2016-06;"Provence-Alpes-Côte d'Azur";"Energie produite";1,62519489487
2016-07;"Provence-Alpes-Côte d'Azur";"Energie produite";1,44835497744
2016-08;"Provence-Alpes-Côte d'Azur";"Energie produite";1,077010484011
2016-09;"Provence-Alpes-Côte d'Azur";"Energie produite";1,72557798453
2016-10;"Provence-Alpes-Côte d'Azur";"Energie produite";2,060159044558
2016-11;"Provence-Alpes-Côte d'Azur";"Energie produite";2,129720285655
2016-12;"Provence-Alpes-Côte d'Azur";"Energie produite";2,486734911476
2017-01;"Provence-Alpes-Côte d'Azur";"Energie produite";2,636452075272
2017-02;"Provence-Alpes-Côte d'Azur";"Energie produite";1,636331056524
2017-03;"Provence-Alpes-Côte d'Azur";"Energie produite";1,865345423991
2017-04;"Provence-Alpes-Côte d'Azur";"Energie produite";1,342719969499
2017-05;"Provence-Alpes-Côte d'Azur";"Energie produite";1,445478533463
2017-06;"Provence-Alpes-Côte d'Azur";"Energie produite";1,469365113082
2017-07;"Provence-Alpes-Côte d'Azur";"Energie produite";1,470681400608
2017-08;"Provence-Alpes-Côte d'Azur";"Energie produite";1,101377408234
2017-09;"Provence-Alpes-Côte d'Azur";"Energie produite";1,290743150969
2017-10;"Provence-Alpes-Côte d'Azur";"Energie produite";1,735393443909
2017-11;"Provence-Alpes-Côte d'Azur";"Energie produite";2,19374907412
2017-12;"Provence-Alpes-Côte d'Azur";"Energie produite";1,816666330753
2018-01;"Provence-Alpes-Côte d'Azur";"Energie produite";1,379507432699
2018-02;"Provence-Alpes-Côte d'Azur";"Energie produite";2,338045454487
2018-03;"Provence-Alpes-Côte d'Azur";"Energie produite";2,121425309425
2018-04;"Provence-Alpes-Côte d'Azur";"Energie produite";1,548527828607
2018-05;"Provence-Alpes-Côte d'Azur";"Energie produite";1,598721418803
2018-06;"Provence-Alpes-Côte d'Azur";"Energie produite";1,617414151364
2018-07;"Provence-Alpes-Côte d'Azur";"Energie produite";1,227355904662
2018-08;"Provence-Alpes-Côte d'Azur";"Energie produite";1,027422945465
2018-09;"Provence-Alpes-Côte d'Azur";"Energie produite";1,036087450077
2018-10;"Provence-Alpes-Côte d'Azur";"Energie produite";1,511879866491
2018-11;"Provence-Alpes-Côte d'Azur";"Energie produite";1,988198591238
2018-12;"Provence-Alpes-Côte d'Azur";"Energie produite";1,716760240708
2019-01;"Provence-Alpes-Côte d'Azur";"Energie produite";2,192782470512
2019-02;"Provence-Alpes-Côte d'Azur";"Energie produite";1,799382214633
2019-03;"Provence-Alpes-Côte d'Azur";"Energie produite";1,378491286194
2019-04;"Provence-Alpes-Côte d'Azur";"Energie produite";1,275111940012
2019-05;"Provence-Alpes-Côte d'Azur";"Energie produite";1,568893624584
2019-06;"Provence-Alpes-Côte d'Azur";"Energie produite";1,483381074198
2019-07;"Provence-Alpes-Côte d'Azur";"Energie produite";1,520168832632
2019-08;"Provence-Alpes-Côte d'Azur";"Energie produite";1,204148612385
2019-09;"Provence-Alpes-Côte d'Azur";"Energie produite";1,154795695553
2019-10;"Provence-Alpes-Côte d'Azur";"Energie produite";1,307308143146
2019-11;"Provence-Alpes-Côte d'Azur";"Energie produite";2,111127354373
2019-12;"Provence-Alpes-Côte d'Azur";"Energie produite";1,901341264369
2020-01;"Provence-Alpes-Côte d'Azur";"Energie produite";2,232492538989
2020-02;"Provence-Alpes-Côte d'Azur";"Energie produite";2,023072589617
2020-03;"Provence-Alpes-Côte d'Azur";"Energie produite";2,054135906075
2020-04;"Provence-Alpes-Côte d'Azur";"Energie produite";1,081505096385
2020-05;"Provence-Alpes-Côte d'Azur";"Energie produite";1,757589842393
2020-06;"Provence-Alpes-Côte d'Azur";"Energie produite";2,189609915466
2020-07;"Provence-Alpes-Côte d'Azur";"Energie produite";1,725585769461
2020-08;"Provence-Alpes-Côte d'Azur";"Energie produite";1,482655568291
2020-09;"Provence-Alpes-Côte d'Azur";"Energie produite";1,159824553871
2020-10;"Provence-Alpes-Côte d'Azur";"Energie produite";1,418002583119
2020-11;"Provence-Alpes-Côte d'Azur";"Energie produite";1,760359830772
2020-12;"Provence-Alpes-Côte d'Azur";"Energie produite";1,723998462405
2021-01;"Provence-Alpes-Côte d'Azur";"Energie produite";1,991899730606
2021-02;"Provence-Alpes-Côte d'Azur";"Energie produite";1,679914582855
2021-03;"Provence-Alpes-Côte d'Azur";"Energie produite";1,642890782061
2021-04;"Provence-Alpes-Côte d'Azur";"Energie produite";1,347518050202
2021-05;"Provence-Alpes-Côte d'Azur";"Energie produite";1,580716060847
2021-06;"Provence-Alpes-Côte d'Azur";"Energie produite";1,660725201791
2021-07;"Provence-Alpes-Côte d'Azur";"Energie produite";1,25996605496
2021-08;"Provence-Alpes-Côte d'Azur";"Energie produite";0,94327278591
2021-09;"Provence-Alpes-Côte d'Azur";"Energie produite";0,913858407267
2021-10;"Provence-Alpes-Côte d'Azur";"Energie produite";0,956496748135
2021-11;"Provence-Alpes-Côte d'Azur";"Energie produite";1,732002160168
2021-12;"Provence-Alpes-Côte d'Azur";"Energie produite";1,636456085168
2022-01;"Provence-Alpes-Côte d'Azur";"Energie produite";1,621592325348
2022-02;"Provence-Alpes-Côte d'Azur";"Energie produite";1,219435348101
2022-03;"Provence-Alpes-Côte d'Azur";"Energie produite";1,650826767268
2022-04;"Provence-Alpes-Côte d'Azur";"Energie produite";1,756854981638
2022-05;"Provence-Alpes-Côte d'Azur";"Energie produite";1,79242502812
2022-06;"Provence-Alpes-Côte d'Azur";"Energie produite";1,502167620406
2022-07;"Provence-Alpes-Côte d'Azur";"Energie produite";1,568269651029
2022-08;"Provence-Alpes-Côte d'Azur";"Energie produite";1,348179074322
2022-09;"Provence-Alpes-Côte d'Azur";"Energie produite";1,2241159105
2022-10;"Provence-Alpes-Côte d'Azur";"Energie produite";1,305335940836
2022-11;"Provence-Alpes-Côte d'Azur";"Energie produite";1,614508259459
2022-12;"Provence-Alpes-Côte d'Azur";"Energie produite";1,791503781087
2023-01;"Provence-Alpes-Côte d'Azur";"Energie produite";1,915330508152
2023-02;"Provence-Alpes-Côte d'Azur";"Energie produite";1,555436430162
2023-03;"Provence-Alpes-Côte d'Azur";"Energie produite";1,326539928074
2023-04;"Provence-Alpes-Côte d'Azur";"Energie produite";1,251694077064
2023-05;"Provence-Alpes-Côte d'Azur";"Energie produite";1,247608945052
2023-06;"Provence-Alpes-Côte d'Azur";"Energie produite";1,542487682153
2023-07;"Provence-Alpes-Côte d'Azur";"Energie produite";1,398315317306
2023-08;"Provence-Alpes-Côte d'Azur";"Energie produite";1,249714220692
2023-09;"Provence-Alpes-Côte d'Azur";"Energie produite";1,113098071078
2023-10;"Provence-Alpes-Côte d'Azur";"Energie produite";1,170152245011
2023-11;"Provence-Alpes-Côte d'Azur";"Energie produite";1,796621343654
2023-12;"Provence-Alpes-Côte d'Azur";"Energie produite";1,942654316465
2024-01;"Provence-Alpes-Côte d'Azur";"Energie produite";2,204419541314
2024-02;"Provence-Alpes-Côte d'Azur";"Energie produite";1,613382240898
2024-03;"Provence-Alpes-Côte d'Azur";"Energie produite";1,894184303517
2024-04;"Provence-Alpes-Côte d'Azur";"Energie produite";1,521639566183
2024-05;"Provence-Alpes-Côte d'Azur";"Energie produite";1,709129323496
2024-06;"Provence-Alpes-Côte d'Azur";"Energie produite";1,747381459356
2024-07;"Provence-Alpes-Côte d'Azur";"Energie produite";1,480425222766
2024-08;"Provence-Alpes-Côte d'Azur";"Energie produite";1,172287910587
2024-09;"Provence-Alpes-Côte d'Azur";"Energie produite";1,07113535866
2024-10;"Provence-Alpes-Côte d'Azur";"Energie produite";1,418301979534
2024-11;"Provence-Alpes-Côte d'Azur";"Energie produite";1,687242930269
2024-12;"Provence-Alpes-Côte d'Azur";"Energie produite";1,608617066383
2025-01;"Provence-Alpes-Côte d'Azur";"Energie produite";1,89598634119
2025-02;"Provence-Alpes-Côte d'Azur";"Energie produite";1,879332449747
2025-03;"Provence-Alpes-Côte d'Azur";"Energie produite";1,517105178796
2025-04;"Provence-Alpes-Côte d'Azur";"Energie produite";1,345594177731
2025-05;"Provence-Alpes-Côte d'Azur";"Energie produite";1,605953018659
2025-06;"Provence-Alpes-Côte d'Azur";"Energie produite";1,53419301946
2025-07;"Provence-Alpes-Côte d'Azur";"Energie produite";1,250154443146
2025-08;"Provence-Alpes-Côte d'Azur";"Energie produite";1,059601893873
2025-09;"Provence-Alpes-Côte d'Azur";"Energie produite";0,978056374096
2025-10;"Provence-Alpes-Côte d'Azur";"Energie produite";1,1759778231
2025-11;"Provence-Alpes-Côte d'Azur";"Energie produite";1,397355431349
2014-01;"Corse";"Solaire";0,005869758
2014-02;"Corse";"Solaire";0,006580333
2014-03;"Corse";"Solaire";0,009752515
2014-04;"Corse";"Solaire";0,010079909
2014-05;"Corse";"Solaire";0,013101401
2014-06;"Corse";"Solaire";0,013779008
2014-07;"Corse";"Solaire";0,014158975
2014-08;"Corse";"Solaire";0,014544098
2014-09;"Corse";"Solaire";0,012086623
2014-10;"Corse";"Solaire";0,010957845
2014-11;"Corse";"Solaire";0,005973282
2014-12;"Corse";"Solaire";0,006728173
2015-01;"Corse";"Solaire";0,008077107
2015-02;"Corse";"Solaire";0,007693712
2015-03;"Corse";"Solaire";0,010651493
2015-04;"Corse";"Solaire";0,01484486
2015-05;"Corse";"Solaire";0,015322196
2015-06;"Corse";"Solaire";0,016624258
2015-07;"Corse";"Solaire";0,017664911
2015-08;"Corse";"Solaire";0,018511256
2015-09;"Corse";"Solaire";0,012934015
2015-10;"Corse";"Solaire";0,009472382
2015-11;"Corse";"Solaire";0,007798814
2015-12;"Corse";"Solaire";0,007965294
2016-01;"Corse";"Solaire";0,008179735
2016-02;"Corse";"Solaire";0,008225016
2016-03;"Corse";"Solaire";0,012299276
2016-04;"Corse";"Solaire";0,015012849
2016-05;"Corse";"Solaire";0,017488332
2016-06;"Corse";"Solaire";0,016658066
2016-07;"Corse";"Solaire";0,020445731
2016-08;"Corse";"Solaire";0,01690954
2016-09;"Corse";"Solaire";0,014831542
2016-10;"Corse";"Solaire";0,011126503
2016-11;"Corse";"Solaire";0,007785827
2016-12;"Corse";"Solaire";0,007604222
2017-01;"Corse";"Solaire";0,006535084
2017-02;"Corse";"Solaire";0,009009901
2017-03;"Corse";"Solaire";0,015165744
2017-04;"Corse";"Solaire";0,017378775
2017-05;"Corse";"Solaire";0,019014812
2017-06;"Corse";"Solaire";0,019052485
2017-07;"Corse";"Solaire";0,022122666
2017-08;"Corse";"Solaire";0,022412846
2017-09;"Corse";"Solaire";0,017648869
2017-10;"Corse";"Solaire";0,01577129
2017-11;"Corse";"Solaire";0,010755266
2017-12;"Corse";"Solaire";0,007604239
2018-01;"Corse";"Solaire";0,008870181
2018-02;"Corse";"Solaire";0,008511076
2018-03;"Corse";"Solaire";0,014152244
2018-04;"Corse";"Solaire";0,018468086
2018-05;"Corse";"Solaire";0,016949977
2018-06;"Corse";"Solaire";0,020653917
2018-07;"Corse";"Solaire";0,025258082
2018-08;"Corse";"Solaire";0,02159293
2018-09;"Corse";"Solaire";0,019178947
2018-10;"Corse";"Solaire";0,012507042
2018-11;"Corse";"Solaire";0,008831434
2018-12;"Corse";"Solaire";0,00940021
2019-01;"Corse";"Solaire";0,011557689
2019-02;"Corse";"Solaire";0,01563758
2019-03;"Corse";"Solaire";0,021452882
2019-04;"Corse";"Solaire";0,02053083
2019-05;"Corse";"Solaire";0,022235062
2019-06;"Corse";"Solaire";0,02784162
2019-07;"Corse";"Solaire";0,026591247
2019-08;"Corse";"Solaire";0,023104833
2019-09;"Corse";"Solaire";0,02109063
2019-10;"Corse";"Solaire";0,016355471
2019-11;"Corse";"Solaire";0,008735482
2019-12;"Corse";"Solaire";0,009717488
2020-01;"Corse";"Solaire";0,011677523
2020-02;"Corse";"Solaire";0,016521791
2020-03;"Corse";"Solaire";0,017970339
2020-04;"Corse";"Solaire";0,021585955
2020-05;"Corse";"Solaire";0,023142593
2020-06;"Corse";"Solaire";0,025700726
2020-07;"Corse";"Solaire";0,027856515
2020-08;"Corse";"Solaire";0,032275481
2020-09;"Corse";"Solaire";0,020483625
2020-10;"Corse";"Solaire";0,017707575
2020-11;"Corse";"Solaire";0,013005691
2020-12;"Corse";"Solaire";0,009674803
2021-01;"Corse";"Solaire";0,011197541
2021-02;"Corse";"Solaire";0,015265188
2021-03;"Corse";"Solaire";0,024291713
2021-04;"Corse";"Solaire";0,02345854
2021-05;"Corse";"Solaire";0,026955286
2021-06;"Corse";"Solaire";0,029260352
2021-07;"Corse";"Solaire";0,03113219
2021-08;"Corse";"Solaire";0,029512266
2021-09;"Corse";"Solaire";0,023712461
2021-10;"Corse";"Solaire";0,01881594
2021-11;"Corse";"Solaire";0,01031963
2021-12;"Corse";"Solaire";0,012196528
2022-01;"Corse";"Solaire";0,015875415041
2022-02;"Corse";"Solaire";0,020440581119
2022-03;"Corse";"Solaire";0,02139134804
2022-04;"Corse";"Solaire";0,025989814351
2022-05;"Corse";"Solaire";0,029194370017
2022-06;"Corse";"Solaire";0,029802483967
2022-07;"Corse";"Solaire";0,034794422946
2022-08;"Corse";"Solaire";0,029215222027
2022-09;"Corse";"Solaire";0,023764281697
2022-10;"Corse";"Solaire";0,02078154304
2022-11;"Corse";"Solaire";0,013874999334
2022-12;"Corse";"Solaire";0,011339507279
2023-01;"Corse";"Solaire";0,012186288602
2023-02;"Corse";"Solaire";0,017484807132
2023-03;"Corse";"Solaire";0,024551648278
2023-04;"Corse";"Solaire";0,028709959696
2023-05;"Corse";"Solaire";0,0261631665
2023-06;"Corse";"Solaire";0,029849596606
2023-07;"Corse";"Solaire";0,035610047946
2023-08;"Corse";"Solaire";0,032961718804
2023-09;"Corse";"Solaire";0,027317357101
2023-10;"Corse";"Solaire";0,020635255055
2023-11;"Corse";"Solaire";0,013045031986
2023-12;"Corse";"Solaire";0,01348419621
2024-01;"Corse";"Solaire";0,014911639983
2024-02;"Corse";"Solaire";0,01708038714
2024-03;"Corse";"Solaire";0,021835167122
2024-04;"Corse";"Solaire";0,027114270845
2024-05;"Corse";"Solaire";0,02976542494
2024-06;"Corse";"Solaire";0,031518189629
2024-07;"Corse";"Solaire";0,037848701069
2024-08;"Corse";"Solaire";0,033285283031
2024-09;"Corse";"Solaire";0,024449140113
2024-10;"Corse";"Solaire";0,017618508269
2024-11;"Corse";"Solaire";0,016857029102
2024-12;"Corse";"Solaire";0,014627765015
2025-01;"Corse";"Solaire";0,013196846154
2025-02;"Corse";"Solaire";0,017610721901
2025-03;"Corse";"Solaire";0,021362675031
2025-04;"Corse";"Solaire";0,024184974808
2025-05;"Corse";"Solaire";0,031181424028
2025-06;"Corse";"Solaire";0,038422300273
2025-07;"Corse";"Solaire";0,038523809432
2025-08;"Corse";"Solaire";0,036902591308
2025-09;"Corse";"Solaire";0,028530266667
2025-10;"Corse";"Solaire";0,022667946421
2025-11;"Corse";"Solaire";0,01732679935
2014-01;"Corse";"Hydraulique";0,093236282
2014-02;"Corse";"Hydraulique";0,086468592
2014-03;"Corse";"Hydraulique";0,079366332
2014-04;"Corse";"Hydraulique";0,07248813
2014-05;"Corse";"Hydraulique";0,050445804
2014-06;"Corse";"Hydraulique";0,02422308
2014-07;"Corse";"Hydraulique";0,012325166
2014-08;"Corse";"Hydraulique";0,011018981
2014-09;"Corse";"Hydraulique";0,0047751
2014-10;"Corse";"Hydraulique";0,000965645
2014-11;"Corse";"Hydraulique";0,02164773
2014-12;"Corse";"Hydraulique";0,036350786
2015-01;"Corse";"Hydraulique";0,028526169
2015-02;"Corse";"Hydraulique";0,064484952
2015-03;"Corse";"Hydraulique";0,08923303
2015-04;"Corse";"Hydraulique";0,06562929
2015-05;"Corse";"Hydraulique";0,02875777
2015-06;"Corse";"Hydraulique";0,01273089
2015-07;"Corse";"Hydraulique";0,009985255
2015-08;"Corse";"Hydraulique";0,008058109
2015-09;"Corse";"Hydraulique";0,0025521
2015-10;"Corse";"Hydraulique";0,01330964
2015-11;"Corse";"Hydraulique";0,01170522
2015-12;"Corse";"Hydraulique";0,012400713
2016-01;"Corse";"Hydraulique";0,079738324
2016-02;"Corse";"Hydraulique";0,092726514
2016-03;"Corse";"Hydraulique";0,092935554
2016-04;"Corse";"Hydraulique";0,04199841
2016-05;"Corse";"Hydraulique";0,027962713
2016-06;"Corse";"Hydraulique";0,01491861
2016-07;"Corse";"Hydraulique";0,007214816
2016-08;"Corse";"Hydraulique";0,007130124
2016-09;"Corse";"Hydraulique";0,0077967
2016-10;"Corse";"Hydraulique";0,005588057
2016-11;"Corse";"Hydraulique";0,04281903
2016-12;"Corse";"Hydraulique";0,050448904
2017-01;"Corse";"Hydraulique";0,064855565
2017-02;"Corse";"Hydraulique";0,099942164
2017-03;"Corse";"Hydraulique";0,069882402
2017-04;"Corse";"Hydraulique";0,04103679
2017-05;"Corse";"Hydraulique";0,018562304
2017-06;"Corse";"Hydraulique";0,00793275
2017-07;"Corse";"Hydraulique";0,005788227
2017-08;"Corse";"Hydraulique";0,005875988
2017-09;"Corse";"Hydraulique";0,00792276
2017-10;"Corse";"Hydraulique";0,001426245
2017-11;"Corse";"Hydraulique";0,00380814
2017-12;"Corse";"Hydraulique";0,055804433
2018-01;"Corse";"Hydraulique";0,082809091
2018-02;"Corse";"Hydraulique";0,054968228
2018-03;"Corse";"Hydraulique";0,117260851
2018-04;"Corse";"Hydraulique";0,09202494
2018-05;"Corse";"Hydraulique";0,086672187
2018-06;"Corse";"Hydraulique";0,03699897
2018-07;"Corse";"Hydraulique";0,013996252
2018-08;"Corse";"Hydraulique";0,014982238
2018-09;"Corse";"Hydraulique";0,00665058
2018-10;"Corse";"Hydraulique";0,020542381
2018-11;"Corse";"Hydraulique";0,06405486
2018-12;"Corse";"Hydraulique";0,049776514
2019-01;"Corse";"Hydraulique";0,023459467
2019-02;"Corse";"Hydraulique";0,064783768
2019-03;"Corse";"Hydraulique";0,019713739
2019-04;"Corse";"Hydraulique";0,02254095
2019-05;"Corse";"Hydraulique";0,052435632
2019-06;"Corse";"Hydraulique";0,01071291
2019-07;"Corse";"Hydraulique";0,009840268
2019-08;"Corse";"Hydraulique";0,008954598
2019-09;"Corse";"Hydraulique";0,00561438
2019-10;"Corse";"Hydraulique";0,001260418
2019-11;"Corse";"Hydraulique";0,08464551
2019-12;"Corse";"Hydraulique";0,099433864
2020-01;"Corse";"Hydraulique";0,056492478
2020-02;"Corse";"Hydraulique";0,036400249
2020-03;"Corse";"Hydraulique";0,078535377
2020-04;"Corse";"Hydraulique";0,05425728
2020-05;"Corse";"Hydraulique";0,053478441
2020-06;"Corse";"Hydraulique";0,02149722
2020-07;"Corse";"Hydraulique";0,008152504
2020-08;"Corse";"Hydraulique";0,008511732
2020-09;"Corse";"Hydraulique";0,01524459
2020-10;"Corse";"Hydraulique";0,055162439
2020-11;"Corse";"Hydraulique";0,02414163
2020-12;"Corse";"Hydraulique";0,087985657
2021-01;"Corse";"Hydraulique";0,098045839
2021-02;"Corse";"Hydraulique";0,096518772
2021-03;"Corse";"Hydraulique";0,066174304
2021-04;"Corse";"Hydraulique";0,04633479
2021-05;"Corse";"Hydraulique";0,069214568
2021-06;"Corse";"Hydraulique";0,02381265
2021-07;"Corse";"Hydraulique";0,00773388
2021-08;"Corse";"Hydraulique";0,008536873
2021-09;"Corse";"Hydraulique";0,00780429
2021-10;"Corse";"Hydraulique";0,004785879
2021-11;"Corse";"Hydraulique";0,03606816
2021-12;"Corse";"Hydraulique";0,071580457
2022-01;"Corse";"Hydraulique";0,045480640423
2022-02;"Corse";"Hydraulique";0,023657344548
2022-03;"Corse";"Hydraulique";0,019258650087
2022-04;"Corse";"Hydraulique";0,05085389199
2022-05;"Corse";"Hydraulique";0,046025251988
2022-06;"Corse";"Hydraulique";0,00524850603
2022-07;"Corse";"Hydraulique";0,005586057927
2022-08;"Corse";"Hydraulique";0,006774346052
2022-09;"Corse";"Hydraulique";0,00543018708
2022-10;"Corse";"Hydraulique";0,006649056018
2022-11;"Corse";"Hydraulique";0,03847160907
2022-12;"Corse";"Hydraulique";0,084442265984
2023-01;"Corse";"Hydraulique";0,087137830498
2023-02;"Corse";"Hydraulique";0,066112861976
2023-03;"Corse";"Hydraulique";0,086485756999
2023-04;"Corse";"Hydraulique";0,03616844595
2023-05;"Corse";"Hydraulique";0,047322470052
2023-06;"Corse";"Hydraulique";0,03899446914
2023-07;"Corse";"Hydraulique";0,010834847107
2023-08;"Corse";"Hydraulique";0,008090573037
2023-09;"Corse";"Hydraulique";0,01075946406
2023-10;"Corse";"Hydraulique";0,019019019064
2023-11;"Corse";"Hydraulique";0,07959070302
2023-12;"Corse";"Hydraulique";0,076247720931
2024-01;"Corse";"Hydraulique";0,045074294004
2024-02;"Corse";"Hydraulique";0,053711718003
2024-03;"Corse";"Hydraulique";0,090552746137
2024-04;"Corse";"Hydraulique";0,04671688809
2024-05;"Corse";"Hydraulique";0,04822451109
2024-06;"Corse";"Hydraulique";0,00827163702
2024-07;"Corse";"Hydraulique";0,012918724054
2024-08;"Corse";"Hydraulique";0,010461227078
2024-09;"Corse";"Hydraulique";0,01118368446
2024-10;"Corse";"Hydraulique";0,038115984962
2024-11;"Corse";"Hydraulique";0,02658337389
2024-12;"Corse";"Hydraulique";0,038526603026
2025-01;"Corse";"Hydraulique";0,06830221196
2025-02;"Corse";"Hydraulique";0,042525168
2025-03;"Corse";"Hydraulique";0,077637655035
2025-04;"Corse";"Hydraulique";0,08032017003
2025-05;"Corse";"Hydraulique";0,046542050911
2025-06;"Corse";"Hydraulique";0,00622215294
2025-07;"Corse";"Hydraulique";0,007468348973
2025-08;"Corse";"Hydraulique";0,013184502089
2025-09;"Corse";"Hydraulique";0,007311999
2025-10;"Corse";"Hydraulique";0,011786763022
2025-11;"Corse";"Hydraulique";0,013184502
2014-01;"Corse";"Eolien";0,002519091
2014-02;"Corse";"Eolien";0,004080496
2014-03;"Corse";"Eolien";0,003274864
2014-04;"Corse";"Eolien";0,00297678
2014-05;"Corse";"Eolien";0,003546059
2014-06;"Corse";"Eolien";0,00202482
2014-07;"Corse";"Eolien";0,002606728
2014-08;"Corse";"Eolien";0,00268088
2014-09;"Corse";"Eolien";0,00149118
2014-10;"Corse";"Eolien";0,001485157
2014-11;"Corse";"Eolien";0,00280317
2014-12;"Corse";"Eolien";0,00181908
2015-01;"Corse";"Eolien";0,003452315
2015-02;"Corse";"Eolien";0,002581572
2015-03;"Corse";"Eolien";0,002376238
2015-04;"Corse";"Eolien";0,00092637
2015-05;"Corse";"Eolien";0,001408795
2015-06;"Corse";"Eolien";0,00076617
2015-07;"Corse";"Eolien";0,002032825
2015-08;"Corse";"Eolien";0,00107694
2015-09;"Corse";"Eolien";0,00348456
2015-10;"Corse";"Eolien";0,002581582
2015-11;"Corse";"Eolien";0,00196431
2015-12;"Corse";"Eolien";0,00153729
2016-01;"Corse";"Eolien";0,004149877
2016-02;"Corse";"Eolien";0,004321957
2016-03;"Corse";"Eolien";0,001872112
2016-04;"Corse";"Eolien";0,00469401
2016-05;"Corse";"Eolien";0,003477735
2016-06;"Corse";"Eolien";0,00175191
2016-07;"Corse";"Eolien";0,001827419
2016-08;"Corse";"Eolien";0,002322861
2016-09;"Corse";"Eolien";0,00136368
2016-10;"Corse";"Eolien";0,002641861
2016-11;"Corse";"Eolien";0,0030177
2016-12;"Corse";"Eolien";0,001501485
2017-01;"Corse";"Eolien";0,003042588
2017-02;"Corse";"Eolien";0,00172424
2017-03;"Corse";"Eolien";0,003018406
2017-04;"Corse";"Eolien";0,00221841
2017-05;"Corse";"Eolien";0,001995749
2017-06;"Corse";"Eolien";0,00145878
2017-07;"Corse";"Eolien";0,001801193
2017-08;"Corse";"Eolien";0,001006694
2017-09;"Corse";"Eolien";0,00038307
2017-10;"Corse";"Eolien";0,000914985
2017-11;"Corse";"Eolien";0,00258582
2017-12;"Corse";"Eolien";0,002224994
2018-01;"Corse";"Eolien";0,001601336
2018-02;"Corse";"Eolien";0,001236088
2018-03;"Corse";"Eolien";0,002750524
2018-04;"Corse";"Eolien";0,00177981
2018-05;"Corse";"Eolien";0,00048391
2018-06;"Corse";"Eolien";0,00046353
2018-07;"Corse";"Eolien";0,000963604
2018-08;"Corse";"Eolien";0,000762879
2018-09;"Corse";"Eolien";0,00062859
2018-10;"Corse";"Eolien";0,000735346
2018-11;"Corse";"Eolien";0,00059193
2018-12;"Corse";"Eolien";0,001252307
2019-01;"Corse";"Eolien";0,001013049
2019-02;"Corse";"Eolien";0,000821156
2019-03;"Corse";"Eolien";0,001664196
2019-04;"Corse";"Eolien";0,00085197
2019-05;"Corse";"Eolien";0,00136431
2019-06;"Corse";"Eolien";0,00023946
2019-07;"Corse";"Eolien";0,000672328
2019-08;"Corse";"Eolien";0,000228315
2019-09;"Corse";"Eolien";-8,16E-6
2019-10;"Corse";"Eolien";0,000147418
2019-11;"Corse";"Eolien";0,00112455
2019-12;"Corse";"Eolien";0,001080009
2020-01;"Corse";"Eolien";0,000734359
2020-02;"Corse";"Eolien";0,001573453
2020-03;"Corse";"Eolien";0,000980327
2020-04;"Corse";"Eolien";0,00071391
2020-05;"Corse";"Eolien";0,000994108
2020-06;"Corse";"Eolien";0,00151293
2020-07;"Corse";"Eolien";0,000420391
2020-08;"Corse";"Eolien";0,0008308
2020-09;"Corse";"Eolien";0,00070893
2020-10;"Corse";"Eolien";0,001137335
2020-11;"Corse";"Eolien";0,00048522
2020-12;"Corse";"Eolien";0,001195174
2021-01;"Corse";"Eolien";0,002059578
2021-02;"Corse";"Eolien";0,00104832
2021-03;"Corse";"Eolien";-3,003E-6
2021-04;"Corse";"Eolien";0,00039567
2021-05;"Corse";"Eolien";0,00166098
2021-06;"Corse";"Eolien";0,00040113
2021-07;"Corse";"Eolien";0,000968347
2021-08;"Corse";"Eolien";0,001047397
2021-09;"Corse";"Eolien";0,00066456
2021-10;"Corse";"Eolien";0,001075562
2021-11;"Corse";"Eolien";0,00114807
2021-12;"Corse";"Eolien";0,00151156
2022-01;"Corse";"Eolien";0,001075998003
2022-02;"Corse";"Eolien";0,001106473004
2022-03;"Corse";"Eolien";0,000274925019
2022-04;"Corse";"Eolien";0,001324512
2022-05;"Corse";"Eolien";0,000430091985
2022-06;"Corse";"Eolien";0,000617646
2022-07;"Corse";"Eolien";0,000430079988
2022-08;"Corse";"Eolien";0,000177131985
2022-09;"Corse";"Eolien";0,00128980599
2022-10;"Corse";"Eolien";0,000383670012
2022-11;"Corse";"Eolien";0,00124833201
2022-12;"Corse";"Eolien";0,001355976983
2023-01;"Corse";"Eolien";0,001713090008
2023-02;"Corse";"Eolien";0,000537406016
2023-03;"Corse";"Eolien";0,001144516993
2023-04;"Corse";"Eolien";0,00125074698
2023-05;"Corse";"Eolien";0,000659153
2023-06;"Corse";"Eolien";0,00025480401
2023-07;"Corse";"Eolien";0,000896598027
2023-08;"Corse";"Eolien";0,000807234978
2023-09;"Corse";"Eolien";0,00062837802
2023-10;"Corse";"Eolien";0,003172526019
2023-11;"Corse";"Eolien";0,003282081
2023-12;"Corse";"Eolien";0,003513606991
2024-01;"Corse";"Eolien";0,004246603975
2024-02;"Corse";"Eolien";0,002718528005
2024-03;"Corse";"Eolien";0,003876143993
2024-04;"Corse";"Eolien";0,002837034
2024-05;"Corse";"Eolien";0,002787315989
2024-06;"Corse";"Eolien";0,00295939401
2024-07;"Corse";"Eolien";0,001180018007
2024-08;"Corse";"Eolien";0,00099853201
2024-09;"Corse";"Eolien";0,00317808399
2024-10;"Corse";"Eolien";0,002872512018
2024-11;"Corse";"Eolien";0,00236810997
2024-12;"Corse";"Eolien";0,003664169992
2025-01;"Corse";"Eolien";0,003295172993
2025-02;"Corse";"Eolien";0,002092176016
2025-03;"Corse";"Eolien";0,003248793986
2025-04;"Corse";"Eolien";0,00171188499
2025-05;"Corse";"Eolien";0,001877465989
2025-06;"Corse";"Eolien";0,00115273299
2025-07;"Corse";"Eolien";0,002290813975
2025-08;"Corse";"Eolien";0,001821675971
2025-09;"Corse";"Eolien";0,00221101701
2025-10;"Corse";"Eolien";0,001317540021
2025-11;"Corse";"Eolien";0,00182167599
2014-01;"Corse";"Thermique fossile";0,046399002
2014-02;"Corse";"Thermique fossile";0,044178008
2014-03;"Corse";"Thermique fossile";0,050186988
2014-04;"Corse";"Thermique fossile";0,04319799
2014-05;"Corse";"Thermique fossile";0,044427991
2014-06;"Corse";"Thermique fossile";0,056823
2014-07;"Corse";"Thermique fossile";0,091492997
2014-08;"Corse";"Thermique fossile";0,100300004
2014-09;"Corse";"Thermique fossile";0,09202101
2014-10;"Corse";"Thermique fossile";0,082187997
2014-11;"Corse";"Thermique fossile";0,07699101
2014-12;"Corse";"Thermique fossile";0,091726985
2015-01;"Corse";"Thermique fossile";0,114432005
2015-02;"Corse";"Thermique fossile";0,072853984
2015-03;"Corse";"Thermique fossile";0,050019999
2015-04;"Corse";"Thermique fossile";0,048525
2015-05;"Corse";"Thermique fossile";0,054127984
2015-06;"Corse";"Thermique fossile";0,07372101
2015-07;"Corse";"Thermique fossile";0,118849009
2015-08;"Corse";"Thermique fossile";0,110660018
2015-09;"Corse";"Thermique fossile";0,09185499
2015-10;"Corse";"Thermique fossile";0,076162996
2015-11;"Corse";"Thermique fossile";0,086952
2015-12;"Corse";"Thermique fossile";0,107726984
2016-01;"Corse";"Thermique fossile";0,061205284
2016-02;"Corse";"Thermique fossile";0,04213236
2016-03;"Corse";"Thermique fossile";0,0448633
2016-04;"Corse";"Thermique fossile";0,05283948
2016-05;"Corse";"Thermique fossile";0,063313687
2016-06;"Corse";"Thermique fossile";0,0740859
2016-07;"Corse";"Thermique fossile";0,106182967
2016-08;"Corse";"Thermique fossile";0,110508583
2016-09;"Corse";"Thermique fossile";0,08289933
2016-10;"Corse";"Thermique fossile";0,078804673
2016-11;"Corse";"Thermique fossile";0,0634464
2016-12;"Corse";"Thermique fossile";0,082772573
2017-01;"Corse";"Thermique fossile";0,101914422
2017-02;"Corse";"Thermique fossile";0,03897502
2017-03;"Corse";"Thermique fossile";0,045789605
2017-04;"Corse";"Thermique fossile";0,05298252
2017-05;"Corse";"Thermique fossile";0,062453747
2017-06;"Corse";"Thermique fossile";0,0947298
2017-07;"Corse";"Thermique fossile";0,112907766
2017-08;"Corse";"Thermique fossile";0,121376253
2017-09;"Corse";"Thermique fossile";0,08470245
2017-10;"Corse";"Thermique fossile";0,083481566
2017-11;"Corse";"Thermique fossile";0,1067385
2017-12;"Corse";"Thermique fossile";0,100757812
2018-01;"Corse";"Thermique fossile";0,056251825
2018-02;"Corse";"Thermique fossile";0,093087764
2018-03;"Corse";"Thermique fossile";0,045177959
2018-04;"Corse";"Thermique fossile";0,03533568
2018-05;"Corse";"Thermique fossile";0,036977792
2018-06;"Corse";"Thermique fossile";0,05496318
2018-07;"Corse";"Thermique fossile";0,096345396
2018-08;"Corse";"Thermique fossile";0,110765852
2018-09;"Corse";"Thermique fossile";0,08405046
2018-10;"Corse";"Thermique fossile";0,06992303
2018-11;"Corse";"Thermique fossile";0,05708349
2018-12;"Corse";"Thermique fossile";0,078937594
2019-01;"Corse";"Thermique fossile";0,131561985
2019-02;"Corse";"Thermique fossile";0,060856012
2019-03;"Corse";"Thermique fossile";0,084150012
2019-04;"Corse";"Thermique fossile";0,101577
2019-05;"Corse";"Thermique fossile";0,051387987
2019-06;"Corse";"Thermique fossile";0,070842
2019-07;"Corse";"Thermique fossile";0,107779994
2019-08;"Corse";"Thermique fossile";0,111789968
2019-09;"Corse";"Thermique fossile";0,08473398
2019-10;"Corse";"Thermique fossile";0,075807009
2019-11;"Corse";"Thermique fossile";0,04452801
2019-12;"Corse";"Thermique fossile";0,042755975
2020-01;"Corse";"Thermique fossile";0,075109001
2020-02;"Corse";"Thermique fossile";0,067393999
2020-03;"Corse";"Thermique fossile";0,049887992
2020-04;"Corse";"Thermique fossile";0,04198101
2020-05;"Corse";"Thermique fossile";0,035819012
2020-06;"Corse";"Thermique fossile";0,06189699
2020-07;"Corse";"Thermique fossile";0,097183016
2020-08;"Corse";"Thermique fossile";0,112898993
2020-09;"Corse";"Thermique fossile";0,08346498
2020-10;"Corse";"Thermique fossile";0,046715971
2020-11;"Corse";"Thermique fossile";0,06854301
2020-12;"Corse";"Thermique fossile";0,055392009
2021-01;"Corse";"Thermique fossile";0,071175411
2021-02;"Corse";"Thermique fossile";0,040418476
2021-03;"Corse";"Thermique fossile";0,055689058
2021-04;"Corse";"Thermique fossile";0,05736201
2021-05;"Corse";"Thermique fossile";0,035970106
2021-06;"Corse";"Thermique fossile";0,07156608
2021-07;"Corse";"Thermique fossile";0,105381183
2021-08;"Corse";"Thermique fossile";0,114410677
2021-09;"Corse";"Thermique fossile";0,09509079
2021-10;"Corse";"Thermique fossile";0,086952613
2021-11;"Corse";"Thermique fossile";0,09191607
2021-12;"Corse";"Thermique fossile";0,105289516
2022-01;"Corse";"Thermique fossile";0,12339259902
2022-02;"Corse";"Thermique fossile";0,108700293604
2022-03;"Corse";"Thermique fossile";0,124307475019
2022-04;"Corse";"Thermique fossile";0,062574354
2022-05;"Corse";"Thermique fossile";0,051159387978
2022-06;"Corse";"Thermique fossile";0,09665385198
2022-07;"Corse";"Thermique fossile";0,125577021987
2022-08;"Corse";"Thermique fossile";0,131699752999
2022-09;"Corse";"Thermique fossile";0,09990722601
2022-10;"Corse";"Thermique fossile";0,074215481025
2022-11;"Corse";"Thermique fossile";0,060171447
2022-12;"Corse";"Thermique fossile";0,056006748021
2023-01;"Corse";"Thermique fossile";0,054392105023
2023-02;"Corse";"Thermique fossile";0,051871975008
2023-03;"Corse";"Thermique fossile";0,03802062301
2023-04;"Corse";"Thermique fossile";0,05270311998
2023-05;"Corse";"Thermique fossile";0,045509967973
2023-06;"Corse";"Thermique fossile";0,05860950702
2023-07;"Corse";"Thermique fossile";0,127975013006
2023-08;"Corse";"Thermique fossile";0,110999165998
2023-09;"Corse";"Thermique fossile";0,08441176599
2023-10;"Corse";"Thermique fossile";0,059507224993
2023-11;"Corse";"Thermique fossile";0,03879181002
2023-12;"Corse";"Thermique fossile";0,060193513967
2024-01;"Corse";"Thermique fossile";0,067644822023
2024-02;"Corse";"Thermique fossile";0,050314950004
2024-03;"Corse";"Thermique fossile";0,039331212986
2024-04;"Corse";"Thermique fossile";0,048200484
2024-05;"Corse";"Thermique fossile";0,052523289987
2024-06;"Corse";"Thermique fossile";0,07592142297
2024-07;"Corse";"Thermique fossile";0,144368778036
2024-08;"Corse";"Thermique fossile";0,130075563985
2024-09;"Corse";"Thermique fossile";0,07703355399
2024-10;"Corse";"Thermique fossile";0,054653981987
2024-11;"Corse";"Thermique fossile";0,06069490899
2024-12;"Corse";"Thermique fossile";0,081427723963
2025-01;"Corse";"Thermique fossile";0,058286653034
2025-02;"Corse";"Thermique fossile";0,051767025996
2025-03;"Corse";"Thermique fossile";0,041662992965
2025-04;"Corse";"Thermique fossile";0,03489754698
2025-05;"Corse";"Thermique fossile";0,050165327005
2025-06;"Corse";"Thermique fossile";0,07821231
2025-07;"Corse";"Thermique fossile";0,106303747991
2025-08;"Corse";"Thermique fossile";0,106151777001
2025-09;"Corse";"Thermique fossile";0,07750976301
2025-10;"Corse";"Thermique fossile";0,072986789019
2025-11;"Corse";"Thermique fossile";0,10615177701
2014-01;"Corse";"Thermique renouvelable et déchets";0,001024116
2014-02;"Corse";"Thermique renouvelable et déchets";0,001066184
2014-03;"Corse";"Thermique renouvelable et déchets";0,001147378
2014-04;"Corse";"Thermique renouvelable et déchets";0,0008547
2014-05;"Corse";"Thermique renouvelable et déchets";0,001052605
2014-06;"Corse";"Thermique renouvelable et déchets";0,00080754
2014-07;"Corse";"Thermique renouvelable et déchets";0,001018753
2014-08;"Corse";"Thermique renouvelable et déchets";0,001119193
2014-09;"Corse";"Thermique renouvelable et déchets";0,00087333
2014-10;"Corse";"Thermique renouvelable et déchets";0,000533886
2014-11;"Corse";"Thermique renouvelable et déchets";0,00084459
2014-12;"Corse";"Thermique renouvelable et déchets";0,001048823
2015-01;"Corse";"Thermique renouvelable et déchets";0,001081683
2015-02;"Corse";"Thermique renouvelable et déchets";0,0009723
2015-03;"Corse";"Thermique renouvelable et déchets";0,000397536
2015-04;"Corse";"Thermique renouvelable et déchets";0,00088386
2015-05;"Corse";"Thermique renouvelable et déchets";0,000872991
2015-06;"Corse";"Thermique renouvelable et déchets";0,00088956
2015-07;"Corse";"Thermique renouvelable et déchets";0,000985118
2015-08;"Corse";"Thermique renouvelable et déchets";0,001020024
2015-09;"Corse";"Thermique renouvelable et déchets";0,00040353
2015-10;"Corse";"Thermique renouvelable et déchets";0,001098999
2015-11;"Corse";"Thermique renouvelable et déchets";0,00092409
2015-12;"Corse";"Thermique renouvelable et déchets";0,000626355
2016-01;"Corse";"Thermique renouvelable et déchets";0,001281819
2016-02;"Corse";"Thermique renouvelable et déchets";0,000751158
2016-03;"Corse";"Thermique renouvelable et déchets";0,000950266
2016-04;"Corse";"Thermique renouvelable et déchets";0,00091275
2016-05;"Corse";"Thermique renouvelable et déchets";0,000920483
2016-06;"Corse";"Thermique renouvelable et déchets";0,0008568
2016-07;"Corse";"Thermique renouvelable et déchets";0,00090861
2016-08;"Corse";"Thermique renouvelable et déchets";0,000541663
2016-09;"Corse";"Thermique renouvelable et déchets";0,00055677
2016-10;"Corse";"Thermique renouvelable et déchets";0,000833748
2016-11;"Corse";"Thermique renouvelable et déchets";0,00053298
2016-12;"Corse";"Thermique renouvelable et déchets";0,00011222
2017-01;"Corse";"Thermique renouvelable et déchets";0,000630075
2017-02;"Corse";"Thermique renouvelable et déchets";0,000430136
2017-03;"Corse";"Thermique renouvelable et déchets";0,000593192
2017-04;"Corse";"Thermique renouvelable et déchets";0,00061464
2017-05;"Corse";"Thermique renouvelable et déchets";0,000800606
2017-06;"Corse";"Thermique renouvelable et déchets";0,00057927
2017-07;"Corse";"Thermique renouvelable et déchets";0,000674653
2017-08;"Corse";"Thermique renouvelable et déchets";0,000834055
2017-09;"Corse";"Thermique renouvelable et déchets";0,00078441
2017-10;"Corse";"Thermique renouvelable et déchets";0,000857619
2017-11;"Corse";"Thermique renouvelable et déchets";0,0007212
2017-12;"Corse";"Thermique renouvelable et déchets";0,000733987
2018-01;"Corse";"Thermique renouvelable et déchets";0,000639561
2018-02;"Corse";"Thermique renouvelable et déchets";0,000646128
2018-03;"Corse";"Thermique renouvelable et déchets";0,000838166
2018-04;"Corse";"Thermique renouvelable et déchets";0,00075114
2018-05;"Corse";"Thermique renouvelable et déchets";0,000822368
2018-06;"Corse";"Thermique renouvelable et déchets";0,0008532
2018-07;"Corse";"Thermique renouvelable et déchets";0,000803365
2018-08;"Corse";"Thermique renouvelable et déchets";0,000766444
2018-09;"Corse";"Thermique renouvelable et déchets";0,00076755
2018-10;"Corse";"Thermique renouvelable et déchets";0,000621827
2018-11;"Corse";"Thermique renouvelable et déchets";0,00052941
2018-12;"Corse";"Thermique renouvelable et déchets";0,000549196
2019-01;"Corse";"Thermique renouvelable et déchets";0,0007254
2019-02;"Corse";"Thermique renouvelable et déchets";0,000641564
2019-03;"Corse";"Thermique renouvelable et déchets";0,000688885
2019-04;"Corse";"Thermique renouvelable et déchets";0,0006585
2019-05;"Corse";"Thermique renouvelable et déchets";0,00068355
2019-06;"Corse";"Thermique renouvelable et déchets";0,00067854
2019-07;"Corse";"Thermique renouvelable et déchets";0,0006386
2019-08;"Corse";"Thermique renouvelable et déchets";0,000639995
2019-09;"Corse";"Thermique renouvelable et déchets";0,00054723
2019-10;"Corse";"Thermique renouvelable et déchets";0,000503931
2019-11;"Corse";"Thermique renouvelable et déchets";0,00044772
2019-12;"Corse";"Thermique renouvelable et déchets";0,000489521
2020-01;"Corse";"Thermique renouvelable et déchets";0,000614017
2020-02;"Corse";"Thermique renouvelable et déchets";0,000464725
2020-03;"Corse";"Thermique renouvelable et déchets";0,000543349
2020-04;"Corse";"Thermique renouvelable et déchets";0,00054384
2020-05;"Corse";"Thermique renouvelable et déchets";0,000593743
2020-06;"Corse";"Thermique renouvelable et déchets";0,00047484
2020-07;"Corse";"Thermique renouvelable et déchets";0,000501549
2020-08;"Corse";"Thermique renouvelable et déchets";0,00055862
2020-09;"Corse";"Thermique renouvelable et déchets";0,00056919
2020-10;"Corse";"Thermique renouvelable et déchets";0,000606772
2020-11;"Corse";"Thermique renouvelable et déchets";0,00041358
2020-12;"Corse";"Thermique renouvelable et déchets";0,000548731
2021-01;"Corse";"Thermique renouvelable et déchets";0,000454243
2021-02;"Corse";"Thermique renouvelable et déchets";0,000373576
2021-03;"Corse";"Thermique renouvelable et déchets";0,000428649
2021-04;"Corse";"Thermique renouvelable et déchets";0,00039594
2021-05;"Corse";"Thermique renouvelable et déchets";0,000267499
2021-06;"Corse";"Thermique renouvelable et déchets";0,00028317
2021-07;"Corse";"Thermique renouvelable et déchets";0,000412486
2021-08;"Corse";"Thermique renouvelable et déchets";0,000330832
2021-09;"Corse";"Thermique renouvelable et déchets";0,00035499
2021-10;"Corse";"Thermique renouvelable et déchets";0,00029862
2021-11;"Corse";"Thermique renouvelable et déchets";0,00026439
2021-12;"Corse";"Thermique renouvelable et déchets";0,000223944
2022-01;"Corse";"Thermique renouvelable et déchets";0,000263092009
2022-02;"Corse";"Thermique renouvelable et déchets";0,000271415004
2022-03;"Corse";"Thermique renouvelable et déchets";0,000350887016
2022-04;"Corse";"Thermique renouvelable et déchets";0,00030953502
2022-05;"Corse";"Thermique renouvelable et déchets";0,000272079002
2022-06;"Corse";"Thermique renouvelable et déchets";0,000199692
2022-07;"Corse";"Thermique renouvelable et déchets";0,000227996971
2022-08;"Corse";"Thermique renouvelable et déchets";0,000216798996
2022-09;"Corse";"Thermique renouvelable et déchets";0,00019582299
2022-10;"Corse";"Thermique renouvelable et déchets";0,000224552995
2022-11;"Corse";"Thermique renouvelable et déchets";0,00021770199
2022-12;"Corse";"Thermique renouvelable et déchets";0,000188739997
2023-01;"Corse";"Thermique renouvelable et déchets";0,000196631977
2023-02;"Corse";"Thermique renouvelable et déchets";0,000131534984
2023-03;"Corse";"Thermique renouvelable et déchets";0,000156551984
2023-04;"Corse";"Thermique renouvelable et déchets";8,91501E-6
2023-05;"Corse";"Thermique renouvelable et déchets";9,284996E-6
2023-06;"Corse";"Thermique renouvelable et déchets";7,359E-5
2023-07;"Corse";"Thermique renouvelable et déchets";0,000264864992
2023-08;"Corse";"Thermique renouvelable et déchets";0,000226724979
2023-09;"Corse";"Thermique renouvelable et déchets";0,00027079899
2023-10;"Corse";"Thermique renouvelable et déchets";0,000337853965
2023-11;"Corse";"Thermique renouvelable et déchets";0,00026594901
2023-12;"Corse";"Thermique renouvelable et déchets";0,000236822981
2024-01;"Corse";"Thermique renouvelable et déchets";0,000148279975
2024-02;"Corse";"Thermique renouvelable et déchets";0,000225460993
2024-03;"Corse";"Thermique renouvelable et déchets";0,000186868
2024-04;"Corse";"Thermique renouvelable et déchets";0,000246822
2024-05;"Corse";"Thermique renouvelable et déchets";0,000130700991
2024-06;"Corse";"Thermique renouvelable et déchets";0,00017420001
2024-07;"Corse";"Thermique renouvelable et déchets";0,000257102003
2024-08;"Corse";"Thermique renouvelable et déchets";0,000212959987
2024-09;"Corse";"Thermique renouvelable et déchets";0,00011817
2024-10;"Corse";"Thermique renouvelable et déchets";0,000225723989
2024-11;"Corse";"Thermique renouvelable et déchets";0,00022592301
2024-12;"Corse";"Thermique renouvelable et déchets";0,000239065986
2025-01;"Corse";"Thermique renouvelable et déchets";0,000254476985
2025-02;"Corse";"Thermique renouvelable et déchets";0,000246181012
2025-03;"Corse";"Thermique renouvelable et déchets";0,000341883965
2025-04;"Corse";"Thermique renouvelable et déchets";0,000297816
2025-05;"Corse";"Thermique renouvelable et déchets";0,000313941991
2025-06;"Corse";"Thermique renouvelable et déchets";0,000291117
2025-07;"Corse";"Thermique renouvelable et déchets";0,00018385697
2025-08;"Corse";"Thermique renouvelable et déchets";0,000136442997
2025-09;"Corse";"Thermique renouvelable et déchets";0,000313251
2025-10;"Corse";"Thermique renouvelable et déchets";0,000173154003
2025-11;"Corse";"Thermique renouvelable et déchets";0,000136443
2014-01;"Corse";"Energie produite";0,149048249
2014-02;"Corse";"Energie produite";0,142373613
2014-03;"Corse";"Energie produite";0,143728077
2014-04;"Corse";"Energie produite";0,129597509
2014-05;"Corse";"Energie produite";0,11257386
2014-06;"Corse";"Energie produite";0,097657448
2014-07;"Corse";"Energie produite";0,121602619
2014-08;"Corse";"Energie produite";0,129663156
2014-09;"Corse";"Energie produite";0,111247243
2014-10;"Corse";"Energie produite";0,09613053
2014-11;"Corse";"Energie produite";0,108259782
2014-12;"Corse";"Energie produite";0,137673847
2015-01;"Corse";"Energie produite";0,155569279
2015-02;"Corse";"Energie produite";0,14858652
2015-03;"Corse";"Energie produite";0,152678296
2015-04;"Corse";"Energie produite";0,13080938
2015-05;"Corse";"Energie produite";0,100489736
2015-06;"Corse";"Energie produite";0,104731888
2015-07;"Corse";"Energie produite";0,149517118
2015-08;"Corse";"Energie produite";0,139326347
2015-09;"Corse";"Energie produite";0,111229195
2015-10;"Corse";"Energie produite";0,102625599
2015-11;"Corse";"Energie produite";0,109344434
2015-12;"Corse";"Energie produite";0,130256636
2016-01;"Corse";"Energie produite";0,154555039
2016-02;"Corse";"Energie produite";0,148157005
2016-03;"Corse";"Energie produite";0,152920508
2016-04;"Corse";"Energie produite";0,115457499
2016-05;"Corse";"Energie produite";0,11316295
2016-06;"Corse";"Energie produite";0,108271286
2016-07;"Corse";"Energie produite";0,136579543
2016-08;"Corse";"Energie produite";0,137412771
2016-09;"Corse";"Energie produite";0,107448022
2016-10;"Corse";"Energie produite";0,098994842
2016-11;"Corse";"Energie produite";0,117601937
2016-12;"Corse";"Energie produite";0,142439404
2017-01;"Corse";"Energie produite";0,176977734
2017-02;"Corse";"Energie produite";0,150081461
2017-03;"Corse";"Energie produite";0,134449349
2017-04;"Corse";"Energie produite";0,114231135
2017-05;"Corse";"Energie produite";0,102827218
2017-06;"Corse";"Energie produite";0,123753085
2017-07;"Corse";"Energie produite";0,143294505
2017-08;"Corse";"Energie produite";0,151505836
2017-09;"Corse";"Energie produite";0,111441559
2017-10;"Corse";"Energie produite";0,102451705
2017-11;"Corse";"Energie produite";0,124608926
2017-12;"Corse";"Energie produite";0,167125465
2018-01;"Corse";"Energie produite";0,150171994
2018-02;"Corse";"Energie produite";0,158449284
2018-03;"Corse";"Energie produite";0,180179744
2018-04;"Corse";"Energie produite";0,148359656
2018-05;"Corse";"Energie produite";0,141906234
2018-06;"Corse";"Energie produite";0,113932797
2018-07;"Corse";"Energie produite";0,137366699
2018-08;"Corse";"Energie produite";0,148870343
2018-09;"Corse";"Energie produite";0,111276127
2018-10;"Corse";"Energie produite";0,104329626
2018-11;"Corse";"Energie produite";0,131091124
2018-12;"Corse";"Energie produite";0,139915821
2019-01;"Corse";"Energie produite";0,16831759
2019-02;"Corse";"Energie produite";0,14274008
2019-03;"Corse";"Energie produite";0,127669714
2019-04;"Corse";"Energie produite";0,14615925
2019-05;"Corse";"Energie produite";0,128106541
2019-06;"Corse";"Energie produite";0,11031453
2019-07;"Corse";"Energie produite";0,145522437
2019-08;"Corse";"Energie produite";0,144717709
2019-09;"Corse";"Energie produite";0,11197806
2019-10;"Corse";"Energie produite";0,094074247
2019-11;"Corse";"Energie produite";0,139481272
2019-12;"Corse";"Energie produite";0,153476857
2020-01;"Corse";"Energie produite";0,144627378
2020-02;"Corse";"Energie produite";0,122354217
2020-03;"Corse";"Energie produite";0,147917384
2020-04;"Corse";"Energie produite";0,119081995
2020-05;"Corse";"Energie produite";0,114027897
2020-06;"Corse";"Energie produite";0,111082706
2020-07;"Corse";"Energie produite";0,134113975
2020-08;"Corse";"Energie produite";0,155075626
2020-09;"Corse";"Energie produite";0,120471315
2020-10;"Corse";"Energie produite";0,121330092
2020-11;"Corse";"Energie produite";0,106589131
2020-12;"Corse";"Energie produite";0,154796374
2021-01;"Corse";"Energie produite";0,182932612
2021-02;"Corse";"Energie produite";0,153624332
2021-03;"Corse";"Energie produite";0,146580721
2021-04;"Corse";"Energie produite";0,12794695
2021-05;"Corse";"Energie produite";0,134068439
2021-06;"Corse";"Energie produite";0,125323382
2021-07;"Corse";"Energie produite";0,145628086
2021-08;"Corse";"Energie produite";0,153838045
2021-09;"Corse";"Energie produite";0,127627091
2021-10;"Corse";"Energie produite";0,111928614
2021-11;"Corse";"Energie produite";0,13971632
2021-12;"Corse";"Energie produite";0,190802005
2022-01;"Corse";"Energie produite";0,186087744496
2022-02;"Corse";"Energie produite";0,154176107279
2022-03;"Corse";"Energie produite";0,165583285181
2022-04;"Corse";"Energie produite";0,141052107361
2022-05;"Corse";"Energie produite";0,12708118097
2022-06;"Corse";"Energie produite";0,132522179977
2022-07;"Corse";"Energie produite";0,166615579819
2022-08;"Corse";"Energie produite";0,168083252059
2022-09;"Corse";"Energie produite";0,130587323767
2022-10;"Corse";"Energie produite";0,10225430309
2022-11;"Corse";"Energie produite";0,113984089404
2022-12;"Corse";"Energie produite";0,153333238264
2023-01;"Corse";"Energie produite";0,155625946108
2023-02;"Corse";"Energie produite";0,136138585116
2023-03;"Corse";"Energie produite";0,150359097264
2023-04;"Corse";"Energie produite";0,118841187616
2023-05;"Corse";"Energie produite";0,119664042521
2023-06;"Corse";"Energie produite";0,127781966776
2023-07;"Corse";"Energie produite";0,175581371078
2023-08;"Corse";"Energie produite";0,153085417796
2023-09;"Corse";"Energie produite";0,123387764161
2023-10;"Corse";"Energie produite";0,102671879096
2023-11;"Corse";"Energie produite";0,134975575036
2023-12;"Corse";"Energie produite";0,15367586108
2024-01;"Corse";"Energie produite";0,13202563996
2024-02;"Corse";"Energie produite";0,124051044145
2024-03;"Corse";"Energie produite";0,155782138238
2024-04;"Corse";"Energie produite";0,125115498935
2024-05;"Corse";"Energie produite";0,133431242997
2024-06;"Corse";"Energie produite";0,118844843639
2024-07;"Corse";"Energie produite";0,196573323169
2024-08;"Corse";"Energie produite";0,175033566091
2024-09;"Corse";"Energie produite";0,115962632553
2024-10;"Corse";"Energie produite";0,113486711225
2024-11;"Corse";"Energie produite";0,106729344962
2024-12;"Corse";"Energie produite";0,138485327982
2025-01;"Corse";"Energie produite";0,143335361126
2025-02;"Corse";"Energie produite";0,114241272925
2025-03;"Corse";"Energie produite";0,144254000982
2025-04;"Corse";"Energie produite";0,141412392808
2025-05;"Corse";"Energie produite";0,130080209924
2025-06;"Corse";"Energie produite";0,124300613203
2025-07;"Corse";"Energie produite";0,154770577341
2025-08;"Corse";"Energie produite";0,158196989366
2025-09;"Corse";"Energie produite";0,115876296687
2025-10;"Corse";"Energie produite";0,108932192486
2025-11;"Corse";"Energie produite";0,13862119735
