Date;Région;Filière;Valeur (TWh)
2014-01;"Île-de-France";"Thermique renouvelable et déchets";0,064332895412
2014-02;"Île-de-France";"Thermique renouvelable et déchets";0,061742014436
2014-03;"Île-de-France";"Thermique renouvelable et déchets";0,064995046569
2014-04;"Île-de-France";"Thermique renouvelable et déchets";0,06435202876
2014-05;"Île-de-France";"Thermique renouvelable et déchets";0,064664777196
2014-06;"Île-de-France";"Thermique renouvelable et déchets";0,053256211
2014-07;"Île-de-France";"Thermique renouvelable et déchets";0,068019676708
2014-08;"Île-de-France";"Thermique renouvelable et déchets";0,060744046688
2014-09;"Île-de-France";"Thermique renouvelable et déchets";0,05439527736
2014-10;"Île-de-France";"Thermique renouvelable et déchets";0,0617532527725
2014-11;"Île-de-France";"Thermique renouvelable et déchets";0,0598283238
2014-12;"Île-de-France";"Thermique renouvelable et déchets";0,06433741652
2015-01;"Île-de-France";"Thermique renouvelable et déchets";0,064442170912
2015-02;"Île-de-France";"Thermique renouvelable et déchets";0,056230297436
2015-03;"Île-de-France";"Thermique renouvelable et déchets";0,057750823569
2015-04;"Île-de-France";"Thermique renouvelable et déchets";0,05531670076
2015-05;"Île-de-France";"Thermique renouvelable et déchets";0,051205996196
2015-06;"Île-de-France";"Thermique renouvelable et déchets";0,052144144
2015-07;"Île-de-France";"Thermique renouvelable et déchets";0,055257312208
2015-08;"Île-de-France";"Thermique renouvelable et déchets";0,061975380688
2015-09;"Île-de-France";"Thermique renouvelable et déchets";0,05863961542
2015-10;"Île-de-France";"Thermique renouvelable et déchets";0,06490161719
2015-11;"Île-de-France";"Thermique renouvelable et déchets";0,06194977458
2015-12;"Île-de-France";"Thermique renouvelable et déchets";0,067385424856
2016-01;"Île-de-France";"Thermique renouvelable et déchets";0,06976017128
2016-02;"Île-de-France";"Thermique renouvelable et déchets";0,067241776884
2016-03;"Île-de-France";"Thermique renouvelable et déchets";0,070852838123
2016-04;"Île-de-France";"Thermique renouvelable et déchets";0,05437431328
2016-05;"Île-de-France";"Thermique renouvelable et déchets";0,066508345712
2016-06;"Île-de-France";"Thermique renouvelable et déchets";0,06499193722
2016-07;"Île-de-France";"Thermique renouvelable et déchets";0,079897904228
2016-08;"Île-de-France";"Thermique renouvelable et déchets";0,064121823276
2016-09;"Île-de-France";"Thermique renouvelable et déchets";0,0631876852
2016-10;"Île-de-France";"Thermique renouvelable et déchets";0,06758518664
2016-11;"Île-de-France";"Thermique renouvelable et déchets";0,0678673263
2016-12;"Île-de-France";"Thermique renouvelable et déchets";0,075285186012
2017-01;"Île-de-France";"Thermique renouvelable et déchets";0,07157035416
2017-02;"Île-de-France";"Thermique renouvelable et déchets";0,066965186068
2017-03;"Île-de-France";"Thermique renouvelable et déchets";0,0698479316115
2017-04;"Île-de-France";"Thermique renouvelable et déchets";0,0675778932
2017-05;"Île-de-France";"Thermique renouvelable et déchets";0,064070616396
2017-06;"Île-de-France";"Thermique renouvelable et déchets";0,06953024834
2017-07;"Île-de-France";"Thermique renouvelable et déchets";0,081532542376
2017-08;"Île-de-France";"Thermique renouvelable et déchets";0,068192790836
2017-09;"Île-de-France";"Thermique renouvelable et déchets";0,07389638108
2017-10;"Île-de-France";"Thermique renouvelable et déchets";0,070419883985
2017-11;"Île-de-France";"Thermique renouvelable et déchets";0,07277152512
2017-12;"Île-de-France";"Thermique renouvelable et déchets";0,073499208932
2018-01;"Île-de-France";"Thermique renouvelable et déchets";0,07152125836
2018-02;"Île-de-France";"Thermique renouvelable et déchets";0,065358835464
2018-03;"Île-de-France";"Thermique renouvelable et déchets";0,070119172483
2018-04;"Île-de-France";"Thermique renouvelable et déchets";0,067643642743
2018-05;"Île-de-France";"Thermique renouvelable et déchets";0,067279542604
2018-06;"Île-de-France";"Thermique renouvelable et déchets";0,0686706597
2018-07;"Île-de-France";"Thermique renouvelable et déchets";0,078133206868
2018-08;"Île-de-France";"Thermique renouvelable et déchets";0,069036838992
2018-09;"Île-de-France";"Thermique renouvelable et déchets";0,07357619674
2018-10;"Île-de-France";"Thermique renouvelable et déchets";0,06894682455
2018-11;"Île-de-France";"Thermique renouvelable et déchets";0,07001655866
2018-12;"Île-de-France";"Thermique renouvelable et déchets";0,074268850456
2019-01;"Île-de-France";"Thermique renouvelable et déchets";0,075004189288
2019-02;"Île-de-France";"Thermique renouvelable et déchets";0,06623195312
2019-03;"Île-de-France";"Thermique renouvelable et déchets";0,06906737491
2019-04;"Île-de-France";"Thermique renouvelable et déchets";0,0588615515
2019-05;"Île-de-France";"Thermique renouvelable et déchets";0,064250932524
2019-06;"Île-de-France";"Thermique renouvelable et déchets";0,05413125424
2019-07;"Île-de-France";"Thermique renouvelable et déchets";0,061770251668
2019-08;"Île-de-France";"Thermique renouvelable et déchets";0,0640146053
2019-09;"Île-de-France";"Thermique renouvelable et déchets";0,05999773732
2019-10;"Île-de-France";"Thermique renouvelable et déchets";0,058723345335
2019-11;"Île-de-France";"Thermique renouvelable et déchets";0,0584450025
2019-12;"Île-de-France";"Thermique renouvelable et déchets";0,058428580288
2020-01;"Île-de-France";"Thermique renouvelable et déchets";0,061086657732
2020-02;"Île-de-France";"Thermique renouvelable et déchets";0,053249538752
2020-03;"Île-de-France";"Thermique renouvelable et déchets";0,0683751099605
2020-04;"Île-de-France";"Thermique renouvelable et déchets";0,06625940638
2020-05;"Île-de-France";"Thermique renouvelable et déchets";0,06386442994
2020-06;"Île-de-France";"Thermique renouvelable et déchets";0,0688415647
2020-07;"Île-de-France";"Thermique renouvelable et déchets";0,071957889272
2020-08;"Île-de-France";"Thermique renouvelable et déchets";0,064132181096
2020-09;"Île-de-France";"Thermique renouvelable et déchets";0,07184415066
2020-10;"Île-de-France";"Thermique renouvelable et déchets";0,0481874350025
2020-11;"Île-de-France";"Thermique renouvelable et déchets";0,0523480305
2020-12;"Île-de-France";"Thermique renouvelable et déchets";0,0571646735
2021-01;"Île-de-France";"Thermique renouvelable et déchets";0,066647198756
2021-02;"Île-de-France";"Thermique renouvelable et déchets";0,059958530748
2021-03;"Île-de-France";"Thermique renouvelable et déchets";0,070416146463
2021-04;"Île-de-France";"Thermique renouvelable et déchets";0,06873119958
2021-05;"Île-de-France";"Thermique renouvelable et déchets";0,062089625748
2021-06;"Île-de-France";"Thermique renouvelable et déchets";0,06260348434
2021-07;"Île-de-France";"Thermique renouvelable et déchets";0,077136755084
2021-08;"Île-de-France";"Thermique renouvelable et déchets";0,067420235664
2021-09;"Île-de-France";"Thermique renouvelable et déchets";0,07905530544
2021-10;"Île-de-France";"Thermique renouvelable et déchets";0,07807699941
2021-11;"Île-de-France";"Thermique renouvelable et déchets";0,06770619522
2021-12;"Île-de-France";"Thermique renouvelable et déchets";0,066068737
2022-01;"Île-de-France";"Thermique renouvelable et déchets";0,0683862873035
2022-02;"Île-de-France";"Thermique renouvelable et déchets";0,057316687439
2022-03;"Île-de-France";"Thermique renouvelable et déchets";0,0705964979025
2022-04;"Île-de-France";"Thermique renouvelable et déchets";0,058740617993
2022-05;"Île-de-France";"Thermique renouvelable et déchets";0,0700573491425
2022-06;"Île-de-France";"Thermique renouvelable et déchets";0,060581711587
2022-07;"Île-de-France";"Thermique renouvelable et déchets";0,0749023748025
2022-08;"Île-de-France";"Thermique renouvelable et déchets";0,0620642013535
2022-09;"Île-de-France";"Thermique renouvelable et déchets";0,075178310768
2022-10;"Île-de-France";"Thermique renouvelable et déchets";0,0655382497065
2022-11;"Île-de-France";"Thermique renouvelable et déchets";0,0601273313835
2022-12;"Île-de-France";"Thermique renouvelable et déchets";0,048939976865
2023-01;"Île-de-France";"Thermique renouvelable et déchets";0,0616691113415
2023-02;"Île-de-France";"Thermique renouvelable et déchets";0,055721083775
2023-03;"Île-de-France";"Thermique renouvelable et déchets";0,058335468228
2023-04;"Île-de-France";"Thermique renouvelable et déchets";0,0604573027245
2023-05;"Île-de-France";"Thermique renouvelable et déchets";0,060971009326
2023-06;"Île-de-France";"Thermique renouvelable et déchets";0,0564470605715
2023-07;"Île-de-France";"Thermique renouvelable et déchets";0,06789665046
2023-08;"Île-de-France";"Thermique renouvelable et déchets";0,0597511012555
2023-09;"Île-de-France";"Thermique renouvelable et déchets";0,0595485741265
2023-10;"Île-de-France";"Thermique renouvelable et déchets";0,0590340823235
2023-11;"Île-de-France";"Thermique renouvelable et déchets";0,057722859242
2023-12;"Île-de-France";"Thermique renouvelable et déchets";0,0620051657085
2024-01;"Île-de-France";"Thermique renouvelable et déchets";0,061865533248
2024-02;"Île-de-France";"Thermique renouvelable et déchets";0,059563574933
2024-03;"Île-de-France";"Thermique renouvelable et déchets";0,061969608308
2024-04;"Île-de-France";"Thermique renouvelable et déchets";0,059312068379
2024-05;"Île-de-France";"Thermique renouvelable et déchets";0,0586120276135
2024-06;"Île-de-France";"Thermique renouvelable et déchets";0,0537001488065
2024-07;"Île-de-France";"Thermique renouvelable et déchets";0,0690980780905
2024-08;"Île-de-France";"Thermique renouvelable et déchets";0,064747651074
2024-09;"Île-de-France";"Thermique renouvelable et déchets";0,065453358517
2024-10;"Île-de-France";"Thermique renouvelable et déchets";0,0631001366505
2024-11;"Île-de-France";"Thermique renouvelable et déchets";0,062525574945
2024-12;"Île-de-France";"Thermique renouvelable et déchets";0,06651982645
2025-01;"Île-de-France";"Thermique renouvelable et déchets";0,063898857247
2025-02;"Île-de-France";"Thermique renouvelable et déchets";0,057327028108
2025-03;"Île-de-France";"Thermique renouvelable et déchets";0,064761293907
2025-04;"Île-de-France";"Thermique renouvelable et déchets";0,0605306126025
2025-05;"Île-de-France";"Thermique renouvelable et déchets";0,0595549183325
2025-06;"Île-de-France";"Thermique renouvelable et déchets";0,0504568780465
2025-07;"Île-de-France";"Thermique renouvelable et déchets";0,0576265959665
2025-08;"Île-de-France";"Thermique renouvelable et déchets";0,048546401573
2025-09;"Île-de-France";"Thermique renouvelable et déchets";0,0409804618235
2025-10;"Île-de-France";"Thermique renouvelable et déchets";0,0550591640045
2025-11;"Île-de-France";"Thermique renouvelable et déchets";0,064150356167
2014-01;"Île-de-France";"Éolien";0,005468478
2014-02;"Île-de-France";"Éolien";0,006518962
2014-03;"Île-de-France";"Éolien";0,002870897
2014-04;"Île-de-France";"Éolien";0,002027738
2014-05;"Île-de-France";"Éolien";0,003492562
2014-06;"Île-de-France";"Éolien";0,002303832
2014-07;"Île-de-France";"Éolien";0,001990316
2014-08;"Île-de-France";"Éolien";0,002100074
2014-09;"Île-de-France";"Éolien";0,001554756
2014-10;"Île-de-France";"Éolien";0,002616291
2014-11;"Île-de-France";"Éolien";0,002681983
2014-12;"Île-de-France";"Éolien";0,004273956
2015-01;"Île-de-France";"Éolien";0,004955532
2015-02;"Île-de-France";"Éolien";0,004224572
2015-03;"Île-de-France";"Éolien";0,003825026
2015-04;"Île-de-France";"Éolien";0,002959761
2015-05;"Île-de-France";"Éolien";0,002823627
2015-06;"Île-de-France";"Éolien";0,002234207
2015-07;"Île-de-France";"Éolien";0,00263819
2015-08;"Île-de-France";"Éolien";0,003327361
2015-09;"Île-de-France";"Éolien";0,006494558
2015-10;"Île-de-France";"Éolien";0,003765193
2015-11;"Île-de-France";"Éolien";0,008272335
2015-12;"Île-de-France";"Éolien";0,007185513
2016-01;"Île-de-France";"Éolien";0,009028153
2016-02;"Île-de-France";"Éolien";0,009330716
2016-03;"Île-de-France";"Éolien";0,008301743
2016-04;"Île-de-France";"Éolien";0,004792996
2016-05;"Île-de-France";"Éolien";0,004199535
2016-06;"Île-de-France";"Éolien";0,002831293
2016-07;"Île-de-France";"Éolien";0,002742603
2016-08;"Île-de-France";"Éolien";0,003403213
2016-09;"Île-de-France";"Éolien";0,002362542
2016-10;"Île-de-France";"Éolien";0,004345413
2016-11;"Île-de-France";"Éolien";0,006722276
2016-12;"Île-de-France";"Éolien";0,002891709
2017-01;"Île-de-France";"Éolien";0,005146914
2017-02;"Île-de-France";"Éolien";0,007200451
2017-03;"Île-de-France";"Éolien";0,009908314
2017-04;"Île-de-France";"Éolien";0,00476272
2017-05;"Île-de-France";"Éolien";0,005166935
2017-06;"Île-de-France";"Éolien";0,005034175
2017-07;"Île-de-France";"Éolien";0,006627431
2017-08;"Île-de-France";"Éolien";0,005415824
2017-09;"Île-de-France";"Éolien";0,007996202
2017-10;"Île-de-France";"Éolien";0,008528743
2017-11;"Île-de-France";"Éolien";0,01075893
2017-12;"Île-de-France";"Éolien";0,015182519
2018-01;"Île-de-France";"Éolien";0,018716374
2018-02;"Île-de-France";"Éolien";0,011961159
2018-03;"Île-de-France";"Éolien";0,013467804
2018-04;"Île-de-France";"Éolien";0,008524407
2018-05;"Île-de-France";"Éolien";0,007875408
2018-06;"Île-de-France";"Éolien";0,005720199
2018-07;"Île-de-France";"Éolien";0,005751059
2018-08;"Île-de-France";"Éolien";0,007953794
2018-09;"Île-de-France";"Éolien";0,009285845
2018-10;"Île-de-France";"Éolien";0,012751086
2018-11;"Île-de-France";"Éolien";0,01305108
2018-12;"Île-de-France";"Éolien";0,018676912
2019-01;"Île-de-France";"Éolien";0,010901178
2019-02;"Île-de-France";"Éolien";0,009257178
2019-03;"Île-de-France";"Éolien";0,019218873
2019-04;"Île-de-France";"Éolien";0,009741224
2019-05;"Île-de-France";"Éolien";0,010372797
2019-06;"Île-de-France";"Éolien";0,008990391
2019-07;"Île-de-France";"Éolien";0,009292484
2019-08;"Île-de-France";"Éolien";0,012185115
2019-09;"Île-de-France";"Éolien";0,019651981
2019-10;"Île-de-France";"Éolien";0,023063093
2019-11;"Île-de-France";"Éolien";0,022877183
2019-12;"Île-de-France";"Éolien";0,029593645
2020-01;"Île-de-France";"Éolien";0,026638232
2020-02;"Île-de-France";"Éolien";0,037631122
2020-03;"Île-de-France";"Éolien";0,029586563
2020-04;"Île-de-France";"Éolien";0,015484952
2020-05;"Île-de-France";"Éolien";0,01740369
2020-06;"Île-de-France";"Éolien";0,012848945
2020-07;"Île-de-France";"Éolien";0,01384675
2020-08;"Île-de-France";"Éolien";0,014087969
2020-09;"Île-de-France";"Éolien";0,015557885
2020-10;"Île-de-France";"Éolien";0,030645928
2020-11;"Île-de-France";"Éolien";0,019670269
2020-12;"Île-de-France";"Éolien";0,032276899
2021-01;"Île-de-France";"Éolien";0,026512185
2021-02;"Île-de-France";"Éolien";0,028453629
2021-03;"Île-de-France";"Éolien";0,024762332
2021-04;"Île-de-France";"Éolien";0,021158509
2021-05;"Île-de-France";"Éolien";0,029126751
2021-06;"Île-de-France";"Éolien";0,007418704
2021-07;"Île-de-France";"Éolien";0,01777894
2021-08;"Île-de-France";"Éolien";0,019082215
2021-09;"Île-de-France";"Éolien";0,014104271
2021-10;"Île-de-France";"Éolien";0,028331988
2021-11;"Île-de-France";"Éolien";0,023065048
2021-12;"Île-de-France";"Éolien";0,03406888
2022-01;"Île-de-France";"Éolien";0,025062037333
2022-02;"Île-de-France";"Éolien";0,043615189502
2022-03;"Île-de-France";"Éolien";0,02953144683
2022-04;"Île-de-France";"Éolien";0,031021191672
2022-05;"Île-de-France";"Éolien";0,019626171159
2022-06;"Île-de-France";"Éolien";0,016363267667
2022-07;"Île-de-France";"Éolien";0,015300361158
2022-08;"Île-de-France";"Éolien";0,019031048651
2022-09;"Île-de-France";"Éolien";0,018492148497
2022-10;"Île-de-France";"Éolien";0,027601170615
2022-11;"Île-de-France";"Éolien";0,038416430837
2022-12;"Île-de-France";"Éolien";0,038088756935
2023-01;"Île-de-France";"Éolien";0,050382291946
2023-02;"Île-de-France";"Éolien";0,025648667104
2023-03;"Île-de-France";"Éolien";0,048888923766
2023-04;"Île-de-France";"Éolien";0,032631690834
2023-05;"Île-de-France";"Éolien";0,033571980955
2023-06;"Île-de-France";"Éolien";0,01728179932
2023-07;"Île-de-France";"Éolien";0,026966160601
2023-08;"Île-de-France";"Éolien";0,019136916939
2023-09;"Île-de-France";"Éolien";0,016964566321
2023-10;"Île-de-France";"Éolien";0,034189962848
2023-11;"Île-de-France";"Éolien";0,049012824087
2023-12;"Île-de-France";"Éolien";0,049934682105
2024-01;"Île-de-France";"Éolien";0,038313185262
2024-02;"Île-de-France";"Éolien";0,041848844833
2024-03;"Île-de-France";"Éolien";0,03002746059
2024-04;"Île-de-France";"Éolien";0,030837914834
2024-05;"Île-de-France";"Éolien";0,017711279506
2024-06;"Île-de-France";"Éolien";0,01742225967
2024-07;"Île-de-France";"Éolien";0,013964727332
2024-08;"Île-de-France";"Éolien";0,013740185917
2024-09;"Île-de-France";"Éolien";0,030070232254
2024-10;"Île-de-France";"Éolien";0,023454394245
2024-11;"Île-de-France";"Éolien";0,027084491244
2024-12;"Île-de-France";"Éolien";0,034935404341
2025-01;"Île-de-France";"Éolien";0,038798666496
2025-02;"Île-de-France";"Éolien";0,020981802251
2025-03;"Île-de-France";"Éolien";0,026056316755
2025-04;"Île-de-France";"Éolien";0,026321120416
2025-05;"Île-de-France";"Éolien";0,023970404995
2025-06;"Île-de-France";"Éolien";0,018208650834
2025-07;"Île-de-France";"Éolien";0,021011363675
2025-08;"Île-de-France";"Éolien";0,017439613586
2025-09;"Île-de-France";"Éolien";0,0269331175
2025-10;"Île-de-France";"Éolien";0,038030502163
2025-11;"Île-de-France";"Éolien";0,031810896824
2014-01;"Île-de-France";"Solaire";0,001568198
2014-02;"Île-de-France";"Solaire";0,002938564
2014-03;"Île-de-France";"Solaire";0,006590477
2014-04;"Île-de-France";"Solaire";0,006938747
2014-05;"Île-de-France";"Solaire";0,008347582
2014-06;"Île-de-France";"Solaire";0,009424704
2014-07;"Île-de-France";"Solaire";0,007915417
2014-08;"Île-de-France";"Solaire";0,007530585
2014-09;"Île-de-France";"Solaire";0,007394077
2014-10;"Île-de-France";"Solaire";0,00408071
2014-11;"Île-de-France";"Solaire";0,002239658
2014-12;"Île-de-France";"Solaire";0,001151801
2015-01;"Île-de-France";"Solaire";0,001538583
2015-02;"Île-de-France";"Solaire";0,003066745
2015-03;"Île-de-France";"Solaire";0,005437119
2015-04;"Île-de-France";"Solaire";0,008214703
2015-05;"Île-de-France";"Solaire";0,008762019
2015-06;"Île-de-France";"Solaire";0,010710409
2015-07;"Île-de-France";"Solaire";0,009782637
2015-08;"Île-de-France";"Solaire";0,008748197
2015-09;"Île-de-France";"Solaire";0,007058791
2015-10;"Île-de-France";"Solaire";0,004246589
2015-11;"Île-de-France";"Solaire";0,002461669
2015-12;"Île-de-France";"Solaire";0,00198863
2016-01;"Île-de-France";"Solaire";0,001823095
2016-02;"Île-de-France";"Solaire";0,003281579
2016-03;"Île-de-France";"Solaire";0,00525377
2016-04;"Île-de-France";"Solaire";0,007529361
2016-05;"Île-de-France";"Solaire";0,007656379
2016-06;"Île-de-France";"Solaire";0,007253587
2016-07;"Île-de-France";"Solaire";0,009636728
2016-08;"Île-de-France";"Solaire";0,009140396
2016-09;"Île-de-France";"Solaire";0,006379216
2016-10;"Île-de-France";"Solaire";0,007304798
2016-11;"Île-de-France";"Solaire";0,002348157
2016-12;"Île-de-France";"Solaire";0,002082958
2017-01;"Île-de-France";"Solaire";0,002019666
2017-02;"Île-de-France";"Solaire";0,002601705
2017-03;"Île-de-France";"Solaire";0,005006775
2017-04;"Île-de-France";"Solaire";0,008255512
2017-05;"Île-de-France";"Solaire";0,009589074
2017-06;"Île-de-France";"Solaire";0,010448398
2017-07;"Île-de-France";"Solaire";0,008926919
2017-08;"Île-de-France";"Solaire";0,008252599
2017-09;"Île-de-France";"Solaire";0,006419982
2017-10;"Île-de-France";"Solaire";0,00479446
2017-11;"Île-de-France";"Solaire";0,002478069
2017-12;"Île-de-France";"Solaire";0,001284421
2018-01;"Île-de-France";"Solaire";0,000958052
2018-02;"Île-de-France";"Solaire";0,003502731
2018-03;"Île-de-France";"Solaire";0,004866465
2018-04;"Île-de-France";"Solaire";0,007989227
2018-05;"Île-de-France";"Solaire";0,011182367
2018-06;"Île-de-France";"Solaire";0,010522259
2018-07;"Île-de-France";"Solaire";0,011766364
2018-08;"Île-de-France";"Solaire";0,010047543
2018-09;"Île-de-France";"Solaire";0,008653703
2018-10;"Île-de-France";"Solaire";0,007805353
2018-11;"Île-de-France";"Solaire";0,004672982
2018-12;"Île-de-France";"Solaire";0,000897361
2019-01;"Île-de-France";"Solaire";0,00271484
2019-02;"Île-de-France";"Solaire";0,005526852
2019-03;"Île-de-France";"Solaire";0,007778985
2019-04;"Île-de-France";"Solaire";0,008912594
2019-05;"Île-de-France";"Solaire";0,011155217
2019-06;"Île-de-France";"Solaire";0,012084752
2019-07;"Île-de-France";"Solaire";0,013074514
2019-08;"Île-de-France";"Solaire";0,011756139
2019-09;"Île-de-France";"Solaire";0,011172904
2019-10;"Île-de-France";"Solaire";0,007219754
2019-11;"Île-de-France";"Solaire";0,004472633
2019-12;"Île-de-France";"Solaire";0,004291969
2020-01;"Île-de-France";"Solaire";0,003572626
2020-02;"Île-de-France";"Solaire";0,005413672
2020-03;"Île-de-France";"Solaire";0,008535863
2020-04;"Île-de-France";"Solaire";0,012641117
2020-05;"Île-de-France";"Solaire";0,015653545
2020-06;"Île-de-France";"Solaire";0,013980431
2020-07;"Île-de-France";"Solaire";0,017495586
2020-08;"Île-de-France";"Solaire";0,016739053
2020-09;"Île-de-France";"Solaire";0,014295583
2020-10;"Île-de-France";"Solaire";0,008018861
2020-11;"Île-de-France";"Solaire";0,006335949
2020-12;"Île-de-France";"Solaire";0,003754804
2021-01;"Île-de-France";"Solaire";0,003014319
2021-02;"Île-de-France";"Solaire";0,006233257
2021-03;"Île-de-France";"Solaire";0,012121204
2021-04;"Île-de-France";"Solaire";0,016737091
2021-05;"Île-de-France";"Solaire";0,016545799
2021-06;"Île-de-France";"Solaire";0,017194568
2021-07;"Île-de-France";"Solaire";0,016422902
2021-08;"Île-de-France";"Solaire";0,019991109
2021-09;"Île-de-France";"Solaire";0,018544478
2021-10;"Île-de-France";"Solaire";0,014546118
2021-11;"Île-de-France";"Solaire";0,007508963
2021-12;"Île-de-France";"Solaire";0,004819789
2022-01;"Île-de-France";"Solaire";0,005709587638
2022-02;"Île-de-France";"Solaire";0,010013071039
2022-03;"Île-de-France";"Solaire";0,017558099367
2022-04;"Île-de-France";"Solaire";0,021853883486
2022-05;"Île-de-France";"Solaire";0,028727569339
2022-06;"Île-de-France";"Solaire";0,027885773828
2022-07;"Île-de-France";"Solaire";0,033395328992
2022-08;"Île-de-France";"Solaire";0,031943797516
2022-09;"Île-de-France";"Solaire";0,021854779349
2022-10;"Île-de-France";"Solaire";0,017918430202
2022-11;"Île-de-France";"Solaire";0,008789126378
2022-12;"Île-de-France";"Solaire";0,004732001447
2023-01;"Île-de-France";"Solaire";0,005930356723
2023-02;"Île-de-France";"Solaire";0,014332818447
2023-03;"Île-de-France";"Solaire";0,022323936766
2023-04;"Île-de-France";"Solaire";0,031072562347
2023-05;"Île-de-France";"Solaire";0,042135655331
2023-06;"Île-de-France";"Solaire";0,050968221055
2023-07;"Île-de-France";"Solaire";0,04197441113
2023-08;"Île-de-France";"Solaire";0,038974738147
2023-09;"Île-de-France";"Solaire";0,034820042954
2023-10;"Île-de-France";"Solaire";0,023530102076
2023-11;"Île-de-France";"Solaire";0,010982759391
2023-12;"Île-de-France";"Solaire";0,006877359514
2024-01;"Île-de-France";"Solaire";0,009331543618
2024-02;"Île-de-France";"Solaire";0,010846483616
2024-03;"Île-de-France";"Solaire";0,02720429717
2024-04;"Île-de-France";"Solaire";0,032013872605
2024-05;"Île-de-France";"Solaire";0,039660776732
2024-06;"Île-de-France";"Solaire";0,044466087382
2024-07;"Île-de-France";"Solaire";0,047176947051
2024-08;"Île-de-France";"Solaire";0,049001275748
2024-09;"Île-de-France";"Solaire";0,035579449741
2024-10;"Île-de-France";"Solaire";0,022671743008
2024-11;"Île-de-France";"Solaire";0,010236089187
2024-12;"Île-de-France";"Solaire";0,007413646765
2025-01;"Île-de-France";"Solaire";0,008017959696
2025-02;"Île-de-France";"Solaire";0,015378375945
2025-03;"Île-de-France";"Solaire";0,03590703247
2025-04;"Île-de-France";"Solaire";0,042565283999
2025-05;"Île-de-France";"Solaire";0,045025347428
2025-06;"Île-de-France";"Solaire";0,051805705204
2025-07;"Île-de-France";"Solaire";0,061211604664
2025-08;"Île-de-France";"Solaire";0,057905204888
2025-09;"Île-de-France";"Solaire";0,040579229361
2025-10;"Île-de-France";"Solaire";0,028046520055
2025-11;"Île-de-France";"Solaire";0,013587180982
2014-01;"Île-de-France";"Hydraulique";0,001826858
2014-02;"Île-de-France";"Hydraulique";0,000748735
2014-03;"Île-de-France";"Hydraulique";0,004151241
2014-04;"Île-de-France";"Hydraulique";0,006856836
2014-05;"Île-de-France";"Hydraulique";0,005799564
2014-06;"Île-de-France";"Hydraulique";0,00350147
2014-07;"Île-de-France";"Hydraulique";0,003470074
2014-08;"Île-de-France";"Hydraulique";0,005154374
2014-09;"Île-de-France";"Hydraulique";0,004613762
2014-10;"Île-de-France";"Hydraulique";0,005938675
2014-11;"Île-de-France";"Hydraulique";0,00581355
2014-12;"Île-de-France";"Hydraulique";0,004351787
2015-01;"Île-de-France";"Hydraulique";0,002077706
2015-02;"Île-de-France";"Hydraulique";0,002286306
2015-03;"Île-de-France";"Hydraulique";0,004125536
2015-04;"Île-de-France";"Hydraulique";0,00496674
2015-05;"Île-de-France";"Hydraulique";0,00343586
2015-06;"Île-de-France";"Hydraulique";0,005995462
2015-07;"Île-de-France";"Hydraulique";0,003572401
2015-08;"Île-de-France";"Hydraulique";0,004043142
2015-09;"Île-de-France";"Hydraulique";0,005832511
2015-10;"Île-de-France";"Hydraulique";0,006094675
2015-11;"Île-de-France";"Hydraulique";0,005381088
2015-12;"Île-de-France";"Hydraulique";0,007410761
2016-01;"Île-de-France";"Hydraulique";0,007935245
2016-02;"Île-de-France";"Hydraulique";0,001555935
2016-03;"Île-de-France";"Hydraulique";0,003672791
2016-04;"Île-de-France";"Hydraulique";0,005277027
2016-05;"Île-de-France";"Hydraulique";0,006348993
2016-06;"Île-de-France";"Hydraulique";8,8929E-5
2016-07;"Île-de-France";"Hydraulique";0,005518768
2016-08;"Île-de-France";"Hydraulique";0,004894685
2016-09;"Île-de-France";"Hydraulique";0,004997439
2016-10;"Île-de-France";"Hydraulique";0,004962375
2016-11;"Île-de-France";"Hydraulique";0,005672035
2016-12;"Île-de-France";"Hydraulique";0,007056373
2017-01;"Île-de-France";"Hydraulique";0,007334798
2017-02;"Île-de-France";"Hydraulique";0,007678721
2017-03;"Île-de-France";"Hydraulique";0,004801386
2017-04;"Île-de-France";"Hydraulique";0,006889016
2017-05;"Île-de-France";"Hydraulique";0,004877823
2017-06;"Île-de-France";"Hydraulique";0,003244537
2017-07;"Île-de-France";"Hydraulique";0,003529257
2017-08;"Île-de-France";"Hydraulique";0,003409626
2017-09;"Île-de-France";"Hydraulique";0,003646612
2017-10;"Île-de-France";"Hydraulique";0,004309842
2017-11;"Île-de-France";"Hydraulique";0,004136519
2017-12;"Île-de-France";"Hydraulique";0,004826679
2018-01;"Île-de-France";"Hydraulique";0,000235514
2018-02;"Île-de-France";"Hydraulique";4,9452E-5
2018-03;"Île-de-France";"Hydraulique";0,000100971
2018-04;"Île-de-France";"Hydraulique";0,001044584
2018-05;"Île-de-France";"Hydraulique";0,006005708
2018-06;"Île-de-France";"Hydraulique";0,005921192
2018-07;"Île-de-France";"Hydraulique";0,005091257
2018-08;"Île-de-France";"Hydraulique";0,004350598
2018-09;"Île-de-France";"Hydraulique";0,003381238
2018-10;"Île-de-France";"Hydraulique";0,003985127
2018-11;"Île-de-France";"Hydraulique";0,003894444
2018-12;"Île-de-France";"Hydraulique";0,006639787
2019-01;"Île-de-France";"Hydraulique";0,006255959
2019-02;"Île-de-France";"Hydraulique";0,006034964
2019-03;"Île-de-France";"Hydraulique";0,007321056
2019-04;"Île-de-France";"Hydraulique";0,007152864
2019-05;"Île-de-France";"Hydraulique";0,007119362
2019-06;"Île-de-France";"Hydraulique";0,004767881
2019-07;"Île-de-France";"Hydraulique";0,003336776
2019-08;"Île-de-France";"Hydraulique";0,002110724
2019-09;"Île-de-France";"Hydraulique";0,003449546
2019-10;"Île-de-France";"Hydraulique";0,0049215
2019-11;"Île-de-France";"Hydraulique";0,006261926
2019-12;"Île-de-France";"Hydraulique";0,003097816
2020-01;"Île-de-France";"Hydraulique";0,00415321
2020-02;"Île-de-France";"Hydraulique";0,001704285
2020-03;"Île-de-France";"Hydraulique";0,001000753
2020-04;"Île-de-France";"Hydraulique";0,005519763
2020-05;"Île-de-France";"Hydraulique";0,005111381
2020-06;"Île-de-France";"Hydraulique";0,003288522
2020-07;"Île-de-France";"Hydraulique";0,002818361
2020-08;"Île-de-France";"Hydraulique";0,002541021
2020-09;"Île-de-France";"Hydraulique";0,002608331
2020-10;"Île-de-France";"Hydraulique";0,004899062
2020-11;"Île-de-France";"Hydraulique";0,005103581
2020-12;"Île-de-France";"Hydraulique";0,004089429
2021-01;"Île-de-France";"Hydraulique";0,002715561
2021-02;"Île-de-France";"Hydraulique";0,000594807
2021-03;"Île-de-France";"Hydraulique";0,006553463
2021-04;"Île-de-France";"Hydraulique";0,007804261
2021-05;"Île-de-France";"Hydraulique";0,007836165
2021-06;"Île-de-France";"Hydraulique";0,006978564
2021-07;"Île-de-France";"Hydraulique";0,006149788
2021-08;"Île-de-France";"Hydraulique";0,006373122
2021-09;"Île-de-France";"Hydraulique";0,004661806
2021-10;"Île-de-France";"Hydraulique";0,005355063
2021-11;"Île-de-France";"Hydraulique";0,005509406
2021-12;"Île-de-France";"Hydraulique";0,004724068
2022-01;"Île-de-France";"Hydraulique";0,002857630172
2022-02;"Île-de-France";"Hydraulique";0,006260902069
2022-03;"Île-de-France";"Hydraulique";0,006813417397
2022-04;"Île-de-France";"Hydraulique";0,006236648373
2022-05;"Île-de-France";"Hydraulique";0,003877657725
2022-06;"Île-de-France";"Hydraulique";0,003755047699
2022-07;"Île-de-France";"Hydraulique";0,00380861073
2022-08;"Île-de-France";"Hydraulique";0,003223726976
2022-09;"Île-de-France";"Hydraulique";0,003512442639
2022-10;"Île-de-France";"Hydraulique";0,006203631647
2022-11;"Île-de-France";"Hydraulique";0,005368479662
2022-12;"Île-de-France";"Hydraulique";0,005499034645
2023-01;"Île-de-France";"Hydraulique";0,004806356141
2023-02;"Île-de-France";"Hydraulique";0,006058702923
2023-03;"Île-de-France";"Hydraulique";0,007778268437
2023-04;"Île-de-France";"Hydraulique";0,007290082531
2023-05;"Île-de-France";"Hydraulique";0,007420343595
2023-06;"Île-de-France";"Hydraulique";0,004632115719
2023-07;"Île-de-France";"Hydraulique";0,004166754264
2023-08;"Île-de-France";"Hydraulique";0,005729732274
2023-09;"Île-de-France";"Hydraulique";0,004961714746
2023-10;"Île-de-France";"Hydraulique";0,005461278321
2023-11;"Île-de-France";"Hydraulique";0,005759383592
2023-12;"Île-de-France";"Hydraulique";0,001789078374
2024-01;"Île-de-France";"Hydraulique";0,002751522617
2024-02;"Île-de-France";"Hydraulique";0,003070905755
2024-03;"Île-de-France";"Hydraulique";0,000840440073
2024-04;"Île-de-France";"Hydraulique";0,002562323416
2024-05;"Île-de-France";"Hydraulique";0,005604987077
2024-06;"Île-de-France";"Hydraulique";0,007186563421
2024-07;"Île-de-France";"Hydraulique";0,00565609599
2024-08;"Île-de-France";"Hydraulique";0,007461152472
2024-09;"Île-de-France";"Hydraulique";0,00740341416
2024-10;"Île-de-France";"Hydraulique";0,00453558318
2024-11;"Île-de-France";"Hydraulique";0,006495188991
2024-12;"Île-de-France";"Hydraulique";0,002101001532
2025-01;"Île-de-France";"Hydraulique";0,000482428118
2025-02;"Île-de-France";"Hydraulique";0,004683954307
2025-03;"Île-de-France";"Hydraulique";0,006772469699
2025-04;"Île-de-France";"Hydraulique";0,007125943585
2025-05;"Île-de-France";"Hydraulique";0,006653699047
2025-06;"Île-de-France";"Hydraulique";0,005156962963
2025-07;"Île-de-France";"Hydraulique";0,004815069911
2025-08;"Île-de-France";"Hydraulique";0,004552285333
2025-09;"Île-de-France";"Hydraulique";0,006338633676
2025-10;"Île-de-France";"Hydraulique";0,007543913265
2025-11;"Île-de-France";"Hydraulique";0,006867859917
2014-01;"Île-de-France";"Autre";-1,7011392294819E-19
2014-02;"Île-de-France";"Autre";-1,7047821487814E-19
2014-03;"Île-de-France";"Autre";-5,7370774797505E-20
2014-04;"Île-de-France";"Autre";-1,157962614684E-19
2014-05;"Île-de-France";"Autre";-7,3543948708732E-19
2014-06;"Île-de-France";"Autre";-5,3045241810157E-20
2014-07;"Île-de-France";"Autre";-8,8960089295043E-20
2014-08;"Île-de-France";"Autre";2,5274921044982E-20
2014-09;"Île-de-France";"Autre";-1,1577891423364E-19
2014-10;"Île-de-France";"Autre";-4,7807244274445E-20
2014-11;"Île-de-France";"Autre";-1,3035232615532E-19
2014-12;"Île-de-France";"Autre";-2,8427347281701E-19
2015-01;"Île-de-France";"Autre";1,7231875648616E-19
2015-02;"Île-de-France";"Autre";-5,6852959839926E-20
2015-03;"Île-de-France";"Autre";-2,1505019986989E-19
2015-04;"Île-de-France";"Autre";3,6888721244299E-19
2015-05;"Île-de-France";"Autre";-2,2903554053322E-19
2015-06;"Île-de-France";"Autre";-2,2765036383765E-19
2015-07;"Île-de-France";"Autre";1,9773158804748E-19
2015-08;"Île-de-France";"Autre";6,3837650443599E-19
2015-09;"Île-de-France";"Autre";6,2611027473736E-19
2015-10;"Île-de-France";"Autre";-1,5768636396629E-20
2015-11;"Île-de-France";"Autre";1,215083589301E-18
2015-12;"Île-de-France";"Autre";4,2714963510715E-20
2016-01;"Île-de-France";"Autre";-4,5536577980565E-19
2016-02;"Île-de-France";"Autre";-3,9798112722034E-19
2016-03;"Île-de-France";"Autre";-2,1481080803021E-19
2016-04;"Île-de-France";"Autre";1,9913758142476E-19
2016-05;"Île-de-France";"Autre";1,4563003580825E-21
2016-06;"Île-de-France";"Autre";-1,0009354456386E-21
2016-07;"Île-de-France";"Autre";5,6341216414513E-20
2016-08;"Île-de-France";"Autre";-2,2658264153819E-19
2016-09;"Île-de-France";"Autre";-8,5201810884339E-20
2016-10;"Île-de-France";"Autre";1,4273738441206E-19
2016-11;"Île-de-France";"Autre";-4,8430703891711E-19
2016-12;"Île-de-France";"Autre";6,927791673661E-20
2017-01;"Île-de-France";"Autre";0,000360282
2017-02;"Île-de-France";"Autre";0,000325416
2017-03;"Île-de-France";"Autre";0,000360292
2017-04;"Île-de-France";"Autre";0,00034866
2017-05;"Île-de-France";"Autre";0,000360282
2017-06;"Île-de-France";"Autre";0,00034866
2017-07;"Île-de-France";"Autre";0,000360282
2017-08;"Île-de-France";"Autre";0,000360282
2017-09;"Île-de-France";"Autre";0,00034866
2017-10;"Île-de-France";"Autre";0,00036027
2017-11;"Île-de-France";"Autre";0,00034866
2017-12;"Île-de-France";"Autre";0,000360282
2018-01;"Île-de-France";"Autre";0,00051956
2018-02;"Île-de-France";"Autre";0,00046928
2018-03;"Île-de-France";"Autre";0,000519573
2018-04;"Île-de-France";"Autre";0,0005028
2018-05;"Île-de-France";"Autre";0,00051956
2018-06;"Île-de-France";"Autre";0,0005238
2018-07;"Île-de-France";"Autre";0,00051956
2018-08;"Île-de-France";"Autre";0,00051956
2018-09;"Île-de-France";"Autre";0,0005028
2018-10;"Île-de-France";"Autre";0,000519544
2018-11;"Île-de-France";"Autre";0,0005028
2018-12;"Île-de-France";"Autre";0,000520676
2019-01;"Île-de-France";"Autre";4,4857E-5
2019-02;"Île-de-France";"Autre";4,0516E-5
2019-03;"Île-de-France";"Autre";4,4858E-5
2019-04;"Île-de-France";"Autre";4,341E-5
2019-05;"Île-de-France";"Autre";4,4857E-5
2019-06;"Île-de-France";"Autre";7,212E-5
2019-07;"Île-de-France";"Autre";4,4857E-5
2019-08;"Île-de-France";"Autre";4,4857E-5
2019-09;"Île-de-France";"Autre";4,341E-5
2019-10;"Île-de-France";"Autre";4,4855000000001E-5
2019-11;"Île-de-France";"Autre";4,3410000000001E-5
2019-12;"Île-de-France";"Autre";4,4856999999999E-5
2020-01;"Île-de-France";"Autre";4,4857E-5
2020-02;"Île-de-France";"Autre";4,0512999999998E-5
2020-03;"Île-de-France";"Autre";4,4858E-5
2020-04;"Île-de-France";"Autre";4,3409999999999E-5
2020-05;"Île-de-France";"Autre";4,4857E-5
2020-06;"Île-de-France";"Autre";4,341E-5
2020-07;"Île-de-France";"Autre";4,4857E-5
2020-08;"Île-de-France";"Autre";4,4857E-5
2020-09;"Île-de-France";"Autre";4,341E-5
2020-10;"Île-de-France";"Autre";4,4855E-5
2020-11;"Île-de-France";"Autre";4,341E-5
2020-12;"Île-de-France";"Autre";4,4856999999999E-5
2021-01;"Île-de-France";"Autre";4,4857000000001E-5
2021-02;"Île-de-France";"Autre";4,0516E-5
2021-03;"Île-de-France";"Autre";4,4859E-5
2021-04;"Île-de-France";"Autre";4,341E-5
2021-05;"Île-de-France";"Autre";4,4856999999999E-5
2021-06;"Île-de-France";"Autre";4,341E-5
2021-07;"Île-de-France";"Autre";4,4857E-5
2021-08;"Île-de-France";"Autre";4,4857E-5
2021-09;"Île-de-France";"Autre";4,341E-5
2021-10;"Île-de-France";"Autre";4,4855E-5
2021-11;"Île-de-France";"Autre";4,341E-5
2021-12;"Île-de-France";"Autre";4,4857E-5
2022-01;"Île-de-France";"Autre";5,1462877E-5
2022-02;"Île-de-France";"Autre";5,2336264999999E-5
2022-03;"Île-de-France";"Autre";5,0943615E-5
2022-04;"Île-de-France";"Autre";5,0093599999999E-5
2022-05;"Île-de-France";"Autre";4,8984227E-5
2022-06;"Île-de-France";"Autre";4,3666074E-5
2022-07;"Île-de-France";"Autre";4,5154837E-5
2022-08;"Île-de-France";"Autre";4,5112003E-5
2022-09;"Île-de-France";"Autre";4,357839E-5
2022-10;"Île-de-France";"Autre";4,3580264E-5
2022-11;"Île-de-France";"Autre";4,3457378E-5
2022-12;"Île-de-France";"Autre";4,3433666E-5
2023-01;"Île-de-France";"Autre";4,3487607000002E-5
2023-02;"Île-de-France";"Autre";5,0113567E-5
2023-03;"Île-de-France";"Autre";4,6882634000001E-5
2023-04;"Île-de-France";"Autre";4,681302E-5
2023-05;"Île-de-France";"Autre";4,670801E-5
2023-06;"Île-de-France";"Autre";4,361088E-5
2023-07;"Île-de-France";"Autre";4,3477066E-5
2023-08;"Île-de-France";"Autre";4,3477066E-5
2023-09;"Île-de-France";"Autre";4,347489E-5
2023-10;"Île-de-France";"Autre";4,3478088999999E-5
2023-11;"Île-de-France";"Autre";4,347489E-5
2023-12;"Île-de-France";"Autre";4,7251068E-5
2024-01;"Île-de-France";"Autre";4,9792076000002E-5
2024-02;"Île-de-France";"Autre";6,6864272E-5
2024-03;"Île-de-France";"Autre";5,4646725E-5
2024-04;"Île-de-France";"Autre";0,000502131377
2024-05;"Île-de-France";"Autre";0,000157977763
2024-06;"Île-de-France";"Autre";4,4316035E-5
2024-07;"Île-de-France";"Autre";4,4183515E-5
2024-08;"Île-de-France";"Autre";4,4425573E-5
2024-09;"Île-de-France";"Autre";4,4476148000001E-5
2024-10;"Île-de-France";"Autre";4,5215794E-5
2024-11;"Île-de-France";"Autre";4,9703597E-5
2024-12;"Île-de-France";"Autre";8,830748E-5
2025-01;"Île-de-France";"Autre";0,000406341554
2025-02;"Île-de-France";"Autre";0,001024595433
2025-03;"Île-de-France";"Autre";0,001035560658
2025-04;"Île-de-France";"Autre";7,2902376999999E-5
2025-05;"Île-de-France";"Autre";4,4548984E-5
2025-06;"Île-de-France";"Autre";4,454898E-5
2025-07;"Île-de-France";"Autre";4,4548984000001E-5
2025-08;"Île-de-France";"Autre";4,4548984E-5
2025-09;"Île-de-France";"Autre";4,4618970000001E-5
2025-10;"Île-de-France";"Autre";4,5924981000001E-5
2025-11;"Île-de-France";"Autre";5,507699E-5
2014-01;"Île-de-France";"Production décarbonée";0,073196429412
2014-02;"Île-de-France";"Production décarbonée";0,071948275436
2014-03;"Île-de-France";"Production décarbonée";0,078607661569
2014-04;"Île-de-France";"Production décarbonée";0,08017534976
2014-05;"Île-de-France";"Production décarbonée";0,082304485196
2014-06;"Île-de-France";"Production décarbonée";0,068486217
2014-07;"Île-de-France";"Production décarbonée";0,081395483708
2014-08;"Île-de-France";"Production décarbonée";0,075529079688
2014-09;"Île-de-France";"Production décarbonée";0,06795787236
2014-10;"Île-de-France";"Production décarbonée";0,0743889287725
2014-11;"Île-de-France";"Production décarbonée";0,0705635148
2014-12;"Île-de-France";"Production décarbonée";0,07411496052
2015-01;"Île-de-France";"Production décarbonée";0,073013991912
2015-02;"Île-de-France";"Production décarbonée";0,065807920436
2015-03;"Île-de-France";"Production décarbonée";0,071138504569
2015-04;"Île-de-France";"Production décarbonée";0,07145790476
2015-05;"Île-de-France";"Production décarbonée";0,066227502196
2015-06;"Île-de-France";"Production décarbonée";0,071084222
2015-07;"Île-de-France";"Production décarbonée";0,071250540208
2015-08;"Île-de-France";"Production décarbonée";0,078094080688
2015-09;"Île-de-France";"Production décarbonée";0,07802547542
2015-10;"Île-de-France";"Production décarbonée";0,07900807419
2015-11;"Île-de-France";"Production décarbonée";0,07806486658
2015-12;"Île-de-France";"Production décarbonée";0,083970328856
2016-01;"Île-de-France";"Production décarbonée";0,08854666428
2016-02;"Île-de-France";"Production décarbonée";0,081410006884
2016-03;"Île-de-France";"Production décarbonée";0,088081142123
2016-04;"Île-de-France";"Production décarbonée";0,07197369728
2016-05;"Île-de-France";"Production décarbonée";0,084713252712
2016-06;"Île-de-France";"Production décarbonée";0,07516574622
2016-07;"Île-de-France";"Production décarbonée";0,097796003228
2016-08;"Île-de-France";"Production décarbonée";0,081560117276
2016-09;"Île-de-France";"Production décarbonée";0,0769268822
2016-10;"Île-de-France";"Production décarbonée";0,08419777264
2016-11;"Île-de-France";"Production décarbonée";0,0826097943
2016-12;"Île-de-France";"Production décarbonée";0,087316226012
2017-01;"Île-de-France";"Production décarbonée";0,08643201416
2017-02;"Île-de-France";"Production décarbonée";0,084771479068
2017-03;"Île-de-France";"Production décarbonée";0,0899246986115
2017-04;"Île-de-France";"Production décarbonée";0,0878338012
2017-05;"Île-de-France";"Production décarbonée";0,084064730396
2017-06;"Île-de-France";"Production décarbonée";0,08860601834
2017-07;"Île-de-France";"Production décarbonée";0,100976431376
2017-08;"Île-de-France";"Production décarbonée";0,085631121836
2017-09;"Île-de-France";"Production décarbonée";0,09230783708
2017-10;"Île-de-France";"Production décarbonée";0,088413198985
2017-11;"Île-de-France";"Production décarbonée";0,09049370312
2017-12;"Île-de-France";"Production décarbonée";0,095153109932
2018-01;"Île-de-France";"Production décarbonée";0,09195075836
2018-02;"Île-de-France";"Production décarbonée";0,081341457464
2018-03;"Île-de-France";"Production décarbonée";0,089073985483
2018-04;"Île-de-France";"Production décarbonée";0,085704660743
2018-05;"Île-de-France";"Production décarbonée";0,092862585604
2018-06;"Île-de-France";"Production décarbonée";0,0913581097
2018-07;"Île-de-France";"Production décarbonée";0,101261446868
2018-08;"Île-de-France";"Production décarbonée";0,091908333992
2018-09;"Île-de-France";"Production décarbonée";0,09539978274
2018-10;"Île-de-France";"Production décarbonée";0,09400793455
2018-11;"Île-de-France";"Production décarbonée";0,09213786466
2018-12;"Île-de-France";"Production décarbonée";0,101003586456
2019-01;"Île-de-France";"Production décarbonée";0,094921023288
2019-02;"Île-de-France";"Production décarbonée";0,08709146312
2019-03;"Île-de-France";"Production décarbonée";0,10343114691
2019-04;"Île-de-France";"Production décarbonée";0,0847116435
2019-05;"Île-de-France";"Production décarbonée";0,092943165524
2019-06;"Île-de-France";"Production décarbonée";0,08004639824
2019-07;"Île-de-France";"Production décarbonée";0,087518882668
2019-08;"Île-de-France";"Production décarbonée";0,0901114403
2019-09;"Île-de-France";"Production décarbonée";0,09431557832
2019-10;"Île-de-France";"Production décarbonée";0,093972547335
2019-11;"Île-de-France";"Production décarbonée";0,0921001545
2019-12;"Île-de-France";"Production décarbonée";0,095456867288
2020-01;"Île-de-France";"Production décarbonée";0,095495582732
2020-02;"Île-de-France";"Production décarbonée";0,098039130752
2020-03;"Île-de-France";"Production décarbonée";0,1075431469605
2020-04;"Île-de-France";"Production décarbonée";0,09994864838
2020-05;"Île-de-France";"Production décarbonée";0,10207790294
2020-06;"Île-de-France";"Production décarbonée";0,0990028727
2020-07;"Île-de-France";"Production décarbonée";0,106163443272
2020-08;"Île-de-France";"Production décarbonée";0,097545081096
2020-09;"Île-de-France";"Production décarbonée";0,10434935966
2020-10;"Île-de-France";"Production décarbonée";0,0917961410025
2020-11;"Île-de-France";"Production décarbonée";0,0835012395
2020-12;"Île-de-France";"Production décarbonée";0,0973306625
2021-01;"Île-de-France";"Production décarbonée";0,098934120756
2021-02;"Île-de-France";"Production décarbonée";0,095280739748
2021-03;"Île-de-France";"Production décarbonée";0,113898004463
2021-04;"Île-de-France";"Production décarbonée";0,11447447058
2021-05;"Île-de-France";"Production décarbonée";0,115643197748
2021-06;"Île-de-France";"Production décarbonée";0,09423873034
2021-07;"Île-de-France";"Production décarbonée";0,117533242084
2021-08;"Île-de-France";"Production décarbonée";0,112911538664
2021-09;"Île-de-France";"Production décarbonée";0,11640927044
2021-10;"Île-de-France";"Production décarbonée";0,12635502341
2021-11;"Île-de-France";"Production décarbonée";0,10383302222
2021-12;"Île-de-France";"Production décarbonée";0,109726331
2022-01;"Île-de-France";"Production décarbonée";0,1020670053235
2022-02;"Île-de-France";"Production décarbonée";0,117258186314
2022-03;"Île-de-France";"Production décarbonée";0,1245504051115
2022-04;"Île-de-France";"Production décarbonée";0,117902435124
2022-05;"Île-de-France";"Production décarbonée";0,1223377315925
2022-06;"Île-de-France";"Production décarbonée";0,108629466855
2022-07;"Île-de-France";"Production décarbonée";0,1274518305195
2022-08;"Île-de-France";"Production décarbonée";0,1163078864995
2022-09;"Île-de-France";"Production décarbonée";0,119081259643
2022-10;"Île-de-France";"Production décarbonée";0,1173050624345
2022-11;"Île-de-France";"Production décarbonée";0,1127448256385
2022-12;"Île-de-France";"Production décarbonée";0,097303203558
2023-01;"Île-de-France";"Production décarbonée";0,1228316037585
2023-02;"Île-de-France";"Production décarbonée";0,101811385816
2023-03;"Île-de-France";"Production décarbonée";0,137373479831
2023-04;"Île-de-France";"Production décarbonée";0,1314984514565
2023-05;"Île-de-France";"Production décarbonée";0,144145697217
2023-06;"Île-de-France";"Production décarbonée";0,1293728075455
2023-07;"Île-de-France";"Production décarbonée";0,141047453521
2023-08;"Île-de-France";"Production décarbonée";0,1236359656815
2023-09;"Île-de-France";"Production décarbonée";0,1163383730375
2023-10;"Île-de-France";"Production décarbonée";0,1222589036575
2023-11;"Île-de-France";"Production décarbonée";0,123521301202
2023-12;"Île-de-France";"Production décarbonée";0,1206535367695
2024-01;"Île-de-France";"Production décarbonée";0,112311576821
2024-02;"Île-de-France";"Production décarbonée";0,115396673409
2024-03;"Île-de-France";"Production décarbonée";0,120096452866
2024-04;"Île-de-France";"Production décarbonée";0,125228310611
2024-05;"Île-de-France";"Production décarbonée";0,1217470486915
2024-06;"Île-de-France";"Production décarbonée";0,1228193753145
2024-07;"Île-de-France";"Production décarbonée";0,1359400319785
2024-08;"Île-de-France";"Production décarbonée";0,134994690784
2024-09;"Île-de-France";"Production décarbonée";0,13855093082
2024-10;"Île-de-France";"Production décarbonée";0,1138070728775
2024-11;"Île-de-France";"Production décarbonée";0,106391047964
2024-12;"Île-de-France";"Production décarbonée";0,111058186568
2025-01;"Île-de-France";"Production décarbonée";0,111604253111
2025-02;"Île-de-France";"Production décarbonée";0,099395756044
2025-03;"Île-de-France";"Production décarbonée";0,134532673489
2025-04;"Île-de-France";"Production décarbonée";0,1366158629795
2025-05;"Île-de-France";"Production décarbonée";0,1352489187865
2025-06;"Île-de-France";"Production décarbonée";0,1256727460275
2025-07;"Île-de-France";"Production décarbonée";0,1447091832005
2025-08;"Île-de-France";"Production décarbonée";0,128488054364
2025-09;"Île-de-France";"Production décarbonée";0,1148760613305
2025-10;"Île-de-France";"Production décarbonée";0,1287260244685
2025-11;"Île-de-France";"Production décarbonée";0,11647137088
2014-01;"Centre-Val de Loire";"Thermique renouvelable et déchets";0,0246510755
2014-02;"Centre-Val de Loire";"Thermique renouvelable et déchets";0,021552007
2014-03;"Centre-Val de Loire";"Thermique renouvelable et déchets";0,0244145895
2014-04;"Centre-Val de Loire";"Thermique renouvelable et déchets";0,021682297
2014-05;"Centre-Val de Loire";"Thermique renouvelable et déchets";0,02186342
2014-06;"Centre-Val de Loire";"Thermique renouvelable et déchets";0,021856283
2014-07;"Centre-Val de Loire";"Thermique renouvelable et déchets";0,0247715435
2014-08;"Centre-Val de Loire";"Thermique renouvelable et déchets";0,0249504725
2014-09;"Centre-Val de Loire";"Thermique renouvelable et déchets";0,0232261755
2014-10;"Centre-Val de Loire";"Thermique renouvelable et déchets";0,0247924705
2014-11;"Centre-Val de Loire";"Thermique renouvelable et déchets";0,02612106
2014-12;"Centre-Val de Loire";"Thermique renouvelable et déchets";0,025174609
2015-01;"Centre-Val de Loire";"Thermique renouvelable et déchets";0,0231793375
2015-02;"Centre-Val de Loire";"Thermique renouvelable et déchets";0,0235455695
2015-03;"Centre-Val de Loire";"Thermique renouvelable et déchets";0,0258632605
2015-04;"Centre-Val de Loire";"Thermique renouvelable et déchets";0,0248434955
2015-05;"Centre-Val de Loire";"Thermique renouvelable et déchets";0,027661744
2015-06;"Centre-Val de Loire";"Thermique renouvelable et déchets";0,0240177905
2015-07;"Centre-Val de Loire";"Thermique renouvelable et déchets";0,027895065
2015-08;"Centre-Val de Loire";"Thermique renouvelable et déchets";0,029924604
2015-09;"Centre-Val de Loire";"Thermique renouvelable et déchets";0,028070449
2015-10;"Centre-Val de Loire";"Thermique renouvelable et déchets";0,0281688785
2015-11;"Centre-Val de Loire";"Thermique renouvelable et déchets";0,0301410195
2015-12;"Centre-Val de Loire";"Thermique renouvelable et déchets";0,0286712015
2016-01;"Centre-Val de Loire";"Thermique renouvelable et déchets";0,0270418035
2016-02;"Centre-Val de Loire";"Thermique renouvelable et déchets";0,0247152365
2016-03;"Centre-Val de Loire";"Thermique renouvelable et déchets";0,0233196505
2016-04;"Centre-Val de Loire";"Thermique renouvelable et déchets";0,0271052935
2016-05;"Centre-Val de Loire";"Thermique renouvelable et déchets";0,0293997195
2016-06;"Centre-Val de Loire";"Thermique renouvelable et déchets";0,028047845
2016-07;"Centre-Val de Loire";"Thermique renouvelable et déchets";0,0305353795
2016-08;"Centre-Val de Loire";"Thermique renouvelable et déchets";0,030913537
2016-09;"Centre-Val de Loire";"Thermique renouvelable et déchets";0,0283458125
2016-10;"Centre-Val de Loire";"Thermique renouvelable et déchets";0,0283358805
2016-11;"Centre-Val de Loire";"Thermique renouvelable et déchets";0,025234462
2016-12;"Centre-Val de Loire";"Thermique renouvelable et déchets";0,0271788395
2017-01;"Centre-Val de Loire";"Thermique renouvelable et déchets";0,0274540755
2017-02;"Centre-Val de Loire";"Thermique renouvelable et déchets";0,02438998
2017-03;"Centre-Val de Loire";"Thermique renouvelable et déchets";0,0293921025
2017-04;"Centre-Val de Loire";"Thermique renouvelable et déchets";0,0268083535
2017-05;"Centre-Val de Loire";"Thermique renouvelable et déchets";0,0310519465
2017-06;"Centre-Val de Loire";"Thermique renouvelable et déchets";0,0316293055
2017-07;"Centre-Val de Loire";"Thermique renouvelable et déchets";0,0342889845
2017-08;"Centre-Val de Loire";"Thermique renouvelable et déchets";0,0341197655
2017-09;"Centre-Val de Loire";"Thermique renouvelable et déchets";0,033525901
2017-10;"Centre-Val de Loire";"Thermique renouvelable et déchets";0,0355671625
2017-11;"Centre-Val de Loire";"Thermique renouvelable et déchets";0,0291816575
2017-12;"Centre-Val de Loire";"Thermique renouvelable et déchets";0,030289502
2018-01;"Centre-Val de Loire";"Thermique renouvelable et déchets";0,03411148
2018-02;"Centre-Val de Loire";"Thermique renouvelable et déchets";0,029432354
2018-03;"Centre-Val de Loire";"Thermique renouvelable et déchets";0,030770641
2018-04;"Centre-Val de Loire";"Thermique renouvelable et déchets";0,0332143035
2018-05;"Centre-Val de Loire";"Thermique renouvelable et déchets";0,037660224
2018-06;"Centre-Val de Loire";"Thermique renouvelable et déchets";0,032511071
2018-07;"Centre-Val de Loire";"Thermique renouvelable et déchets";0,031266437
2018-08;"Centre-Val de Loire";"Thermique renouvelable et déchets";0,037196306
2018-09;"Centre-Val de Loire";"Thermique renouvelable et déchets";0,037765524
2018-10;"Centre-Val de Loire";"Thermique renouvelable et déchets";0,038340673
2018-11;"Centre-Val de Loire";"Thermique renouvelable et déchets";0,0326984705
2018-12;"Centre-Val de Loire";"Thermique renouvelable et déchets";0,032333789
2019-01;"Centre-Val de Loire";"Thermique renouvelable et déchets";0,0318750665
2019-02;"Centre-Val de Loire";"Thermique renouvelable et déchets";0,027463357
2019-03;"Centre-Val de Loire";"Thermique renouvelable et déchets";0,030422671
2019-04;"Centre-Val de Loire";"Thermique renouvelable et déchets";0,0335471555
2019-05;"Centre-Val de Loire";"Thermique renouvelable et déchets";0,036546426
2019-06;"Centre-Val de Loire";"Thermique renouvelable et déchets";0,0329312815
2019-07;"Centre-Val de Loire";"Thermique renouvelable et déchets";0,035592193
2019-08;"Centre-Val de Loire";"Thermique renouvelable et déchets";0,037099128
2019-09;"Centre-Val de Loire";"Thermique renouvelable et déchets";0,0373062365
2019-10;"Centre-Val de Loire";"Thermique renouvelable et déchets";0,03309256
2019-11;"Centre-Val de Loire";"Thermique renouvelable et déchets";0,0322284515
2019-12;"Centre-Val de Loire";"Thermique renouvelable et déchets";0,033403925
2020-01;"Centre-Val de Loire";"Thermique renouvelable et déchets";0,033584364
2020-02;"Centre-Val de Loire";"Thermique renouvelable et déchets";0,030022962
2020-03;"Centre-Val de Loire";"Thermique renouvelable et déchets";0,0324881945
2020-04;"Centre-Val de Loire";"Thermique renouvelable et déchets";0,036496061
2020-05;"Centre-Val de Loire";"Thermique renouvelable et déchets";0,038989784
2020-06;"Centre-Val de Loire";"Thermique renouvelable et déchets";0,0350461785
2020-07;"Centre-Val de Loire";"Thermique renouvelable et déchets";0,0370008715
2020-08;"Centre-Val de Loire";"Thermique renouvelable et déchets";0,03829265
2020-09;"Centre-Val de Loire";"Thermique renouvelable et déchets";0,031278459
2020-10;"Centre-Val de Loire";"Thermique renouvelable et déchets";0,031904668
2020-11;"Centre-Val de Loire";"Thermique renouvelable et déchets";0,0293471
2020-12;"Centre-Val de Loire";"Thermique renouvelable et déchets";0,0342241515
2021-01;"Centre-Val de Loire";"Thermique renouvelable et déchets";0,0350936485
2021-02;"Centre-Val de Loire";"Thermique renouvelable et déchets";0,02945773
2021-03;"Centre-Val de Loire";"Thermique renouvelable et déchets";0,0337712625
2021-04;"Centre-Val de Loire";"Thermique renouvelable et déchets";0,0345788025
2021-05;"Centre-Val de Loire";"Thermique renouvelable et déchets";0,0380789345
2021-06;"Centre-Val de Loire";"Thermique renouvelable et déchets";0,0362535715
2021-07;"Centre-Val de Loire";"Thermique renouvelable et déchets";0,0399214125
2021-08;"Centre-Val de Loire";"Thermique renouvelable et déchets";0,0325464975
2021-09;"Centre-Val de Loire";"Thermique renouvelable et déchets";0,032465612
2021-10;"Centre-Val de Loire";"Thermique renouvelable et déchets";0,0361998145
2021-11;"Centre-Val de Loire";"Thermique renouvelable et déchets";0,0322738755
2021-12;"Centre-Val de Loire";"Thermique renouvelable et déchets";0,034641094
2022-01;"Centre-Val de Loire";"Thermique renouvelable et déchets";0,032449223008
2022-02;"Centre-Val de Loire";"Thermique renouvelable et déchets";0,028085296489
2022-03;"Centre-Val de Loire";"Thermique renouvelable et déchets";0,031874477075
2022-04;"Centre-Val de Loire";"Thermique renouvelable et déchets";0,0311812973085
2022-05;"Centre-Val de Loire";"Thermique renouvelable et déchets";0,034816532485
2022-06;"Centre-Val de Loire";"Thermique renouvelable et déchets";0,03292987303
2022-07;"Centre-Val de Loire";"Thermique renouvelable et déchets";0,0334838938015
2022-08;"Centre-Val de Loire";"Thermique renouvelable et déchets";0,0359187713985
2022-09;"Centre-Val de Loire";"Thermique renouvelable et déchets";0,034474433462
2022-10;"Centre-Val de Loire";"Thermique renouvelable et déchets";0,0347159491065
2022-11;"Centre-Val de Loire";"Thermique renouvelable et déchets";0,0296128694575
2022-12;"Centre-Val de Loire";"Thermique renouvelable et déchets";0,032286611506
2023-01;"Centre-Val de Loire";"Thermique renouvelable et déchets";0,0290965188705
2023-02;"Centre-Val de Loire";"Thermique renouvelable et déchets";0,028280053351
2023-03;"Centre-Val de Loire";"Thermique renouvelable et déchets";0,026688336293
2023-04;"Centre-Val de Loire";"Thermique renouvelable et déchets";0,0265473781745
2023-05;"Centre-Val de Loire";"Thermique renouvelable et déchets";0,0337821599505
2023-06;"Centre-Val de Loire";"Thermique renouvelable et déchets";0,033028195689
2023-07;"Centre-Val de Loire";"Thermique renouvelable et déchets";0,0304112296
2023-08;"Centre-Val de Loire";"Thermique renouvelable et déchets";0,0355780187165
2023-09;"Centre-Val de Loire";"Thermique renouvelable et déchets";0,0289260093535
2023-10;"Centre-Val de Loire";"Thermique renouvelable et déchets";0,0353374190855
2023-11;"Centre-Val de Loire";"Thermique renouvelable et déchets";0,0287914419545
2023-12;"Centre-Val de Loire";"Thermique renouvelable et déchets";0,031881235249
2024-01;"Centre-Val de Loire";"Thermique renouvelable et déchets";0,0341151420585
2024-02;"Centre-Val de Loire";"Thermique renouvelable et déchets";0,033145049895
2024-03;"Centre-Val de Loire";"Thermique renouvelable et déchets";0,030910293322
2024-04;"Centre-Val de Loire";"Thermique renouvelable et déchets";0,031544582082
2024-05;"Centre-Val de Loire";"Thermique renouvelable et déchets";0,033207271298
2024-06;"Centre-Val de Loire";"Thermique renouvelable et déchets";0,032226031365
2024-07;"Centre-Val de Loire";"Thermique renouvelable et déchets";0,03437959921
2024-08;"Centre-Val de Loire";"Thermique renouvelable et déchets";0,0345176749955
2024-09;"Centre-Val de Loire";"Thermique renouvelable et déchets";0,033293746825
2024-10;"Centre-Val de Loire";"Thermique renouvelable et déchets";0,0331088993275
2024-11;"Centre-Val de Loire";"Thermique renouvelable et déchets";0,0322886037685
2024-12;"Centre-Val de Loire";"Thermique renouvelable et déchets";0,036564217065
2025-01;"Centre-Val de Loire";"Thermique renouvelable et déchets";0,035721436549
2025-02;"Centre-Val de Loire";"Thermique renouvelable et déchets";0,030869944632
2025-03;"Centre-Val de Loire";"Thermique renouvelable et déchets";0,032382978588
2025-04;"Centre-Val de Loire";"Thermique renouvelable et déchets";0,0361168703995
2025-05;"Centre-Val de Loire";"Thermique renouvelable et déchets";0,038418737381
2025-06;"Centre-Val de Loire";"Thermique renouvelable et déchets";0,0357356799415
2025-07;"Centre-Val de Loire";"Thermique renouvelable et déchets";0,0355159844465
2025-08;"Centre-Val de Loire";"Thermique renouvelable et déchets";0,040134786837
2025-09;"Centre-Val de Loire";"Thermique renouvelable et déchets";0,038202175437
2025-10;"Centre-Val de Loire";"Thermique renouvelable et déchets";0,0361694570305
2025-11;"Centre-Val de Loire";"Thermique renouvelable et déchets";0,0327175348105
2014-01;"Centre-Val de Loire";"Éolien";0,214292706
2014-02;"Centre-Val de Loire";"Éolien";0,27208349
2014-03;"Centre-Val de Loire";"Éolien";0,113988982
2014-04;"Centre-Val de Loire";"Éolien";0,090848279
2014-05;"Centre-Val de Loire";"Éolien";0,148466161
2014-06;"Centre-Val de Loire";"Éolien";0,102429008
2014-07;"Centre-Val de Loire";"Éolien";0,084160535
2014-08;"Centre-Val de Loire";"Éolien";0,088967049
2014-09;"Centre-Val de Loire";"Éolien";0,073098156
2014-10;"Centre-Val de Loire";"Éolien";0,111845131
2014-11;"Centre-Val de Loire";"Éolien";0,136126501
2014-12;"Centre-Val de Loire";"Éolien";0,190018039
2015-01;"Centre-Val de Loire";"Éolien";0,224189591
2015-02;"Centre-Val de Loire";"Éolien";0,197658714
2015-03;"Centre-Val de Loire";"Éolien";0,180399883
2015-04;"Centre-Val de Loire";"Éolien";0,150438215
2015-05;"Centre-Val de Loire";"Éolien";0,139699235
2015-06;"Centre-Val de Loire";"Éolien";0,116778196
2015-07;"Centre-Val de Loire";"Éolien";0,12023546
2015-08;"Centre-Val de Loire";"Éolien";0,101104905
2015-09;"Centre-Val de Loire";"Éolien";0,164901066
2015-10;"Centre-Val de Loire";"Éolien";0,109174721
2015-11;"Centre-Val de Loire";"Éolien";0,227590166
2015-12;"Centre-Val de Loire";"Éolien";0,195411056
2016-01;"Centre-Val de Loire";"Éolien";0,262374543
2016-02;"Centre-Val de Loire";"Éolien";0,27535041
2016-03;"Centre-Val de Loire";"Éolien";0,228334582
2016-04;"Centre-Val de Loire";"Éolien";0,129406416
2016-05;"Centre-Val de Loire";"Éolien";0,123472316
2016-06;"Centre-Val de Loire";"Éolien";0,086825081
2016-07;"Centre-Val de Loire";"Éolien";0,086923105
2016-08;"Centre-Val de Loire";"Éolien";0,0960345
2016-09;"Centre-Val de Loire";"Éolien";0,066937298
2016-10;"Centre-Val de Loire";"Éolien";0,130383058
2016-11;"Centre-Val de Loire";"Éolien";0,221558558
2016-12;"Centre-Val de Loire";"Éolien";0,09443583
2017-01;"Centre-Val de Loire";"Éolien";0,166136859
2017-02;"Centre-Val de Loire";"Éolien";0,220285505
2017-03;"Centre-Val de Loire";"Éolien";0,204517252
2017-04;"Centre-Val de Loire";"Éolien";0,109187691
2017-05;"Centre-Val de Loire";"Éolien";0,120610437
2017-06;"Centre-Val de Loire";"Éolien";0,106977041
2017-07;"Centre-Val de Loire";"Éolien";0,142529953
2017-08;"Centre-Val de Loire";"Éolien";0,099879346
2017-09;"Centre-Val de Loire";"Éolien";0,127883956
2017-10;"Centre-Val de Loire";"Éolien";0,13972713
2017-11;"Centre-Val de Loire";"Éolien";0,181759624
2017-12;"Centre-Val de Loire";"Éolien";0,26962556
2018-01;"Centre-Val de Loire";"Éolien";0,30695435
2018-02;"Centre-Val de Loire";"Éolien";0,203410763
2018-03;"Centre-Val de Loire";"Éolien";0,245137143
2018-04;"Centre-Val de Loire";"Éolien";0,142003922
2018-05;"Centre-Val de Loire";"Éolien";0,104558994
2018-06;"Centre-Val de Loire";"Éolien";0,10254804
2018-07;"Centre-Val de Loire";"Éolien";0,076449792
2018-08;"Centre-Val de Loire";"Éolien";0,095553336
2018-09;"Centre-Val de Loire";"Éolien";0,128963723
2018-10;"Centre-Val de Loire";"Éolien";0,1811166
2018-11;"Centre-Val de Loire";"Éolien";0,189704098
2018-12;"Centre-Val de Loire";"Éolien";0,267055359
2019-01;"Centre-Val de Loire";"Éolien";0,23108081
2019-02;"Centre-Val de Loire";"Éolien";0,184965665
2019-03;"Centre-Val de Loire";"Éolien";0,329511496
2019-04;"Centre-Val de Loire";"Éolien";0,169911697
2019-05;"Centre-Val de Loire";"Éolien";0,162189266
2019-06;"Centre-Val de Loire";"Éolien";0,140509508
2019-07;"Centre-Val de Loire";"Éolien";0,136957826
2019-08;"Centre-Val de Loire";"Éolien";0,135098925
2019-09;"Centre-Val de Loire";"Éolien";0,217788562
2019-10;"Centre-Val de Loire";"Éolien";0,266877058
2019-11;"Centre-Val de Loire";"Éolien";0,275272995
2019-12;"Centre-Val de Loire";"Éolien";0,341619662
2020-01;"Centre-Val de Loire";"Éolien";0,33225539
2020-02;"Centre-Val de Loire";"Éolien";0,47685304
2020-03;"Centre-Val de Loire";"Éolien";0,362413546
2020-04;"Centre-Val de Loire";"Éolien";0,176648966
2020-05;"Centre-Val de Loire";"Éolien";0,213922995
2020-06;"Centre-Val de Loire";"Éolien";0,157154712
2020-07;"Centre-Val de Loire";"Éolien";0,155347256
2020-08;"Centre-Val de Loire";"Éolien";0,157552523
2020-09;"Centre-Val de Loire";"Éolien";0,172702189
2020-10;"Centre-Val de Loire";"Éolien";0,328889515
2020-11;"Centre-Val de Loire";"Éolien";0,216318226
2020-12;"Centre-Val de Loire";"Éolien";0,366795598
2021-01;"Centre-Val de Loire";"Éolien";0,320620579
2021-02;"Centre-Val de Loire";"Éolien";0,307265697
2021-03;"Centre-Val de Loire";"Éolien";0,283983349
2021-04;"Centre-Val de Loire";"Éolien";0,240193497
2021-05;"Centre-Val de Loire";"Éolien";0,327022992
2021-06;"Centre-Val de Loire";"Éolien";0,083823808
2021-07;"Centre-Val de Loire";"Éolien";0,193611068
2021-08;"Centre-Val de Loire";"Éolien";0,18164795
2021-09;"Centre-Val de Loire";"Éolien";0,134144726
2021-10;"Centre-Val de Loire";"Éolien";0,264199897
2021-11;"Centre-Val de Loire";"Éolien";0,226073853
2021-12;"Centre-Val de Loire";"Éolien";0,36707512
2022-01;"Centre-Val de Loire";"Éolien";0,221283569091
2022-02;"Centre-Val de Loire";"Éolien";0,380755516096
2022-03;"Centre-Val de Loire";"Éolien";0,246620333015
2022-04;"Centre-Val de Loire";"Éolien";0,256580926759
2022-05;"Centre-Val de Loire";"Éolien";0,157816811888
2022-06;"Centre-Val de Loire";"Éolien";0,14172638874
2022-07;"Centre-Val de Loire";"Éolien";0,143783852713
2022-08;"Centre-Val de Loire";"Éolien";0,168413783722
2022-09;"Centre-Val de Loire";"Éolien";0,164788248384
2022-10;"Centre-Val de Loire";"Éolien";0,26985333655
2022-11;"Centre-Val de Loire";"Éolien";0,358820647869
2022-12;"Centre-Val de Loire";"Éolien";0,361522637072
2023-01;"Centre-Val de Loire";"Éolien";0,40869221057
2023-02;"Centre-Val de Loire";"Éolien";0,239207404453
2023-03;"Centre-Val de Loire";"Éolien";0,441573157621
2023-04;"Centre-Val de Loire";"Éolien";0,282844288577
2023-05;"Centre-Val de Loire";"Éolien";0,271976667254
2023-06;"Centre-Val de Loire";"Éolien";0,143057332358
2023-07;"Centre-Val de Loire";"Éolien";0,245511344177
2023-08;"Centre-Val de Loire";"Éolien";0,19932202981
2023-09;"Centre-Val de Loire";"Éolien";0,163474881296
2023-10;"Centre-Val de Loire";"Éolien";0,358092716966
2023-11;"Centre-Val de Loire";"Éolien";0,487194431647
2023-12;"Centre-Val de Loire";"Éolien";0,48732022055
2024-01;"Centre-Val de Loire";"Éolien";0,371357413229
2024-02;"Centre-Val de Loire";"Éolien";0,399412237211
2024-03;"Centre-Val de Loire";"Éolien";0,316295494167
2024-04;"Centre-Val de Loire";"Éolien";0,291426900326
2024-05;"Centre-Val de Loire";"Éolien";0,182811867831
2024-06;"Centre-Val de Loire";"Éolien";0,157852988571
2024-07;"Centre-Val de Loire";"Éolien";0,137420482745
2024-08;"Centre-Val de Loire";"Éolien";0,132318765233
2024-09;"Centre-Val de Loire";"Éolien";0,302344010455
2024-10;"Centre-Val de Loire";"Éolien";0,231329863999
2024-11;"Centre-Val de Loire";"Éolien";0,296106277446
2024-12;"Centre-Val de Loire";"Éolien";0,370259273746
2025-01;"Centre-Val de Loire";"Éolien";0,433366372007
2025-02;"Centre-Val de Loire";"Éolien";0,22337709764
2025-03;"Centre-Val de Loire";"Éolien";0,26005453366
2025-04;"Centre-Val de Loire";"Éolien";0,25932126874
2025-05;"Centre-Val de Loire";"Éolien";0,22339070845
2025-06;"Centre-Val de Loire";"Éolien";0,169926873068
2025-07;"Centre-Val de Loire";"Éolien";0,212103601608
2025-08;"Centre-Val de Loire";"Éolien";0,165700342
2025-09;"Centre-Val de Loire";"Éolien";0,257113794908
2025-10;"Centre-Val de Loire";"Éolien";0,359689217873
2025-11;"Centre-Val de Loire";"Éolien";0,327963769804
2014-01;"Centre-Val de Loire";"Solaire";0,005552132
2014-02;"Centre-Val de Loire";"Solaire";0,009694378
2014-03;"Centre-Val de Loire";"Solaire";0,020296576
2014-04;"Centre-Val de Loire";"Solaire";0,020468352
2014-05;"Centre-Val de Loire";"Solaire";0,022891185
2014-06;"Centre-Val de Loire";"Solaire";0,025705285
2014-07;"Centre-Val de Loire";"Solaire";0,02310555
2014-08;"Centre-Val de Loire";"Solaire";0,022178414
2014-09;"Centre-Val de Loire";"Solaire";0,022310324
2014-10;"Centre-Val de Loire";"Solaire";0,014057898
2014-11;"Centre-Val de Loire";"Solaire";0,007558981
2014-12;"Centre-Val de Loire";"Solaire";0,004192652
2015-01;"Centre-Val de Loire";"Solaire";0,006034027
2015-02;"Centre-Val de Loire";"Solaire";0,010228383
2015-03;"Centre-Val de Loire";"Solaire";0,016568649
2015-04;"Centre-Val de Loire";"Solaire";0,025493996
2015-05;"Centre-Val de Loire";"Solaire";0,027846088
2015-06;"Centre-Val de Loire";"Solaire";0,032939319
2015-07;"Centre-Val de Loire";"Solaire";0,030405821
2015-08;"Centre-Val de Loire";"Solaire";0,027348608
2015-09;"Centre-Val de Loire";"Solaire";0,023623034
2015-10;"Centre-Val de Loire";"Solaire";0,015017683
2015-11;"Centre-Val de Loire";"Solaire";0,010010521
2015-12;"Centre-Val de Loire";"Solaire";0,008747504
2016-01;"Centre-Val de Loire";"Solaire";0,007040071
2016-02;"Centre-Val de Loire";"Solaire";0,011707469
2016-03;"Centre-Val de Loire";"Solaire";0,019840044
2016-04;"Centre-Val de Loire";"Solaire";0,024041763
2016-05;"Centre-Val de Loire";"Solaire";0,026388693
2016-06;"Centre-Val de Loire";"Solaire";0,024511514
2016-07;"Centre-Val de Loire";"Solaire";0,033204948
2016-08;"Centre-Val de Loire";"Solaire";0,033178048
2016-09;"Centre-Val de Loire";"Solaire";0,023581901
2016-10;"Centre-Val de Loire";"Solaire";0,022475074
2016-11;"Centre-Val de Loire";"Solaire";0,009459131
2016-12;"Centre-Val de Loire";"Solaire";0,009393927
2017-01;"Centre-Val de Loire";"Solaire";0,00959135
2017-02;"Centre-Val de Loire";"Solaire";0,011175067
2017-03;"Centre-Val de Loire";"Solaire";0,018995123
2017-04;"Centre-Val de Loire";"Solaire";0,033081787
2017-05;"Centre-Val de Loire";"Solaire";0,033118124
2017-06;"Centre-Val de Loire";"Solaire";0,036914996
2017-07;"Centre-Val de Loire";"Solaire";0,031054454
2017-08;"Centre-Val de Loire";"Solaire";0,031230154
2017-09;"Centre-Val de Loire";"Solaire";0,024233227
2017-10;"Centre-Val de Loire";"Solaire";0,02067653
2017-11;"Centre-Val de Loire";"Solaire";0,010801129
2017-12;"Centre-Val de Loire";"Solaire";0,005785542
2018-01;"Centre-Val de Loire";"Solaire";0,005366096
2018-02;"Centre-Val de Loire";"Solaire";0,013418507
2018-03;"Centre-Val de Loire";"Solaire";0,020645121
2018-04;"Centre-Val de Loire";"Solaire";0,02885754
2018-05;"Centre-Val de Loire";"Solaire";0,039134411
2018-06;"Centre-Val de Loire";"Solaire";0,038343637
2018-07;"Centre-Val de Loire";"Solaire";0,041364423
2018-08;"Centre-Val de Loire";"Solaire";0,039211636
2018-09;"Centre-Val de Loire";"Solaire";0,034243014
2018-10;"Centre-Val de Loire";"Solaire";0,025210754
2018-11;"Centre-Val de Loire";"Solaire";0,012992448
2018-12;"Centre-Val de Loire";"Solaire";0,005958381
2019-01;"Centre-Val de Loire";"Solaire";0,009217629
2019-02;"Centre-Val de Loire";"Solaire";0,021800659
2019-03;"Centre-Val de Loire";"Solaire";0,0299746
2019-04;"Centre-Val de Loire";"Solaire";0,035237621
2019-05;"Centre-Val de Loire";"Solaire";0,039887239
2019-06;"Centre-Val de Loire";"Solaire";0,042980631
2019-07;"Centre-Val de Loire";"Solaire";0,04765513
2019-08;"Centre-Val de Loire";"Solaire";0,04250574
2019-09;"Centre-Val de Loire";"Solaire";0,035544611
2019-10;"Centre-Val de Loire";"Solaire";0,019456246
2019-11;"Centre-Val de Loire";"Solaire";0,012424899
2019-12;"Centre-Val de Loire";"Solaire";0,012179809
2020-01;"Centre-Val de Loire";"Solaire";0,013795613
2020-02;"Centre-Val de Loire";"Solaire";0,020309138
2020-03;"Centre-Val de Loire";"Solaire";0,032659591
2020-04;"Centre-Val de Loire";"Solaire";0,045604314
2020-05;"Centre-Val de Loire";"Solaire";0,05450736
2020-06;"Centre-Val de Loire";"Solaire";0,046242152
2020-07;"Centre-Val de Loire";"Solaire";0,05798849
2020-08;"Centre-Val de Loire";"Solaire";0,049176159
2020-09;"Centre-Val de Loire";"Solaire";0,042346908
2020-10;"Centre-Val de Loire";"Solaire";0,022013995
2020-11;"Centre-Val de Loire";"Solaire";0,021570448
2020-12;"Centre-Val de Loire";"Solaire";0,010090322
2021-01;"Centre-Val de Loire";"Solaire";0,01209559
2021-02;"Centre-Val de Loire";"Solaire";0,023881974
2021-03;"Centre-Val de Loire";"Solaire";0,049821321
2021-04;"Centre-Val de Loire";"Solaire";0,067271384
2021-05;"Centre-Val de Loire";"Solaire";0,067019661
2021-06;"Centre-Val de Loire";"Solaire";0,069934482
2021-07;"Centre-Val de Loire";"Solaire";0,067832837
2021-08;"Centre-Val de Loire";"Solaire";0,06882642
2021-09;"Centre-Val de Loire";"Solaire";0,064848998
2021-10;"Centre-Val de Loire";"Solaire";0,054786531
2021-11;"Centre-Val de Loire";"Solaire";0,027490527
2021-12;"Centre-Val de Loire";"Solaire";0,017514295
2022-01;"Centre-Val de Loire";"Solaire";0,025449058714
2022-02;"Centre-Val de Loire";"Solaire";0,044143661171
2022-03;"Centre-Val de Loire";"Solaire";0,069515305977
2022-04;"Centre-Val de Loire";"Solaire";0,095477538205
2022-05;"Centre-Val de Loire";"Solaire";0,128810640526
2022-06;"Centre-Val de Loire";"Solaire";0,116211174939
2022-07;"Centre-Val de Loire";"Solaire";0,136491923029
2022-08;"Centre-Val de Loire";"Solaire";0,120616004095
2022-09;"Centre-Val de Loire";"Solaire";0,089887271459
2022-10;"Centre-Val de Loire";"Solaire";0,063913271529
2022-11;"Centre-Val de Loire";"Solaire";0,035023478603
2022-12;"Centre-Val de Loire";"Solaire";0,01586518221
2023-01;"Centre-Val de Loire";"Solaire";0,022979338445
2023-02;"Centre-Val de Loire";"Solaire";0,058529027979
2023-03;"Centre-Val de Loire";"Solaire";0,080711312875
2023-04;"Centre-Val de Loire";"Solaire";0,109454087426
2023-05;"Centre-Val de Loire";"Solaire";0,139822613276
2023-06;"Centre-Val de Loire";"Solaire";0,154248301999
2023-07;"Centre-Val de Loire";"Solaire";0,138063704722
2023-08;"Centre-Val de Loire";"Solaire";0,123207262049
2023-09;"Centre-Val de Loire";"Solaire";0,118433545726
2023-10;"Centre-Val de Loire";"Solaire";0,083501154518
2023-11;"Centre-Val de Loire";"Solaire";0,041162478014
2023-12;"Centre-Val de Loire";"Solaire";0,02794675975
2024-01;"Centre-Val de Loire";"Solaire";0,038232246089
2024-02;"Centre-Val de Loire";"Solaire";0,042004102755
2024-03;"Centre-Val de Loire";"Solaire";0,104612806559
2024-04;"Centre-Val de Loire";"Solaire";0,118561039019
2024-05;"Centre-Val de Loire";"Solaire";0,139168630902
2024-06;"Centre-Val de Loire";"Solaire";0,161122138652
2024-07;"Centre-Val de Loire";"Solaire";0,172838076767
2024-08;"Centre-Val de Loire";"Solaire";0,177615953449
2024-09;"Centre-Val de Loire";"Solaire";0,11760187737
2024-10;"Centre-Val de Loire";"Solaire";0,079963673007
2024-11;"Centre-Val de Loire";"Solaire";0,042078125158
2024-12;"Centre-Val de Loire";"Solaire";0,032572294658
2025-01;"Centre-Val de Loire";"Solaire";0,04335122862
2025-02;"Centre-Val de Loire";"Solaire";0,08353510311
2025-03;"Centre-Val de Loire";"Solaire";0,153630965502
2025-04;"Centre-Val de Loire";"Solaire";0,177680595918
2025-05;"Centre-Val de Loire";"Solaire";0,197198988855
2025-06;"Centre-Val de Loire";"Solaire";0,229018832729
2025-07;"Centre-Val de Loire";"Solaire";0,250978332275
2025-08;"Centre-Val de Loire";"Solaire";0,218513598605
2025-09;"Centre-Val de Loire";"Solaire";0,158062990057
2025-10;"Centre-Val de Loire";"Solaire";0,138472486558
2025-11;"Centre-Val de Loire";"Solaire";0,069589982034
2014-01;"Centre-Val de Loire";"Nucléaire";8,017913419
2014-02;"Centre-Val de Loire";"Nucléaire";6,95601831
2014-03;"Centre-Val de Loire";"Nucléaire";7,153754859
2014-04;"Centre-Val de Loire";"Nucléaire";6,402015229
2014-05;"Centre-Val de Loire";"Nucléaire";6,191991412
2014-06;"Centre-Val de Loire";"Nucléaire";5,870098866
2014-07;"Centre-Val de Loire";"Nucléaire";6,1576803
2014-08;"Centre-Val de Loire";"Nucléaire";5,178593506
2014-09;"Centre-Val de Loire";"Nucléaire";4,743707272
2014-10;"Centre-Val de Loire";"Nucléaire";5,619823531
2014-11;"Centre-Val de Loire";"Nucléaire";7,139215884
2014-12;"Centre-Val de Loire";"Nucléaire";8,440306142
2015-01;"Centre-Val de Loire";"Nucléaire";8,445017457
2015-02;"Centre-Val de Loire";"Nucléaire";7,669667159
2015-03;"Centre-Val de Loire";"Nucléaire";8,092041082
2015-04;"Centre-Val de Loire";"Nucléaire";6,027496797
2015-05;"Centre-Val de Loire";"Nucléaire";5,529326171
2015-06;"Centre-Val de Loire";"Nucléaire";6,331093561
2015-07;"Centre-Val de Loire";"Nucléaire";5,540479762
2015-08;"Centre-Val de Loire";"Nucléaire";5,718179285
2015-09;"Centre-Val de Loire";"Nucléaire";6,584340614
2015-10;"Centre-Val de Loire";"Nucléaire";5,685496095
2015-11;"Centre-Val de Loire";"Nucléaire";5,757797147
2015-12;"Centre-Val de Loire";"Nucléaire";7,900518001
2016-01;"Centre-Val de Loire";"Nucléaire";8,460204538
2016-02;"Centre-Val de Loire";"Nucléaire";7,808866255
2016-03;"Centre-Val de Loire";"Nucléaire";7,502718767
2016-04;"Centre-Val de Loire";"Nucléaire";5,932620255
2016-05;"Centre-Val de Loire";"Nucléaire";5,770907743
2016-06;"Centre-Val de Loire";"Nucléaire";5,386861653
2016-07;"Centre-Val de Loire";"Nucléaire";4,432714782
2016-08;"Centre-Val de Loire";"Nucléaire";4,948252622
2016-09;"Centre-Val de Loire";"Nucléaire";4,842251284
2016-10;"Centre-Val de Loire";"Nucléaire";6,031850833
2016-11;"Centre-Val de Loire";"Nucléaire";6,39795626
2016-12;"Centre-Val de Loire";"Nucléaire";8,225842077
2017-01;"Centre-Val de Loire";"Nucléaire";8,538645866
2017-02;"Centre-Val de Loire";"Nucléaire";7,623117107
2017-03;"Centre-Val de Loire";"Nucléaire";8,314526457
2017-04;"Centre-Val de Loire";"Nucléaire";7,800805906
2017-05;"Centre-Val de Loire";"Nucléaire";6,425748803
2017-06;"Centre-Val de Loire";"Nucléaire";5,008815662
2017-07;"Centre-Val de Loire";"Nucléaire";4,649414363
2017-08;"Centre-Val de Loire";"Nucléaire";5,227409063
2017-09;"Centre-Val de Loire";"Nucléaire";4,408502637
2017-10;"Centre-Val de Loire";"Nucléaire";4,482405775
2017-11;"Centre-Val de Loire";"Nucléaire";5,457516959
2017-12;"Centre-Val de Loire";"Nucléaire";6,913838159
2018-01;"Centre-Val de Loire";"Nucléaire";7,352633064
2018-02;"Centre-Val de Loire";"Nucléaire";6,848154203
2018-03;"Centre-Val de Loire";"Nucléaire";7,17807478
2018-04;"Centre-Val de Loire";"Nucléaire";6,190953879
2018-05;"Centre-Val de Loire";"Nucléaire";6,772110682
2018-06;"Centre-Val de Loire";"Nucléaire";5,695733891
2018-07;"Centre-Val de Loire";"Nucléaire";6,191530276
2018-08;"Centre-Val de Loire";"Nucléaire";6,034259475
2018-09;"Centre-Val de Loire";"Nucléaire";5,596178488
2018-10;"Centre-Val de Loire";"Nucléaire";5,220138519
2018-11;"Centre-Val de Loire";"Nucléaire";4,581197674
2018-12;"Centre-Val de Loire";"Nucléaire";6,875120477
2019-01;"Centre-Val de Loire";"Nucléaire";7,662415358
2019-02;"Centre-Val de Loire";"Nucléaire";7,674844778
2019-03;"Centre-Val de Loire";"Nucléaire";7,221389382
2019-04;"Centre-Val de Loire";"Nucléaire";6,563287208
2019-05;"Centre-Val de Loire";"Nucléaire";6,370455195
2019-06;"Centre-Val de Loire";"Nucléaire";5,50904815
2019-07;"Centre-Val de Loire";"Nucléaire";5,176423579
2019-08;"Centre-Val de Loire";"Nucléaire";5,459811032
2019-09;"Centre-Val de Loire";"Nucléaire";4,962655342
2019-10;"Centre-Val de Loire";"Nucléaire";4,746104643
2019-11;"Centre-Val de Loire";"Nucléaire";5,039189969
2019-12;"Centre-Val de Loire";"Nucléaire";5,239765224
2020-01;"Centre-Val de Loire";"Nucléaire";6,951402345
2020-02;"Centre-Val de Loire";"Nucléaire";6,505185313
2020-03;"Centre-Val de Loire";"Nucléaire";6,951800144
2020-04;"Centre-Val de Loire";"Nucléaire";6,245949335
2020-05;"Centre-Val de Loire";"Nucléaire";5,921227249
2020-06;"Centre-Val de Loire";"Nucléaire";3,518624907
2020-07;"Centre-Val de Loire";"Nucléaire";3,870472967
2020-08;"Centre-Val de Loire";"Nucléaire";4,027797497
2020-09;"Centre-Val de Loire";"Nucléaire";4,129135613
2020-10;"Centre-Val de Loire";"Nucléaire";4,783331941
2020-11;"Centre-Val de Loire";"Nucléaire";6,117743357655
2020-12;"Centre-Val de Loire";"Nucléaire";6,731743305061
2021-01;"Centre-Val de Loire";"Nucléaire";7,434847064502
2021-02;"Centre-Val de Loire";"Nucléaire";6,619575551001
2021-03;"Centre-Val de Loire";"Nucléaire";6,346445567
2021-04;"Centre-Val de Loire";"Nucléaire";6,011768310336
2021-05;"Centre-Val de Loire";"Nucléaire";4,512432833832
2021-06;"Centre-Val de Loire";"Nucléaire";4,838042254998
2021-07;"Centre-Val de Loire";"Nucléaire";4,756125946166
2021-08;"Centre-Val de Loire";"Nucléaire";5,444238332333
2021-09;"Centre-Val de Loire";"Nucléaire";5,942362682668
2021-10;"Centre-Val de Loire";"Nucléaire";5,313661790666
2021-11;"Centre-Val de Loire";"Nucléaire";5,421693071
2021-12;"Centre-Val de Loire";"Nucléaire";6,036372344169
2022-01;"Centre-Val de Loire";"Nucléaire";7,623760502666
2022-02;"Centre-Val de Loire";"Nucléaire";6,765582863335
2022-03;"Centre-Val de Loire";"Nucléaire";5,396351312831
2022-04;"Centre-Val de Loire";"Nucléaire";4,336188563669
2022-05;"Centre-Val de Loire";"Nucléaire";4,080107284331
2022-06;"Centre-Val de Loire";"Nucléaire";4,770383319503
2022-07;"Centre-Val de Loire";"Nucléaire";4,868455667502
2022-08;"Centre-Val de Loire";"Nucléaire";4,667857436668
2022-09;"Centre-Val de Loire";"Nucléaire";4,154001036175
2022-10;"Centre-Val de Loire";"Nucléaire";4,423867732828
2022-11;"Centre-Val de Loire";"Nucléaire";4,785059501666
2022-12;"Centre-Val de Loire";"Nucléaire";7,051737219666
2023-01;"Centre-Val de Loire";"Nucléaire";7,56667072866
2023-02;"Centre-Val de Loire";"Nucléaire";6,131901711667
2023-03;"Centre-Val de Loire";"Nucléaire";5,388490432166
2023-04;"Centre-Val de Loire";"Nucléaire";5,422749789501
2023-05;"Centre-Val de Loire";"Nucléaire";5,209770220669
2023-06;"Centre-Val de Loire";"Nucléaire";3,899193848499
2023-07;"Centre-Val de Loire";"Nucléaire";3,591891475161
2023-08;"Centre-Val de Loire";"Nucléaire";2,863824708494
2023-09;"Centre-Val de Loire";"Nucléaire";3,81135278218
2023-10;"Centre-Val de Loire";"Nucléaire";4,185419287498
2023-11;"Centre-Val de Loire";"Nucléaire";4,53872893167
2023-12;"Centre-Val de Loire";"Nucléaire";4,160293891832
2024-01;"Centre-Val de Loire";"Nucléaire";5,881214749665
2024-02;"Centre-Val de Loire";"Nucléaire";4,883863803336
2024-03;"Centre-Val de Loire";"Nucléaire";5,440290859578
2024-04;"Centre-Val de Loire";"Nucléaire";5,316124500913
2024-05;"Centre-Val de Loire";"Nucléaire";5,769088162746
2024-06;"Centre-Val de Loire";"Nucléaire";6,430472179751
2024-07;"Centre-Val de Loire";"Nucléaire";6,278971136761
2024-08;"Centre-Val de Loire";"Nucléaire";5,51150095459
2024-09;"Centre-Val de Loire";"Nucléaire";4,982132962592
2024-10;"Centre-Val de Loire";"Nucléaire";5,673483196007
2024-11;"Centre-Val de Loire";"Nucléaire";6,470690160756
2024-12;"Centre-Val de Loire";"Nucléaire";7,903156662834
2025-01;"Centre-Val de Loire";"Nucléaire";8,398020492904
2025-02;"Centre-Val de Loire";"Nucléaire";6,20818798876
2025-03;"Centre-Val de Loire";"Nucléaire";6,260693784999
2025-04;"Centre-Val de Loire";"Nucléaire";5,010163095419
2025-05;"Centre-Val de Loire";"Nucléaire";4,824424221158
2025-06;"Centre-Val de Loire";"Nucléaire";5,392599999421
2025-07;"Centre-Val de Loire";"Nucléaire";4,753785948666
2025-08;"Centre-Val de Loire";"Nucléaire";5,540252175167
2025-09;"Centre-Val de Loire";"Nucléaire";5,104756936413
2025-10;"Centre-Val de Loire";"Nucléaire";4,949846858833
2025-11;"Centre-Val de Loire";"Nucléaire";5,673842184918
2014-01;"Centre-Val de Loire";"Hydraulique";0,023242236
2014-02;"Centre-Val de Loire";"Hydraulique";0,028834888
2014-03;"Centre-Val de Loire";"Hydraulique";0,020483685
2014-04;"Centre-Val de Loire";"Hydraulique";0,006671705
2014-05;"Centre-Val de Loire";"Hydraulique";0,008126031
2014-06;"Centre-Val de Loire";"Hydraulique";0,003413116
2014-07;"Centre-Val de Loire";"Hydraulique";0,004931164
2014-08;"Centre-Val de Loire";"Hydraulique";0,005311713
2014-09;"Centre-Val de Loire";"Hydraulique";0,002654175
2014-10;"Centre-Val de Loire";"Hydraulique";0,008668699
2014-11;"Centre-Val de Loire";"Hydraulique";0,009037671
2014-12;"Centre-Val de Loire";"Hydraulique";0,017216598
2015-01;"Centre-Val de Loire";"Hydraulique";0,021648704
2015-02;"Centre-Val de Loire";"Hydraulique";0,023629783
2015-03;"Centre-Val de Loire";"Hydraulique";0,023186636
2015-04;"Centre-Val de Loire";"Hydraulique";0,010463684
2015-05;"Centre-Val de Loire";"Hydraulique";0,010948829
2015-06;"Centre-Val de Loire";"Hydraulique";0,002689753
2015-07;"Centre-Val de Loire";"Hydraulique";0,000376737
2015-08;"Centre-Val de Loire";"Hydraulique";0,000333154
2015-09;"Centre-Val de Loire";"Hydraulique";0,000642679
2015-10;"Centre-Val de Loire";"Hydraulique";0,001705169
2015-11;"Centre-Val de Loire";"Hydraulique";0,002032887
2015-12;"Centre-Val de Loire";"Hydraulique";0,001579358
2016-01;"Centre-Val de Loire";"Hydraulique";0,014104741
2016-02;"Centre-Val de Loire";"Hydraulique";0,026875829
2016-03;"Centre-Val de Loire";"Hydraulique";0,020355275
2016-04;"Centre-Val de Loire";"Hydraulique";0,022176568
2016-05;"Centre-Val de Loire";"Hydraulique";0,012611292
2016-06;"Centre-Val de Loire";"Hydraulique";0,017627771
2016-07;"Centre-Val de Loire";"Hydraulique";0,00199293
2016-08;"Centre-Val de Loire";"Hydraulique";0,000519854
2016-09;"Centre-Val de Loire";"Hydraulique";0,000994904
2016-10;"Centre-Val de Loire";"Hydraulique";0,000904644
2016-11;"Centre-Val de Loire";"Hydraulique";0,006469865
2016-12;"Centre-Val de Loire";"Hydraulique";0,003450048
2017-01;"Centre-Val de Loire";"Hydraulique";0,004241533
2017-02;"Centre-Val de Loire";"Hydraulique";0,008425852
2017-03;"Centre-Val de Loire";"Hydraulique";0,020445217
2017-04;"Centre-Val de Loire";"Hydraulique";0,004504637
2017-05;"Centre-Val de Loire";"Hydraulique";0,006313228
2017-06;"Centre-Val de Loire";"Hydraulique";0,003641153
2017-07;"Centre-Val de Loire";"Hydraulique";0,000675828
2017-08;"Centre-Val de Loire";"Hydraulique";0,000345059
2017-09;"Centre-Val de Loire";"Hydraulique";0,003043749
2017-10;"Centre-Val de Loire";"Hydraulique";0,00035553
2017-11;"Centre-Val de Loire";"Hydraulique";0,000823715
2017-12;"Centre-Val de Loire";"Hydraulique";0,014651251
2018-01;"Centre-Val de Loire";"Hydraulique";0,041652518
2018-02;"Centre-Val de Loire";"Hydraulique";0,027143341
2018-03;"Centre-Val de Loire";"Hydraulique";0,021542022
2018-04;"Centre-Val de Loire";"Hydraulique";0,018243404
2018-05;"Centre-Val de Loire";"Hydraulique";0,012971411
2018-06;"Centre-Val de Loire";"Hydraulique";0,012262835
2018-07;"Centre-Val de Loire";"Hydraulique";0,001916947
2018-08;"Centre-Val de Loire";"Hydraulique";0,000209903
2018-09;"Centre-Val de Loire";"Hydraulique";0,000355597
2018-10;"Centre-Val de Loire";"Hydraulique";0,000570754
2018-11;"Centre-Val de Loire";"Hydraulique";0,001312102
2018-12;"Centre-Val de Loire";"Hydraulique";0,00306601
2019-01;"Centre-Val de Loire";"Hydraulique";0,005120168
2019-02;"Centre-Val de Loire";"Hydraulique";0,01136261
2019-03;"Centre-Val de Loire";"Hydraulique";0,009371897
2019-04;"Centre-Val de Loire";"Hydraulique";0,003097411
2019-05;"Centre-Val de Loire";"Hydraulique";0,00400711
2019-06;"Centre-Val de Loire";"Hydraulique";0,002748621
2019-07;"Centre-Val de Loire";"Hydraulique";0,000278777
2019-08;"Centre-Val de Loire";"Hydraulique";0,000392871
2019-09;"Centre-Val de Loire";"Hydraulique";0,000400332
2019-10;"Centre-Val de Loire";"Hydraulique";0,001705886
2019-11;"Centre-Val de Loire";"Hydraulique";0,012902146
2019-12;"Centre-Val de Loire";"Hydraulique";0,032791972
2020-01;"Centre-Val de Loire";"Hydraulique";0,01749995
2020-02;"Centre-Val de Loire";"Hydraulique";0,021002521
2020-03;"Centre-Val de Loire";"Hydraulique";0,022554239
2020-04;"Centre-Val de Loire";"Hydraulique";0,007066914
2020-05;"Centre-Val de Loire";"Hydraulique";0,015601716
2020-06;"Centre-Val de Loire";"Hydraulique";0,004325534
2020-07;"Centre-Val de Loire";"Hydraulique";0,001284339
2020-08;"Centre-Val de Loire";"Hydraulique";0,000897563
2020-09;"Centre-Val de Loire";"Hydraulique";0,000951104
2020-10;"Centre-Val de Loire";"Hydraulique";0,007596224
2020-11;"Centre-Val de Loire";"Hydraulique";0,005647594
2020-12;"Centre-Val de Loire";"Hydraulique";0,022345948
2021-01;"Centre-Val de Loire";"Hydraulique";0,029875203
2021-02;"Centre-Val de Loire";"Hydraulique";0,029964093
2021-03;"Centre-Val de Loire";"Hydraulique";0,013370488
2021-04;"Centre-Val de Loire";"Hydraulique";0,004427546
2021-05;"Centre-Val de Loire";"Hydraulique";0,00806893
2021-06;"Centre-Val de Loire";"Hydraulique";0,006500971
2021-07;"Centre-Val de Loire";"Hydraulique";0,006262946
2021-08;"Centre-Val de Loire";"Hydraulique";0,002769765
2021-09;"Centre-Val de Loire";"Hydraulique";0,002166313
2021-10;"Centre-Val de Loire";"Hydraulique";0,002525701
2021-11;"Centre-Val de Loire";"Hydraulique";0,0060159
2021-12;"Centre-Val de Loire";"Hydraulique";0,017245382
2022-01;"Centre-Val de Loire";"Hydraulique";0,017354724635
2022-02;"Centre-Val de Loire";"Hydraulique";0,009862706449
2022-03;"Centre-Val de Loire";"Hydraulique";0,010451730511
2022-04;"Centre-Val de Loire";"Hydraulique";0,010722481867
2022-05;"Centre-Val de Loire";"Hydraulique";0,002851234179
2022-06;"Centre-Val de Loire";"Hydraulique";0,003050577179
2022-07;"Centre-Val de Loire";"Hydraulique";0,002070833828
2022-08;"Centre-Val de Loire";"Hydraulique";0,000358818097
2022-09;"Centre-Val de Loire";"Hydraulique";0,000476779154
2022-10;"Centre-Val de Loire";"Hydraulique";0,001576507279
2022-11;"Centre-Val de Loire";"Hydraulique";0,001495552812
2022-12;"Centre-Val de Loire";"Hydraulique";0,002988107255
2023-01;"Centre-Val de Loire";"Hydraulique";0,009572884697
2023-02;"Centre-Val de Loire";"Hydraulique";0,003818699262
2023-03;"Centre-Val de Loire";"Hydraulique";0,014347345582
2023-04;"Centre-Val de Loire";"Hydraulique";0,012274206295
2023-05;"Centre-Val de Loire";"Hydraulique";0,006655632438
2023-06;"Centre-Val de Loire";"Hydraulique";0,004329192713
2023-07;"Centre-Val de Loire";"Hydraulique";0,001349447257
2023-08;"Centre-Val de Loire";"Hydraulique";0,000856385068
2023-09;"Centre-Val de Loire";"Hydraulique";0,000550387621
2023-10;"Centre-Val de Loire";"Hydraulique";0,001732696009
2023-11;"Centre-Val de Loire";"Hydraulique";0,025329908011
2023-12;"Centre-Val de Loire";"Hydraulique";0,024170981825
2024-01;"Centre-Val de Loire";"Hydraulique";0,018968702429
2024-02;"Centre-Val de Loire";"Hydraulique";0,017933452294
2024-03;"Centre-Val de Loire";"Hydraulique";0,023173994344
2024-04;"Centre-Val de Loire";"Hydraulique";0,02074010799
2024-05;"Centre-Val de Loire";"Hydraulique";0,031251961144
2024-06;"Centre-Val de Loire";"Hydraulique";0,018516753094
2024-07;"Centre-Val de Loire";"Hydraulique";0,008528867783
2024-08;"Centre-Val de Loire";"Hydraulique";0,002194067926
2024-09;"Centre-Val de Loire";"Hydraulique";0,004232949094
2024-10;"Centre-Val de Loire";"Hydraulique";0,020799135762
2024-11;"Centre-Val de Loire";"Hydraulique";0,011319529508
2024-12;"Centre-Val de Loire";"Hydraulique";0,022934159967
2025-01;"Centre-Val de Loire";"Hydraulique";0,029561148439
2025-02;"Centre-Val de Loire";"Hydraulique";0,018043394466
2025-03;"Centre-Val de Loire";"Hydraulique";0,015780481167
2025-04;"Centre-Val de Loire";"Hydraulique";0,011808301406
2025-05;"Centre-Val de Loire";"Hydraulique";0,006639808103
2025-06;"Centre-Val de Loire";"Hydraulique";0,002129101415
2025-07;"Centre-Val de Loire";"Hydraulique";0,000785234793
2025-08;"Centre-Val de Loire";"Hydraulique";0,000532155335
2025-09;"Centre-Val de Loire";"Hydraulique";0,001639506497
2025-10;"Centre-Val de Loire";"Hydraulique";0,003805849755
2025-11;"Centre-Val de Loire";"Hydraulique";0,01307881631
2014-01;"Centre-Val de Loire";"Autre";5,1747980900352E-18
2014-02;"Centre-Val de Loire";"Autre";-8,9304119654798E-18
2014-03;"Centre-Val de Loire";"Autre";2,6526003615857E-19
2014-04;"Centre-Val de Loire";"Autre";-1,6882953368658E-18
2014-05;"Centre-Val de Loire";"Autre";2,4541826904034E-19
2014-06;"Centre-Val de Loire";"Autre";-2,5949797866076E-18
2014-07;"Centre-Val de Loire";"Autre";-2,8583906075408E-20
2014-08;"Centre-Val de Loire";"Autre";1,3355705430484E-18
2014-09;"Centre-Val de Loire";"Autre";1,7727347367824E-18
2014-10;"Centre-Val de Loire";"Autre";2,9520413891149E-18
2014-11;"Centre-Val de Loire";"Autre";2,2141732891612E-18
2014-12;"Centre-Val de Loire";"Autre";9,9197039471477E-19
2015-01;"Centre-Val de Loire";"Autre";-7,2781017323997E-18
2015-02;"Centre-Val de Loire";"Autre";9,6456176379434E-19
2015-03;"Centre-Val de Loire";"Autre";-2,4529267506068E-18
2015-04;"Centre-Val de Loire";"Autre";5,6193938391402E-19
2015-05;"Centre-Val de Loire";"Autre";-7,0776440264098E-18
2015-06;"Centre-Val de Loire";"Autre";3,0213678781088E-20
2015-07;"Centre-Val de Loire";"Autre";2,2917223674313E-18
2015-08;"Centre-Val de Loire";"Autre";-1,4586248875403E-18
2015-09;"Centre-Val de Loire";"Autre";-2,4484719807205E-18
2015-10;"Centre-Val de Loire";"Autre";1,4951928584139E-18
2015-11;"Centre-Val de Loire";"Autre";3,8724579098926E-18
2015-12;"Centre-Val de Loire";"Autre";1,3483728023012E-18
2016-01;"Centre-Val de Loire";"Autre";-6,2123639565925E-18
2016-02;"Centre-Val de Loire";"Autre";-4,2850029080554E-18
2016-03;"Centre-Val de Loire";"Autre";5,8116844670053E-18
2016-04;"Centre-Val de Loire";"Autre";1,5884515924824E-18
2016-05;"Centre-Val de Loire";"Autre";-4,5773107526514E-19
2016-06;"Centre-Val de Loire";"Autre";-2,29989638445E-19
2016-07;"Centre-Val de Loire";"Autre";1,362826518303E-18
2016-08;"Centre-Val de Loire";"Autre";-4,2124984056535E-19
2016-09;"Centre-Val de Loire";"Autre";-5,0903725679063E-19
2016-10;"Centre-Val de Loire";"Autre";4,4465854609488E-18
2016-11;"Centre-Val de Loire";"Autre";-1,6940060465487E-18
2016-12;"Centre-Val de Loire";"Autre";7,6832984419184E-19
2017-01;"Centre-Val de Loire";"Autre";0,000224502
2017-02;"Centre-Val de Loire";"Autre";0,000202776
2017-03;"Centre-Val de Loire";"Autre";0,00022451
2017-04;"Centre-Val de Loire";"Autre";0,00021726
2017-05;"Centre-Val de Loire";"Autre";0,000224502
2017-06;"Centre-Val de Loire";"Autre";0,00021726
2017-07;"Centre-Val de Loire";"Autre";0,000224502
2017-08;"Centre-Val de Loire";"Autre";0,000224502
2017-09;"Centre-Val de Loire";"Autre";0,00021726
2017-10;"Centre-Val de Loire";"Autre";0,000224494
2017-11;"Centre-Val de Loire";"Autre";0,00021726
2017-12;"Centre-Val de Loire";"Autre";0,00022450200000001
2018-01;"Centre-Val de Loire";"Autre";0,00021427200000001
2018-02;"Centre-Val de Loire";"Autre";0,000193536
2018-03;"Centre-Val de Loire";"Autre";0,000214293
2018-04;"Centre-Val de Loire";"Autre";0,00020736
2018-05;"Centre-Val de Loire";"Autre";0,000214272
2018-06;"Centre-Val de Loire";"Autre";0,00020736
2018-07;"Centre-Val de Loire";"Autre";0,000214272
2018-08;"Centre-Val de Loire";"Autre";0,000214272
2018-09;"Centre-Val de Loire";"Autre";0,00020736
2018-10;"Centre-Val de Loire";"Autre";0,000214281
2018-11;"Centre-Val de Loire";"Autre";0,00020736
2018-12;"Centre-Val de Loire";"Autre";0,00021427200000001
2019-01;"Centre-Val de Loire";"Autre";0,000239537
2019-02;"Centre-Val de Loire";"Autre";0,000216356
2019-03;"Centre-Val de Loire";"Autre";0,00023955499999999
2019-04;"Centre-Val de Loire";"Autre";0,00023180999999999
2019-05;"Centre-Val de Loire";"Autre";0,000239537
2019-06;"Centre-Val de Loire";"Autre";0,00023181
2019-07;"Centre-Val de Loire";"Autre";0,000239537
2019-08;"Centre-Val de Loire";"Autre";0,000239537
2019-09;"Centre-Val de Loire";"Autre";0,00023180999999999
2019-10;"Centre-Val de Loire";"Autre";0,000239549
2019-11;"Centre-Val de Loire";"Autre";0,00023180999999999
2019-12;"Centre-Val de Loire";"Autre";0,000239537
2020-01;"Centre-Val de Loire";"Autre";0,00023953700000001
2020-02;"Centre-Val de Loire";"Autre";0,00021636899999999
2020-03;"Centre-Val de Loire";"Autre";0,00023955500000001
2020-04;"Centre-Val de Loire";"Autre";0,00023181
2020-05;"Centre-Val de Loire";"Autre";0,000239537
2020-06;"Centre-Val de Loire";"Autre";0,00023181
2020-07;"Centre-Val de Loire";"Autre";0,000239537
2020-08;"Centre-Val de Loire";"Autre";0,00023953700000001
2020-09;"Centre-Val de Loire";"Autre";0,00023181
2020-10;"Centre-Val de Loire";"Autre";0,00023954900000001
2020-11;"Centre-Val de Loire";"Autre";0,00023181000000001
2020-12;"Centre-Val de Loire";"Autre";0,000239537
2021-01;"Centre-Val de Loire";"Autre";0,000239537
2021-02;"Centre-Val de Loire";"Autre";0,00021635599999999
2021-03;"Centre-Val de Loire";"Autre";0,00023955599999999
2021-04;"Centre-Val de Loire";"Autre";0,00023181
2021-05;"Centre-Val de Loire";"Autre";0,000239537
2021-06;"Centre-Val de Loire";"Autre";0,00023181
2021-07;"Centre-Val de Loire";"Autre";0,00023953700000001
2021-08;"Centre-Val de Loire";"Autre";0,000239537
2021-09;"Centre-Val de Loire";"Autre";0,00023181
2021-10;"Centre-Val de Loire";"Autre";0,00023954900000001
2021-11;"Centre-Val de Loire";"Autre";0,000687635
2021-12;"Centre-Val de Loire";"Autre";0,00079257500000001
2022-01;"Centre-Val de Loire";"Autre";0,000244081021
2022-02;"Centre-Val de Loire";"Autre";0,000222647012
2022-03;"Centre-Val de Loire";"Autre";0,000261394427
2022-04;"Centre-Val de Loire";"Autre";0,000232240992
2022-05;"Centre-Val de Loire";"Autre";0,000239875
2022-06;"Centre-Val de Loire";"Autre";0,000232306003
2022-07;"Centre-Val de Loire";"Autre";0,000239850997
2022-08;"Centre-Val de Loire";"Autre";0,000240435001
2022-09;"Centre-Val de Loire";"Autre";0,000233113999
2022-10;"Centre-Val de Loire";"Autre";0,00023295101799999
2022-11;"Centre-Val de Loire";"Autre";0,000259190835
2022-12;"Centre-Val de Loire";"Autre";0,00026305633800001
2023-01;"Centre-Val de Loire";"Autre";0,00026138717099999
2023-02;"Centre-Val de Loire";"Autre";0,000259105514
2023-03;"Centre-Val de Loire";"Autre";0,000263772332
2023-04;"Centre-Val de Loire";"Autre";0,00023216799999998
2023-05;"Centre-Val de Loire";"Autre";0,00023255300299999
2023-06;"Centre-Val de Loire";"Autre";0,000233116001
2023-07;"Centre-Val de Loire";"Autre";0,00023306400399999
2023-08;"Centre-Val de Loire";"Autre";0,000232697002
2023-09;"Centre-Val de Loire";"Autre";0,000232573004
2023-10;"Centre-Val de Loire";"Autre";0,000232026136
2023-11;"Centre-Val de Loire";"Autre";0,00025669075
2023-12;"Centre-Val de Loire";"Autre";0,00026355333599998
2024-01;"Centre-Val de Loire";"Autre";0,00026151274899999
2024-02;"Centre-Val de Loire";"Autre";0,000262193157
2024-03;"Centre-Val de Loire";"Autre";0,000259712837
2024-04;"Centre-Val de Loire";"Autre";0,00023181000000001
2024-05;"Centre-Val de Loire";"Autre";0,00023181000200001
2024-06;"Centre-Val de Loire";"Autre";0,00023180999999999
2024-07;"Centre-Val de Loire";"Autre";0,00023181000199999
2024-08;"Centre-Val de Loire";"Autre";0,00023181000200001
2024-09;"Centre-Val de Loire";"Autre";0,00023182082399999
2024-10;"Centre-Val de Loire";"Autre";0,000232430673
2024-11;"Centre-Val de Loire";"Autre";0,000263417248
2024-12;"Centre-Val de Loire";"Autre";0,00026280074199999
2025-01;"Centre-Val de Loire";"Autre";0,000266653243
2025-02;"Centre-Val de Loire";"Autre";0,00026406995
2025-03;"Centre-Val de Loire";"Autre";0,000261047165
2025-04;"Centre-Val de Loire";"Autre";0,000233398783
2025-05;"Centre-Val de Loire";"Autre";0,000232776819
2025-06;"Centre-Val de Loire";"Autre";0,000233113571
2025-07;"Centre-Val de Loire";"Autre";0,000232949657
2025-08;"Centre-Val de Loire";"Autre";0,000232889065
2025-09;"Centre-Val de Loire";"Autre";0,00023205399
2025-10;"Centre-Val de Loire";"Autre";0,000232346811
2025-11;"Centre-Val de Loire";"Autre";0,000263000668
2014-01;"Centre-Val de Loire";"Production décarbonée";8,2856515685
2014-02;"Centre-Val de Loire";"Production décarbonée";7,288183073
2014-03;"Centre-Val de Loire";"Production décarbonée";7,3329386915
2014-04;"Centre-Val de Loire";"Production décarbonée";6,541685862
2014-05;"Centre-Val de Loire";"Production décarbonée";6,393338209
2014-06;"Centre-Val de Loire";"Production décarbonée";6,023502558
2014-07;"Centre-Val de Loire";"Production décarbonée";6,2946490925
2014-08;"Centre-Val de Loire";"Production décarbonée";5,3200011545
2014-09;"Centre-Val de Loire";"Production décarbonée";4,8649961025
2014-10;"Centre-Val de Loire";"Production décarbonée";5,7791877295
2014-11;"Centre-Val de Loire";"Production décarbonée";7,318060097
2014-12;"Centre-Val de Loire";"Production décarbonée";8,67690804
2015-01;"Centre-Val de Loire";"Production décarbonée";8,7200691165
2015-02;"Centre-Val de Loire";"Production décarbonée";7,9247296085
2015-03;"Centre-Val de Loire";"Production décarbonée";8,3380595105
2015-04;"Centre-Val de Loire";"Production décarbonée";6,2387361875
2015-05;"Centre-Val de Loire";"Production décarbonée";5,735482067
2015-06;"Centre-Val de Loire";"Production décarbonée";6,5075186195
2015-07;"Centre-Val de Loire";"Production décarbonée";5,719392845
2015-08;"Centre-Val de Loire";"Production décarbonée";5,876890556
2015-09;"Centre-Val de Loire";"Production décarbonée";6,801577842
2015-10;"Centre-Val de Loire";"Production décarbonée";5,8395625465
2015-11;"Centre-Val de Loire";"Production décarbonée";6,0275717405
2015-12;"Centre-Val de Loire";"Production décarbonée";8,1349271205
2016-01;"Centre-Val de Loire";"Production décarbonée";8,7707656965
2016-02;"Centre-Val de Loire";"Production décarbonée";8,1475151995
2016-03;"Centre-Val de Loire";"Production décarbonée";7,7945683185
2016-04;"Centre-Val de Loire";"Production décarbonée";6,1353502955
2016-05;"Centre-Val de Loire";"Production décarbonée";5,9627797635
2016-06;"Centre-Val de Loire";"Production décarbonée";5,543873864
2016-07;"Centre-Val de Loire";"Production décarbonée";4,5853711445
2016-08;"Centre-Val de Loire";"Production décarbonée";5,108898561
2016-09;"Centre-Val de Loire";"Production décarbonée";4,9621111995
2016-10;"Centre-Val de Loire";"Production décarbonée";6,2139494895
2016-11;"Centre-Val de Loire";"Production décarbonée";6,660678276
2016-12;"Centre-Val de Loire";"Production décarbonée";8,3603007215
2017-01;"Centre-Val de Loire";"Production décarbonée";8,7462941855
2017-02;"Centre-Val de Loire";"Production décarbonée";7,887596287
2017-03;"Centre-Val de Loire";"Production décarbonée";8,5881006615
2017-04;"Centre-Val de Loire";"Production décarbonée";7,9746056345
2017-05;"Centre-Val de Loire";"Production décarbonée";6,6170670405
2017-06;"Centre-Val de Loire";"Production décarbonée";5,1881954175
2017-07;"Centre-Val de Loire";"Production décarbonée";4,8581880845
2017-08;"Centre-Val de Loire";"Production décarbonée";5,3932078895
2017-09;"Centre-Val de Loire";"Production décarbonée";4,59740673
2017-10;"Centre-Val de Loire";"Production décarbonée";4,6789566215
2017-11;"Centre-Val de Loire";"Production décarbonée";5,6803003445
2017-12;"Centre-Val de Loire";"Production décarbonée";7,234414516
2018-01;"Centre-Val de Loire";"Production décarbonée";7,74093178
2018-02;"Centre-Val de Loire";"Production décarbonée";7,121752704
2018-03;"Centre-Val de Loire";"Production décarbonée";7,496384
2018-04;"Centre-Val de Loire";"Production décarbonée";6,4134804085
2018-05;"Centre-Val de Loire";"Production décarbonée";6,966649994
2018-06;"Centre-Val de Loire";"Production décarbonée";5,881606834
2018-07;"Centre-Val de Loire";"Production décarbonée";6,342742147
2018-08;"Centre-Val de Loire";"Production décarbonée";6,206644928
2018-09;"Centre-Val de Loire";"Production décarbonée";5,797713706
2018-10;"Centre-Val de Loire";"Production décarbonée";5,465591581
2018-11;"Centre-Val de Loire";"Production décarbonée";4,8181121525
2018-12;"Centre-Val de Loire";"Production décarbonée";7,183748288
2019-01;"Centre-Val de Loire";"Production décarbonée";7,9399485685
2019-02;"Centre-Val de Loire";"Production décarbonée";7,920653425
2019-03;"Centre-Val de Loire";"Production décarbonée";7,620909601
2019-04;"Centre-Val de Loire";"Production décarbonée";6,8053129025
2019-05;"Centre-Val de Loire";"Production décarbonée";6,613324773
2019-06;"Centre-Val de Loire";"Production décarbonée";5,7284500015
2019-07;"Centre-Val de Loire";"Production décarbonée";5,397147042
2019-08;"Centre-Val de Loire";"Production décarbonée";5,675147233
2019-09;"Centre-Val de Loire";"Production décarbonée";5,2539268935
2019-10;"Centre-Val de Loire";"Production décarbonée";5,067475942
2019-11;"Centre-Val de Loire";"Production décarbonée";5,3722502705
2019-12;"Centre-Val de Loire";"Production décarbonée";5,660000129
2020-01;"Centre-Val de Loire";"Production décarbonée";7,348777199
2020-02;"Centre-Val de Loire";"Production décarbonée";7,053589343
2020-03;"Centre-Val de Loire";"Production décarbonée";7,4021552695
2020-04;"Centre-Val de Loire";"Production décarbonée";6,5119974
2020-05;"Centre-Val de Loire";"Production décarbonée";6,244488641
2020-06;"Centre-Val de Loire";"Production décarbonée";3,7616252935
2020-07;"Centre-Val de Loire";"Production décarbonée";4,1223334605
2020-08;"Centre-Val de Loire";"Production décarbonée";4,273955929
2020-09;"Centre-Val de Loire";"Production décarbonée";4,376646083
2020-10;"Centre-Val de Loire";"Production décarbonée";5,173975892
2020-11;"Centre-Val de Loire";"Production décarbonée";6,390858535655
2020-12;"Centre-Val de Loire";"Production décarbonée";7,165438861561
2021-01;"Centre-Val de Loire";"Production décarbonée";7,832771622002
2021-02;"Centre-Val de Loire";"Production décarbonée";7,010361401001
2021-03;"Centre-Val de Loire";"Production décarbonée";6,7276315435
2021-04;"Centre-Val de Loire";"Production décarbonée";6,358471349836
2021-05;"Centre-Val de Loire";"Production décarbonée";4,952862888332
2021-06;"Centre-Val de Loire";"Production décarbonée";5,034786897498
2021-07;"Centre-Val de Loire";"Production décarbonée";5,063993746666
2021-08;"Centre-Val de Loire";"Production décarbonée";5,730268501833
2021-09;"Centre-Val de Loire";"Production décarbonée";6,176220141668
2021-10;"Centre-Val de Loire";"Production décarbonée";5,671613283166
2021-11;"Centre-Val de Loire";"Production décarbonée";5,7142348615
2021-12;"Centre-Val de Loire";"Production décarbonée";6,473640810169
2022-01;"Centre-Val de Loire";"Production décarbonée";7,920541159135
2022-02;"Centre-Val de Loire";"Production décarbonée";7,228652690552
2022-03;"Centre-Val de Loire";"Production décarbonée";5,755074553836
2022-04;"Centre-Val de Loire";"Production décarbonée";4,7303830488005
2022-05;"Centre-Val de Loire";"Production décarbonée";4,404642378409
2022-06;"Centre-Val de Loire";"Production décarbonée";5,064533639394
2022-07;"Centre-Val de Loire";"Production décarbonée";5,1845260218705
2022-08;"Centre-Val de Loire";"Production décarbonée";4,9934052489815
2022-09;"Centre-Val de Loire";"Production décarbonée";4,443860882633
2022-10;"Centre-Val de Loire";"Production décarbonée";4,7941597483105
2022-11;"Centre-Val de Loire";"Production décarbonée";5,2102712412425
2022-12;"Centre-Val de Loire";"Production décarbonée";7,464662814047
2023-01;"Centre-Val de Loire";"Production décarbonée";8,0372730684135
2023-02;"Centre-Val de Loire";"Production décarbonée";6,461996002226
2023-03;"Centre-Val de Loire";"Production décarbonée";5,952074356869
2023-04;"Centre-Val de Loire";"Production décarbonée";5,8541019179735
2023-05;"Centre-Val de Loire";"Production décarbonée";5,6622398465905
2023-06;"Centre-Val de Loire";"Production décarbonée";4,234089987259
2023-07;"Centre-Val de Loire";"Production décarbonée";4,007460264921
2023-08;"Centre-Val de Loire";"Production décarbonée";3,2230211011395
2023-09;"Centre-Val de Loire";"Production décarbonée";4,1229701791805
2023-10;"Centre-Val de Loire";"Production décarbonée";4,6643153002125
2023-11;"Centre-Val de Loire";"Production décarbonée";5,1214638820465
2023-12;"Centre-Val de Loire";"Production décarbonée";4,731876642542
2024-01;"Centre-Val de Loire";"Production décarbonée";6,3441497662195
2024-02;"Centre-Val de Loire";"Production décarbonée";5,376620838648
2024-03;"Centre-Val de Loire";"Production décarbonée";5,915543160807
2024-04;"Centre-Val de Loire";"Production décarbonée";5,77862894033
2024-05;"Centre-Val de Loire";"Production décarbonée";6,155759703923
2024-06;"Centre-Val de Loire";"Production décarbonée";6,800421901433
2024-07;"Centre-Val de Loire";"Production décarbonée";6,632369973268
2024-08;"Centre-Val de Loire";"Production décarbonée";5,8583792261955
2024-09;"Centre-Val de Loire";"Production décarbonée";5,43983736716
2024-10;"Centre-Val de Loire";"Production décarbonée";6,0389171987755
2024-11;"Centre-Val de Loire";"Production décarbonée";6,8527461138845
2024-12;"Centre-Val de Loire";"Production décarbonée";8,365749409012
2025-01;"Centre-Val de Loire";"Production décarbonée";8,940287331762
2025-02;"Centre-Val de Loire";"Production décarbonée";6,564277598558
2025-03;"Centre-Val de Loire";"Production décarbonée";6,722803791081
2025-04;"Centre-Val de Loire";"Production décarbonée";5,4953235306655
2025-05;"Centre-Val de Loire";"Production décarbonée";5,290305240766
2025-06;"Centre-Val de Loire";"Production décarbonée";5,8296436001455
2025-07;"Centre-Val de Loire";"Production décarbonée";5,2534020514455
2025-08;"Centre-Val de Loire";"Production décarbonée";5,965365947009
2025-09;"Centre-Val de Loire";"Production décarbonée";5,560007457302
2025-10;"Centre-Val de Loire";"Production décarbonée";5,4882162168605
2025-11;"Centre-Val de Loire";"Production décarbonée";6,1174552885445
2014-01;"Bourgogne-Franche-Comté";"Thermique renouvelable et déchets";0,0087626465
2014-02;"Bourgogne-Franche-Comté";"Thermique renouvelable et déchets";0,0080577335
2014-03;"Bourgogne-Franche-Comté";"Thermique renouvelable et déchets";0,0097933155
2014-04;"Bourgogne-Franche-Comté";"Thermique renouvelable et déchets";0,007919744
2014-05;"Bourgogne-Franche-Comté";"Thermique renouvelable et déchets";0,0093160875
2014-06;"Bourgogne-Franche-Comté";"Thermique renouvelable et déchets";0,0071008615
2014-07;"Bourgogne-Franche-Comté";"Thermique renouvelable et déchets";0,009896415
2014-08;"Bourgogne-Franche-Comté";"Thermique renouvelable et déchets";0,0096190425
2014-09;"Bourgogne-Franche-Comté";"Thermique renouvelable et déchets";0,010149507
2014-10;"Bourgogne-Franche-Comté";"Thermique renouvelable et déchets";0,0091737145
2014-11;"Bourgogne-Franche-Comté";"Thermique renouvelable et déchets";0,010080132
2014-12;"Bourgogne-Franche-Comté";"Thermique renouvelable et déchets";0,01016401
2015-01;"Bourgogne-Franche-Comté";"Thermique renouvelable et déchets";0,011123213
2015-02;"Bourgogne-Franche-Comté";"Thermique renouvelable et déchets";0,0095056705
2015-03;"Bourgogne-Franche-Comté";"Thermique renouvelable et déchets";0,0112937825
2015-04;"Bourgogne-Franche-Comté";"Thermique renouvelable et déchets";0,0082550705
2015-05;"Bourgogne-Franche-Comté";"Thermique renouvelable et déchets";0,0110896395
2015-06;"Bourgogne-Franche-Comté";"Thermique renouvelable et déchets";0,0094741
2015-07;"Bourgogne-Franche-Comté";"Thermique renouvelable et déchets";0,0103764155
2015-08;"Bourgogne-Franche-Comté";"Thermique renouvelable et déchets";0,01060284
2015-09;"Bourgogne-Franche-Comté";"Thermique renouvelable et déchets";0,0098538685
2015-10;"Bourgogne-Franche-Comté";"Thermique renouvelable et déchets";0,0086901675
2015-11;"Bourgogne-Franche-Comté";"Thermique renouvelable et déchets";0,010768846
2015-12;"Bourgogne-Franche-Comté";"Thermique renouvelable et déchets";0,0114149835
2016-01;"Bourgogne-Franche-Comté";"Thermique renouvelable et déchets";0,0104226325
2016-02;"Bourgogne-Franche-Comté";"Thermique renouvelable et déchets";0,0097317465
2016-03;"Bourgogne-Franche-Comté";"Thermique renouvelable et déchets";0,011310059
2016-04;"Bourgogne-Franche-Comté";"Thermique renouvelable et déchets";0,010526351
2016-05;"Bourgogne-Franche-Comté";"Thermique renouvelable et déchets";0,009737627
2016-06;"Bourgogne-Franche-Comté";"Thermique renouvelable et déchets";0,0098364285
2016-07;"Bourgogne-Franche-Comté";"Thermique renouvelable et déchets";0,011759444
2016-08;"Bourgogne-Franche-Comté";"Thermique renouvelable et déchets";0,0119838065
2016-09;"Bourgogne-Franche-Comté";"Thermique renouvelable et déchets";0,010004333
2016-10;"Bourgogne-Franche-Comté";"Thermique renouvelable et déchets";0,008832296
2016-11;"Bourgogne-Franche-Comté";"Thermique renouvelable et déchets";0,0098735065
2016-12;"Bourgogne-Franche-Comté";"Thermique renouvelable et déchets";0,010239023
2017-01;"Bourgogne-Franche-Comté";"Thermique renouvelable et déchets";0,011277103
2017-02;"Bourgogne-Franche-Comté";"Thermique renouvelable et déchets";0,0105833845
2017-03;"Bourgogne-Franche-Comté";"Thermique renouvelable et déchets";0,01190034
2017-04;"Bourgogne-Franche-Comté";"Thermique renouvelable et déchets";0,011782617
2017-05;"Bourgogne-Franche-Comté";"Thermique renouvelable et déchets";0,0100252645
2017-06;"Bourgogne-Franche-Comté";"Thermique renouvelable et déchets";0,011254828
2017-07;"Bourgogne-Franche-Comté";"Thermique renouvelable et déchets";0,0110419995
2017-08;"Bourgogne-Franche-Comté";"Thermique renouvelable et déchets";0,01087871
2017-09;"Bourgogne-Franche-Comté";"Thermique renouvelable et déchets";0,0116583195
2017-10;"Bourgogne-Franche-Comté";"Thermique renouvelable et déchets";0,0098765075
2017-11;"Bourgogne-Franche-Comté";"Thermique renouvelable et déchets";0,011966588
2017-12;"Bourgogne-Franche-Comté";"Thermique renouvelable et déchets";0,01270834
2018-01;"Bourgogne-Franche-Comté";"Thermique renouvelable et déchets";0,014113762
2018-02;"Bourgogne-Franche-Comté";"Thermique renouvelable et déchets";0,012658286
2018-03;"Bourgogne-Franche-Comté";"Thermique renouvelable et déchets";0,014427089
2018-04;"Bourgogne-Franche-Comté";"Thermique renouvelable et déchets";0,0141006965
2018-05;"Bourgogne-Franche-Comté";"Thermique renouvelable et déchets";0,0139671585
2018-06;"Bourgogne-Franche-Comté";"Thermique renouvelable et déchets";0,0153252215
2018-07;"Bourgogne-Franche-Comté";"Thermique renouvelable et déchets";0,0157663895
2018-08;"Bourgogne-Franche-Comté";"Thermique renouvelable et déchets";0,0155285955
2018-09;"Bourgogne-Franche-Comté";"Thermique renouvelable et déchets";0,017742166668
2018-10;"Bourgogne-Franche-Comté";"Thermique renouvelable et déchets";0,024623607
2018-11;"Bourgogne-Franche-Comté";"Thermique renouvelable et déchets";0,025428929835
2018-12;"Bourgogne-Franche-Comté";"Thermique renouvelable et déchets";0,021097881
2019-01;"Bourgogne-Franche-Comté";"Thermique renouvelable et déchets";0,0161198605
2019-02;"Bourgogne-Franche-Comté";"Thermique renouvelable et déchets";0,024853694167
2019-03;"Bourgogne-Franche-Comté";"Thermique renouvelable et déchets";0,029400228669
2019-04;"Bourgogne-Franche-Comté";"Thermique renouvelable et déchets";0,028790572335
2019-05;"Bourgogne-Franche-Comté";"Thermique renouvelable et déchets";0,021119141332
2019-06;"Bourgogne-Franche-Comté";"Thermique renouvelable et déchets";0,01556773
2019-07;"Bourgogne-Franche-Comté";"Thermique renouvelable et déchets";0,015414789
2019-08;"Bourgogne-Franche-Comté";"Thermique renouvelable et déchets";0,0141126175
2019-09;"Bourgogne-Franche-Comté";"Thermique renouvelable et déchets";0,013424274
2019-10;"Bourgogne-Franche-Comté";"Thermique renouvelable et déchets";0,0145019455
2019-11;"Bourgogne-Franche-Comté";"Thermique renouvelable et déchets";0,014477044
2019-12;"Bourgogne-Franche-Comté";"Thermique renouvelable et déchets";0,020150997833
2020-01;"Bourgogne-Franche-Comté";"Thermique renouvelable et déchets";0,027314791498
2020-02;"Bourgogne-Franche-Comté";"Thermique renouvelable et déchets";0,028717089165
2020-03;"Bourgogne-Franche-Comté";"Thermique renouvelable et déchets";0,027897825
2020-04;"Bourgogne-Franche-Comté";"Thermique renouvelable et déchets";0,028304057333
2020-05;"Bourgogne-Franche-Comté";"Thermique renouvelable et déchets";0,029277323498
2020-06;"Bourgogne-Franche-Comté";"Thermique renouvelable et déchets";0,026808783831
2020-07;"Bourgogne-Franche-Comté";"Thermique renouvelable et déchets";0,031741864666
2020-08;"Bourgogne-Franche-Comté";"Thermique renouvelable et déchets";0,016981313333
2020-09;"Bourgogne-Franche-Comté";"Thermique renouvelable et déchets";0,016057301
2020-10;"Bourgogne-Franche-Comté";"Thermique renouvelable et déchets";0,020856889501
2020-11;"Bourgogne-Franche-Comté";"Thermique renouvelable et déchets";0,028051846334
2020-12;"Bourgogne-Franche-Comté";"Thermique renouvelable et déchets";0,024734874
2021-01;"Bourgogne-Franche-Comté";"Thermique renouvelable et déchets";0,028228982668
2021-02;"Bourgogne-Franche-Comté";"Thermique renouvelable et déchets";0,027260433833
2021-03;"Bourgogne-Franche-Comté";"Thermique renouvelable et déchets";0,025263273166
2021-04;"Bourgogne-Franche-Comté";"Thermique renouvelable et déchets";0,027922719002
2021-05;"Bourgogne-Franche-Comté";"Thermique renouvelable et déchets";0,028202273
2021-06;"Bourgogne-Franche-Comté";"Thermique renouvelable et déchets";0,026513010501
2021-07;"Bourgogne-Franche-Comté";"Thermique renouvelable et déchets";0,031221882165
2021-08;"Bourgogne-Franche-Comté";"Thermique renouvelable et déchets";0,022756129499
2021-09;"Bourgogne-Franche-Comté";"Thermique renouvelable et déchets";0,022951337999
2021-10;"Bourgogne-Franche-Comté";"Thermique renouvelable et déchets";0,03084456717
2021-11;"Bourgogne-Franche-Comté";"Thermique renouvelable et déchets";0,031417196835
2021-12;"Bourgogne-Franche-Comté";"Thermique renouvelable et déchets";0,0314203715
2022-01;"Bourgogne-Franche-Comté";"Thermique renouvelable et déchets";0,0323819019815
2022-02;"Bourgogne-Franche-Comté";"Thermique renouvelable et déchets";0,030649450631
2022-03;"Bourgogne-Franche-Comté";"Thermique renouvelable et déchets";0,0335328426285
2022-04;"Bourgogne-Franche-Comté";"Thermique renouvelable et déchets";0,0318365075355
2022-05;"Bourgogne-Franche-Comté";"Thermique renouvelable et déchets";0,03076578418
2022-06;"Bourgogne-Franche-Comté";"Thermique renouvelable et déchets";0,0320325041535
2022-07;"Bourgogne-Franche-Comté";"Thermique renouvelable et déchets";0,033147874351
2022-08;"Bourgogne-Franche-Comté";"Thermique renouvelable et déchets";0,031675635421
2022-09;"Bourgogne-Franche-Comté";"Thermique renouvelable et déchets";0,028064193844
2022-10;"Bourgogne-Franche-Comté";"Thermique renouvelable et déchets";0,031933502503
2022-11;"Bourgogne-Franche-Comté";"Thermique renouvelable et déchets";0,0323556008945
2022-12;"Bourgogne-Franche-Comté";"Thermique renouvelable et déchets";0,032900853973
2023-01;"Bourgogne-Franche-Comté";"Thermique renouvelable et déchets";0,031245603458
2023-02;"Bourgogne-Franche-Comté";"Thermique renouvelable et déchets";0,0291083434925
2023-03;"Bourgogne-Franche-Comté";"Thermique renouvelable et déchets";0,0322548979005
2023-04;"Bourgogne-Franche-Comté";"Thermique renouvelable et déchets";0,031753550747
2023-05;"Bourgogne-Franche-Comté";"Thermique renouvelable et déchets";0,03250444883
2023-06;"Bourgogne-Franche-Comté";"Thermique renouvelable et déchets";0,0304093439145
2023-07;"Bourgogne-Franche-Comté";"Thermique renouvelable et déchets";0,032262498228
2023-08;"Bourgogne-Franche-Comté";"Thermique renouvelable et déchets";0,032154940383
2023-09;"Bourgogne-Franche-Comté";"Thermique renouvelable et déchets";0,025256336062
2023-10;"Bourgogne-Franche-Comté";"Thermique renouvelable et déchets";0,03027798021
2023-11;"Bourgogne-Franche-Comté";"Thermique renouvelable et déchets";0,0306609447445
2023-12;"Bourgogne-Franche-Comté";"Thermique renouvelable et déchets";0,032419148749
2024-01;"Bourgogne-Franche-Comté";"Thermique renouvelable et déchets";0,033095613664
2024-02;"Bourgogne-Franche-Comté";"Thermique renouvelable et déchets";0,0298356625795
2024-03;"Bourgogne-Franche-Comté";"Thermique renouvelable et déchets";0,031833267898
2024-04;"Bourgogne-Franche-Comté";"Thermique renouvelable et déchets";0,029105224218
2024-05;"Bourgogne-Franche-Comté";"Thermique renouvelable et déchets";0,030245032912
2024-06;"Bourgogne-Franche-Comté";"Thermique renouvelable et déchets";0,026705591828
2024-07;"Bourgogne-Franche-Comté";"Thermique renouvelable et déchets";0,029378365865
2024-08;"Bourgogne-Franche-Comté";"Thermique renouvelable et déchets";0,0292331776805
2024-09;"Bourgogne-Franche-Comté";"Thermique renouvelable et déchets";0,022898750891
2024-10;"Bourgogne-Franche-Comté";"Thermique renouvelable et déchets";0,0305965384125
2024-11;"Bourgogne-Franche-Comté";"Thermique renouvelable et déchets";0,0303039041385
2024-12;"Bourgogne-Franche-Comté";"Thermique renouvelable et déchets";0,031251594198
2025-01;"Bourgogne-Franche-Comté";"Thermique renouvelable et déchets";0,030075892962
2025-02;"Bourgogne-Franche-Comté";"Thermique renouvelable et déchets";0,025819274468
2025-03;"Bourgogne-Franche-Comté";"Thermique renouvelable et déchets";0,03222386005
2025-04;"Bourgogne-Franche-Comté";"Thermique renouvelable et déchets";0,0311054687905
2025-05;"Bourgogne-Franche-Comté";"Thermique renouvelable et déchets";0,031119003648
2025-06;"Bourgogne-Franche-Comté";"Thermique renouvelable et déchets";0,029054284248
2025-07;"Bourgogne-Franche-Comté";"Thermique renouvelable et déchets";0,0291310190285
2025-08;"Bourgogne-Franche-Comté";"Thermique renouvelable et déchets";0,031330594898
2025-09;"Bourgogne-Franche-Comté";"Thermique renouvelable et déchets";0,029234042818
2025-10;"Bourgogne-Franche-Comté";"Thermique renouvelable et déchets";0,030607001689
2025-11;"Bourgogne-Franche-Comté";"Thermique renouvelable et déchets";0,0278639030485
2014-01;"Bourgogne-Franche-Comté";"Éolien";0,038413979
2014-02;"Bourgogne-Franche-Comté";"Éolien";0,051005441
2014-03;"Bourgogne-Franche-Comté";"Éolien";0,025048575
2014-04;"Bourgogne-Franche-Comté";"Éolien";0,019241375
2014-05;"Bourgogne-Franche-Comté";"Éolien";0,033094845
2014-06;"Bourgogne-Franche-Comté";"Éolien";0,025792747
2014-07;"Bourgogne-Franche-Comté";"Éolien";0,020974989
2014-08;"Bourgogne-Franche-Comté";"Éolien";0,021341756
2014-09;"Bourgogne-Franche-Comté";"Éolien";0,019916771
2014-10;"Bourgogne-Franche-Comté";"Éolien";0,027768397
2014-11;"Bourgogne-Franche-Comté";"Éolien";0,036374573
2014-12;"Bourgogne-Franche-Comté";"Éolien";0,055498379
2015-01;"Bourgogne-Franche-Comté";"Éolien";0,075609008
2015-02;"Bourgogne-Franche-Comté";"Éolien";0,061487549
2015-03;"Bourgogne-Franche-Comté";"Éolien";0,053957033
2015-04;"Bourgogne-Franche-Comté";"Éolien";0,050245378
2015-05;"Bourgogne-Franche-Comté";"Éolien";0,051522072
2015-06;"Bourgogne-Franche-Comté";"Éolien";0,034702731
2015-07;"Bourgogne-Franche-Comté";"Éolien";0,042881086
2015-08;"Bourgogne-Franche-Comté";"Éolien";0,038104154
2015-09;"Bourgogne-Franche-Comté";"Éolien";0,06406066
2015-10;"Bourgogne-Franche-Comté";"Éolien";0,045532717
2015-11;"Bourgogne-Franche-Comté";"Éolien";0,089852593
2015-12;"Bourgogne-Franche-Comté";"Éolien";0,08744938
2016-01;"Bourgogne-Franche-Comté";"Éolien";0,104167853
2016-02;"Bourgogne-Franche-Comté";"Éolien";0,111046602
2016-03;"Bourgogne-Franche-Comté";"Éolien";0,091299533
2016-04;"Bourgogne-Franche-Comté";"Éolien";0,052252755
2016-05;"Bourgogne-Franche-Comté";"Éolien";0,062179448
2016-06;"Bourgogne-Franche-Comté";"Éolien";0,036942782
2016-07;"Bourgogne-Franche-Comté";"Éolien";0,028512866
2016-08;"Bourgogne-Franche-Comté";"Éolien";0,032583135
2016-09;"Bourgogne-Franche-Comté";"Éolien";0,036607537
2016-10;"Bourgogne-Franche-Comté";"Éolien";0,065873746
2016-11;"Bourgogne-Franche-Comté";"Éolien";0,09346206
2016-12;"Bourgogne-Franche-Comté";"Éolien";0,064421392
2017-01;"Bourgogne-Franche-Comté";"Éolien";0,092084224
2017-02;"Bourgogne-Franche-Comté";"Éolien";0,107567798
2017-03;"Bourgogne-Franche-Comté";"Éolien";0,118382068
2017-04;"Bourgogne-Franche-Comté";"Éolien";0,065618963
2017-05;"Bourgogne-Franche-Comté";"Éolien";0,074820817
2017-06;"Bourgogne-Franche-Comté";"Éolien";0,070683326
2017-07;"Bourgogne-Franche-Comté";"Éolien";0,072603387
2017-08;"Bourgogne-Franche-Comté";"Éolien";0,051723121
2017-09;"Bourgogne-Franche-Comté";"Éolien";0,071798081
2017-10;"Bourgogne-Franche-Comté";"Éolien";0,090711006
2017-11;"Bourgogne-Franche-Comté";"Éolien";0,125468147
2017-12;"Bourgogne-Franche-Comté";"Éolien";0,160158102
2018-01;"Bourgogne-Franche-Comté";"Éolien";0,199661087
2018-02;"Bourgogne-Franche-Comté";"Éolien";0,113829672
2018-03;"Bourgogne-Franche-Comté";"Éolien";0,143408937
2018-04;"Bourgogne-Franche-Comté";"Éolien";0,114009639
2018-05;"Bourgogne-Franche-Comté";"Éolien";0,068518474
2018-06;"Bourgogne-Franche-Comté";"Éolien";0,066352338
2018-07;"Bourgogne-Franche-Comté";"Éolien";0,047499682
2018-08;"Bourgogne-Franche-Comté";"Éolien";0,065070282
2018-09;"Bourgogne-Franche-Comté";"Éolien";0,072260671
2018-10;"Bourgogne-Franche-Comté";"Éolien";0,115002498
2018-11;"Bourgogne-Franche-Comté";"Éolien";0,121600675
2018-12;"Bourgogne-Franche-Comté";"Éolien";0,183620638
2019-01;"Bourgogne-Franche-Comté";"Éolien";0,123414027
2019-02;"Bourgogne-Franche-Comté";"Éolien";0,129586042
2019-03;"Bourgogne-Franche-Comté";"Éolien";0,236502379
2019-04;"Bourgogne-Franche-Comté";"Éolien";0,115465434
2019-05;"Bourgogne-Franche-Comté";"Éolien";0,122128887
2019-06;"Bourgogne-Franche-Comté";"Éolien";0,099129627
2019-07;"Bourgogne-Franche-Comté";"Éolien";0,093446611
2019-08;"Bourgogne-Franche-Comté";"Éolien";0,080977224
2019-09;"Bourgogne-Franche-Comté";"Éolien";0,135094351
2019-10;"Bourgogne-Franche-Comté";"Éolien";0,184647882
2019-11;"Bourgogne-Franche-Comté";"Éolien";0,187969614
2019-12;"Bourgogne-Franche-Comté";"Éolien";0,261315427
2020-01;"Bourgogne-Franche-Comté";"Éolien";0,208811086
2020-02;"Bourgogne-Franche-Comté";"Éolien";0,294497576
2020-03;"Bourgogne-Franche-Comté";"Éolien";0,215932577
2020-04;"Bourgogne-Franche-Comté";"Éolien";0,116557062
2020-05;"Bourgogne-Franche-Comté";"Éolien";0,140982367
2020-06;"Bourgogne-Franche-Comté";"Éolien";0,09477927
2020-07;"Bourgogne-Franche-Comté";"Éolien";0,086765846
2020-08;"Bourgogne-Franche-Comté";"Éolien";0,088370405
2020-09;"Bourgogne-Franche-Comté";"Éolien";0,108594024
2020-10;"Bourgogne-Franche-Comté";"Éolien";0,219020097
2020-11;"Bourgogne-Franche-Comté";"Éolien";0,149120134
2020-12;"Bourgogne-Franche-Comté";"Éolien";0,219875812833
2021-01;"Bourgogne-Franche-Comté";"Éolien";0,221399892165
2021-02;"Bourgogne-Franche-Comté";"Éolien";0,219715381167
2021-03;"Bourgogne-Franche-Comté";"Éolien";0,169175408001
2021-04;"Bourgogne-Franche-Comté";"Éolien";0,167584320002
2021-05;"Bourgogne-Franche-Comté";"Éolien";0,226975759667
2021-06;"Bourgogne-Franche-Comté";"Éolien";0,073505422004
2021-07;"Bourgogne-Franche-Comté";"Éolien";0,124570357163
2021-08;"Bourgogne-Franche-Comté";"Éolien";0,104679996171
2021-09;"Bourgogne-Franche-Comté";"Éolien";0,086453251167
2021-10;"Bourgogne-Franche-Comté";"Éolien";0,170506649831
2021-11;"Bourgogne-Franche-Comté";"Éolien";0,133455391003
2021-12;"Bourgogne-Franche-Comté";"Éolien";0,233877099997
2022-01;"Bourgogne-Franche-Comté";"Éolien";0,168347128991
2022-02;"Bourgogne-Franche-Comté";"Éolien";0,257215031499
2022-03;"Bourgogne-Franche-Comté";"Éolien";0,166603627073
2022-04;"Bourgogne-Franche-Comté";"Éolien";0,173670215946
2022-05;"Bourgogne-Franche-Comté";"Éolien";0,119743345472
2022-06;"Bourgogne-Franche-Comté";"Éolien";0,095742917626
2022-07;"Bourgogne-Franche-Comté";"Éolien";0,111638269897
2022-08;"Bourgogne-Franche-Comté";"Éolien";0,120803083438
2022-09;"Bourgogne-Franche-Comté";"Éolien";0,118845277953
2022-10;"Bourgogne-Franche-Comté";"Éolien";0,204365853176
2022-11;"Bourgogne-Franche-Comté";"Éolien";0,231413640449
2022-12;"Bourgogne-Franche-Comté";"Éolien";0,248760658646
2023-01;"Bourgogne-Franche-Comté";"Éolien";0,280614370094
2023-02;"Bourgogne-Franche-Comté";"Éolien";0,160228301526
2023-03;"Bourgogne-Franche-Comté";"Éolien";0,279299063837
2023-04;"Bourgogne-Franche-Comté";"Éolien";0,199800456289
2023-05;"Bourgogne-Franche-Comté";"Éolien";0,196919647458
2023-06;"Bourgogne-Franche-Comté";"Éolien";0,100951493388
2023-07;"Bourgogne-Franche-Comté";"Éolien";0,15696487811
2023-08;"Bourgogne-Franche-Comté";"Éolien";0,155071554047
2023-09;"Bourgogne-Franche-Comté";"Éolien";0,129195523415
2023-10;"Bourgogne-Franche-Comté";"Éolien";0,269029904199
2023-11;"Bourgogne-Franche-Comté";"Éolien";0,367257199437
2023-12;"Bourgogne-Franche-Comté";"Éolien";0,344242424514
2024-01;"Bourgogne-Franche-Comté";"Éolien";0,291472713691
2024-02;"Bourgogne-Franche-Comté";"Éolien";0,25300676235
2024-03;"Bourgogne-Franche-Comté";"Éolien";0,230710651072
2024-04;"Bourgogne-Franche-Comté";"Éolien";0,224880616632
2024-05;"Bourgogne-Franche-Comté";"Éolien";0,124279231954
2024-06;"Bourgogne-Franche-Comté";"Éolien";0,118929706734
2024-07;"Bourgogne-Franche-Comté";"Éolien";0,084322392838
2024-08;"Bourgogne-Franche-Comté";"Éolien";0,073970523559
2024-09;"Bourgogne-Franche-Comté";"Éolien";0,212627976022
2024-10;"Bourgogne-Franche-Comté";"Éolien";0,176869137353
2024-11;"Bourgogne-Franche-Comté";"Éolien";0,202760998653
2024-12;"Bourgogne-Franche-Comté";"Éolien";0,221967854682
2025-01;"Bourgogne-Franche-Comté";"Éolien";0,328947195271
2025-02;"Bourgogne-Franche-Comté";"Éolien";0,154365891509
2025-03;"Bourgogne-Franche-Comté";"Éolien";0,194295081814
2025-04;"Bourgogne-Franche-Comté";"Éolien";0,166648410929
2025-05;"Bourgogne-Franche-Comté";"Éolien";0,137370517846
2025-06;"Bourgogne-Franche-Comté";"Éolien";0,122077891041
2025-07;"Bourgogne-Franche-Comté";"Éolien";0,122366417757
2025-08;"Bourgogne-Franche-Comté";"Éolien";0,105361580679
2025-09;"Bourgogne-Franche-Comté";"Éolien";0,156882987412
2025-10;"Bourgogne-Franche-Comté";"Éolien";0,278533434946
2025-11;"Bourgogne-Franche-Comté";"Éolien";0,207297661078
2014-01;"Bourgogne-Franche-Comté";"Solaire";0,005513168
2014-02;"Bourgogne-Franche-Comté";"Solaire";0,00813148
2014-03;"Bourgogne-Franche-Comté";"Solaire";0,019011195
2014-04;"Bourgogne-Franche-Comté";"Solaire";0,020577037
2014-05;"Bourgogne-Franche-Comté";"Solaire";0,023329508
2014-06;"Bourgogne-Franche-Comté";"Solaire";0,027064971
2014-07;"Bourgogne-Franche-Comté";"Solaire";0,020284002
2014-08;"Bourgogne-Franche-Comté";"Solaire";0,021680478
2014-09;"Bourgogne-Franche-Comté";"Solaire";0,021964217
2014-10;"Bourgogne-Franche-Comté";"Solaire";0,013940088
2014-11;"Bourgogne-Franche-Comté";"Solaire";0,007690718
2014-12;"Bourgogne-Franche-Comté";"Solaire";0,003443755
2015-01;"Bourgogne-Franche-Comté";"Solaire";0,00492709
2015-02;"Bourgogne-Franche-Comté";"Solaire";0,010106593
2015-03;"Bourgogne-Franche-Comté";"Solaire";0,017638181
2015-04;"Bourgogne-Franche-Comté";"Solaire";0,024107487
2015-05;"Bourgogne-Franche-Comté";"Solaire";0,025254782
2015-06;"Bourgogne-Franche-Comté";"Solaire";0,028654517
2015-07;"Bourgogne-Franche-Comté";"Solaire";0,029515313
2015-08;"Bourgogne-Franche-Comté";"Solaire";0,026133879
2015-09;"Bourgogne-Franche-Comté";"Solaire";0,021679767
2015-10;"Bourgogne-Franche-Comté";"Solaire";0,013817745
2015-11;"Bourgogne-Franche-Comté";"Solaire";0,009067798
2015-12;"Bourgogne-Franche-Comté";"Solaire";0,008730708
2016-01;"Bourgogne-Franche-Comté";"Solaire";0,006303849
2016-02;"Bourgogne-Franche-Comté";"Solaire";0,007655487
2016-03;"Bourgogne-Franche-Comté";"Solaire";0,017365463
2016-04;"Bourgogne-Franche-Comté";"Solaire";0,019749049
2016-05;"Bourgogne-Franche-Comté";"Solaire";0,023468856
2016-06;"Bourgogne-Franche-Comté";"Solaire";0,023208813
2016-07;"Bourgogne-Franche-Comté";"Solaire";0,029774847
2016-08;"Bourgogne-Franche-Comté";"Solaire";0,02945553
2016-09;"Bourgogne-Franche-Comté";"Solaire";0,022408938
2016-10;"Bourgogne-Franche-Comté";"Solaire";0,021087693
2016-11;"Bourgogne-Franche-Comté";"Solaire";0,007206479
2016-12;"Bourgogne-Franche-Comté";"Solaire";0,007825505
2017-01;"Bourgogne-Franche-Comté";"Solaire";0,007218891
2017-02;"Bourgogne-Franche-Comté";"Solaire";0,010372096
2017-03;"Bourgogne-Franche-Comté";"Solaire";0,017892715
2017-04;"Bourgogne-Franche-Comté";"Solaire";0,02841976
2017-05;"Bourgogne-Franche-Comté";"Solaire";0,029972213
2017-06;"Bourgogne-Franche-Comté";"Solaire";0,032734
2017-07;"Bourgogne-Franche-Comté";"Solaire";0,028824049
2017-08;"Bourgogne-Franche-Comté";"Solaire";0,027986855
2017-09;"Bourgogne-Franche-Comté";"Solaire";0,021110642
2017-10;"Bourgogne-Franche-Comté";"Solaire";0,017784625
2017-11;"Bourgogne-Franche-Comté";"Solaire";0,008281668
2017-12;"Bourgogne-Franche-Comté";"Solaire";0,004523167
2018-01;"Bourgogne-Franche-Comté";"Solaire";0,004407705
2018-02;"Bourgogne-Franche-Comté";"Solaire";0,011542017
2018-03;"Bourgogne-Franche-Comté";"Solaire";0,017891338
2018-04;"Bourgogne-Franche-Comté";"Solaire";0,027833423
2018-05;"Bourgogne-Franche-Comté";"Solaire";0,03277195
2018-06;"Bourgogne-Franche-Comté";"Solaire";0,039173371
2018-07;"Bourgogne-Franche-Comté";"Solaire";0,041924118
2018-08;"Bourgogne-Franche-Comté";"Solaire";0,038577346
2018-09;"Bourgogne-Franche-Comté";"Solaire";0,034086962
2018-10;"Bourgogne-Franche-Comté";"Solaire";0,024358957
2018-11;"Bourgogne-Franche-Comté";"Solaire";0,013727677
2018-12;"Bourgogne-Franche-Comté";"Solaire";0,00537637
2019-01;"Bourgogne-Franche-Comté";"Solaire";0,009315739
2019-02;"Bourgogne-Franche-Comté";"Solaire";0,023140053
2019-03;"Bourgogne-Franche-Comté";"Solaire";0,032169813
2019-04;"Bourgogne-Franche-Comté";"Solaire";0,034859955
2019-05;"Bourgogne-Franche-Comté";"Solaire";0,042607594
2019-06;"Bourgogne-Franche-Comté";"Solaire";0,045036918
2019-07;"Bourgogne-Franche-Comté";"Solaire";0,050420918
2019-08;"Bourgogne-Franche-Comté";"Solaire";0,045654513
2019-09;"Bourgogne-Franche-Comté";"Solaire";0,039079924
2019-10;"Bourgogne-Franche-Comté";"Solaire";0,021346841
2019-11;"Bourgogne-Franche-Comté";"Solaire";0,013149636
2019-12;"Bourgogne-Franche-Comté";"Solaire";0,012945782
2020-01;"Bourgogne-Franche-Comté";"Solaire";0,014008688
2020-02;"Bourgogne-Franche-Comté";"Solaire";0,019779829
2020-03;"Bourgogne-Franche-Comté";"Solaire";0,0318579
2020-04;"Bourgogne-Franche-Comté";"Solaire";0,043236855
2020-05;"Bourgogne-Franche-Comté";"Solaire";0,047680692
2020-06;"Bourgogne-Franche-Comté";"Solaire";0,042783464
2020-07;"Bourgogne-Franche-Comté";"Solaire";0,05183548
2020-08;"Bourgogne-Franche-Comté";"Solaire";0,045376997
2020-09;"Bourgogne-Franche-Comté";"Solaire";0,039153617
2020-10;"Bourgogne-Franche-Comté";"Solaire";0,019645108
2020-11;"Bourgogne-Franche-Comté";"Solaire";0,02025861
2020-12;"Bourgogne-Franche-Comté";"Solaire";0,009356966
2021-01;"Bourgogne-Franche-Comté";"Solaire";0,008788573
2021-02;"Bourgogne-Franche-Comté";"Solaire";0,017376139
2021-03;"Bourgogne-Franche-Comté";"Solaire";0,032122352
2021-04;"Bourgogne-Franche-Comté";"Solaire";0,046804997
2021-05;"Bourgogne-Franche-Comté";"Solaire";0,043928986
2021-06;"Bourgogne-Franche-Comté";"Solaire";0,048210583
2021-07;"Bourgogne-Franche-Comté";"Solaire";0,048047528
2021-08;"Bourgogne-Franche-Comté";"Solaire";0,048705434
2021-09;"Bourgogne-Franche-Comté";"Solaire";0,049056865
2021-10;"Bourgogne-Franche-Comté";"Solaire";0,040687
2021-11;"Bourgogne-Franche-Comté";"Solaire";0,019183978
2021-12;"Bourgogne-Franche-Comté";"Solaire";0,012012512
2022-01;"Bourgogne-Franche-Comté";"Solaire";0,020001972946
2022-02;"Bourgogne-Franche-Comté";"Solaire";0,033374346847
2022-03;"Bourgogne-Franche-Comté";"Solaire";0,057524989887
2022-04;"Bourgogne-Franche-Comté";"Solaire";0,066457768069
2022-05;"Bourgogne-Franche-Comté";"Solaire";0,088592185419
2022-06;"Bourgogne-Franche-Comté";"Solaire";0,084017931728
2022-07;"Bourgogne-Franche-Comté";"Solaire";0,100374933778
2022-08;"Bourgogne-Franche-Comté";"Solaire";0,090088481188
2022-09;"Bourgogne-Franche-Comté";"Solaire";0,071293577555
2022-10;"Bourgogne-Franche-Comté";"Solaire";0,052511234166
2022-11;"Bourgogne-Franche-Comté";"Solaire";0,027002430506
2022-12;"Bourgogne-Franche-Comté";"Solaire";0,013792030691
2023-01;"Bourgogne-Franche-Comté";"Solaire";0,016175653556
2023-02;"Bourgogne-Franche-Comté";"Solaire";0,045438890284
2023-03;"Bourgogne-Franche-Comté";"Solaire";0,064272089382
2023-04;"Bourgogne-Franche-Comté";"Solaire";0,081704747015
2023-05;"Bourgogne-Franche-Comté";"Solaire";0,104706631891
2023-06;"Bourgogne-Franche-Comté";"Solaire";0,123269494009
2023-07;"Bourgogne-Franche-Comté";"Solaire";0,112511380031
2023-08;"Bourgogne-Franche-Comté";"Solaire";0,103256755722
2023-09;"Bourgogne-Franche-Comté";"Solaire";0,101926421039
2023-10;"Bourgogne-Franche-Comté";"Solaire";0,071185394859
2023-11;"Bourgogne-Franche-Comté";"Solaire";0,030287068966
2023-12;"Bourgogne-Franche-Comté";"Solaire";0,020719482595
2024-01;"Bourgogne-Franche-Comté";"Solaire";0,029841303772
2024-02;"Bourgogne-Franche-Comté";"Solaire";0,039540668133
2024-03;"Bourgogne-Franche-Comté";"Solaire";0,078954884659
2024-04;"Bourgogne-Franche-Comté";"Solaire";0,096841351201
2024-05;"Bourgogne-Franche-Comté";"Solaire";0,119242618446
2024-06;"Bourgogne-Franche-Comté";"Solaire";0,128812334138
2024-07;"Bourgogne-Franche-Comté";"Solaire";0,147744783696
2024-08;"Bourgogne-Franche-Comté";"Solaire";0,163940587879
2024-09;"Bourgogne-Franche-Comté";"Solaire";0,109318619309
2024-10;"Bourgogne-Franche-Comté";"Solaire";0,079982404598
2024-11;"Bourgogne-Franche-Comté";"Solaire";0,043358316773
2024-12;"Bourgogne-Franche-Comté";"Solaire";0,03113087161
2025-01;"Bourgogne-Franche-Comté";"Solaire";0,043464390054
2025-02;"Bourgogne-Franche-Comté";"Solaire";0,067764255972
2025-03;"Bourgogne-Franche-Comté";"Solaire";0,133536971601
2025-04;"Bourgogne-Franche-Comté";"Solaire";0,149446881866
2025-05;"Bourgogne-Franche-Comté";"Solaire";0,171088531266
2025-06;"Bourgogne-Franche-Comté";"Solaire";0,198683793948
2025-07;"Bourgogne-Franche-Comté";"Solaire";0,22270768033
2025-08;"Bourgogne-Franche-Comté";"Solaire";0,205480402348
2025-09;"Bourgogne-Franche-Comté";"Solaire";0,144038281001
2025-10;"Bourgogne-Franche-Comté";"Solaire";0,113683253083
2025-11;"Bourgogne-Franche-Comté";"Solaire";0,061676235775
2014-01;"Bourgogne-Franche-Comté";"Hydraulique";0,1348457085
2014-02;"Bourgogne-Franche-Comté";"Hydraulique";0,0845195405
2014-03;"Bourgogne-Franche-Comté";"Hydraulique";0,0812596469
2014-04;"Bourgogne-Franche-Comté";"Hydraulique";0,0318672982
2014-05;"Bourgogne-Franche-Comté";"Hydraulique";0,0461997766
2014-06;"Bourgogne-Franche-Comté";"Hydraulique";0,0182467025
2014-07;"Bourgogne-Franche-Comté";"Hydraulique";0,0850885597
2014-08;"Bourgogne-Franche-Comté";"Hydraulique";0,0735974662
2014-09;"Bourgogne-Franche-Comté";"Hydraulique";0,0664470701
2014-10;"Bourgogne-Franche-Comté";"Hydraulique";0,0402793651
2014-11;"Bourgogne-Franche-Comté";"Hydraulique";0,0558121634
2014-12;"Bourgogne-Franche-Comté";"Hydraulique";0,0703738116
2015-01;"Bourgogne-Franche-Comté";"Hydraulique";0,1221870546
2015-02;"Bourgogne-Franche-Comté";"Hydraulique";0,1030669273
2015-03;"Bourgogne-Franche-Comté";"Hydraulique";0,094326038
2015-04;"Bourgogne-Franche-Comté";"Hydraulique";0,0911048
2015-05;"Bourgogne-Franche-Comté";"Hydraulique";0,0834182169
2015-06;"Bourgogne-Franche-Comté";"Hydraulique";0,0242770351
2015-07;"Bourgogne-Franche-Comté";"Hydraulique";0,0177777165
2015-08;"Bourgogne-Franche-Comté";"Hydraulique";0,0144539565
2015-09;"Bourgogne-Franche-Comté";"Hydraulique";0,0467314217
2015-10;"Bourgogne-Franche-Comté";"Hydraulique";0,0378286662
2015-11;"Bourgogne-Franche-Comté";"Hydraulique";0,0347862288
2015-12;"Bourgogne-Franche-Comté";"Hydraulique";0,056642122
2016-01;"Bourgogne-Franche-Comté";"Hydraulique";0,0963284259
2016-02;"Bourgogne-Franche-Comté";"Hydraulique";0,1365420554
2016-03;"Bourgogne-Franche-Comté";"Hydraulique";0,1065859227
2016-04;"Bourgogne-Franche-Comté";"Hydraulique";0,1016623157
2016-05;"Bourgogne-Franche-Comté";"Hydraulique";0,1157444036
2016-06;"Bourgogne-Franche-Comté";"Hydraulique";0,1322901932
2016-07;"Bourgogne-Franche-Comté";"Hydraulique";0,0382950163
2016-08;"Bourgogne-Franche-Comté";"Hydraulique";0,0189858671
2016-09;"Bourgogne-Franche-Comté";"Hydraulique";0,0511208236
2016-10;"Bourgogne-Franche-Comté";"Hydraulique";0,0318853743
2016-11;"Bourgogne-Franche-Comté";"Hydraulique";0,0572738814
2016-12;"Bourgogne-Franche-Comté";"Hydraulique";0,0502620898
2017-01;"Bourgogne-Franche-Comté";"Hydraulique";0,0601848509
2017-02;"Bourgogne-Franche-Comté";"Hydraulique";0,0681583724
2017-03;"Bourgogne-Franche-Comté";"Hydraulique";0,0944435035
2017-04;"Bourgogne-Franche-Comté";"Hydraulique";0,033364669
2017-05;"Bourgogne-Franche-Comté";"Hydraulique";0,0439862104
2017-06;"Bourgogne-Franche-Comté";"Hydraulique";0,0249542792
2017-07;"Bourgogne-Franche-Comté";"Hydraulique";0,0186766193
2017-08;"Bourgogne-Franche-Comté";"Hydraulique";0,0178486313
2017-09;"Bourgogne-Franche-Comté";"Hydraulique";0,0569143581
2017-10;"Bourgogne-Franche-Comté";"Hydraulique";0,0421365416
2017-11;"Bourgogne-Franche-Comté";"Hydraulique";0,0508251551
2017-12;"Bourgogne-Franche-Comté";"Hydraulique";0,1014572061
2018-01;"Bourgogne-Franche-Comté";"Hydraulique";0,1755173297
2018-02;"Bourgogne-Franche-Comté";"Hydraulique";0,1365421005
2018-03;"Bourgogne-Franche-Comté";"Hydraulique";0,1166555212
2018-04;"Bourgogne-Franche-Comté";"Hydraulique";0,07647706
2018-05;"Bourgogne-Franche-Comté";"Hydraulique";0,0414777662
2018-06;"Bourgogne-Franche-Comté";"Hydraulique";0,0593522671
2018-07;"Bourgogne-Franche-Comté";"Hydraulique";0,0161607317
2018-08;"Bourgogne-Franche-Comté";"Hydraulique";0,0179646394
2018-09;"Bourgogne-Franche-Comté";"Hydraulique";0,0586822149
2018-10;"Bourgogne-Franche-Comté";"Hydraulique";0,0188546076
2018-11;"Bourgogne-Franche-Comté";"Hydraulique";0,0100484891
2018-12;"Bourgogne-Franche-Comté";"Hydraulique";0,0682435049
2019-01;"Bourgogne-Franche-Comté";"Hydraulique";0,0948177812
2019-02;"Bourgogne-Franche-Comté";"Hydraulique";0,0914390665
2019-03;"Bourgogne-Franche-Comté";"Hydraulique";0,1136300033
2019-04;"Bourgogne-Franche-Comté";"Hydraulique";0,0668366225
2019-05;"Bourgogne-Franche-Comté";"Hydraulique";0,0660857031
2019-06;"Bourgogne-Franche-Comté";"Hydraulique";0,0367960882
2019-07;"Bourgogne-Franche-Comté";"Hydraulique";0,0155071476
2019-08;"Bourgogne-Franche-Comté";"Hydraulique";0,0270987567
2019-09;"Bourgogne-Franche-Comté";"Hydraulique";0,0353788863
2019-10;"Bourgogne-Franche-Comté";"Hydraulique";0,0706819559
2019-11;"Bourgogne-Franche-Comté";"Hydraulique";0,0870207236
2019-12;"Bourgogne-Franche-Comté";"Hydraulique";0,1426556173
2020-01;"Bourgogne-Franche-Comté";"Hydraulique";0,0885831449
2020-02;"Bourgogne-Franche-Comté";"Hydraulique";0,1242631684
2020-03;"Bourgogne-Franche-Comté";"Hydraulique";0,1167454819
2020-04;"Bourgogne-Franche-Comté";"Hydraulique";0,0297938361
2020-05;"Bourgogne-Franche-Comté";"Hydraulique";0,0344656135
2020-06;"Bourgogne-Franche-Comté";"Hydraulique";0,0364089993
2020-07;"Bourgogne-Franche-Comté";"Hydraulique";0,0198016639
2020-08;"Bourgogne-Franche-Comté";"Hydraulique";0,0156067684
2020-09;"Bourgogne-Franche-Comté";"Hydraulique";0,0444564238
2020-10;"Bourgogne-Franche-Comté";"Hydraulique";0,045299575
2020-11;"Bourgogne-Franche-Comté";"Hydraulique";0,0519689822
2020-12;"Bourgogne-Franche-Comté";"Hydraulique";0,0801031111
2021-01;"Bourgogne-Franche-Comté";"Hydraulique";0,1627265069
2021-02;"Bourgogne-Franche-Comté";"Hydraulique";0,1299471845
2021-03;"Bourgogne-Franche-Comté";"Hydraulique";0,078968189432
2021-04;"Bourgogne-Franche-Comté";"Hydraulique";0,0348332096
2021-05;"Bourgogne-Franche-Comté";"Hydraulique";0,095129440767
2021-06;"Bourgogne-Franche-Comté";"Hydraulique";0,053020427833
2021-07;"Bourgogne-Franche-Comté";"Hydraulique";0,108063595767
2021-08;"Bourgogne-Franche-Comté";"Hydraulique";0,057976715665
2021-09;"Bourgogne-Franche-Comté";"Hydraulique";0,0419366852
2021-10;"Bourgogne-Franche-Comté";"Hydraulique";0,036946825934
2021-11;"Bourgogne-Franche-Comté";"Hydraulique";0,049081079333
2021-12;"Bourgogne-Franche-Comté";"Hydraulique";0,1036434057
2022-01;"Bourgogne-Franche-Comté";"Hydraulique";0,105537960786
2022-02;"Bourgogne-Franche-Comté";"Hydraulique";0,106822287002
2022-03;"Bourgogne-Franche-Comté";"Hydraulique";0,066577642351
2022-04;"Bourgogne-Franche-Comté";"Hydraulique";0,058947921851
2022-05;"Bourgogne-Franche-Comté";"Hydraulique";0,037050039906
2022-06;"Bourgogne-Franche-Comté";"Hydraulique";0,0156840708438
2022-07;"Bourgogne-Franche-Comté";"Hydraulique";0,0150510414433
2022-08;"Bourgogne-Franche-Comté";"Hydraulique";0,0165795411913
2022-09;"Bourgogne-Franche-Comté";"Hydraulique";0,0241207244173
2022-10;"Bourgogne-Franche-Comté";"Hydraulique";0,0617789312701
2022-11;"Bourgogne-Franche-Comté";"Hydraulique";0,1015156502613
2022-12;"Bourgogne-Franche-Comté";"Hydraulique";0,0982416711164
2023-01;"Bourgogne-Franche-Comté";"Hydraulique";0,1577125457672
2023-02;"Bourgogne-Franche-Comté";"Hydraulique";0,0613152239647
2023-03;"Bourgogne-Franche-Comté";"Hydraulique";0,06743827006
2023-04;"Bourgogne-Franche-Comté";"Hydraulique";0,0713644225727
2023-05;"Bourgogne-Franche-Comté";"Hydraulique";0,0540667633117
2023-06;"Bourgogne-Franche-Comté";"Hydraulique";0,0169955843704
2023-07;"Bourgogne-Franche-Comté";"Hydraulique";0,0151162975354
2023-08;"Bourgogne-Franche-Comté";"Hydraulique";0,0168262691611
2023-09;"Bourgogne-Franche-Comté";"Hydraulique";0,0322560172979
2023-10;"Bourgogne-Franche-Comté";"Hydraulique";0,0423319267837
2023-11;"Bourgogne-Franche-Comté";"Hydraulique";0,1247284884474
2023-12;"Bourgogne-Franche-Comté";"Hydraulique";0,1832533936117
2024-01;"Bourgogne-Franche-Comté";"Hydraulique";0,1320372068436
2024-02;"Bourgogne-Franche-Comté";"Hydraulique";0,1002349066652
2024-03;"Bourgogne-Franche-Comté";"Hydraulique";0,090348726479
2024-04;"Bourgogne-Franche-Comté";"Hydraulique";0,0787717040814
2024-05;"Bourgogne-Franche-Comté";"Hydraulique";0,104727092317
2024-06;"Bourgogne-Franche-Comté";"Hydraulique";0,0772387744485
2024-07;"Bourgogne-Franche-Comté";"Hydraulique";0,0545903259199
2024-08;"Bourgogne-Franche-Comté";"Hydraulique";0,0312413055764
2024-09;"Bourgogne-Franche-Comté";"Hydraulique";0,0636889396135
2024-10;"Bourgogne-Franche-Comté";"Hydraulique";0,1097543049804
2024-11;"Bourgogne-Franche-Comté";"Hydraulique";0,0722710264158
2024-12;"Bourgogne-Franche-Comté";"Hydraulique";0,1240222639314
2025-01;"Bourgogne-Franche-Comté";"Hydraulique";0,1199960826086
2025-02;"Bourgogne-Franche-Comté";"Hydraulique";0,0996127566273
2025-03;"Bourgogne-Franche-Comté";"Hydraulique";0,0631982867098
2025-04;"Bourgogne-Franche-Comté";"Hydraulique";0,0350926067452
2025-05;"Bourgogne-Franche-Comté";"Hydraulique";0,0262367183931
2025-06;"Bourgogne-Franche-Comté";"Hydraulique";0,0358172166302
2025-07;"Bourgogne-Franche-Comté";"Hydraulique";0,0170643415893
2025-08;"Bourgogne-Franche-Comté";"Hydraulique";0,0244546208631
2025-09;"Bourgogne-Franche-Comté";"Hydraulique";0,0495307346146
2025-10;"Bourgogne-Franche-Comté";"Hydraulique";0,0696276036942
2025-11;"Bourgogne-Franche-Comté";"Hydraulique";0,121142498405
2014-01;"Bourgogne-Franche-Comté";"Autre";0,018913801
2014-02;"Bourgogne-Franche-Comté";"Autre";0,016295962
2014-03;"Bourgogne-Franche-Comté";"Autre";0,002161533
2014-04;"Bourgogne-Franche-Comté";"Autre";2,9870000000016E-6
2014-05;"Bourgogne-Franche-Comté";"Autre";-0,000134853
2014-06;"Bourgogne-Franche-Comté";"Autre";3,4569999999994E-6
2014-07;"Bourgogne-Franche-Comté";"Autre";3,0200000000013E-6
2014-08;"Bourgogne-Franche-Comté";"Autre";-4,7597000000001E-5
2014-09;"Bourgogne-Franche-Comté";"Autre";3,2560000000017E-6
2014-10;"Bourgogne-Franche-Comté";"Autre";2,0820000000005E-6
2014-11;"Bourgogne-Franche-Comté";"Autre";3,9649999999994E-6
2014-12;"Bourgogne-Franche-Comté";"Autre";5,4049999999989E-6
2015-01;"Bourgogne-Franche-Comté";"Autre";6,3840000000053E-6
2015-02;"Bourgogne-Franche-Comté";"Autre";5,8939999999998E-6
2015-03;"Bourgogne-Franche-Comté";"Autre";-0,00016138599999999
2015-04;"Bourgogne-Franche-Comté";"Autre";4,287E-6
2015-05;"Bourgogne-Franche-Comté";"Autre";-1,3632999999998E-5
2015-06;"Bourgogne-Franche-Comté";"Autre";4,2700000000005E-6
2015-07;"Bourgogne-Franche-Comté";"Autre";4,9810000000016E-6
2015-08;"Bourgogne-Franche-Comté";"Autre";4,3410000000004E-6
2015-09;"Bourgogne-Franche-Comté";"Autre";4,9189999999982E-6
2015-10;"Bourgogne-Franche-Comté";"Autre";-1,0677E-5
2015-11;"Bourgogne-Franche-Comté";"Autre";4,4070000000008E-6
2015-12;"Bourgogne-Franche-Comté";"Autre";4,6420000000022E-6
2016-01;"Bourgogne-Franche-Comté";"Autre";-0,000352003
2016-02;"Bourgogne-Franche-Comté";"Autre";7,6150000000015E-6
2016-03;"Bourgogne-Franche-Comté";"Autre";6,0509999999997E-6
2016-04;"Bourgogne-Franche-Comté";"Autre";-0,000285341
2016-05;"Bourgogne-Franche-Comté";"Autre";3,0759999999987E-6
2016-06;"Bourgogne-Franche-Comté";"Autre";4,3890000000007E-6
2016-07;"Bourgogne-Franche-Comté";"Autre";4,242E-6
2016-08;"Bourgogne-Franche-Comté";"Autre";3,0930000000021E-6
2016-09;"Bourgogne-Franche-Comté";"Autre";3,4000000000012E-6
2016-10;"Bourgogne-Franche-Comté";"Autre";3,5300000000002E-6
2016-11;"Bourgogne-Franche-Comté";"Autre";5,0199999999991E-6
2016-12;"Bourgogne-Franche-Comté";"Autre";4,1959999999992E-6
2017-01;"Bourgogne-Franche-Comté";"Autre";3,9959999999991E-6
2017-02;"Bourgogne-Franche-Comté";"Autre";3,8009999999979E-6
2017-03;"Bourgogne-Franche-Comté";"Autre";-4,0004000000003E-5
2017-04;"Bourgogne-Franche-Comté";"Autre";4,7450000000004E-6
2017-05;"Bourgogne-Franche-Comté";"Autre";2,1359999999992E-6
2017-06;"Bourgogne-Franche-Comté";"Autre";2,5750000000001E-6
2017-07;"Bourgogne-Franche-Comté";"Autre";1,498999999999E-6
2017-08;"Bourgogne-Franche-Comté";"Autre";2,0130000000008E-6
2017-09;"Bourgogne-Franche-Comté";"Autre";2,300999999999E-6
2017-10;"Bourgogne-Franche-Comté";"Autre";2,2779999999992E-6
2017-11;"Bourgogne-Franche-Comté";"Autre";-1,9990000000022E-6
2017-12;"Bourgogne-Franche-Comté";"Autre";-1,0409E-5
2018-01;"Bourgogne-Franche-Comté";"Autre";-1,5354000000004E-5
2018-02;"Bourgogne-Franche-Comté";"Autre";-1,0618999999997E-5
2018-03;"Bourgogne-Franche-Comté";"Autre";-1,0336000000001E-5
2018-04;"Bourgogne-Franche-Comté";"Autre";-6,356999999999E-6
2018-05;"Bourgogne-Franche-Comté";"Autre";-6,0569999999995E-6
2018-06;"Bourgogne-Franche-Comté";"Autre";-5,7490000000002E-6
2018-07;"Bourgogne-Franche-Comté";"Autre";-6,7090000000015E-6
2018-08;"Bourgogne-Franche-Comté";"Autre";-4,5429999999987E-6
2018-09;"Bourgogne-Franche-Comté";"Autre";-6,2270000000001E-6
2018-10;"Bourgogne-Franche-Comté";"Autre";-7,8249999999979E-6
2018-11;"Bourgogne-Franche-Comté";"Autre";-9,4340000000008E-6
2018-12;"Bourgogne-Franche-Comté";"Autre";-9,6030000000019E-6
2019-01;"Bourgogne-Franche-Comté";"Autre";-1,1690000000002E-5
2019-02;"Bourgogne-Franche-Comté";"Autre";-8,7420000000017E-6
2019-03;"Bourgogne-Franche-Comté";"Autre";-8,2889999999982E-6
2019-04;"Bourgogne-Franche-Comté";"Autre";-6,8140000000019E-6
2019-05;"Bourgogne-Franche-Comté";"Autre";-6,1270000000004E-6
2019-06;"Bourgogne-Franche-Comté";"Autre";-5,1199999999983E-6
2019-07;"Bourgogne-Franche-Comté";"Autre";-4,7720000000002E-6
2019-08;"Bourgogne-Franche-Comté";"Autre";-4,0859999999996E-6
2019-09;"Bourgogne-Franche-Comté";"Autre";-4,7139999999989E-6
2019-10;"Bourgogne-Franche-Comté";"Autre";-1,0163999999996E-5
2019-11;"Bourgogne-Franche-Comté";"Autre";-1,0708999999999E-5
2019-12;"Bourgogne-Franche-Comté";"Autre";-9,2579999999946E-6
2020-01;"Bourgogne-Franche-Comté";"Autre";-1,0202999999999E-5
2020-02;"Bourgogne-Franche-Comté";"Autre";-8,8510000000065E-6
2020-03;"Bourgogne-Franche-Comté";"Autre";-4,2639999999992E-6
2020-04;"Bourgogne-Franche-Comté";"Autre";-5,4620000000025E-6
2020-05;"Bourgogne-Franche-Comté";"Autre";-5,1820000000026E-6
2020-06;"Bourgogne-Franche-Comté";"Autre";-4,7100000000003E-6
2020-07;"Bourgogne-Franche-Comté";"Autre";-5,224000000001E-6
2020-08;"Bourgogne-Franche-Comté";"Autre";-5,1710000000012E-6
2020-09;"Bourgogne-Franche-Comté";"Autre";-6,3529999999996E-6
2020-10;"Bourgogne-Franche-Comté";"Autre";-7,9670000000027E-6
2020-11;"Bourgogne-Franche-Comté";"Autre";-8,1870000000027E-6
2020-12;"Bourgogne-Franche-Comté";"Autre";-9,8590000000003E-6
2021-01;"Bourgogne-Franche-Comté";"Autre";-1,1564999999998E-5
2021-02;"Bourgogne-Franche-Comté";"Autre";-8,6489999999878E-6
2021-03;"Bourgogne-Franche-Comté";"Autre";-9,0119999999994E-6
2021-04;"Bourgogne-Franche-Comté";"Autre";-6,9830000000014E-6
2021-05;"Bourgogne-Franche-Comté";"Autre";-5,6359999999943E-6
2021-06;"Bourgogne-Franche-Comté";"Autre";-4,9179999999985E-6
2021-07;"Bourgogne-Franche-Comté";"Autre";-3,4559999999949E-6
2021-08;"Bourgogne-Franche-Comté";"Autre";-3,3009999999973E-6
2021-09;"Bourgogne-Franche-Comté";"Autre";-5,195999999999E-6
2021-10;"Bourgogne-Franche-Comté";"Autre";-6,737000000003E-6
2021-11;"Bourgogne-Franche-Comté";"Autre";-9,4109999999964E-6
2021-12;"Bourgogne-Franche-Comté";"Autre";-9,614999999999E-6
2022-01;"Bourgogne-Franche-Comté";"Autre";2,8425319999985E-6
2022-02;"Bourgogne-Franche-Comté";"Autre";7,4473529999975E-6
2022-03;"Bourgogne-Franche-Comté";"Autre";1,4159734000001E-5
2022-04;"Bourgogne-Franche-Comté";"Autre";1,6985871000005E-5
2022-05;"Bourgogne-Franche-Comté";"Autre";2,5167163999998E-5
2022-06;"Bourgogne-Franche-Comté";"Autre";1,0880911999998E-5
2022-07;"Bourgogne-Franche-Comté";"Autre";1,5497537000002E-5
2022-08;"Bourgogne-Franche-Comté";"Autre";1,2823566999998E-5
2022-09;"Bourgogne-Franche-Comté";"Autre";-4,2110210000002E-6
2022-10;"Bourgogne-Franche-Comté";"Autre";-4,2098330000014E-6
2022-11;"Bourgogne-Franche-Comté";"Autre";-5,5473359999966E-6
2022-12;"Bourgogne-Franche-Comté";"Autre";-7,7461670000012E-6
2023-01;"Bourgogne-Franche-Comté";"Autre";-9,0814999999908E-6
2023-02;"Bourgogne-Franche-Comté";"Autre";-7,9934999999967E-6
2023-03;"Bourgogne-Franche-Comté";"Autre";-6,0540020000051E-6
2023-04;"Bourgogne-Franche-Comté";"Autre";-5,2289980000085E-6
2023-05;"Bourgogne-Franche-Comté";"Autre";-3,994499999998E-6
2023-06;"Bourgogne-Franche-Comté";"Autre";-4,5089979999988E-6
2023-07;"Bourgogne-Franche-Comté";"Autre";0,000139409999
2023-08;"Bourgogne-Franche-Comté";"Autre";0,00029708
2023-09;"Bourgogne-Franche-Comté";"Autre";-8,4253319999997E-6
2023-10;"Bourgogne-Franche-Comté";"Autre";-5,4738360000034E-6
2023-11;"Bourgogne-Franche-Comté";"Autre";0,002076611165
2023-12;"Bourgogne-Franche-Comté";"Autre";0,008059923335
2024-01;"Bourgogne-Franche-Comté";"Autre";-1,272172645006E-17
2024-02;"Bourgogne-Franche-Comté";"Autre";3,7683745013339E-19
2024-03;"Bourgogne-Franche-Comté";"Autre";4,1786019089329E-18
2024-04;"Bourgogne-Franche-Comté";"Autre";8,2951354118954E-19
2024-05;"Bourgogne-Franche-Comté";"Autre";-5,4564230737852E-18
2024-06;"Bourgogne-Franche-Comté";"Autre";6,1590663125166E-19
2024-07;"Bourgogne-Franche-Comté";"Autre";-3,2682428811881E-19
2024-08;"Bourgogne-Franche-Comté";"Autre";2,6296942054471E-18
2024-09;"Bourgogne-Franche-Comté";"Autre";-8,9653666435208E-18
2024-10;"Bourgogne-Franche-Comté";"Autre";-6,8507807933493E-18
2024-11;"Bourgogne-Franche-Comté";"Autre";-2,0952666685003E-18
2024-12;"Bourgogne-Franche-Comté";"Autre";5,6422436167658E-18
2025-01;"Bourgogne-Franche-Comté";"Autre";8,2547519999995E-6
2025-02;"Bourgogne-Franche-Comté";"Autre";6,9396630000022E-6
2025-03;"Bourgogne-Franche-Comté";"Autre";7,0070079999992E-6
2025-04;"Bourgogne-Franche-Comté";"Autre";5,8230809999996E-6
2025-05;"Bourgogne-Franche-Comté";"Autre";7,5157469999977E-6
2025-06;"Bourgogne-Franche-Comté";"Autre";5,6389130000066E-6
2025-07;"Bourgogne-Franche-Comté";"Autre";7,2924869999993E-6
2025-08;"Bourgogne-Franche-Comté";"Autre";4,1938530000012E-6
2025-09;"Bourgogne-Franche-Comté";"Autre";5,809863999997E-6
2025-10;"Bourgogne-Franche-Comté";"Autre";7,0551720000007E-6
2025-11;"Bourgogne-Franche-Comté";"Autre";8,2300120000005E-6
2014-01;"Bourgogne-Franche-Comté";"Production décarbonée";0,206449303
2014-02;"Bourgogne-Franche-Comté";"Production décarbonée";0,168010157
2014-03;"Bourgogne-Franche-Comté";"Production décarbonée";0,1372742654
2014-04;"Bourgogne-Franche-Comté";"Production décarbonée";0,0796084412
2014-05;"Bourgogne-Franche-Comté";"Production décarbonée";0,1118053641
2014-06;"Bourgogne-Franche-Comté";"Production décarbonée";0,078208739
2014-07;"Bourgogne-Franche-Comté";"Production décarbonée";0,1362469857
2014-08;"Bourgogne-Franche-Comté";"Production décarbonée";0,1261911457
2014-09;"Bourgogne-Franche-Comté";"Production décarbonée";0,1184808211
2014-10;"Bourgogne-Franche-Comté";"Production décarbonée";0,0911636466
2014-11;"Bourgogne-Franche-Comté";"Production décarbonée";0,1099615514
2014-12;"Bourgogne-Franche-Comté";"Production décarbonée";0,1394853606
2015-01;"Bourgogne-Franche-Comté";"Production décarbonée";0,2138527496
2015-02;"Bourgogne-Franche-Comté";"Production décarbonée";0,1841726338
2015-03;"Bourgogne-Franche-Comté";"Production décarbonée";0,1770536485
2015-04;"Bourgogne-Franche-Comté";"Production décarbonée";0,1737170225
2015-05;"Bourgogne-Franche-Comté";"Production décarbonée";0,1712710774
2015-06;"Bourgogne-Franche-Comté";"Production décarbonée";0,0971126531
2015-07;"Bourgogne-Franche-Comté";"Production décarbonée";0,100555512
2015-08;"Bourgogne-Franche-Comté";"Production décarbonée";0,0892991705
2015-09;"Bourgogne-Franche-Comté";"Production décarbonée";0,1423306362
2015-10;"Bourgogne-Franche-Comté";"Production décarbonée";0,1058586187
2015-11;"Bourgogne-Franche-Comté";"Production décarbonée";0,1444798728
2015-12;"Bourgogne-Franche-Comté";"Production décarbonée";0,1642418355
2016-01;"Bourgogne-Franche-Comté";"Production décarbonée";0,2168707574
2016-02;"Bourgogne-Franche-Comté";"Production décarbonée";0,2649835059
2016-03;"Bourgogne-Franche-Comté";"Production décarbonée";0,2265670287
2016-04;"Bourgogne-Franche-Comté";"Production décarbonée";0,1839051297
2016-05;"Bourgogne-Franche-Comté";"Production décarbonée";0,2111334106
2016-06;"Bourgogne-Franche-Comté";"Production décarbonée";0,2022826057
2016-07;"Bourgogne-Franche-Comté";"Production décarbonée";0,1083464153
2016-08;"Bourgogne-Franche-Comté";"Production décarbonée";0,0930114316
2016-09;"Bourgogne-Franche-Comté";"Production décarbonée";0,1201450316
2016-10;"Bourgogne-Franche-Comté";"Production décarbonée";0,1276826393
2016-11;"Bourgogne-Franche-Comté";"Production décarbonée";0,1678209469
2016-12;"Bourgogne-Franche-Comté";"Production décarbonée";0,1327522058
2017-01;"Bourgogne-Franche-Comté";"Production décarbonée";0,1707690649
2017-02;"Bourgogne-Franche-Comté";"Production décarbonée";0,1966854519
2017-03;"Bourgogne-Franche-Comté";"Production décarbonée";0,2425786225
2017-04;"Bourgogne-Franche-Comté";"Production décarbonée";0,139190754
2017-05;"Bourgogne-Franche-Comté";"Production décarbonée";0,1588066409
2017-06;"Bourgogne-Franche-Comté";"Production décarbonée";0,1396290082
2017-07;"Bourgogne-Franche-Comté";"Production décarbonée";0,1311475538
2017-08;"Bourgogne-Franche-Comté";"Production décarbonée";0,1084393303
2017-09;"Bourgogne-Franche-Comté";"Production décarbonée";0,1614837016
2017-10;"Bourgogne-Franche-Comté";"Production décarbonée";0,1605109581
2017-11;"Bourgogne-Franche-Comté";"Production décarbonée";0,1965395591
2017-12;"Bourgogne-Franche-Comté";"Production décarbonée";0,2788364061
2018-01;"Bourgogne-Franche-Comté";"Production décarbonée";0,3936845297
2018-02;"Bourgogne-Franche-Comté";"Production décarbonée";0,2745614565
2018-03;"Bourgogne-Franche-Comté";"Production décarbonée";0,2923725492
2018-04;"Bourgogne-Franche-Comté";"Production décarbonée";0,2324144615
2018-05;"Bourgogne-Franche-Comté";"Production décarbonée";0,1567292917
2018-06;"Bourgogne-Franche-Comté";"Production décarbonée";0,1801974486
2018-07;"Bourgogne-Franche-Comté";"Production décarbonée";0,1213442122
2018-08;"Bourgogne-Franche-Comté";"Production décarbonée";0,1371363199
2018-09;"Bourgogne-Franche-Comté";"Production décarbonée";0,182765787568
2018-10;"Bourgogne-Franche-Comté";"Production décarbonée";0,1828318446
2018-11;"Bourgogne-Franche-Comté";"Production décarbonée";0,170796336935
2018-12;"Bourgogne-Franche-Comté";"Production décarbonée";0,2783287909
2019-01;"Bourgogne-Franche-Comté";"Production décarbonée";0,2436557177
2019-02;"Bourgogne-Franche-Comté";"Production décarbonée";0,269010113667
2019-03;"Bourgogne-Franche-Comté";"Production décarbonée";0,411694134969
2019-04;"Bourgogne-Franche-Comté";"Production décarbonée";0,245945769835
2019-05;"Bourgogne-Franche-Comté";"Production décarbonée";0,251935198432
2019-06;"Bourgogne-Franche-Comté";"Production décarbonée";0,1965252432
2019-07;"Bourgogne-Franche-Comté";"Production décarbonée";0,1747846936
2019-08;"Bourgogne-Franche-Comté";"Production décarbonée";0,1678390252
2019-09;"Bourgogne-Franche-Comté";"Production décarbonée";0,2229727213
2019-10;"Bourgogne-Franche-Comté";"Production décarbonée";0,2911684604
2019-11;"Bourgogne-Franche-Comté";"Production décarbonée";0,3026063086
2019-12;"Bourgogne-Franche-Comté";"Production décarbonée";0,437058566133
2020-01;"Bourgogne-Franche-Comté";"Production décarbonée";0,338707507398
2020-02;"Bourgogne-Franche-Comté";"Production décarbonée";0,467248811565
2020-03;"Bourgogne-Franche-Comté";"Production décarbonée";0,3924295199
2020-04;"Bourgogne-Franche-Comté";"Production décarbonée";0,217886348433
2020-05;"Bourgogne-Franche-Comté";"Production décarbonée";0,252400813998
2020-06;"Bourgogne-Franche-Comté";"Production décarbonée";0,200775807131
2020-07;"Bourgogne-Franche-Comté";"Production décarbonée";0,190139630566
2020-08;"Bourgogne-Franche-Comté";"Production décarbonée";0,166330312733
2020-09;"Bourgogne-Franche-Comté";"Production décarbonée";0,2082550128
2020-10;"Bourgogne-Franche-Comté";"Production décarbonée";0,304813702501
2020-11;"Bourgogne-Franche-Comté";"Production décarbonée";0,249391385534
2020-12;"Bourgogne-Franche-Comté";"Production décarbonée";0,334060904933
2021-01;"Bourgogne-Franche-Comté";"Production décarbonée";0,421132389733
2021-02;"Bourgogne-Franche-Comté";"Production décarbonée";0,3942904895
2021-03;"Bourgogne-Franche-Comté";"Production décarbonée";0,305520210599
2021-04;"Bourgogne-Franche-Comté";"Production décarbonée";0,277138262604
2021-05;"Bourgogne-Franche-Comté";"Production décarbonée";0,394230823434
2021-06;"Bourgogne-Franche-Comté";"Production décarbonée";0,201244525338
2021-07;"Bourgogne-Franche-Comté";"Production décarbonée";0,311899907095
2021-08;"Bourgogne-Franche-Comté";"Production décarbonée";0,234114974335
2021-09;"Bourgogne-Franche-Comté";"Production décarbonée";0,200392943366
2021-10;"Bourgogne-Franche-Comté";"Production décarbonée";0,278978305935
2021-11;"Bourgogne-Franche-Comté";"Production décarbonée";0,233128234171
2021-12;"Bourgogne-Franche-Comté";"Production décarbonée";0,380943774197
2022-01;"Bourgogne-Franche-Comté";"Production décarbonée";0,3262718072365
2022-02;"Bourgogne-Franche-Comté";"Production décarbonée";0,428068563332
2022-03;"Bourgogne-Franche-Comté";"Production décarbonée";0,3242532616735
2022-04;"Bourgogne-Franche-Comté";"Production décarbonée";0,3309293992725
2022-05;"Bourgogne-Franche-Comté";"Production décarbonée";0,276176522141
2022-06;"Bourgogne-Franche-Comté";"Production décarbonée";0,2274883052633
2022-07;"Bourgogne-Franche-Comté";"Production décarbonée";0,2602276170063
2022-08;"Bourgogne-Franche-Comté";"Production décarbonée";0,2591595648053
2022-09;"Bourgogne-Franche-Comté";"Production décarbonée";0,2423195627483
2022-10;"Bourgogne-Franche-Comté";"Production décarbonée";0,3505853112821
2022-11;"Bourgogne-Franche-Comté";"Production décarbonée";0,3922817747748
2022-12;"Bourgogne-Franche-Comté";"Production décarbonée";0,3936874682594
2023-01;"Bourgogne-Franche-Comté";"Production décarbonée";0,4857390913752
2023-02;"Bourgogne-Franche-Comté";"Production décarbonée";0,2960827657672
2023-03;"Bourgogne-Franche-Comté";"Production décarbonée";0,4432582671775
2023-04;"Bourgogne-Franche-Comté";"Production décarbonée";0,3846179476257
2023-05;"Bourgogne-Franche-Comté";"Production décarbonée";0,3881934969907
2023-06;"Bourgogne-Franche-Comté";"Production décarbonée";0,2716214066839
2023-07;"Bourgogne-Franche-Comté";"Production décarbonée";0,3169944639034
2023-08;"Bourgogne-Franche-Comté";"Production décarbonée";0,3076065993131
2023-09;"Bourgogne-Franche-Comté";"Production décarbonée";0,2886258724819
2023-10;"Bourgogne-Franche-Comté";"Production décarbonée";0,4128197322157
2023-11;"Bourgogne-Franche-Comté";"Production décarbonée";0,5550103127599
2023-12;"Bourgogne-Franche-Comté";"Production décarbonée";0,5886943728047
2024-01;"Bourgogne-Franche-Comté";"Production décarbonée";0,4864468379706
2024-02;"Bourgogne-Franche-Comté";"Production décarbonée";0,4226179997277
2024-03;"Bourgogne-Franche-Comté";"Production décarbonée";0,431847530108
2024-04;"Bourgogne-Franche-Comté";"Production décarbonée";0,4295988961324
2024-05;"Bourgogne-Franche-Comté";"Production décarbonée";0,378493975629
2024-06;"Bourgogne-Franche-Comté";"Production décarbonée";0,3516864071485
2024-07;"Bourgogne-Franche-Comté";"Production décarbonée";0,3160358683189
2024-08;"Bourgogne-Franche-Comté";"Production décarbonée";0,2983855946949
2024-09;"Bourgogne-Franche-Comté";"Production décarbonée";0,4085342858355
2024-10;"Bourgogne-Franche-Comté";"Production décarbonée";0,3972023853439
2024-11;"Bourgogne-Franche-Comté";"Production décarbonée";0,3486942459803
2024-12;"Bourgogne-Franche-Comté";"Production décarbonée";0,4083725844214
2025-01;"Bourgogne-Franche-Comté";"Production décarbonée";0,5224918156476
2025-02;"Bourgogne-Franche-Comté";"Production décarbonée";0,3475691182393
2025-03;"Bourgogne-Franche-Comté";"Production décarbonée";0,4232612071828
2025-04;"Bourgogne-Franche-Comté";"Production décarbonée";0,3822991914117
2025-05;"Bourgogne-Franche-Comté";"Production décarbonée";0,3658222869001
2025-06;"Bourgogne-Franche-Comté";"Production décarbonée";0,3856388247802
2025-07;"Bourgogne-Franche-Comté";"Production décarbonée";0,3912767511918
2025-08;"Bourgogne-Franche-Comté";"Production décarbonée";0,3666313926411
2025-09;"Bourgogne-Franche-Comté";"Production décarbonée";0,3796918557096
2025-10;"Bourgogne-Franche-Comté";"Production décarbonée";0,4924583485842
2025-11;"Bourgogne-Franche-Comté";"Production décarbonée";0,4179885283185
2014-01;"Normandie";"Thermique renouvelable et déchets";0,024103543001
2014-02;"Normandie";"Thermique renouvelable et déchets";0,023364037668
2014-03;"Normandie";"Thermique renouvelable et déchets";0,024069191665
2014-04;"Normandie";"Thermique renouvelable et déchets";0,0185877848315
2014-05;"Normandie";"Thermique renouvelable et déchets";0,025382020334
2014-06;"Normandie";"Thermique renouvelable et déchets";0,02404722367
2014-07;"Normandie";"Thermique renouvelable et déchets";0,021366465167
2014-08;"Normandie";"Thermique renouvelable et déchets";0,025909012
2014-09;"Normandie";"Thermique renouvelable et déchets";0,0257465371665
2014-10;"Normandie";"Thermique renouvelable et déchets";0,018655901001
2014-11;"Normandie";"Thermique renouvelable et déchets";0,025080917501
2014-12;"Normandie";"Thermique renouvelable et déchets";0,0274318336625
2015-01;"Normandie";"Thermique renouvelable et déchets";0,026692059668
2015-02;"Normandie";"Thermique renouvelable et déchets";0,0248887403385
2015-03;"Normandie";"Thermique renouvelable et déchets";0,0306349809985
2015-04;"Normandie";"Thermique renouvelable et déchets";0,0235119770015
2015-05;"Normandie";"Thermique renouvelable et déchets";0,028277478334
2015-06;"Normandie";"Thermique renouvelable et déchets";0,0200341279995
2015-07;"Normandie";"Thermique renouvelable et déchets";0,025310770173
2015-08;"Normandie";"Thermique renouvelable et déchets";0,02566259617
2015-09;"Normandie";"Thermique renouvelable et déchets";0,0245953036685
2015-10;"Normandie";"Thermique renouvelable et déchets";0,025343271999
2015-11;"Normandie";"Thermique renouvelable et déchets";0,027633518498
2015-12;"Normandie";"Thermique renouvelable et déchets";0,026576184172
2016-01;"Normandie";"Thermique renouvelable et déchets";0,0270803461785
2016-02;"Normandie";"Thermique renouvelable et déchets";0,0253702989465
2016-03;"Normandie";"Thermique renouvelable et déchets";0,028641728834
2016-04;"Normandie";"Thermique renouvelable et déchets";0,027043112745
2016-05;"Normandie";"Thermique renouvelable et déchets";0,0220822747485
2016-06;"Normandie";"Thermique renouvelable et déchets";0,0201058848865
2016-07;"Normandie";"Thermique renouvelable et déchets";0,0283163621605
2016-08;"Normandie";"Thermique renouvelable et déchets";0,02974039485
2016-09;"Normandie";"Thermique renouvelable et déchets";0,0274776408495
2016-10;"Normandie";"Thermique renouvelable et déchets";0,0296709336165
2016-11;"Normandie";"Thermique renouvelable et déchets";0,028223518899
2016-12;"Normandie";"Thermique renouvelable et déchets";0,030402615934
2017-01;"Normandie";"Thermique renouvelable et déchets";0,027518019414
2017-02;"Normandie";"Thermique renouvelable et déchets";0,0248022423365
2017-03;"Normandie";"Thermique renouvelable et déchets";0,0286593026305
2017-04;"Normandie";"Thermique renouvelable et déchets";0,027044232103
2017-05;"Normandie";"Thermique renouvelable et déchets";0,0258551118095
2017-06;"Normandie";"Thermique renouvelable et déchets";0,022771120673
2017-07;"Normandie";"Thermique renouvelable et déchets";0,026032310881
2017-08;"Normandie";"Thermique renouvelable et déchets";0,0295387690185
2017-09;"Normandie";"Thermique renouvelable et déchets";0,0269809467455
2017-10;"Normandie";"Thermique renouvelable et déchets";0,0302619895155
2017-11;"Normandie";"Thermique renouvelable et déchets";0,0313606016215
2017-12;"Normandie";"Thermique renouvelable et déchets";0,0305648951365
2018-01;"Normandie";"Thermique renouvelable et déchets";0,028739354483
2018-02;"Normandie";"Thermique renouvelable et déchets";0,026362647386
2018-03;"Normandie";"Thermique renouvelable et déchets";0,0305423873995
2018-04;"Normandie";"Thermique renouvelable et déchets";0,0281717632685
2018-05;"Normandie";"Thermique renouvelable et déchets";0,030674889678
2018-06;"Normandie";"Thermique renouvelable et déchets";0,025371983331
2018-07;"Normandie";"Thermique renouvelable et déchets";0,0279558038735
2018-08;"Normandie";"Thermique renouvelable et déchets";0,029622048837
2018-09;"Normandie";"Thermique renouvelable et déchets";0,028128847079
2018-10;"Normandie";"Thermique renouvelable et déchets";0,029520686601
2018-11;"Normandie";"Thermique renouvelable et déchets";0,0312741522435
2018-12;"Normandie";"Thermique renouvelable et déchets";0,02964713072
2019-01;"Normandie";"Thermique renouvelable et déchets";0,0319256631805
2019-02;"Normandie";"Thermique renouvelable et déchets";0,02226193708
2019-03;"Normandie";"Thermique renouvelable et déchets";0,029850237684
2019-04;"Normandie";"Thermique renouvelable et déchets";0,0262330001895
2019-05;"Normandie";"Thermique renouvelable et déchets";0,030343638775
2019-06;"Normandie";"Thermique renouvelable et déchets";0,0289752456275
2019-07;"Normandie";"Thermique renouvelable et déchets";0,0218500102025
2019-08;"Normandie";"Thermique renouvelable et déchets";0,0314476750585
2019-09;"Normandie";"Thermique renouvelable et déchets";0,0294257980645
2019-10;"Normandie";"Thermique renouvelable et déchets";0,032592368771
2019-11;"Normandie";"Thermique renouvelable et déchets";0,033341099941
2019-12;"Normandie";"Thermique renouvelable et déchets";0,0347112612425
2020-01;"Normandie";"Thermique renouvelable et déchets";0,034328129182
2020-02;"Normandie";"Thermique renouvelable et déchets";0,0329279462175
2020-03;"Normandie";"Thermique renouvelable et déchets";0,031670743498
2020-04;"Normandie";"Thermique renouvelable et déchets";0,031612311907
2020-05;"Normandie";"Thermique renouvelable et déchets";0,03193382923
2020-06;"Normandie";"Thermique renouvelable et déchets";0,031511759953
2020-07;"Normandie";"Thermique renouvelable et déchets";0,0332513304165
2020-08;"Normandie";"Thermique renouvelable et déchets";0,032065301617
2020-09;"Normandie";"Thermique renouvelable et déchets";0,032236771554
2020-10;"Normandie";"Thermique renouvelable et déchets";0,035275628255
2020-11;"Normandie";"Thermique renouvelable et déchets";0,0357989952555
2020-12;"Normandie";"Thermique renouvelable et déchets";0,034458035159
2021-01;"Normandie";"Thermique renouvelable et déchets";0,04443402449
2021-02;"Normandie";"Thermique renouvelable et déchets";0,0495864251455
2021-03;"Normandie";"Thermique renouvelable et déchets";0,055876944035
2021-04;"Normandie";"Thermique renouvelable et déchets";0,0512180549115
2021-05;"Normandie";"Thermique renouvelable et déchets";0,0575683491635
2021-06;"Normandie";"Thermique renouvelable et déchets";0,055694123571
2021-07;"Normandie";"Thermique renouvelable et déchets";0,053742210133
2021-08;"Normandie";"Thermique renouvelable et déchets";0,046063749825
2021-09;"Normandie";"Thermique renouvelable et déchets";0,047510178164
2021-10;"Normandie";"Thermique renouvelable et déchets";0,056588435675
2021-11;"Normandie";"Thermique renouvelable et déchets";0,054595741633
2021-12;"Normandie";"Thermique renouvelable et déchets";0,054761906339
2022-01;"Normandie";"Thermique renouvelable et déchets";0,0557358126405
2022-02;"Normandie";"Thermique renouvelable et déchets";0,048388165417
2022-03;"Normandie";"Thermique renouvelable et déchets";0,057683067262
2022-04;"Normandie";"Thermique renouvelable et déchets";0,0534792988305
2022-05;"Normandie";"Thermique renouvelable et déchets";0,0584449392215
2022-06;"Normandie";"Thermique renouvelable et déchets";0,051605744328
2022-07;"Normandie";"Thermique renouvelable et déchets";0,0505111927505
2022-08;"Normandie";"Thermique renouvelable et déchets";0,056670444062
2022-09;"Normandie";"Thermique renouvelable et déchets";0,044533665865
2022-10;"Normandie";"Thermique renouvelable et déchets";0,046324811519
2022-11;"Normandie";"Thermique renouvelable et déchets";0,0520361961945
2022-12;"Normandie";"Thermique renouvelable et déchets";0,0540142123665
2023-01;"Normandie";"Thermique renouvelable et déchets";0,0520733646555
2023-02;"Normandie";"Thermique renouvelable et déchets";0,050856294492
2023-03;"Normandie";"Thermique renouvelable et déchets";0,0518333668655
2023-04;"Normandie";"Thermique renouvelable et déchets";0,0552731777855
2023-05;"Normandie";"Thermique renouvelable et déchets";0,056200878073
2023-06;"Normandie";"Thermique renouvelable et déchets";0,0531348103995
2023-07;"Normandie";"Thermique renouvelable et déchets";0,052790785982
2023-08;"Normandie";"Thermique renouvelable et déchets";0,0477359799575
2023-09;"Normandie";"Thermique renouvelable et déchets";0,0488797161215
2023-10;"Normandie";"Thermique renouvelable et déchets";0,051186423567
2023-11;"Normandie";"Thermique renouvelable et déchets";0,049610690082
2023-12;"Normandie";"Thermique renouvelable et déchets";0,052852080214
2024-01;"Normandie";"Thermique renouvelable et déchets";0,0471332003265
2024-02;"Normandie";"Thermique renouvelable et déchets";0,050195925055
2024-03;"Normandie";"Thermique renouvelable et déchets";0,0531288501605
2024-04;"Normandie";"Thermique renouvelable et déchets";0,0497873570295
2024-05;"Normandie";"Thermique renouvelable et déchets";0,0544547739
2024-06;"Normandie";"Thermique renouvelable et déchets";0,051032140876
2024-07;"Normandie";"Thermique renouvelable et déchets";0,05710467942
2024-08;"Normandie";"Thermique renouvelable et déchets";0,0572383643335
2024-09;"Normandie";"Thermique renouvelable et déchets";0,0540405183495
2024-10;"Normandie";"Thermique renouvelable et déchets";0,0463686537425
2024-11;"Normandie";"Thermique renouvelable et déchets";0,048728053249
2024-12;"Normandie";"Thermique renouvelable et déchets";0,053341415064
2025-01;"Normandie";"Thermique renouvelable et déchets";0,0518667849785
2025-02;"Normandie";"Thermique renouvelable et déchets";0,0458700302145
2025-03;"Normandie";"Thermique renouvelable et déchets";0,05660542193
2025-04;"Normandie";"Thermique renouvelable et déchets";0,054022398211
2025-05;"Normandie";"Thermique renouvelable et déchets";0,0574658139475
2025-06;"Normandie";"Thermique renouvelable et déchets";0,035626575872
2025-07;"Normandie";"Thermique renouvelable et déchets";0,04740940929
2025-08;"Normandie";"Thermique renouvelable et déchets";0,052796338738
2025-09;"Normandie";"Thermique renouvelable et déchets";0,0585333080785
2025-10;"Normandie";"Thermique renouvelable et déchets";0,0676134206525
2025-11;"Normandie";"Thermique renouvelable et déchets";0,064137138288
2014-01;"Normandie";"Éolien";0,156650887
2014-02;"Normandie";"Éolien";0,166272838
2014-03;"Normandie";"Éolien";0,074898095
2014-04;"Normandie";"Éolien";0,053502523
2014-05;"Normandie";"Éolien";0,083136716
2014-06;"Normandie";"Éolien";0,041089424
2014-07;"Normandie";"Éolien";0,047240631
2014-08;"Normandie";"Éolien";0,065176793
2014-09;"Normandie";"Éolien";0,030965258
2014-10;"Normandie";"Éolien";0,09536088
2014-11;"Normandie";"Éolien";0,096675345
2014-12;"Normandie";"Éolien";0,135532027
2015-01;"Normandie";"Éolien";0,150995684
2015-02;"Normandie";"Éolien";0,108136972
2015-03;"Normandie";"Éolien";0,115887254
2015-04;"Normandie";"Éolien";0,072162279
2015-05;"Normandie";"Éolien";0,085240894
2015-06;"Normandie";"Éolien";0,073081008
2015-07;"Normandie";"Éolien";0,075141221
2015-08;"Normandie";"Éolien";0,054767716
2015-09;"Normandie";"Éolien";0,080640357
2015-10;"Normandie";"Éolien";0,072378188
2015-11;"Normandie";"Éolien";0,168567731
2015-12;"Normandie";"Éolien";0,202727608
2016-01;"Normandie";"Éolien";0,186696874
2016-02;"Normandie";"Éolien";0,159978627
2016-03;"Normandie";"Éolien";0,125351219
2016-04;"Normandie";"Éolien";0,089322513
2016-05;"Normandie";"Éolien";0,070242625
2016-06;"Normandie";"Éolien";0,056700883
2016-07;"Normandie";"Éolien";0,054255031
2016-08;"Normandie";"Éolien";0,074457146
2016-09;"Normandie";"Éolien";0,060875568
2016-10;"Normandie";"Éolien";0,070711865
2016-11;"Normandie";"Éolien";0,138760377
2016-12;"Normandie";"Éolien";0,096583724
2017-01;"Normandie";"Éolien";0,095981629
2017-02;"Normandie";"Éolien";0,149431023
2017-03;"Normandie";"Éolien";0,150970742
2017-04;"Normandie";"Éolien";0,054711193
2017-05;"Normandie";"Éolien";0,075330853
2017-06;"Normandie";"Éolien";0,07469756
2017-07;"Normandie";"Éolien";0,085399555
2017-08;"Normandie";"Éolien";0,062658415
2017-09;"Normandie";"Éolien";0,09443392
2017-10;"Normandie";"Éolien";0,124025794
2017-11;"Normandie";"Éolien";0,130534689
2017-12;"Normandie";"Éolien";0,197053665
2018-01;"Normandie";"Éolien";0,227159211
2018-02;"Normandie";"Éolien";0,160016829
2018-03;"Normandie";"Éolien";0,169277668
2018-04;"Normandie";"Éolien";0,115982875
2018-05;"Normandie";"Éolien";0,070522393
2018-06;"Normandie";"Éolien";0,058568146
2018-07;"Normandie";"Éolien";0,049389816
2018-08;"Normandie";"Éolien";0,068929107
2018-09;"Normandie";"Éolien";0,091314382
2018-10;"Normandie";"Éolien";0,123336665
2018-11;"Normandie";"Éolien";0,165796834
2018-12;"Normandie";"Éolien";0,217467269
2019-01;"Normandie";"Éolien";0,145051527
2019-02;"Normandie";"Éolien";0,15172009
2019-03;"Normandie";"Éolien";0,236264223
2019-04;"Normandie";"Éolien";0,111442607
2019-05;"Normandie";"Éolien";0,092565063
2019-06;"Normandie";"Éolien";0,09598807
2019-07;"Normandie";"Éolien";0,082691733
2019-08;"Normandie";"Éolien";0,093313279
2019-09;"Normandie";"Éolien";0,143252107
2019-10;"Normandie";"Éolien";0,189006177
2019-11;"Normandie";"Éolien";0,171434031
2019-12;"Normandie";"Éolien";0,262392903
2020-01;"Normandie";"Éolien";0,21511447
2020-02;"Normandie";"Éolien";0,322869683
2020-03;"Normandie";"Éolien";0,233038711
2020-04;"Normandie";"Éolien";0,101373971
2020-05;"Normandie";"Éolien";0,121726061
2020-06;"Normandie";"Éolien";0,099678721
2020-07;"Normandie";"Éolien";0,111756545
2020-08;"Normandie";"Éolien";0,111317694
2020-09;"Normandie";"Éolien";0,106155269
2020-10;"Normandie";"Éolien";0,21084995
2020-11;"Normandie";"Éolien";0,175911206
2020-12;"Normandie";"Éolien";0,235937877
2021-01;"Normandie";"Éolien";0,188085557
2021-02;"Normandie";"Éolien";0,215605862
2021-03;"Normandie";"Éolien";0,183437474
2021-04;"Normandie";"Éolien";0,125923334
2021-05;"Normandie";"Éolien";0,203024968
2021-06;"Normandie";"Éolien";0,047311509
2021-07;"Normandie";"Éolien";0,093762097
2021-08;"Normandie";"Éolien";0,11083098
2021-09;"Normandie";"Éolien";0,082494924
2021-10;"Normandie";"Éolien";0,176090543
2021-11;"Normandie";"Éolien";0,136165925
2021-12;"Normandie";"Éolien";0,230717599
2022-01;"Normandie";"Éolien";0,152353430125
2022-02;"Normandie";"Éolien";0,280011907386
2022-03;"Normandie";"Éolien";0,16881187628
2022-04;"Normandie";"Éolien";0,154814370402
2022-05;"Normandie";"Éolien";0,084168357516
2022-06;"Normandie";"Éolien";0,083998285308
2022-07;"Normandie";"Éolien";0,070057532732
2022-08;"Normandie";"Éolien";0,08169801517
2022-09;"Normandie";"Éolien";0,104284247962
2022-10;"Normandie";"Éolien";0,173578146214
2022-11;"Normandie";"Éolien";0,277160218898
2022-12;"Normandie";"Éolien";0,209970255593
2023-01;"Normandie";"Éolien";0,284097147397
2023-02;"Normandie";"Éolien";0,140762018098
2023-03;"Normandie";"Éolien";0,291055200584
2023-04;"Normandie";"Éolien";0,164658717726
2023-05;"Normandie";"Éolien";0,147107524855
2023-06;"Normandie";"Éolien";0,095688486825
2023-07;"Normandie";"Éolien";0,159200533779
2023-08;"Normandie";"Éolien";0,130659685884
2023-09;"Normandie";"Éolien";0,137077628849
2023-10;"Normandie";"Éolien";0,257073155758
2023-11;"Normandie";"Éolien";0,379207210397
2023-12;"Normandie";"Éolien";0,4538414867
2024-01;"Normandie";"Éolien";0,346608553836
2024-02;"Normandie";"Éolien";0,404408042522
2024-03;"Normandie";"Éolien";0,306006445027
2024-04;"Normandie";"Éolien";0,323082669191
2024-05;"Normandie";"Éolien";0,176468983007
2024-06;"Normandie";"Éolien";0,167269793699
2024-07;"Normandie";"Éolien";0,193961041218
2024-08;"Normandie";"Éolien";0,194275510528
2024-09;"Normandie";"Éolien";0,305350424448
2024-10;"Normandie";"Éolien";0,247881212124
2024-11;"Normandie";"Éolien";0,314974822974
2024-12;"Normandie";"Éolien";0,452721102918
2025-01;"Normandie";"Éolien";0,358550097625
2025-02;"Normandie";"Éolien";0,288395009097
2025-03;"Normandie";"Éolien";0,256155428648
2025-04;"Normandie";"Éolien";0,258468110619
2025-05;"Normandie";"Éolien";0,279827440743
2025-06;"Normandie";"Éolien";0,185845128295
2025-07;"Normandie";"Éolien";0,203127620402
2025-08;"Normandie";"Éolien";0,218317328243
2025-09;"Normandie";"Éolien";0,337273302737
2025-10;"Normandie";"Éolien";0,414924617347
2025-11;"Normandie";"Éolien";0,480431394002
2014-01;"Normandie";"Solaire";0,002868394
2014-02;"Normandie";"Solaire";0,005522362
2014-03;"Normandie";"Solaire";0,01017179
2014-04;"Normandie";"Solaire";0,011269553
2014-05;"Normandie";"Solaire";0,013106888
2014-06;"Normandie";"Solaire";0,015497558
2014-07;"Normandie";"Solaire";0,014749588
2014-08;"Normandie";"Solaire";0,012933017
2014-09;"Normandie";"Solaire";0,012371898
2014-10;"Normandie";"Solaire";0,007327414
2014-11;"Normandie";"Solaire";0,004009807
2014-12;"Normandie";"Solaire";0,002637927
2015-01;"Normandie";"Solaire";0,003428746
2015-02;"Normandie";"Solaire";0,005538952
2015-03;"Normandie";"Solaire";0,00923619
2015-04;"Normandie";"Solaire";0,014202023
2015-05;"Normandie";"Solaire";0,014176826
2015-06;"Normandie";"Solaire";0,01789975
2015-07;"Normandie";"Solaire";0,014886046
2015-08;"Normandie";"Solaire";0,01387972
2015-09;"Normandie";"Solaire";0,012601046
2015-10;"Normandie";"Solaire";0,00783408
2015-11;"Normandie";"Solaire";0,004502049
2015-12;"Normandie";"Solaire";0,003397746
2016-01;"Normandie";"Solaire";0,003419199
2016-02;"Normandie";"Solaire";0,006034481
2016-03;"Normandie";"Solaire";0,009896457
2016-04;"Normandie";"Solaire";0,013005518
2016-05;"Normandie";"Solaire";0,015029159
2016-06;"Normandie";"Solaire";0,012585397
2016-07;"Normandie";"Solaire";0,016803446
2016-08;"Normandie";"Solaire";0,016155571
2016-09;"Normandie";"Solaire";0,010928411
2016-10;"Normandie";"Solaire";0,012264776
2016-11;"Normandie";"Solaire";0,0048842
2016-12;"Normandie";"Solaire";0,004493477
2017-01;"Normandie";"Solaire";0,004603022
2017-02;"Normandie";"Solaire";0,004966997
2017-03;"Normandie";"Solaire";0,009067337
2017-04;"Normandie";"Solaire";0,01587103
2017-05;"Normandie";"Solaire";0,016510147
2017-06;"Normandie";"Solaire";0,018747543
2017-07;"Normandie";"Solaire";0,016278611
2017-08;"Normandie";"Solaire";0,015102187
2017-09;"Normandie";"Solaire";0,011280784
2017-10;"Normandie";"Solaire";0,008578518
2017-11;"Normandie";"Solaire";0,004998467
2017-12;"Normandie";"Solaire";0,002846294
2018-01;"Normandie";"Solaire";0,002126208
2018-02;"Normandie";"Solaire";0,008165332
2018-03;"Normandie";"Solaire";0,008405142
2018-04;"Normandie";"Solaire";0,013683048
2018-05;"Normandie";"Solaire";0,0200271
2018-06;"Normandie";"Solaire";0,01860102
2018-07;"Normandie";"Solaire";0,021055401
2018-08;"Normandie";"Solaire";0,018214264
2018-09;"Normandie";"Solaire";0,016704926
2018-10;"Normandie";"Solaire";0,013081576
2018-11;"Normandie";"Solaire";0,007848439
2018-12;"Normandie";"Solaire";0,002083474
2019-01;"Normandie";"Solaire";0,004594913
2019-02;"Normandie";"Solaire";0,010428984
2019-03;"Normandie";"Solaire";0,013663544
2019-04;"Normandie";"Solaire";0,017605709
2019-05;"Normandie";"Solaire";0,021493044
2019-06;"Normandie";"Solaire";0,022144865
2019-07;"Normandie";"Solaire";0,024859632
2019-08;"Normandie";"Solaire";0,022473911
2019-09;"Normandie";"Solaire";0,017834885
2019-10;"Normandie";"Solaire";0,010932835
2019-11;"Normandie";"Solaire";0,007138372
2019-12;"Normandie";"Solaire";0,006722729
2020-01;"Normandie";"Solaire";0,006299825
2020-02;"Normandie";"Solaire";0,008958815
2020-03;"Normandie";"Solaire";0,01557819
2020-04;"Normandie";"Solaire";0,022170001
2020-05;"Normandie";"Solaire";0,028278594
2020-06;"Normandie";"Solaire";0,02425089
2020-07;"Normandie";"Solaire";0,02754516
2020-08;"Normandie";"Solaire";0,023598683
2020-09;"Normandie";"Solaire";0,019790194
2020-10;"Normandie";"Solaire";0,011701798
2020-11;"Normandie";"Solaire";0,008528572
2020-12;"Normandie";"Solaire";0,005197598
2021-01;"Normandie";"Solaire";0,004985837
2021-02;"Normandie";"Solaire";0,009070548
2021-03;"Normandie";"Solaire";0,018456678
2021-04;"Normandie";"Solaire";0,025797386
2021-05;"Normandie";"Solaire";0,026988096
2021-06;"Normandie";"Solaire";0,025497921
2021-07;"Normandie";"Solaire";0,026164569
2021-08;"Normandie";"Solaire";0,024367896
2021-09;"Normandie";"Solaire";0,02254782
2021-10;"Normandie";"Solaire";0,01684342
2021-11;"Normandie";"Solaire";0,010210972
2021-12;"Normandie";"Solaire";0,005455252
2022-01;"Normandie";"Solaire";0,007584426994
2022-02;"Normandie";"Solaire";0,013143779269
2022-03;"Normandie";"Solaire";0,024011147036
2022-04;"Normandie";"Solaire";0,031354795732
2022-05;"Normandie";"Solaire";0,03726858552
2022-06;"Normandie";"Solaire";0,037318953972
2022-07;"Normandie";"Solaire";0,040978384353
2022-08;"Normandie";"Solaire";0,036642297368
2022-09;"Normandie";"Solaire";0,024889552369
2022-10;"Normandie";"Solaire";0,019145818801
2022-11;"Normandie";"Solaire";0,01120781699
2022-12;"Normandie";"Solaire";0,004879244075
2023-01;"Normandie";"Solaire";0,007467499493
2023-02;"Normandie";"Solaire";0,015945839092
2023-03;"Normandie";"Solaire";0,021754065647
2023-04;"Normandie";"Solaire";0,033156620022
2023-05;"Normandie";"Solaire";0,043378152804
2023-06;"Normandie";"Solaire";0,048370671444
2023-07;"Normandie";"Solaire";0,040754308787
2023-08;"Normandie";"Solaire";0,037651910266
2023-09;"Normandie";"Solaire";0,03320541013
2023-10;"Normandie";"Solaire";0,024638846758
2023-11;"Normandie";"Solaire";0,011969074263
2023-12;"Normandie";"Solaire";0,008370568597
2024-01;"Normandie";"Solaire";0,010880288595
2024-02;"Normandie";"Solaire";0,011958265306
2024-03;"Normandie";"Solaire";0,028686900053
2024-04;"Normandie";"Solaire";0,037160648854
2024-05;"Normandie";"Solaire";0,046418246203
2024-06;"Normandie";"Solaire";0,052666455841
2024-07;"Normandie";"Solaire";0,051012772453
2024-08;"Normandie";"Solaire";0,050734704455
2024-09;"Normandie";"Solaire";0,036748919477
2024-10;"Normandie";"Solaire";0,027250979143
2024-11;"Normandie";"Solaire";0,012170361964
2024-12;"Normandie";"Solaire";0,008024668189
2025-01;"Normandie";"Solaire";0,009635684426
2025-02;"Normandie";"Solaire";0,0184185838
2025-03;"Normandie";"Solaire";0,0399851707
2025-04;"Normandie";"Solaire";0,056812280114
2025-05;"Normandie";"Solaire";0,06154901846
2025-06;"Normandie";"Solaire";0,06645840323
2025-07;"Normandie";"Solaire";0,068722814264
2025-08;"Normandie";"Solaire";0,068467735216
2025-09;"Normandie";"Solaire";0,051413772943
2025-10;"Normandie";"Solaire";0,033868373007
2025-11;"Normandie";"Solaire";0,020208326164
2014-01;"Normandie";"Nucléaire";7,354683766
2014-02;"Normandie";"Nucléaire";5,173488712
2014-03;"Normandie";"Nucléaire";4,6389806
2014-04;"Normandie";"Nucléaire";5,449967305
2014-05;"Normandie";"Nucléaire";6,348344028
2014-06;"Normandie";"Nucléaire";5,97463467
2014-07;"Normandie";"Nucléaire";6,548800641
2014-08;"Normandie";"Nucléaire";6,216856743
2014-09;"Normandie";"Nucléaire";5,421926732
2014-10;"Normandie";"Nucléaire";5,965235842
2014-11;"Normandie";"Nucléaire";5,838821355
2014-12;"Normandie";"Nucléaire";7,159827022
2015-01;"Normandie";"Nucléaire";7,500122715
2015-02;"Normandie";"Nucléaire";6,040866589
2015-03;"Normandie";"Nucléaire";6,5789118
2015-04;"Normandie";"Nucléaire";5,534022764
2015-05;"Normandie";"Nucléaire";4,827348555
2015-06;"Normandie";"Nucléaire";3,949312717
2015-07;"Normandie";"Nucléaire";4,750823221
2015-08;"Normandie";"Nucléaire";4,422277213
2015-09;"Normandie";"Nucléaire";4,634923058
2015-10;"Normandie";"Nucléaire";5,464011663
2015-11;"Normandie";"Nucléaire";5,338837745
2015-12;"Normandie";"Nucléaire";5,737826023
2016-01;"Normandie";"Nucléaire";5,34312511
2016-02;"Normandie";"Nucléaire";5,63924742
2016-03;"Normandie";"Nucléaire";5,602576741
2016-04;"Normandie";"Nucléaire";4,162522233
2016-05;"Normandie";"Nucléaire";4,093285802
2016-06;"Normandie";"Nucléaire";4,877848053
2016-07;"Normandie";"Nucléaire";4,623665531
2016-08;"Normandie";"Nucléaire";4,340491802
2016-09;"Normandie";"Nucléaire";3,450380143
2016-10;"Normandie";"Nucléaire";3,569290504
2016-11;"Normandie";"Nucléaire";5,005196936
2016-12;"Normandie";"Nucléaire";6,575182846
2017-01;"Normandie";"Nucléaire";6,480639555
2017-02;"Normandie";"Nucléaire";4,776607599
2017-03;"Normandie";"Nucléaire";4,447582985
2017-04;"Normandie";"Nucléaire";4,187446236
2017-05;"Normandie";"Nucléaire";3,560531288
2017-06;"Normandie";"Nucléaire";3,240311917
2017-07;"Normandie";"Nucléaire";3,829516043
2017-08;"Normandie";"Nucléaire";3,880491294
2017-09;"Normandie";"Nucléaire";3,61605322
2017-10;"Normandie";"Nucléaire";3,555696322
2017-11;"Normandie";"Nucléaire";4,940303704
2017-12;"Normandie";"Nucléaire";6,497325574
2018-01;"Normandie";"Nucléaire";6,540971016
2018-02;"Normandie";"Nucléaire";5,639257931
2018-03;"Normandie";"Nucléaire";5,09376938
2018-04;"Normandie";"Nucléaire";5,069474855
2018-05;"Normandie";"Nucléaire";3,820363283
2018-06;"Normandie";"Nucléaire";4,190423062
2018-07;"Normandie";"Nucléaire";5,226958196
2018-08;"Normandie";"Nucléaire";5,348318336
2018-09;"Normandie";"Nucléaire";5,538719693
2018-10;"Normandie";"Nucléaire";5,066973461
2018-11;"Normandie";"Nucléaire";4,389107997
2018-12;"Normandie";"Nucléaire";4,475064081
2019-01;"Normandie";"Nucléaire";4,253722253
2019-02;"Normandie";"Nucléaire";4,477783227
2019-03;"Normandie";"Nucléaire";5,369057695
2019-04;"Normandie";"Nucléaire";5,184681247
2019-05;"Normandie";"Nucléaire";5,629632864
2019-06;"Normandie";"Nucléaire";5,158298474
2019-07;"Normandie";"Nucléaire";4,471226163
2019-08;"Normandie";"Nucléaire";3,605597483
2019-09;"Normandie";"Nucléaire";3,120806758
2019-10;"Normandie";"Nucléaire";2,337048531
2019-11;"Normandie";"Nucléaire";2,638242666
2019-12;"Normandie";"Nucléaire";3,013136908
2020-01;"Normandie";"Nucléaire";4,276701105
2020-02;"Normandie";"Nucléaire";4,074403201
2020-03;"Normandie";"Nucléaire";3,984728737
2020-04;"Normandie";"Nucléaire";3,465129218
2020-05;"Normandie";"Nucléaire";3,064760731
2020-06;"Normandie";"Nucléaire";2,999005734
2020-07;"Normandie";"Nucléaire";2,609864669
2020-08;"Normandie";"Nucléaire";2,711028446
2020-09;"Normandie";"Nucléaire";2,610253456
2020-10;"Normandie";"Nucléaire";3,342127161
2020-11;"Normandie";"Nucléaire";4,316200228
2020-12;"Normandie";"Nucléaire";4,578745322
2021-01;"Normandie";"Nucléaire";5,167861202
2021-02;"Normandie";"Nucléaire";5,124394475
2021-03;"Normandie";"Nucléaire";5,841696982
2021-04;"Normandie";"Nucléaire";4,260606051
2021-05;"Normandie";"Nucléaire";5,240658574
2021-06;"Normandie";"Nucléaire";6,215124398
2021-07;"Normandie";"Nucléaire";5,398671523
2021-08;"Normandie";"Nucléaire";5,170184672
2021-09;"Normandie";"Nucléaire";6,373721633
2021-10;"Normandie";"Nucléaire";6,130203173
2021-11;"Normandie";"Nucléaire";4,929312466
2021-12;"Normandie";"Nucléaire";5,259371709
2022-01;"Normandie";"Nucléaire";6,463729868
2022-02;"Normandie";"Nucléaire";5,188543126
2022-03;"Normandie";"Nucléaire";4,907947955
2022-04;"Normandie";"Nucléaire";3,109586473
2022-05;"Normandie";"Nucléaire";2,585480855
2022-06;"Normandie";"Nucléaire";2,625464623162
2022-07;"Normandie";"Nucléaire";2,597114659501
2022-08;"Normandie";"Nucléaire";2,704524482666
2022-09;"Normandie";"Nucléaire";2,480900155666
2022-10;"Normandie";"Nucléaire";2,960767737832
2022-11;"Normandie";"Nucléaire";3,511596266163
2022-12;"Normandie";"Nucléaire";4,294994222164
2023-01;"Normandie";"Nucléaire";4,385354381668
2023-02;"Normandie";"Nucléaire";3,467917856001
2023-03;"Normandie";"Nucléaire";2,629732054502
2023-04;"Normandie";"Nucléaire";2,868695403168
2023-05;"Normandie";"Nucléaire";2,655570561169
2023-06;"Normandie";"Nucléaire";3,594181734334
2023-07;"Normandie";"Nucléaire";4,455858902328
2023-08;"Normandie";"Nucléaire";5,555634712164
2023-09;"Normandie";"Nucléaire";6,005670453498
2023-10;"Normandie";"Nucléaire";6,976172754666
2023-11;"Normandie";"Nucléaire";4,800202353412
2023-12;"Normandie";"Nucléaire";6,876948378083
2024-01;"Normandie";"Nucléaire";7,213790599837
2024-02;"Normandie";"Nucléaire";5,768513281836
2024-03;"Normandie";"Nucléaire";5,694222610919
2024-04;"Normandie";"Nucléaire";5,010463810249
2024-05;"Normandie";"Nucléaire";4,908639469322
2024-06;"Normandie";"Nucléaire";3,639402057751
2024-07;"Normandie";"Nucléaire";4,559800377334
2024-08;"Normandie";"Nucléaire";5,139867412585
2024-09;"Normandie";"Nucléaire";4,615272775334
2024-10;"Normandie";"Nucléaire";5,528699701584
2024-11;"Normandie";"Nucléaire";4,257038445921
2024-12;"Normandie";"Nucléaire";4,189416238914
2025-01;"Normandie";"Nucléaire";4,49214422542
2025-02;"Normandie";"Nucléaire";4,817032671669
2025-03;"Normandie";"Nucléaire";4,757157144001
2025-04;"Normandie";"Nucléaire";4,593080822325
2025-05;"Normandie";"Nucléaire";5,611552333085
2025-06;"Normandie";"Nucléaire";5,493480025006
2025-07;"Normandie";"Nucléaire";6,4816054565
2025-08;"Normandie";"Nucléaire";5,853563889748
2025-09;"Normandie";"Nucléaire";5,648353608001
2025-10;"Normandie";"Nucléaire";7,144742048838
2025-11;"Normandie";"Nucléaire";6,711778624174
2014-01;"Normandie";"Hydraulique";0,016013399
2014-02;"Normandie";"Hydraulique";0,015164462
2014-03;"Normandie";"Hydraulique";0,01614572
2014-04;"Normandie";"Hydraulique";0,01533058
2014-05;"Normandie";"Hydraulique";0,016877079
2014-06;"Normandie";"Hydraulique";0,01143083
2014-07;"Normandie";"Hydraulique";0,010304986
2014-08;"Normandie";"Hydraulique";0,013921962
2014-09;"Normandie";"Hydraulique";0,010113274
2014-10;"Normandie";"Hydraulique";0,011084344
2014-11;"Normandie";"Hydraulique";0,009502733
2014-12;"Normandie";"Hydraulique";0,009668054
2015-01;"Normandie";"Hydraulique";0,010778881
2015-02;"Normandie";"Hydraulique";0,012519791
2015-03;"Normandie";"Hydraulique";0,014099042
2015-04;"Normandie";"Hydraulique";0,011787821
2015-05;"Normandie";"Hydraulique";0,00974561
2015-06;"Normandie";"Hydraulique";0,010111741
2015-07;"Normandie";"Hydraulique";0,008037968
2015-08;"Normandie";"Hydraulique";0,008287191
2015-09;"Normandie";"Hydraulique";0,008868412
2015-10;"Normandie";"Hydraulique";0,007482287
2015-11;"Normandie";"Hydraulique";0,006318954
2015-12;"Normandie";"Hydraulique";0,008967453
2016-01;"Normandie";"Hydraulique";0,014263808
2016-02;"Normandie";"Hydraulique";0,014068388
2016-03;"Normandie";"Hydraulique";0,014740204
2016-04;"Normandie";"Hydraulique";0,013724728
2016-05;"Normandie";"Hydraulique";0,011560431
2016-06;"Normandie";"Hydraulique";0,003612104
2016-07;"Normandie";"Hydraulique";0,009439893
2016-08;"Normandie";"Hydraulique";0,009640732
2016-09;"Normandie";"Hydraulique";0,009985739
2016-10;"Normandie";"Hydraulique";0,010009283
2016-11;"Normandie";"Hydraulique";0,00942054
2016-12;"Normandie";"Hydraulique";0,010555864
2017-01;"Normandie";"Hydraulique";0,011929885
2017-02;"Normandie";"Hydraulique";0,012830877
2017-03;"Normandie";"Hydraulique";0,013097802
2017-04;"Normandie";"Hydraulique";0,011633284
2017-05;"Normandie";"Hydraulique";0,011260716
2017-06;"Normandie";"Hydraulique";0,007572186
2017-07;"Normandie";"Hydraulique";0,007120617
2017-08;"Normandie";"Hydraulique";0,007139671
2017-09;"Normandie";"Hydraulique";0,009054835
2017-10;"Normandie";"Hydraulique";0,009863953
2017-11;"Normandie";"Hydraulique";0,010569597
2017-12;"Normandie";"Hydraulique";0,013903686
2018-01;"Normandie";"Hydraulique";0,011781323
2018-02;"Normandie";"Hydraulique";0,009909805
2018-03;"Normandie";"Hydraulique";0,011147218
2018-04;"Normandie";"Hydraulique";0,013559199
2018-05;"Normandie";"Hydraulique";0,012534224
2018-06;"Normandie";"Hydraulique";0,011064634
2018-07;"Normandie";"Hydraulique";0,009824147
2018-08;"Normandie";"Hydraulique";0,008848582
2018-09;"Normandie";"Hydraulique";0,008207789
2018-10;"Normandie";"Hydraulique";0,008557319
2018-11;"Normandie";"Hydraulique";0,008858409
2018-12;"Normandie";"Hydraulique";0,013226565
2019-01;"Normandie";"Hydraulique";0,010235536
2019-02;"Normandie";"Hydraulique";0,01139053
2019-03;"Normandie";"Hydraulique";0,011561619
2019-04;"Normandie";"Hydraulique";0,010428025
2019-05;"Normandie";"Hydraulique";0,008978044
2019-06;"Normandie";"Hydraulique";0,007681772
2019-07;"Normandie";"Hydraulique";0,003685198
2019-08;"Normandie";"Hydraulique";0,004543906
2019-09;"Normandie";"Hydraulique";0,00432634
2019-10;"Normandie";"Hydraulique";0,007469031
2019-11;"Normandie";"Hydraulique";0,013255063
2019-12;"Normandie";"Hydraulique";0,011940301
2020-01;"Normandie";"Hydraulique";0,013106026
2020-02;"Normandie";"Hydraulique";0,008686031
2020-03;"Normandie";"Hydraulique";0,004755835
2020-04;"Normandie";"Hydraulique";0,011086053
2020-05;"Normandie";"Hydraulique";0,011022488
2020-06;"Normandie";"Hydraulique";0,008342866
2020-07;"Normandie";"Hydraulique";0,007626263
2020-08;"Normandie";"Hydraulique";0,007000705
2020-09;"Normandie";"Hydraulique";0,005904227
2020-10;"Normandie";"Hydraulique";0,008065453
2020-11;"Normandie";"Hydraulique";0,008523791
2020-12;"Normandie";"Hydraulique";0,010199806
2021-01;"Normandie";"Hydraulique";0,009731299
2021-02;"Normandie";"Hydraulique";0,007003616
2021-03;"Normandie";"Hydraulique";0,010668918
2021-04;"Normandie";"Hydraulique";0,008566145
2021-05;"Normandie";"Hydraulique";0,008560549
2021-06;"Normandie";"Hydraulique";0,009069218
2021-07;"Normandie";"Hydraulique";0,008438566
2021-08;"Normandie";"Hydraulique";0,007611557
2021-09;"Normandie";"Hydraulique";0,006987988
2021-10;"Normandie";"Hydraulique";0,007184499
2021-11;"Normandie";"Hydraulique";0,007295388
2021-12;"Normandie";"Hydraulique";0,011110044
2022-01;"Normandie";"Hydraulique";0,009234625757
2022-02;"Normandie";"Hydraulique";0,010764588623
2022-03;"Normandie";"Hydraulique";0,012609973116
2022-04;"Normandie";"Hydraulique";0,011942000062
2022-05;"Normandie";"Hydraulique";0,009410387609
2022-06;"Normandie";"Hydraulique";0,007164286598
2022-07;"Normandie";"Hydraulique";0,006123414753
2022-08;"Normandie";"Hydraulique";0,005324534871
2022-09;"Normandie";"Hydraulique";0,005364812632
2022-10;"Normandie";"Hydraulique";0,008225432671
2022-11;"Normandie";"Hydraulique";0,009925683513
2022-12;"Normandie";"Hydraulique";0,011361275354
2023-01;"Normandie";"Hydraulique";0,012368018364
2023-02;"Normandie";"Hydraulique";0,011149783915
2023-03;"Normandie";"Hydraulique";0,012817069874
2023-04;"Normandie";"Hydraulique";0,012527236988
2023-05;"Normandie";"Hydraulique";0,011877340321
2023-06;"Normandie";"Hydraulique";0,007053643988
2023-07;"Normandie";"Hydraulique";0,006310922773
2023-08;"Normandie";"Hydraulique";0,008594559739
2023-09;"Normandie";"Hydraulique";0,007144627192
2023-10;"Normandie";"Hydraulique";0,008183022925
2023-11;"Normandie";"Hydraulique";0,010650542217
2023-12;"Normandie";"Hydraulique";0,009004668959
2024-01;"Normandie";"Hydraulique";0,010701298418
2024-02;"Normandie";"Hydraulique";0,010075129898
2024-03;"Normandie";"Hydraulique";0,008395963479
2024-04;"Normandie";"Hydraulique";0,008641839517
2024-05;"Normandie";"Hydraulique";0,011522444278
2024-06;"Normandie";"Hydraulique";0,010974036197
2024-07;"Normandie";"Hydraulique";0,009715722415
2024-08;"Normandie";"Hydraulique";0,010157194479
2024-09;"Normandie";"Hydraulique";0,009493307155
2024-10;"Normandie";"Hydraulique";0,008828900536
2024-11;"Normandie";"Hydraulique";0,010903940022
2024-12;"Normandie";"Hydraulique";0,010238118348
2025-01;"Normandie";"Hydraulique";0,007898767389
2025-02;"Normandie";"Hydraulique";0,01089147664
2025-03;"Normandie";"Hydraulique";0,01154451028
2025-04;"Normandie";"Hydraulique";0,011750720241
2025-05;"Normandie";"Hydraulique";0,01091587581
2025-06;"Normandie";"Hydraulique";0,008190804096
2025-07;"Normandie";"Hydraulique";0,007610187408
2025-08;"Normandie";"Hydraulique";0,00675289784
2025-09;"Normandie";"Hydraulique";0,008381041902
2025-10;"Normandie";"Hydraulique";0,010085412992
2025-11;"Normandie";"Hydraulique";0,009159837402
2014-01;"Normandie";"Autre";-4,2435499558735E-19
2014-02;"Normandie";"Autre";2,0854637461376E-18
2014-03;"Normandie";"Autre";3,5199707731914E-19
2014-04;"Normandie";"Autre";3,6063513286777E-19
2014-05;"Normandie";"Autre";-1,0725821272817E-18
2014-06;"Normandie";"Autre";-7,6077165400701E-20
2014-07;"Normandie";"Autre";-8,3617227725208E-19
2014-08;"Normandie";"Autre";-5,5124134423767E-19
2014-09;"Normandie";"Autre";-3,1834777869388E-20
2014-10;"Normandie";"Autre";-3,6313660412013E-19
2014-11;"Normandie";"Autre";5,159067617555E-20
2014-12;"Normandie";"Autre";-6,1833871356498E-19
2015-01;"Normandie";"Autre";3,0780933357733E-20
2015-02;"Normandie";"Autre";-1,2016776462786E-19
2015-03;"Normandie";"Autre";-5,6745927401458E-19
2015-04;"Normandie";"Autre";-3,8085506970376E-19
2015-05;"Normandie";"Autre";-6,8634854744065E-19
2015-06;"Normandie";"Autre";-2,4998406122911E-19
2015-07;"Normandie";"Autre";9,5368157815301E-20
2015-08;"Normandie";"Autre";1,1669831767591E-19
2015-09;"Normandie";"Autre";1,7269779356566E-19
2015-10;"Normandie";"Autre";1,2823075934421E-20
2015-11;"Normandie";"Autre";1,5762027100186E-18
2015-12;"Normandie";"Autre";-4,6566743516774E-19
2016-01;"Normandie";"Autre";-1,8529969225689E-19
2016-02;"Normandie";"Autre";2,0512896936609E-18
2016-03;"Normandie";"Autre";-3,5095745753999E-18
2016-04;"Normandie";"Autre";-6,0358055359311E-19
2016-05;"Normandie";"Autre";1,7323573131556E-18
2016-06;"Normandie";"Autre";9,5947555456277E-20
2016-07;"Normandie";"Autre";3,1579600046072E-19
2016-08;"Normandie";"Autre";7,6241790658571E-19
2016-09;"Normandie";"Autre";-8,5480234002233E-19
2016-10;"Normandie";"Autre";-7,2544401041874E-20
2016-11;"Normandie";"Autre";-1,6778245459648E-18
2016-12;"Normandie";"Autre";-5,7382050500099E-19
2017-01;"Normandie";"Autre";-1,7552626019324E-19
2017-02;"Normandie";"Autre";-7,4767969593381E-19
2017-03;"Normandie";"Autre";4,1051190224906E-18
2017-04;"Normandie";"Autre";-8,8234974882084E-20
2017-05;"Normandie";"Autre";3,1998015348478E-19
2017-06;"Normandie";"Autre";1,5375895001668E-18
2017-07;"Normandie";"Autre";1,2930490012053E-18
2017-08;"Normandie";"Autre";-8,7133598947187E-19
2017-09;"Normandie";"Autre";-9,0853713441419E-19
2017-10;"Normandie";"Autre";4,815349508025E-19
2017-11;"Normandie";"Autre";-1,690876605398E-18
2017-12;"Normandie";"Autre";2,941835143544E-18
2018-01;"Normandie";"Autre";0,00014449099999999
2018-02;"Normandie";"Autre";0,000130508
2018-03;"Normandie";"Autre";0,000144483
2018-04;"Normandie";"Autre";0,00013983
2018-05;"Normandie";"Autre";0,000144491
2018-06;"Normandie";"Autre";0,00013983
2018-07;"Normandie";"Autre";0,000144491
2018-08;"Normandie";"Autre";0,000144491
2018-09;"Normandie";"Autre";0,00013983
2018-10;"Normandie";"Autre";0,000144499
2018-11;"Normandie";"Autre";0,00013983
2018-12;"Normandie";"Autre";0,000144491
2019-01;"Normandie";"Autre";0,000187891
2019-02;"Normandie";"Autre";0,000169708
2019-03;"Normandie";"Autre";0,00018788599999999
2019-04;"Normandie";"Autre";0,00018183
2019-05;"Normandie";"Autre";0,000187891
2019-06;"Normandie";"Autre";0,00018183
2019-07;"Normandie";"Autre";0,000216473
2019-08;"Normandie";"Autre";0,000187891
2019-09;"Normandie";"Autre";0,00018183
2019-10;"Normandie";"Autre";0,000187895
2019-11;"Normandie";"Autre";0,00018183
2019-12;"Normandie";"Autre";0,00020342200000001
2020-01;"Normandie";"Autre";0,000316355
2020-02;"Normandie";"Autre";0,000169708
2020-03;"Normandie";"Autre";0,000187886
2020-04;"Normandie";"Autre";0,00018183
2020-05;"Normandie";"Autre";0,000187891
2020-06;"Normandie";"Autre";0,00018183
2020-07;"Normandie";"Autre";0,000187891
2020-08;"Normandie";"Autre";0,000319672
2020-09;"Normandie";"Autre";0,00020304
2020-10;"Normandie";"Autre";0,00018789499999999
2020-11;"Normandie";"Autre";0,00018183
2020-12;"Normandie";"Autre";0,000187891
2021-01;"Normandie";"Autre";0,000187891
2021-02;"Normandie";"Autre";0,000169708
2021-03;"Normandie";"Autre";0,000187886
2021-04;"Normandie";"Autre";0,00018183
2021-05;"Normandie";"Autre";0,000187891
2021-06;"Normandie";"Autre";0,00018183
2021-07;"Normandie";"Autre";0,000187891
2021-08;"Normandie";"Autre";0,000187891
2021-09;"Normandie";"Autre";0,00018183
2021-10;"Normandie";"Autre";0,000187895
2021-11;"Normandie";"Autre";0,00018183
2021-12;"Normandie";"Autre";0,000187891
2022-01;"Normandie";"Autre";0,000187891
2022-02;"Normandie";"Autre";0,00016971103
2022-03;"Normandie";"Autre";0,000188184293
2022-04;"Normandie";"Autre";0,000182654372
2022-05;"Normandie";"Autre";0,00018815
2022-06;"Normandie";"Autre";0,000182205997
2022-07;"Normandie";"Autre";0,000188323999
2022-08;"Normandie";"Autre";0,000188475999
2022-09;"Normandie";"Autre";0,000182371999
2022-10;"Normandie";"Autre";0,000182179004
2022-11;"Normandie";"Autre";0,000182034
2022-12;"Normandie";"Autre";0,000181930109
2023-01;"Normandie";"Autre";0,000181851005
2023-02;"Normandie";"Autre";0,000181865012
2023-03;"Normandie";"Autre";0,000181955005
2023-04;"Normandie";"Autre";0,000181941001
2023-05;"Normandie";"Autre";0,000182059005
2023-06;"Normandie";"Autre";0,000182308
2023-07;"Normandie";"Autre";0,000182398116
2023-08;"Normandie";"Autre";0,000182278594
2023-09;"Normandie";"Autre";0,000182347999
2023-10;"Normandie";"Autre";0,000182347004
2023-11;"Normandie";"Autre";0,000182175004
2023-12;"Normandie";"Autre";0,000181926005
2024-01;"Normandie";"Autre";0,000181885006
2024-02;"Normandie";"Autre";0,000181954
2024-03;"Normandie";"Autre";0,000181930001
2024-04;"Normandie";"Autre";0,000182159001
2024-05;"Normandie";"Autre";0,000182210007
2024-06;"Normandie";"Autre";0,000182270294
2024-07;"Normandie";"Autre";0,000182760771
2024-08;"Normandie";"Autre";0,000182822079
2024-09;"Normandie";"Autre";0,000186808569
2024-10;"Normandie";"Autre";0,000185569476
2024-11;"Normandie";"Autre";0,000183509017
2024-12;"Normandie";"Autre";0,000183349028
2025-01;"Normandie";"Autre";0,00018332601
2025-02;"Normandie";"Autre";0,000183371032
2025-03;"Normandie";"Autre";0,000183479016
2025-04;"Normandie";"Autre";0,000183763009
2025-05;"Normandie";"Autre";0,000184463345
2025-06;"Normandie";"Autre";0,00018550069
2025-07;"Normandie";"Autre";0,000185036479
2025-08;"Normandie";"Autre";0,00018529601
2025-09;"Normandie";"Autre";0,000185440991
2025-10;"Normandie";"Autre";0,000184760039
2025-11;"Normandie";"Autre";0,000184533
2014-01;"Normandie";"Production décarbonée";7,554319989001
2014-02;"Normandie";"Production décarbonée";5,383812411668
2014-03;"Normandie";"Production décarbonée";4,764265396665
2014-04;"Normandie";"Production décarbonée";5,5486577458315
2014-05;"Normandie";"Production décarbonée";6,486846731334
2014-06;"Normandie";"Production décarbonée";6,06669970567
2014-07;"Normandie";"Production décarbonée";6,642462311167
2014-08;"Normandie";"Production décarbonée";6,334797527
2014-09;"Normandie";"Production décarbonée";5,5011236991665
2014-10;"Normandie";"Production décarbonée";6,097664381001
2014-11;"Normandie";"Production décarbonée";5,974090157501
2014-12;"Normandie";"Production décarbonée";7,3350968636625
2015-01;"Normandie";"Production décarbonée";7,692018085668
2015-02;"Normandie";"Production décarbonée";6,1919510443385
2015-03;"Normandie";"Production décarbonée";6,7487692669985
2015-04;"Normandie";"Production décarbonée";5,6556868640015
2015-05;"Normandie";"Production décarbonée";4,964789363334
2015-06;"Normandie";"Production décarbonée";4,0704393439995
2015-07;"Normandie";"Production décarbonée";4,874199226173
2015-08;"Normandie";"Production décarbonée";4,52487443617
2015-09;"Normandie";"Production décarbonée";4,7616281766685
2015-10;"Normandie";"Production décarbonée";5,577049489999
2015-11;"Normandie";"Production décarbonée";5,545859997498
2015-12;"Normandie";"Production décarbonée";5,979495014172
2016-01;"Normandie";"Production décarbonée";5,5745853371785
2016-02;"Normandie";"Production décarbonée";5,8446992149465
2016-03;"Normandie";"Production décarbonée";5,781206349834
2016-04;"Normandie";"Production décarbonée";4,305618104745
2016-05;"Normandie";"Production décarbonée";4,2122002917485
2016-06;"Normandie";"Production décarbonée";4,9708523218865
2016-07;"Normandie";"Production décarbonée";4,7324802631605
2016-08;"Normandie";"Production décarbonée";4,47048564585
2016-09;"Normandie";"Production décarbonée";3,5596475018495
2016-10;"Normandie";"Production décarbonée";3,6919473616165
2016-11;"Normandie";"Production décarbonée";5,186485571899
2016-12;"Normandie";"Production décarbonée";6,717218526934
2017-01;"Normandie";"Production décarbonée";6,620672110414
2017-02;"Normandie";"Production décarbonée";4,9686387383365
2017-03;"Normandie";"Production décarbonée";4,6493781686305
2017-04;"Normandie";"Production décarbonée";4,296705975103
2017-05;"Normandie";"Production décarbonée";3,6894881158095
2017-06;"Normandie";"Production décarbonée";3,364100326673
2017-07;"Normandie";"Production décarbonée";3,964347136881
2017-08;"Normandie";"Production décarbonée";3,9949303360185
2017-09;"Normandie";"Production décarbonée";3,7578037057455
2017-10;"Normandie";"Production décarbonée";3,7284265765155
2017-11;"Normandie";"Production décarbonée";5,1177670586215
2017-12;"Normandie";"Production décarbonée";6,7416941141365
2018-01;"Normandie";"Production décarbonée";6,810921603483
2018-02;"Normandie";"Production décarbonée";5,843843052386
2018-03;"Normandie";"Production décarbonée";5,3132862783995
2018-04;"Normandie";"Production décarbonée";5,2410115702685
2018-05;"Normandie";"Production décarbonée";3,954266380678
2018-06;"Normandie";"Production décarbonée";4,304168675331
2018-07;"Normandie";"Production décarbonée";5,3353278548735
2018-08;"Normandie";"Production décarbonée";5,474076828837
2018-09;"Normandie";"Production décarbonée";5,683215467079
2018-10;"Normandie";"Production décarbonée";5,241614206601
2018-11;"Normandie";"Production décarbonée";4,6030256612435
2018-12;"Normandie";"Production décarbonée";4,73763301072
2019-01;"Normandie";"Production décarbonée";4,4457177831805
2019-02;"Normandie";"Production décarbonée";4,67375447608
2019-03;"Normandie";"Production décarbonée";5,660585204684
2019-04;"Normandie";"Production décarbonée";5,3505724181895
2019-05;"Normandie";"Production décarbonée";5,783200544775
2019-06;"Normandie";"Production décarbonée";5,3132702566275
2019-07;"Normandie";"Production décarbonée";4,6045292092025
2019-08;"Normandie";"Production décarbonée";3,7575641450585
2019-09;"Normandie";"Production décarbonée";3,3158277180645
2019-10;"Normandie";"Production décarbonée";2,577236837771
2019-11;"Normandie";"Production décarbonée";2,863593061941
2019-12;"Normandie";"Production décarbonée";3,3291075242425
2020-01;"Normandie";"Production décarbonée";4,545865910182
2020-02;"Normandie";"Production décarbonée";4,4480153842175
2020-03;"Normandie";"Production décarbonée";4,269960102498
2020-04;"Normandie";"Production décarbonée";3,631553384907
2020-05;"Normandie";"Production décarbonée";3,25790959423
2020-06;"Normandie";"Production décarbonée";3,162971800953
2020-07;"Normandie";"Production décarbonée";2,7902318584165
2020-08;"Normandie";"Production décarbonée";2,885330501617
2020-09;"Normandie";"Production décarbonée";2,774542957554
2020-10;"Normandie";"Production décarbonée";3,608207885255
2020-11;"Normandie";"Production décarbonée";4,5451446222555
2020-12;"Normandie";"Production décarbonée";4,864726529159
2021-01;"Normandie";"Production décarbonée";5,41528581049
2021-02;"Normandie";"Production décarbonée";5,4058306341455
2021-03;"Normandie";"Production décarbonée";6,110324882035
2021-04;"Normandie";"Production décarbonée";4,4722928009115
2021-05;"Normandie";"Production décarbonée";5,5369884271635
2021-06;"Normandie";"Production décarbonée";6,352878999571
2021-07;"Normandie";"Production décarbonée";5,580966856133
2021-08;"Normandie";"Production décarbonée";5,359246745825
2021-09;"Normandie";"Production décarbonée";6,533444373164
2021-10;"Normandie";"Production décarbonée";6,387097965675
2021-11;"Normandie";"Production décarbonée";5,137762322633
2021-12;"Normandie";"Production décarbonée";5,561604401339
2022-01;"Normandie";"Production décarbonée";6,6888260545165
2022-02;"Normandie";"Production décarbonée";5,541021277725
2022-03;"Normandie";"Production décarbonée";5,171252202987
2022-04;"Normandie";"Production décarbonée";3,3613595923985
2022-05;"Normandie";"Production décarbonée";2,7749612748665
2022-06;"Normandie";"Production décarbonée";2,805734099365
2022-07;"Normandie";"Production décarbonée";2,7649735080885
2022-08;"Normandie";"Production décarbonée";2,885048250136
2022-09;"Normandie";"Production décarbonée";2,660154806493
2022-10;"Normandie";"Production décarbonée";3,208224126041
2022-11;"Normandie";"Production décarbonée";3,8621082157585
2022-12;"Normandie";"Production décarbonée";4,5754011396615
2023-01;"Normandie";"Production décarbonée";4,7415422625825
2023-02;"Normandie";"Production décarbonée";3,68681365661
2023-03;"Normandie";"Production décarbonée";3,0073737124775
2023-04;"Normandie";"Production décarbonée";3,1344930966905
2023-05;"Normandie";"Production décarbonée";2,914316516227
2023-06;"Normandie";"Production décarbonée";3,7986116549905
2023-07;"Normandie";"Production décarbonée";4,715097851765
2023-08;"Normandie";"Production décarbonée";5,7804591266045
2023-09;"Normandie";"Production décarbonée";6,2321601837895
2023-10;"Normandie";"Production décarbonée";7,317436550678
2023-11;"Normandie";"Production décarbonée";5,251822045375
2023-12;"Normandie";"Production décarbonée";7,401199108558
2024-01;"Normandie";"Production décarbonée";7,6292958260185
2024-02;"Normandie";"Production décarbonée";6,245332598617
2024-03;"Normandie";"Production décarbonée";6,0906226996395
2024-04;"Normandie";"Production décarbonée";5,4293184838415
2024-05;"Normandie";"Production décarbonée";5,197686126717
2024-06;"Normandie";"Production décarbonée";3,921526754658
2024-07;"Normandie";"Production décarbonée";4,871777353611
2024-08;"Normandie";"Production décarbonée";5,4524560084595
2024-09;"Normandie";"Production décarbonée";5,0210927533325
2024-10;"Normandie";"Production décarbonée";5,8592150166055
2024-11;"Normandie";"Production décarbonée";4,643999133147
2024-12;"Normandie";"Production décarbonée";4,713924892461
2025-01;"Normandie";"Production décarbonée";4,9202788858485
2025-02;"Normandie";"Production décarbonée";5,1807911424525
2025-03;"Normandie";"Production décarbonée";5,121631154575
2025-04;"Normandie";"Production décarbonée";4,974318094519
2025-05;"Normandie";"Production décarbonée";6,0214949453905
2025-06;"Normandie";"Production décarbonée";5,789786437189
2025-07;"Normandie";"Production décarbonée";6,808660524343
2025-08;"Normandie";"Production décarbonée";6,200083485795
2025-09;"Normandie";"Production décarbonée";6,1041404746525
2025-10;"Normandie";"Production décarbonée";7,6714186328755
2025-11;"Normandie";"Production décarbonée";7,28589985303
2014-01;"Hauts-de-France";"Thermique renouvelable et déchets";0,047096371998
2014-02;"Hauts-de-France";"Thermique renouvelable et déchets";0,042376274331
2014-03;"Hauts-de-France";"Thermique renouvelable et déchets";0,045147094835
2014-04;"Hauts-de-France";"Thermique renouvelable et déchets";0,038884186
2014-05;"Hauts-de-France";"Thermique renouvelable et déchets";0,047424214166
2014-06;"Hauts-de-France";"Thermique renouvelable et déchets";0,046185317164
2014-07;"Hauts-de-France";"Thermique renouvelable et déchets";0,046338161999
2014-08;"Hauts-de-France";"Thermique renouvelable et déchets";0,047260152
2014-09;"Hauts-de-France";"Thermique renouvelable et déchets";0,040912807165
2014-10;"Hauts-de-France";"Thermique renouvelable et déchets";0,038197664834
2014-11;"Hauts-de-France";"Thermique renouvelable et déchets";0,052196711667
2014-12;"Hauts-de-France";"Thermique renouvelable et déchets";0,055502774334
2015-01;"Hauts-de-France";"Thermique renouvelable et déchets";0,053326428667
2015-02;"Hauts-de-France";"Thermique renouvelable et déchets";0,050126292834
2015-03;"Hauts-de-France";"Thermique renouvelable et déchets";0,055458963666
2015-04;"Hauts-de-France";"Thermique renouvelable et déchets";0,048285529
2015-05;"Hauts-de-France";"Thermique renouvelable et déchets";0,057275603164
2015-06;"Hauts-de-France";"Thermique renouvelable et déchets";0,057695215336
2015-07;"Hauts-de-France";"Thermique renouvelable et déchets";0,056643424166
2015-08;"Hauts-de-France";"Thermique renouvelable et déchets";0,058070564004
2015-09;"Hauts-de-France";"Thermique renouvelable et déchets";0,053356443001
2015-10;"Hauts-de-France";"Thermique renouvelable et déchets";0,049967424167
2015-11;"Hauts-de-France";"Thermique renouvelable et déchets";0,052510423332
2015-12;"Hauts-de-France";"Thermique renouvelable et déchets";0,061258520002
2016-01;"Hauts-de-France";"Thermique renouvelable et déchets";0,062733376834
2016-02;"Hauts-de-France";"Thermique renouvelable et déchets";0,056699334667
2016-03;"Hauts-de-France";"Thermique renouvelable et déchets";0,058389437168
2016-04;"Hauts-de-France";"Thermique renouvelable et déchets";0,056886452
2016-05;"Hauts-de-France";"Thermique renouvelable et déchets";0,060069676334
2016-06;"Hauts-de-France";"Thermique renouvelable et déchets";0,053359193665
2016-07;"Hauts-de-France";"Thermique renouvelable et déchets";0,057583868335
2016-08;"Hauts-de-France";"Thermique renouvelable et déchets";0,061214230332
2016-09;"Hauts-de-France";"Thermique renouvelable et déchets";0,058648846333
2016-10;"Hauts-de-France";"Thermique renouvelable et déchets";0,057815323668
2016-11;"Hauts-de-France";"Thermique renouvelable et déchets";0,056195495833
2016-12;"Hauts-de-France";"Thermique renouvelable et déchets";0,051065324333
2017-01;"Hauts-de-France";"Thermique renouvelable et déchets";0,049945306666
2017-02;"Hauts-de-France";"Thermique renouvelable et déchets";0,054114952333
2017-03;"Hauts-de-France";"Thermique renouvelable et déchets";0,056864756167
2017-04;"Hauts-de-France";"Thermique renouvelable et déchets";0,052151478163
2017-05;"Hauts-de-France";"Thermique renouvelable et déchets";0,056996848334
2017-06;"Hauts-de-France";"Thermique renouvelable et déchets";0,056409889999
2017-07;"Hauts-de-France";"Thermique renouvelable et déchets";0,062587209666
2017-08;"Hauts-de-France";"Thermique renouvelable et déchets";0,0640677695
2017-09;"Hauts-de-France";"Thermique renouvelable et déchets";0,061319680168
2017-10;"Hauts-de-France";"Thermique renouvelable et déchets";0,052636732167
2017-11;"Hauts-de-France";"Thermique renouvelable et déchets";0,062252441333
2017-12;"Hauts-de-France";"Thermique renouvelable et déchets";0,065588138668
2018-01;"Hauts-de-France";"Thermique renouvelable et déchets";0,063767524336
2018-02;"Hauts-de-France";"Thermique renouvelable et déchets";0,060111783165
2018-03;"Hauts-de-France";"Thermique renouvelable et déchets";0,064999027332
2018-04;"Hauts-de-France";"Thermique renouvelable et déchets";0,0670626875
2018-05;"Hauts-de-France";"Thermique renouvelable et déchets";0,068504748834
2018-06;"Hauts-de-France";"Thermique renouvelable et déchets";0,064614579834
2018-07;"Hauts-de-France";"Thermique renouvelable et déchets";0,069288169498
2018-08;"Hauts-de-France";"Thermique renouvelable et déchets";0,071303815499
2018-09;"Hauts-de-France";"Thermique renouvelable et déchets";0,06632413
2018-10;"Hauts-de-France";"Thermique renouvelable et déchets";0,060703876666
2018-11;"Hauts-de-France";"Thermique renouvelable et déchets";0,0615838745
2018-12;"Hauts-de-France";"Thermique renouvelable et déchets";0,063361656667
2019-01;"Hauts-de-France";"Thermique renouvelable et déchets";0,069046113501
2019-02;"Hauts-de-France";"Thermique renouvelable et déchets";0,060834305833
2019-03;"Hauts-de-France";"Thermique renouvelable et déchets";0,065409668499
2019-04;"Hauts-de-France";"Thermique renouvelable et déchets";0,064999397
2019-05;"Hauts-de-France";"Thermique renouvelable et déchets";0,068504189167
2019-06;"Hauts-de-France";"Thermique renouvelable et déchets";0,066432315333
2019-07;"Hauts-de-France";"Thermique renouvelable et déchets";0,071731571334
2019-08;"Hauts-de-France";"Thermique renouvelable et déchets";0,071668803665
2019-09;"Hauts-de-France";"Thermique renouvelable et déchets";0,065904303168
2019-10;"Hauts-de-France";"Thermique renouvelable et déchets";0,070155123332
2019-11;"Hauts-de-France";"Thermique renouvelable et déchets";0,069726385667
2019-12;"Hauts-de-France";"Thermique renouvelable et déchets";0,070515143666
2020-01;"Hauts-de-France";"Thermique renouvelable et déchets";0,071788039999
2020-02;"Hauts-de-France";"Thermique renouvelable et déchets";0,064690252163
2020-03;"Hauts-de-France";"Thermique renouvelable et déchets";0,072851943
2020-04;"Hauts-de-France";"Thermique renouvelable et déchets";0,068798865
2020-05;"Hauts-de-France";"Thermique renouvelable et déchets";0,068432937498
2020-06;"Hauts-de-France";"Thermique renouvelable et déchets";0,065558650333
2020-07;"Hauts-de-France";"Thermique renouvelable et déchets";0,067989431501
2020-08;"Hauts-de-France";"Thermique renouvelable et déchets";0,069052862501
2020-09;"Hauts-de-France";"Thermique renouvelable et déchets";0,064537038501
2020-10;"Hauts-de-France";"Thermique renouvelable et déchets";0,066151571334
2020-11;"Hauts-de-France";"Thermique renouvelable et déchets";0,066252880001
2020-12;"Hauts-de-France";"Thermique renouvelable et déchets";0,071893066666
2021-01;"Hauts-de-France";"Thermique renouvelable et déchets";0,070130102167
2021-02;"Hauts-de-France";"Thermique renouvelable et déchets";0,060169528501
2021-03;"Hauts-de-France";"Thermique renouvelable et déchets";0,069550655169
2021-04;"Hauts-de-France";"Thermique renouvelable et déchets";0,063510511165
2021-05;"Hauts-de-France";"Thermique renouvelable et déchets";0,065769706
2021-06;"Hauts-de-France";"Thermique renouvelable et déchets";0,060411073835
2021-07;"Hauts-de-France";"Thermique renouvelable et déchets";0,06569613
2021-08;"Hauts-de-France";"Thermique renouvelable et déchets";0,064871557668
2021-09;"Hauts-de-France";"Thermique renouvelable et déchets";0,059793833335
2021-10;"Hauts-de-France";"Thermique renouvelable et déchets";0,060406411502
2021-11;"Hauts-de-France";"Thermique renouvelable et déchets";0,058554013335
2021-12;"Hauts-de-France";"Thermique renouvelable et déchets";0,060947652667
2022-01;"Hauts-de-France";"Thermique renouvelable et déchets";0,062015702982
2022-02;"Hauts-de-France";"Thermique renouvelable et déchets";0,059544975531
2022-03;"Hauts-de-France";"Thermique renouvelable et déchets";0,0696174831555
2022-04;"Hauts-de-France";"Thermique renouvelable et déchets";0,0618696020985
2022-05;"Hauts-de-France";"Thermique renouvelable et déchets";0,067347166971
2022-06;"Hauts-de-France";"Thermique renouvelable et déchets";0,062396066776
2022-07;"Hauts-de-France";"Thermique renouvelable et déchets";0,0639842608035
2022-08;"Hauts-de-France";"Thermique renouvelable et déchets";0,0615785804435
2022-09;"Hauts-de-France";"Thermique renouvelable et déchets";0,057383570716
2022-10;"Hauts-de-France";"Thermique renouvelable et déchets";0,05164726571
2022-11;"Hauts-de-France";"Thermique renouvelable et déchets";0,053058197008
2022-12;"Hauts-de-France";"Thermique renouvelable et déchets";0,0619545272175
2023-01;"Hauts-de-France";"Thermique renouvelable et déchets";0,0671271321785
2023-02;"Hauts-de-France";"Thermique renouvelable et déchets";0,064593044246
2023-03;"Hauts-de-France";"Thermique renouvelable et déchets";0,0678795589425
2023-04;"Hauts-de-France";"Thermique renouvelable et déchets";0,0583531087205
2023-05;"Hauts-de-France";"Thermique renouvelable et déchets";0,063497178918
2023-06;"Hauts-de-France";"Thermique renouvelable et déchets";0,0639752273535
2023-07;"Hauts-de-France";"Thermique renouvelable et déchets";0,0673815037685
2023-08;"Hauts-de-France";"Thermique renouvelable et déchets";0,067804691554
2023-09;"Hauts-de-France";"Thermique renouvelable et déchets";0,0612022387485
2023-10;"Hauts-de-France";"Thermique renouvelable et déchets";0,061385152319
2023-11;"Hauts-de-France";"Thermique renouvelable et déchets";0,0651270354375
2023-12;"Hauts-de-France";"Thermique renouvelable et déchets";0,068596586284
2024-01;"Hauts-de-France";"Thermique renouvelable et déchets";0,0774423339805
2024-02;"Hauts-de-France";"Thermique renouvelable et déchets";0,075037010441
2024-03;"Hauts-de-France";"Thermique renouvelable et déchets";0,0748895434155
2024-04;"Hauts-de-France";"Thermique renouvelable et déchets";0,066197901709
2024-05;"Hauts-de-France";"Thermique renouvelable et déchets";0,0776771276005
2024-06;"Hauts-de-France";"Thermique renouvelable et déchets";0,0726914959865
2024-07;"Hauts-de-France";"Thermique renouvelable et déchets";0,0773736851835
2024-08;"Hauts-de-France";"Thermique renouvelable et déchets";0,0789205974765
2024-09;"Hauts-de-France";"Thermique renouvelable et déchets";0,067791172151
2024-10;"Hauts-de-France";"Thermique renouvelable et déchets";0,062124554512
2024-11;"Hauts-de-France";"Thermique renouvelable et déchets";0,0731087187125
2024-12;"Hauts-de-France";"Thermique renouvelable et déchets";0,079477701007
2025-01;"Hauts-de-France";"Thermique renouvelable et déchets";0,0761039822335
2025-02;"Hauts-de-France";"Thermique renouvelable et déchets";0,0682042402955
2025-03;"Hauts-de-France";"Thermique renouvelable et déchets";0,0761749508385
2025-04;"Hauts-de-France";"Thermique renouvelable et déchets";0,0687103740845
2025-05;"Hauts-de-France";"Thermique renouvelable et déchets";0,076765701658
2025-06;"Hauts-de-France";"Thermique renouvelable et déchets";0,068837852916
2025-07;"Hauts-de-France";"Thermique renouvelable et déchets";0,0730376027755
2025-08;"Hauts-de-France";"Thermique renouvelable et déchets";0,071706757931
2025-09;"Hauts-de-France";"Thermique renouvelable et déchets";0,0703252107915
2025-10;"Hauts-de-France";"Thermique renouvelable et déchets";0,070610202445
2025-11;"Hauts-de-France";"Thermique renouvelable et déchets";0,065746417135
2014-01;"Hauts-de-France";"Éolien";0,525158432
2014-02;"Hauts-de-France";"Éolien";0,561908842
2014-03;"Hauts-de-France";"Éolien";0,259029784
2014-04;"Hauts-de-France";"Éolien";0,186280169
2014-05;"Hauts-de-France";"Éolien";0,289098719
2014-06;"Hauts-de-France";"Éolien";0,147491438
2014-07;"Hauts-de-France";"Éolien";0,170405063
2014-08;"Hauts-de-France";"Éolien";0,241626179
2014-09;"Hauts-de-France";"Éolien";0,11981122
2014-10;"Hauts-de-France";"Éolien";0,319720245
2014-11;"Hauts-de-France";"Éolien";0,306465505
2014-12;"Hauts-de-France";"Éolien";0,515765302
2015-01;"Hauts-de-France";"Éolien";0,534661798
2015-02;"Hauts-de-France";"Éolien";0,395704364
2015-03;"Hauts-de-France";"Éolien";0,465519248
2015-04;"Hauts-de-France";"Éolien";0,317327022
2015-05;"Hauts-de-France";"Éolien";0,350819324
2015-06;"Hauts-de-France";"Éolien";0,315705091
2015-07;"Hauts-de-France";"Éolien";0,347574062
2015-08;"Hauts-de-France";"Éolien";0,231798183
2015-09;"Hauts-de-France";"Éolien";0,346406815
2015-10;"Hauts-de-France";"Éolien";0,241396005
2015-11;"Hauts-de-France";"Éolien";0,661129336
2015-12;"Hauts-de-France";"Éolien";0,758101303
2016-01;"Hauts-de-France";"Éolien";0,746280429
2016-02;"Hauts-de-France";"Éolien";0,685661666
2016-03;"Hauts-de-France";"Éolien";0,554542034
2016-04;"Hauts-de-France";"Éolien";0,382835776
2016-05;"Hauts-de-France";"Éolien";0,311948601
2016-06;"Hauts-de-France";"Éolien";0,253330281
2016-07;"Hauts-de-France";"Éolien";0,243481903
2016-08;"Hauts-de-France";"Éolien";0,315997278
2016-09;"Hauts-de-France";"Éolien";0,23745717
2016-10;"Hauts-de-France";"Éolien";0,288279505
2016-11;"Hauts-de-France";"Éolien";0,533676268
2016-12;"Hauts-de-France";"Éolien";0,388998446
2017-01;"Hauts-de-France";"Éolien";0,418442876
2017-02;"Hauts-de-France";"Éolien";0,598024786
2017-03;"Hauts-de-France";"Éolien";0,688256562
2017-04;"Hauts-de-France";"Éolien";0,27868278
2017-05;"Hauts-de-France";"Éolien";0,323023618
2017-06;"Hauts-de-France";"Éolien";0,392609604
2017-07;"Hauts-de-France";"Éolien";0,406685023
2017-08;"Hauts-de-France";"Éolien";0,280959571
2017-09;"Hauts-de-France";"Éolien";0,391143654
2017-10;"Hauts-de-France";"Éolien";0,589368353
2017-11;"Hauts-de-France";"Éolien";0,515023347
2017-12;"Hauts-de-France";"Éolien";0,84072283
2018-01;"Hauts-de-France";"Éolien";0,987605383
2018-02;"Hauts-de-France";"Éolien";0,749652698
2018-03;"Hauts-de-France";"Éolien";0,758702789
2018-04;"Hauts-de-France";"Éolien";0,53019589
2018-05;"Hauts-de-France";"Éolien";0,382374373
2018-06;"Hauts-de-France";"Éolien";0,350724184
2018-07;"Hauts-de-France";"Éolien";0,264076822
2018-08;"Hauts-de-France";"Éolien";0,379700678
2018-09;"Hauts-de-France";"Éolien";0,41441275
2018-10;"Hauts-de-France";"Éolien";0,595908263
2018-11;"Hauts-de-France";"Éolien";0,757174939
2018-12;"Hauts-de-France";"Éolien";0,973897048
2019-01;"Hauts-de-France";"Éolien";0,789564151
2019-02;"Hauts-de-France";"Éolien";0,734586035
2019-03;"Hauts-de-France";"Éolien";1,208841489
2019-04;"Hauts-de-France";"Éolien";0,551464532
2019-05;"Hauts-de-France";"Éolien";0,486005562
2019-06;"Hauts-de-France";"Éolien";0,511274806
2019-07;"Hauts-de-France";"Éolien";0,43220691
2019-08;"Hauts-de-France";"Éolien";0,45189349
2019-09;"Hauts-de-France";"Éolien";0,704955959
2019-10;"Hauts-de-France";"Éolien";0,9181117
2019-11;"Hauts-de-France";"Éolien";0,838007977
2019-12;"Hauts-de-France";"Éolien";1,306583288
2020-01;"Hauts-de-France";"Éolien";1,170084248
2020-02;"Hauts-de-France";"Éolien";1,828424267
2020-03;"Hauts-de-France";"Éolien";1,334410758
2020-04;"Hauts-de-France";"Éolien";0,610862397
2020-05;"Hauts-de-France";"Éolien";0,727453792
2020-06;"Hauts-de-France";"Éolien";0,569029335
2020-07;"Hauts-de-France";"Éolien";0,659773676
2020-08;"Hauts-de-France";"Éolien";0,605384165
2020-09;"Hauts-de-France";"Éolien";0,658437003
2020-10;"Hauts-de-France";"Éolien";1,292662595
2020-11;"Hauts-de-France";"Éolien";0,961275337
2020-12;"Hauts-de-France";"Éolien";1,235675872
2021-01;"Hauts-de-France";"Éolien";1,04662813
2021-02;"Hauts-de-France";"Éolien";1,224721562
2021-03;"Hauts-de-France";"Éolien";1,117708676
2021-04;"Hauts-de-France";"Éolien";0,783875315
2021-05;"Hauts-de-France";"Éolien";1,100650369
2021-06;"Hauts-de-France";"Éolien";0,349592626
2021-07;"Hauts-de-France";"Éolien";0,612201807
2021-08;"Hauts-de-France";"Éolien";0,660587218501
2021-09;"Hauts-de-France";"Éolien";0,453645584165
2021-10;"Hauts-de-France";"Éolien";1,078598715499
2021-11;"Hauts-de-France";"Éolien";0,734395768334
2021-12;"Hauts-de-France";"Éolien";1,199609191495
2022-01;"Hauts-de-France";"Éolien";0,869425979883
2022-02;"Hauts-de-France";"Éolien";1,734753279988
2022-03;"Hauts-de-France";"Éolien";0,935295109434
2022-04;"Hauts-de-France";"Éolien";1,092909460775
2022-05;"Hauts-de-France";"Éolien";0,580729799304
2022-06;"Hauts-de-France";"Éolien";0,490642955391
2022-07;"Hauts-de-France";"Éolien";0,443984649378
2022-08;"Hauts-de-France";"Éolien";0,535831131828
2022-09;"Hauts-de-France";"Éolien";0,58554239688
2022-10;"Hauts-de-France";"Éolien";0,958388149009
2022-11;"Hauts-de-France";"Éolien";1,507437897491
2022-12;"Hauts-de-France";"Éolien";1,246106572348
2023-01;"Hauts-de-France";"Éolien";1,645300865451
2023-02;"Hauts-de-France";"Éolien";0,970302687783
2023-03;"Hauts-de-France";"Éolien";1,711130646086
2023-04;"Hauts-de-France";"Éolien";1,016636540989
2023-05;"Hauts-de-France";"Éolien";0,934045105915
2023-06;"Hauts-de-France";"Éolien";0,642086847595
2023-07;"Hauts-de-France";"Éolien";1,020185672505
2023-08;"Hauts-de-France";"Éolien";0,738309511964
2023-09;"Hauts-de-France";"Éolien";0,657112143885
2023-10;"Hauts-de-France";"Éolien";1,207149430835
2023-11;"Hauts-de-France";"Éolien";1,874204471396
2023-12;"Hauts-de-France";"Éolien";2,116655179375
2024-01;"Hauts-de-France";"Éolien";1,596205096777
2024-02;"Hauts-de-France";"Éolien";1,760469252078
2024-03;"Hauts-de-France";"Éolien";1,160139087389
2024-04;"Hauts-de-France";"Éolien";1,251239544432
2024-05;"Hauts-de-France";"Éolien";0,571888564333
2024-06;"Hauts-de-France";"Éolien";0,582347204518
2024-07;"Hauts-de-France";"Éolien";0,55824891323
2024-08;"Hauts-de-France";"Éolien";0,585602805933
2024-09;"Hauts-de-France";"Éolien";1,022287568872
2024-10;"Hauts-de-France";"Éolien";0,812554801321
2024-11;"Hauts-de-France";"Éolien";1,009776693158
2024-12;"Hauts-de-France";"Éolien";1,579595437877
2025-01;"Hauts-de-France";"Éolien";1,293674003112
2025-02;"Hauts-de-France";"Éolien";0,985321840436
2025-03;"Hauts-de-France";"Éolien";0,905722148253
2025-04;"Hauts-de-France";"Éolien";0,842366235162
2025-05;"Hauts-de-France";"Éolien";0,943046123969
2025-06;"Hauts-de-France";"Éolien";0,669848982835
2025-07;"Hauts-de-France";"Éolien";0,674875410042
2025-08;"Hauts-de-France";"Éolien";0,675234279033
2025-09;"Hauts-de-France";"Éolien";1,128917168213
2025-10;"Hauts-de-France";"Éolien";1,380568551696
2025-11;"Hauts-de-France";"Éolien";1,459888890445
2014-01;"Hauts-de-France";"Solaire";0,00291134
2014-02;"Hauts-de-France";"Solaire";0,005151547
2014-03;"Hauts-de-France";"Solaire";0,011872344
2014-04;"Hauts-de-France";"Solaire";0,013366253
2014-05;"Hauts-de-France";"Solaire";0,01482769
2014-06;"Hauts-de-France";"Solaire";0,016598477
2014-07;"Hauts-de-France";"Solaire";0,01424129
2014-08;"Hauts-de-France";"Solaire";0,013112401
2014-09;"Hauts-de-France";"Solaire";0,011788186
2014-10;"Hauts-de-France";"Solaire";0,007274083
2014-11;"Hauts-de-France";"Solaire";0,004215534
2014-12;"Hauts-de-France";"Solaire";0,002102406
2015-01;"Hauts-de-France";"Solaire";0,003033987
2015-02;"Hauts-de-France";"Solaire";0,005631488
2015-03;"Hauts-de-France";"Solaire";0,010090471
2015-04;"Hauts-de-France";"Solaire";0,01573996
2015-05;"Hauts-de-France";"Solaire";0,015635427
2015-06;"Hauts-de-France";"Solaire";0,019025785
2015-07;"Hauts-de-France";"Solaire";0,015874028
2015-08;"Hauts-de-France";"Solaire";0,014947574
2015-09;"Hauts-de-France";"Solaire";0,011539838
2015-10;"Hauts-de-France";"Solaire";0,007398643
2015-11;"Hauts-de-France";"Solaire";0,003755731
2015-12;"Hauts-de-France";"Solaire";0,003327975
2016-01;"Hauts-de-France";"Solaire";0,005595107
2016-02;"Hauts-de-France";"Solaire";0,007421536
2016-03;"Hauts-de-France";"Solaire";0,011649759
2016-04;"Hauts-de-France";"Solaire";0,014947765
2016-05;"Hauts-de-France";"Solaire";0,017289861
2016-06;"Hauts-de-France";"Solaire";0,014452831
2016-07;"Hauts-de-France";"Solaire";0,018467134
2016-08;"Hauts-de-France";"Solaire";0,017638276
2016-09;"Hauts-de-France";"Solaire";0,013884606
2016-10;"Hauts-de-France";"Solaire";0,014239144
2016-11;"Hauts-de-France";"Solaire";0,006121524
2016-12;"Hauts-de-France";"Solaire";0,00628036
2017-01;"Hauts-de-France";"Solaire";0,003857668
2017-02;"Hauts-de-France";"Solaire";0,004224534
2017-03;"Hauts-de-France";"Solaire";0,010525799
2017-04;"Hauts-de-France";"Solaire";0,015602571
2017-05;"Hauts-de-France";"Solaire";0,017113247
2017-06;"Hauts-de-France";"Solaire";0,019466197
2017-07;"Hauts-de-France";"Solaire";0,016846252
2017-08;"Hauts-de-France";"Solaire";0,015014832
2017-09;"Hauts-de-France";"Solaire";0,011764972
2017-10;"Hauts-de-France";"Solaire";0,00847612
2017-11;"Hauts-de-France";"Solaire";0,004998764
2017-12;"Hauts-de-France";"Solaire";0,0025438
2018-01;"Hauts-de-France";"Solaire";0,001762539
2018-02;"Hauts-de-France";"Solaire";0,008529001
2018-03;"Hauts-de-France";"Solaire";0,007906583
2018-04;"Hauts-de-France";"Solaire";0,014019104
2018-05;"Hauts-de-France";"Solaire";0,019015951
2018-06;"Hauts-de-France";"Solaire";0,018224473
2018-07;"Hauts-de-France";"Solaire";0,020264236
2018-08;"Hauts-de-France";"Solaire";0,018025041
2018-09;"Hauts-de-France";"Solaire";0,015251194
2018-10;"Hauts-de-France";"Solaire";0,012632298
2018-11;"Hauts-de-France";"Solaire";0,007407372
2018-12;"Hauts-de-France";"Solaire";0,00167569
2019-01;"Hauts-de-France";"Solaire";0,004227381
2019-02;"Hauts-de-France";"Solaire";0,009821945
2019-03;"Hauts-de-France";"Solaire";0,01300356
2019-04;"Hauts-de-France";"Solaire";0,015827125
2019-05;"Hauts-de-France";"Solaire";0,020042699
2019-06;"Hauts-de-France";"Solaire";0,021530147
2019-07;"Hauts-de-France";"Solaire";0,02218117
2019-08;"Hauts-de-France";"Solaire";0,020272902
2019-09;"Hauts-de-France";"Solaire";0,016349633
2019-10;"Hauts-de-France";"Solaire";0,01047931
2019-11;"Hauts-de-France";"Solaire";0,006510181
2019-12;"Hauts-de-France";"Solaire";0,005861598
2020-01;"Hauts-de-France";"Solaire";0,004854174
2020-02;"Hauts-de-France";"Solaire";0,007690176
2020-03;"Hauts-de-France";"Solaire";0,012871566
2020-04;"Hauts-de-France";"Solaire";0,019506278
2020-05;"Hauts-de-France";"Solaire";0,023776998
2020-06;"Hauts-de-France";"Solaire";0,02081364
2020-07;"Hauts-de-France";"Solaire";0,022693526
2020-08;"Hauts-de-France";"Solaire";0,021292234
2020-09;"Hauts-de-France";"Solaire";0,017323487
2020-10;"Hauts-de-France";"Solaire";0,009722204
2020-11;"Hauts-de-France";"Solaire";0,007498396
2020-12;"Hauts-de-France";"Solaire";0,005033198
2021-01;"Hauts-de-France";"Solaire";0,003868861
2021-02;"Hauts-de-France";"Solaire";0,009142137
2021-03;"Hauts-de-France";"Solaire";0,020233863
2021-04;"Hauts-de-France";"Solaire";0,025928063
2021-05;"Hauts-de-France";"Solaire";0,031384094
2021-06;"Hauts-de-France";"Solaire";0,035463127
2021-07;"Hauts-de-France";"Solaire";0,038380173
2021-08;"Hauts-de-France";"Solaire";0,035842927
2021-09;"Hauts-de-France";"Solaire";0,035896974
2021-10;"Hauts-de-France";"Solaire";0,024674139
2021-11;"Hauts-de-France";"Solaire";0,01270826
2021-12;"Hauts-de-France";"Solaire";0,006802939
2022-01;"Hauts-de-France";"Solaire";0,013320797924
2022-02;"Hauts-de-France";"Solaire";0,023196939755
2022-03;"Hauts-de-France";"Solaire";0,045252948192
2022-04;"Hauts-de-France";"Solaire";0,0531372924
2022-05;"Hauts-de-France";"Solaire";0,061109648144
2022-06;"Hauts-de-France";"Solaire";0,062538502203
2022-07;"Hauts-de-France";"Solaire";0,06830121455
2022-08;"Hauts-de-France";"Solaire";0,064141045043
2022-09;"Hauts-de-France";"Solaire";0,045504240098
2022-10;"Hauts-de-France";"Solaire";0,034645017239
2022-11;"Hauts-de-France";"Solaire";0,017555479565
2022-12;"Hauts-de-France";"Solaire";0,008928418328
2023-01;"Hauts-de-France";"Solaire";0,01158734842
2023-02;"Hauts-de-France";"Solaire";0,027634891191
2023-03;"Hauts-de-France";"Solaire";0,037502541477
2023-04;"Hauts-de-France";"Solaire";0,053653515711
2023-05;"Hauts-de-France";"Solaire";0,073197895532
2023-06;"Hauts-de-France";"Solaire";0,090041224492
2023-07;"Hauts-de-France";"Solaire";0,073126759711
2023-08;"Hauts-de-France";"Solaire";0,07208397245
2023-09;"Hauts-de-France";"Solaire";0,064434648776
2023-10;"Hauts-de-France";"Solaire";0,041110701543
2023-11;"Hauts-de-France";"Solaire";0,019215877348
2023-12;"Hauts-de-France";"Solaire";0,011584486193
2024-01;"Hauts-de-France";"Solaire";0,017101533218
2024-02;"Hauts-de-France";"Solaire";0,019151333148
2024-03;"Hauts-de-France";"Solaire";0,048036404615
2024-04;"Hauts-de-France";"Solaire";0,059993811219
2024-05;"Hauts-de-France";"Solaire";0,071955550336
2024-06;"Hauts-de-France";"Solaire";0,083317456907
2024-07;"Hauts-de-France";"Solaire";0,086411676774
2024-08;"Hauts-de-France";"Solaire";0,092302131323
2024-09;"Hauts-de-France";"Solaire";0,067188760691
2024-10;"Hauts-de-France";"Solaire";0,047251208258
2024-11;"Hauts-de-France";"Solaire";0,019558337684
2024-12;"Hauts-de-France";"Solaire";0,013811065299
2025-01;"Hauts-de-France";"Solaire";0,015784377949
2025-02;"Hauts-de-France";"Solaire";0,031765072028
2025-03;"Hauts-de-France";"Solaire";0,07999734322
2025-04;"Hauts-de-France";"Solaire";0,096094505108
2025-05;"Hauts-de-France";"Solaire";0,104007484748
2025-06;"Hauts-de-France";"Solaire";0,1166960452
2025-07;"Hauts-de-France";"Solaire";0,133774694783
2025-08;"Hauts-de-France";"Solaire";0,122133780499
2025-09;"Hauts-de-France";"Solaire";0,089369818058
2025-10;"Hauts-de-France";"Solaire";0,053220463973
2025-11;"Hauts-de-France";"Solaire";0,027195503788
2014-01;"Hauts-de-France";"Nucléaire";4,00864136
2014-02;"Hauts-de-France";"Nucléaire";3,343352379
2014-03;"Hauts-de-France";"Nucléaire";3,138500142
2014-04;"Hauts-de-France";"Nucléaire";1,968521152
2014-05;"Hauts-de-France";"Nucléaire";2,392271944
2014-06;"Hauts-de-France";"Nucléaire";2,054763796
2014-07;"Hauts-de-France";"Nucléaire";2,387899276
2014-08;"Hauts-de-France";"Nucléaire";2,62783949
2014-09;"Hauts-de-France";"Nucléaire";2,544296709
2014-10;"Hauts-de-France";"Nucléaire";3,038621496
2014-11;"Hauts-de-France";"Nucléaire";3,435853168
2014-12;"Hauts-de-France";"Nucléaire";3,741204703
2015-01;"Hauts-de-France";"Nucléaire";3,892397486
2015-02;"Hauts-de-France";"Nucléaire";3,674400133
2015-03;"Hauts-de-France";"Nucléaire";3,484013346
2015-04;"Hauts-de-France";"Nucléaire";2,48336304
2015-05;"Hauts-de-France";"Nucléaire";2,574376341
2015-06;"Hauts-de-France";"Nucléaire";3,040985479
2015-07;"Hauts-de-France";"Nucléaire";3,204493488
2015-08;"Hauts-de-France";"Nucléaire";2,418293763
2015-09;"Hauts-de-France";"Nucléaire";2,590995979
2015-10;"Hauts-de-France";"Nucléaire";3,179273564
2015-11;"Hauts-de-France";"Nucléaire";3,092649194
2015-12;"Hauts-de-France";"Nucléaire";3,842333691
2016-01;"Hauts-de-France";"Nucléaire";3,667359839
2016-02;"Hauts-de-France";"Nucléaire";2,866306518
2016-03;"Hauts-de-France";"Nucléaire";3,642567486
2016-04;"Hauts-de-France";"Nucléaire";2,516215549
2016-05;"Hauts-de-France";"Nucléaire";2,407103946
2016-06;"Hauts-de-France";"Nucléaire";2,805795636
2016-07;"Hauts-de-France";"Nucléaire";2,519425439
2016-08;"Hauts-de-France";"Nucléaire";2,181169085
2016-09;"Hauts-de-France";"Nucléaire";2,168785722
2016-10;"Hauts-de-France";"Nucléaire";1,981458611
2016-11;"Hauts-de-France";"Nucléaire";2,073232672
2016-12;"Hauts-de-France";"Nucléaire";2,39783583
2017-01;"Hauts-de-France";"Nucléaire";3,043234036667
2017-02;"Hauts-de-France";"Nucléaire";2,457060181
2017-03;"Hauts-de-France";"Nucléaire";2,689561523
2017-04;"Hauts-de-France";"Nucléaire";2,175741874
2017-05;"Hauts-de-France";"Nucléaire";2,562661282165
2017-06;"Hauts-de-France";"Nucléaire";2,281458664331
2017-07;"Hauts-de-France";"Nucléaire";1,7539937895
2017-08;"Hauts-de-France";"Nucléaire";2,792172243
2017-09;"Hauts-de-France";"Nucléaire";3,100668362
2017-10;"Hauts-de-France";"Nucléaire";2,424268234499
2017-11;"Hauts-de-France";"Nucléaire";2,815928338334
2017-12;"Hauts-de-France";"Nucléaire";3,339947388501
2018-01;"Hauts-de-France";"Nucléaire";3,929464200002
2018-02;"Hauts-de-France";"Nucléaire";3,533638673166
2018-03;"Hauts-de-France";"Nucléaire";3,341121340999
2018-04;"Hauts-de-France";"Nucléaire";2,46035865
2018-05;"Hauts-de-France";"Nucléaire";2,472979880001
2018-06;"Hauts-de-France";"Nucléaire";2,235707359834
2018-07;"Hauts-de-France";"Nucléaire";2,524570567
2018-08;"Hauts-de-France";"Nucléaire";2,237464795
2018-09;"Hauts-de-France";"Nucléaire";1,760666851667
2018-10;"Hauts-de-France";"Nucléaire";3,112524914834
2018-11;"Hauts-de-France";"Nucléaire";3,021947965169
2018-12;"Hauts-de-France";"Nucléaire";3,936728969502
2019-01;"Hauts-de-France";"Nucléaire";4,035176628998
2019-02;"Hauts-de-France";"Nucléaire";3,335553132
2019-03;"Hauts-de-France";"Nucléaire";3,236364745498
2019-04;"Hauts-de-France";"Nucléaire";2,617310587166
2019-05;"Hauts-de-France";"Nucléaire";2,491020135834
2019-06;"Hauts-de-France";"Nucléaire";1,748177955833
2019-07;"Hauts-de-France";"Nucléaire";2,427873309332
2019-08;"Hauts-de-France";"Nucléaire";2,353969737835
2019-09;"Hauts-de-France";"Nucléaire";2,268207907001
2019-10;"Hauts-de-France";"Nucléaire";1,946790059667
2019-11;"Hauts-de-France";"Nucléaire";2,411641635334
2019-12;"Hauts-de-France";"Nucléaire";3,2146536225
2020-01;"Hauts-de-France";"Nucléaire";3,105844193168
2020-02;"Hauts-de-France";"Nucléaire";2,852531003999
2020-03;"Hauts-de-France";"Nucléaire";3,328927861499
2020-04;"Hauts-de-France";"Nucléaire";3,085622192331
2020-05;"Hauts-de-France";"Nucléaire";3,134783106001
2020-06;"Hauts-de-France";"Nucléaire";2,391364547501
2020-07;"Hauts-de-France";"Nucléaire";2,344548997
2020-08;"Hauts-de-France";"Nucléaire";2,749891738833
2020-09;"Hauts-de-France";"Nucléaire";2,132152539
2020-10;"Hauts-de-France";"Nucléaire";1,980351949
2020-11;"Hauts-de-France";"Nucléaire";2,732727183667
2020-12;"Hauts-de-France";"Nucléaire";2,767375880999
2021-01;"Hauts-de-France";"Nucléaire";3,383766903666
2021-02;"Hauts-de-France";"Nucléaire";2,5139567715
2021-03;"Hauts-de-France";"Nucléaire";2,905942972834
2021-04;"Hauts-de-France";"Nucléaire";2,538883525501
2021-05;"Hauts-de-France";"Nucléaire";2,918661117666
2021-06;"Hauts-de-France";"Nucléaire";2,34742816
2021-07;"Hauts-de-France";"Nucléaire";2,436439913
2021-08;"Hauts-de-France";"Nucléaire";2,375362277
2021-09;"Hauts-de-France";"Nucléaire";1,830844325
2021-10;"Hauts-de-France";"Nucléaire";1,954770244
2021-11;"Hauts-de-France";"Nucléaire";2,265736955
2021-12;"Hauts-de-France";"Nucléaire";2,352709406
2022-01;"Hauts-de-France";"Nucléaire";2,250564538
2022-02;"Hauts-de-France";"Nucléaire";2,067966426
2022-03;"Hauts-de-France";"Nucléaire";2,261178797
2022-04;"Hauts-de-France";"Nucléaire";2,233133727
2022-05;"Hauts-de-France";"Nucléaire";2,578273777
2022-06;"Hauts-de-France";"Nucléaire";2,487549784116
2022-07;"Hauts-de-France";"Nucléaire";1,846338525867
2022-08;"Hauts-de-France";"Nucléaire";1,827758941612
2022-09;"Hauts-de-France";"Nucléaire";2,367603180518
2022-10;"Hauts-de-France";"Nucléaire";3,087709076914
2022-11;"Hauts-de-France";"Nucléaire";2,482305195471
2022-12;"Hauts-de-France";"Nucléaire";2,694421941887
2023-01;"Hauts-de-France";"Nucléaire";3,147078858666
2023-02;"Hauts-de-France";"Nucléaire";3,15918479417
2023-03;"Hauts-de-France";"Nucléaire";3,182302305497
2023-04;"Hauts-de-France";"Nucléaire";2,798089619503
2023-05;"Hauts-de-France";"Nucléaire";2,582881616335
2023-06;"Hauts-de-France";"Nucléaire";2,091906132333
2023-07;"Hauts-de-France";"Nucléaire";1,660005467166
2023-08;"Hauts-de-France";"Nucléaire";1,158393908841
2023-09;"Hauts-de-France";"Nucléaire";1,653354238335
2023-10;"Hauts-de-France";"Nucléaire";2,036998075831
2023-11;"Hauts-de-France";"Nucléaire";2,591462321497
2023-12;"Hauts-de-France";"Nucléaire";2,677494672167
2024-01;"Hauts-de-France";"Nucléaire";2,924369834339
2024-02;"Hauts-de-France";"Nucléaire";2,444217146171
2024-03;"Hauts-de-France";"Nucléaire";3,083138466585
2024-04;"Hauts-de-France";"Nucléaire";2,391711937918
2024-05;"Hauts-de-France";"Nucléaire";2,874952260505
2024-06;"Hauts-de-France";"Nucléaire";2,801750588496
2024-07;"Hauts-de-France";"Nucléaire";3,12040485316
2024-08;"Hauts-de-France";"Nucléaire";2,209418860999
2024-09;"Hauts-de-France";"Nucléaire";2,345004256001
2024-10;"Hauts-de-France";"Nucléaire";2,154352655004
2024-11;"Hauts-de-France";"Nucléaire";3,036245765166
2024-12;"Hauts-de-France";"Nucléaire";3,379010543498
2025-01;"Hauts-de-France";"Nucléaire";3,657047032416
2025-02;"Hauts-de-France";"Nucléaire";2,926061975748
2025-03;"Hauts-de-France";"Nucléaire";2,461213097418
2025-04;"Hauts-de-France";"Nucléaire";2,483689540583
2025-05;"Hauts-de-France";"Nucléaire";2,022286929417
2025-06;"Hauts-de-France";"Nucléaire";2,396382743504
2025-07;"Hauts-de-France";"Nucléaire";3,316237181498
2025-08;"Hauts-de-France";"Nucléaire";1,836205475247
2025-09;"Hauts-de-France";"Nucléaire";2,383930267082
2025-10;"Hauts-de-France";"Nucléaire";2,455611980002
2025-11;"Hauts-de-France";"Nucléaire";2,991867659832
2014-01;"Hauts-de-France";"Hydraulique";0,001564308
2014-02;"Hauts-de-France";"Hydraulique";0,001374338
2014-03;"Hauts-de-France";"Hydraulique";0,001673402
2014-04;"Hauts-de-France";"Hydraulique";0,001518653
2014-05;"Hauts-de-France";"Hydraulique";0,001506494
2014-06;"Hauts-de-France";"Hydraulique";0,000935192
2014-07;"Hauts-de-France";"Hydraulique";0,000814322
2014-08;"Hauts-de-France";"Hydraulique";0,001039739
2014-09;"Hauts-de-France";"Hydraulique";0,000649233
2014-10;"Hauts-de-France";"Hydraulique";0,000805661
2014-11;"Hauts-de-France";"Hydraulique";0,00134172
2014-12;"Hauts-de-France";"Hydraulique";0,001405194
2015-01;"Hauts-de-France";"Hydraulique";0,001556936
2015-02;"Hauts-de-France";"Hydraulique";0,001436614
2015-03;"Hauts-de-France";"Hydraulique";0,001722082
2015-04;"Hauts-de-France";"Hydraulique";0,001689385
2015-05;"Hauts-de-France";"Hydraulique";0,00160802
2015-06;"Hauts-de-France";"Hydraulique";0,000956206
2015-07;"Hauts-de-France";"Hydraulique";0,000457133
2015-08;"Hauts-de-France";"Hydraulique";0,0002953
2015-09;"Hauts-de-France";"Hydraulique";0,000522748
2015-10;"Hauts-de-France";"Hydraulique";0,000447755
2015-11;"Hauts-de-France";"Hydraulique";0,000776965
2015-12;"Hauts-de-France";"Hydraulique";0,001687966
2016-01;"Hauts-de-France";"Hydraulique";0,00172529
2016-02;"Hauts-de-France";"Hydraulique";0,001432047
2016-03;"Hauts-de-France";"Hydraulique";0,001808036
2016-04;"Hauts-de-France";"Hydraulique";0,001808392
2016-05;"Hauts-de-France";"Hydraulique";0,001753945
2016-06;"Hauts-de-France";"Hydraulique";0,001428987
2016-07;"Hauts-de-France";"Hydraulique";0,001640309
2016-08;"Hauts-de-France";"Hydraulique";0,001201342
2016-09;"Hauts-de-France";"Hydraulique";0,000640842
2016-10;"Hauts-de-France";"Hydraulique";0,000627729
2016-11;"Hauts-de-France";"Hydraulique";0,00074208
2016-12;"Hauts-de-France";"Hydraulique";0,000747802
2017-01;"Hauts-de-France";"Hydraulique";0,000990978
2017-02;"Hauts-de-France";"Hydraulique";0,00135693
2017-03;"Hauts-de-France";"Hydraulique";0,00140416
2017-04;"Hauts-de-France";"Hydraulique";0,001311416
2017-05;"Hauts-de-France";"Hydraulique";0,00096022
2017-06;"Hauts-de-France";"Hydraulique";0,000446752
2017-07;"Hauts-de-France";"Hydraulique";0,000261164
2017-08;"Hauts-de-France";"Hydraulique";0,000284734
2017-09;"Hauts-de-France";"Hydraulique";0,000592001
2017-10;"Hauts-de-France";"Hydraulique";0,00073448
2017-11;"Hauts-de-France";"Hydraulique";0,000981575
2017-12;"Hauts-de-France";"Hydraulique";0,00133303
2018-01;"Hauts-de-France";"Hydraulique";0,001157142
2018-02;"Hauts-de-France";"Hydraulique";0,001292657
2018-03;"Hauts-de-France";"Hydraulique";0,001734912
2018-04;"Hauts-de-France";"Hydraulique";0,001725482
2018-05;"Hauts-de-France";"Hydraulique";0,001644511
2018-06;"Hauts-de-France";"Hydraulique";0,001489481
2018-07;"Hauts-de-France";"Hydraulique";0,000886029
2018-08;"Hauts-de-France";"Hydraulique";0,000552218
2018-09;"Hauts-de-France";"Hydraulique";0,000255925
2018-10;"Hauts-de-France";"Hydraulique";0,000222446
2018-11;"Hauts-de-France";"Hydraulique";0,000355617
2018-12;"Hauts-de-France";"Hydraulique";0,001479026
2019-01;"Hauts-de-France";"Hydraulique";0,001605005
2019-02;"Hauts-de-France";"Hydraulique";0,001479784
2019-03;"Hauts-de-France";"Hydraulique";0,001640542
2019-04;"Hauts-de-France";"Hydraulique";0,001686261
2019-05;"Hauts-de-France";"Hydraulique";0,001545084
2019-06;"Hauts-de-France";"Hydraulique";0,000433368
2019-07;"Hauts-de-France";"Hydraulique";0,000454494
2019-08;"Hauts-de-France";"Hydraulique";0,000304818
2019-09;"Hauts-de-France";"Hydraulique";0,000184271
2019-10;"Hauts-de-France";"Hydraulique";0,000673673
2019-11;"Hauts-de-France";"Hydraulique";0,001347791
2019-12;"Hauts-de-France";"Hydraulique";0,001485118
2020-01;"Hauts-de-France";"Hydraulique";0,001866363
2020-02;"Hauts-de-France";"Hydraulique";0,001270809
2020-03;"Hauts-de-France";"Hydraulique";0,001401354
2020-04;"Hauts-de-France";"Hydraulique";0,001710054
2020-05;"Hauts-de-France";"Hydraulique";0,001749935
2020-06;"Hauts-de-France";"Hydraulique";0,001298687
2020-07;"Hauts-de-France";"Hydraulique";0,000778305
2020-08;"Hauts-de-France";"Hydraulique";0,000402725
2020-09;"Hauts-de-France";"Hydraulique";0,000204032
2020-10;"Hauts-de-France";"Hydraulique";0,000413002
2020-11;"Hauts-de-France";"Hydraulique";0,000672513
2020-12;"Hauts-de-France";"Hydraulique";0,001103232
2021-01;"Hauts-de-France";"Hydraulique";0,001311252
2021-02;"Hauts-de-France";"Hydraulique";0,001231434
2021-03;"Hauts-de-France";"Hydraulique";0,001785305
2021-04;"Hauts-de-France";"Hydraulique";0,001715812
2021-05;"Hauts-de-France";"Hydraulique";0,001671237
2021-06;"Hauts-de-France";"Hydraulique";0,001417446
2021-07;"Hauts-de-France";"Hydraulique";0,001342962
2021-08;"Hauts-de-France";"Hydraulique";0,001356115
2021-09;"Hauts-de-France";"Hydraulique";0,001039471
2021-10;"Hauts-de-France";"Hydraulique";0,0009298
2021-11;"Hauts-de-France";"Hydraulique";0,001245036
2021-12;"Hauts-de-France";"Hydraulique";0,001759093
2022-01;"Hauts-de-France";"Hydraulique";0,001651929503
2022-02;"Hauts-de-France";"Hydraulique";0,001735378022
2022-03;"Hauts-de-France";"Hydraulique";0,001944634529
2022-04;"Hauts-de-France";"Hydraulique";0,001730464754
2022-05;"Hauts-de-France";"Hydraulique";0,001454859808
2022-06;"Hauts-de-France";"Hydraulique";0,001003820985
2022-07;"Hauts-de-France";"Hydraulique";0,000513540118
2022-08;"Hauts-de-France";"Hydraulique";0,000242651179
2022-09;"Hauts-de-France";"Hydraulique";0,000252488289
2022-10;"Hauts-de-France";"Hydraulique";0,000404115229
2022-11;"Hauts-de-France";"Hydraulique";0,000592952704
2022-12;"Hauts-de-France";"Hydraulique";0,000919512462
2023-01;"Hauts-de-France";"Hydraulique";0,001680875491
2023-02;"Hauts-de-France";"Hydraulique";0,001475997911
2023-03;"Hauts-de-France";"Hydraulique";0,001678131151
2023-04;"Hauts-de-France";"Hydraulique";0,001776580056
2023-05;"Hauts-de-France";"Hydraulique";0,00151035669
2023-06;"Hauts-de-France";"Hydraulique";0,001025121285
2023-07;"Hauts-de-France";"Hydraulique";0,000625552777
2023-08;"Hauts-de-France";"Hydraulique";0,001071287351
2023-09;"Hauts-de-France";"Hydraulique";0,000704975611
2023-10;"Hauts-de-France";"Hydraulique";0,00071291701
2023-11;"Hauts-de-France";"Hydraulique";0,001186697829
2023-12;"Hauts-de-France";"Hydraulique";0,001395853108
2024-01;"Hauts-de-France";"Hydraulique";0,001111009705
2024-02;"Hauts-de-France";"Hydraulique";0,0011565701
2024-03;"Hauts-de-France";"Hydraulique";0,001410861837
2024-04;"Hauts-de-France";"Hydraulique";0,001404418911
2024-05;"Hauts-de-France";"Hydraulique";0,001279480274
2024-06;"Hauts-de-France";"Hydraulique";0,00067421803
2024-07;"Hauts-de-France";"Hydraulique";0,001556407209
2024-08;"Hauts-de-France";"Hydraulique";0,001395239092
2024-09;"Hauts-de-France";"Hydraulique";0,001230048639
2024-10;"Hauts-de-France";"Hydraulique";0,001225490828
2024-11;"Hauts-de-France";"Hydraulique";0,001138671277
2024-12;"Hauts-de-France";"Hydraulique";0,001427843948
2025-01;"Hauts-de-France";"Hydraulique";0,001336178807
2025-02;"Hauts-de-France";"Hydraulique";0,001536054234
2025-03;"Hauts-de-France";"Hydraulique";0,001834386573
2025-04;"Hauts-de-France";"Hydraulique";0,001801731723
2025-05;"Hauts-de-France";"Hydraulique";0,001328838053
2025-06;"Hauts-de-France";"Hydraulique";0,000897205075
2025-07;"Hauts-de-France";"Hydraulique";0,000552648338
2025-08;"Hauts-de-France";"Hydraulique";0,000298530233
2025-09;"Hauts-de-France";"Hydraulique";0,000228780597
2025-10;"Hauts-de-France";"Hydraulique";0,000393817431
2025-11;"Hauts-de-France";"Hydraulique";0,001045948468
2014-01;"Hauts-de-France";"Autre";-8,551076513541E-19
2014-02;"Hauts-de-France";"Autre";1,0569600750188E-18
2014-03;"Hauts-de-France";"Autre";-1,675281441349E-18
2014-04;"Hauts-de-France";"Autre";-9,2363616754909E-19
2014-05;"Hauts-de-France";"Autre";-1,427816198607E-19
2014-06;"Hauts-de-France";"Autre";-5,2616157958374E-19
2014-07;"Hauts-de-France";"Autre";3,4070801735453E-18
2014-08;"Hauts-de-France";"Autre";8,7689924765932E-19
2014-09;"Hauts-de-France";"Autre";-2,1128879895693E-18
2014-10;"Hauts-de-France";"Autre";6,0381213917715E-19
2014-11;"Hauts-de-France";"Autre";-6,3712229936286E-19
2014-12;"Hauts-de-France";"Autre";-1,3101519868996E-17
2015-01;"Hauts-de-France";"Autre";-9,2431201581533E-18
2015-02;"Hauts-de-France";"Autre";1,6614348785637E-18
2015-03;"Hauts-de-France";"Autre";-8,1108782884476E-18
2015-04;"Hauts-de-France";"Autre";1,7589540934892E-18
2015-05;"Hauts-de-France";"Autre";7,3887007623341E-18
2015-06;"Hauts-de-France";"Autre";5,6460391917312E-19
2015-07;"Hauts-de-France";"Autre";2,7060567328596E-18
2015-08;"Hauts-de-France";"Autre";-5,8596183460935E-19
2015-09;"Hauts-de-France";"Autre";7,0762814011194E-18
2015-10;"Hauts-de-France";"Autre";-4,7666384728195E-19
2015-11;"Hauts-de-France";"Autre";-6,9506605332448E-18
2015-12;"Hauts-de-France";"Autre";-5,492536980789E-18
2016-01;"Hauts-de-France";"Autre";-6,3840634167978E-18
2016-02;"Hauts-de-France";"Autre";5,989486684399E-18
2016-03;"Hauts-de-France";"Autre";-8,8773433049027E-18
2016-04;"Hauts-de-France";"Autre";5,7767679528808E-19
2016-05;"Hauts-de-France";"Autre";-7,1250991218186E-18
2016-06;"Hauts-de-France";"Autre";2,406984334069E-18
2016-07;"Hauts-de-France";"Autre";1,617511680152E-18
2016-08;"Hauts-de-France";"Autre";1,4345946305894E-18
2016-09;"Hauts-de-France";"Autre";-3,3068200955277E-18
2016-10;"Hauts-de-France";"Autre";-2,7844809791233E-18
2016-11;"Hauts-de-France";"Autre";5,7295834743343E-18
2016-12;"Hauts-de-France";"Autre";-7,3420965487903E-18
2017-01;"Hauts-de-France";"Autre";3,7200000000279E-7
2017-02;"Hauts-de-France";"Autre";3,3599999999344E-7
2017-03;"Hauts-de-France";"Autre";3,7100000001333E-7
2017-04;"Hauts-de-France";"Autre";3,6000000000244E-7
2017-05;"Hauts-de-France";"Autre";3,7199999999818E-7
2017-06;"Hauts-de-France";"Autre";3,5999999998966E-7
2017-07;"Hauts-de-France";"Autre";3,7200000000394E-7
2017-08;"Hauts-de-France";"Autre";3,7199999999474E-7
2017-09;"Hauts-de-France";"Autre";3,6000000000086E-7
2017-10;"Hauts-de-France";"Autre";3,7199999999114E-7
2017-11;"Hauts-de-France";"Autre";3,5999999999804E-7
2017-12;"Hauts-de-France";"Autre";3,7200000000394E-7
2018-01;"Hauts-de-France";"Autre";-6,1593508071667E-18
2018-02;"Hauts-de-France";"Autre";3,7286146392645E-18
2018-03;"Hauts-de-France";"Autre";-8,4304091485521E-19
2018-04;"Hauts-de-France";"Autre";-2,3210010302588E-18
2018-05;"Hauts-de-France";"Autre";-7,5421786871477E-18
2018-06;"Hauts-de-France";"Autre";-5,0765780468254E-18
2018-07;"Hauts-de-France";"Autre";-1,84097008471E-18
2018-08;"Hauts-de-France";"Autre";-6,9125486584776E-18
2018-09;"Hauts-de-France";"Autre";-4,5488612876454E-19
2018-10;"Hauts-de-France";"Autre";6,4570000000117E-6
2018-11;"Hauts-de-France";"Autre";0,002988142
2018-12;"Hauts-de-France";"Autre";0,006481535
2019-01;"Hauts-de-France";"Autre";0,005316284
2019-02;"Hauts-de-France";"Autre";0,005195941
2019-03;"Hauts-de-France";"Autre";0,005460519
2019-04;"Hauts-de-France";"Autre";3,4125000000006E-5
2019-05;"Hauts-de-France";"Autre";2,7534988178424E-18
2019-06;"Hauts-de-France";"Autre";-4,4010489697044E-18
2019-07;"Hauts-de-France";"Autre";7,501539320276E-18
2019-08;"Hauts-de-France";"Autre";7,0381374339679E-18
2019-09;"Hauts-de-France";"Autre";-6,6111612712083E-19
2019-10;"Hauts-de-France";"Autre";0,00010062999999999
2019-11;"Hauts-de-France";"Autre";0,005533425
2019-12;"Hauts-de-France";"Autre";0,006122411
2020-01;"Hauts-de-France";"Autre";0,005788729
2020-02;"Hauts-de-France";"Autre";0,005251504
2020-03;"Hauts-de-France";"Autre";0,006530883
2020-04;"Hauts-de-France";"Autre";8,3764999999993E-5
2020-05;"Hauts-de-France";"Autre";6,9373673472484E-19
2020-06;"Hauts-de-France";"Autre";8,8219570537618E-18
2020-07;"Hauts-de-France";"Autre";2,0131264710788E-17
2020-08;"Hauts-de-France";"Autre";9,6624375167664E-18
2020-09;"Hauts-de-France";"Autre";6,8861583102375E-19
2020-10;"Hauts-de-France";"Autre";8,0216E-5
2020-11;"Hauts-de-France";"Autre";0,005260077
2020-12;"Hauts-de-France";"Autre";0,005542938
2021-01;"Hauts-de-France";"Autre";0,005615869
2021-02;"Hauts-de-France";"Autre";0,005028128
2021-03;"Hauts-de-France";"Autre";0,005556323
2021-04;"Hauts-de-France";"Autre";2,031E-5
2021-05;"Hauts-de-France";"Autre";2,1579630443691E-18
2021-06;"Hauts-de-France";"Autre";2,2768245622196E-18
2021-07;"Hauts-de-France";"Autre";-6,3053867682683E-18
2021-08;"Hauts-de-France";"Autre";-4,66197566662E-18
2021-09;"Hauts-de-France";"Autre";7,4890000000026E-6
2021-10;"Hauts-de-France";"Autre";6,3269999999973E-5
2021-11;"Hauts-de-France";"Autre";0,005440375
2021-12;"Hauts-de-France";"Autre";0,00561215
2022-01;"Hauts-de-France";"Autre";0,005861342499
2022-02;"Hauts-de-France";"Autre";0,004999273501
2022-03;"Hauts-de-France";"Autre";0,005788837831
2022-04;"Hauts-de-France";"Autre";0,00018027766700002
2022-05;"Hauts-de-France";"Autre";8,3500000421754E-10
2022-06;"Hauts-de-France";"Autre";-1,8970935933282E-19
2022-07;"Hauts-de-France";"Autre";8,7707835785822E-18
2022-08;"Hauts-de-France";"Autre";-1,2410558691833E-18
2022-09;"Hauts-de-France";"Autre";3,4816670000016E-6
2022-10;"Hauts-de-France";"Autre";5,3797495999988E-5
2022-11;"Hauts-de-France";"Autre";0,003288605631
2022-12;"Hauts-de-France";"Autre";0,004720144167
2023-01;"Hauts-de-France";"Autre";0,003335037666
2023-02;"Hauts-de-France";"Autre";0,002950025999
2023-03;"Hauts-de-France";"Autre";0,003293828163
2023-04;"Hauts-de-France";"Autre";3,9141332999993E-5
2023-05;"Hauts-de-France";"Autre";1,1185965348437E-17
2023-06;"Hauts-de-France";"Autre";-1,4027945471895E-17
2023-07;"Hauts-de-France";"Autre";8,8785714891237E-18
2023-08;"Hauts-de-France";"Autre";2,0506530501452E-17
2023-09;"Hauts-de-France";"Autre";7,1650000000083E-7
2023-10;"Hauts-de-France";"Autre";7,2708332999995E-5
2023-11;"Hauts-de-France";"Autre";0,004596641669
2023-12;"Hauts-de-France";"Autre";0,00478109783
2024-01;"Hauts-de-France";"Autre";0,004737869586
2024-02;"Hauts-de-France";"Autre";0,004465210501
2024-03;"Hauts-de-France";"Autre";0,003261025083
2024-04;"Hauts-de-France";"Autre";2,6889749999992E-5
2024-05;"Hauts-de-France";"Autre";8,1416999995807E-8
2024-06;"Hauts-de-France";"Autre";-2,8394439577362E-18
2024-07;"Hauts-de-France";"Autre";1,6000784031078E-17
2024-08;"Hauts-de-France";"Autre";-2,7643599215255E-18
2024-09;"Hauts-de-France";"Autre";1,4497964999996E-5
2024-10;"Hauts-de-France";"Autre";4,3274669999984E-5
2024-11;"Hauts-de-France";"Autre";0,003250260987
2024-12;"Hauts-de-France";"Autre";0,004738488
2025-01;"Hauts-de-France";"Autre";0,004269250322
2025-02;"Hauts-de-France";"Autre";0,003837213427
2025-03;"Hauts-de-France";"Autre";0,00324108291
2025-04;"Hauts-de-France";"Autre";9,0456299999946E-6
2025-05;"Hauts-de-France";"Autre";1,4102190000068E-6
2025-06;"Hauts-de-France";"Autre";5,9501999999635E-7
2025-07;"Hauts-de-France";"Autre";5,0297500000366E-7
2025-08;"Hauts-de-France";"Autre";5,5700799999939E-7
2025-09;"Hauts-de-France";"Autre";4,1900999999553E-7
2025-10;"Hauts-de-France";"Autre";6,2634068999971E-5
2025-11;"Hauts-de-France";"Autre";0,003169262602
2014-01;"Hauts-de-France";"Production décarbonée";4,585371811998
2014-02;"Hauts-de-France";"Production décarbonée";3,954163380331
2014-03;"Hauts-de-France";"Production décarbonée";3,456222766835
2014-04;"Hauts-de-France";"Production décarbonée";2,208570413
2014-05;"Hauts-de-France";"Production décarbonée";2,745129061166
2014-06;"Hauts-de-France";"Production décarbonée";2,265974220164
2014-07;"Hauts-de-France";"Production décarbonée";2,619698112999
2014-08;"Hauts-de-France";"Production décarbonée";2,930877961
2014-09;"Hauts-de-France";"Production décarbonée";2,717458155165
2014-10;"Hauts-de-France";"Production décarbonée";3,404619149834
2014-11;"Hauts-de-France";"Production décarbonée";3,800072638667
2014-12;"Hauts-de-France";"Production décarbonée";4,315980379334
2015-01;"Hauts-de-France";"Production décarbonée";4,484976635667
2015-02;"Hauts-de-France";"Production décarbonée";4,127298891834
2015-03;"Hauts-de-France";"Production décarbonée";4,016804110666
2015-04;"Hauts-de-France";"Production décarbonée";2,866404936
2015-05;"Hauts-de-France";"Production décarbonée";2,999714715164
2015-06;"Hauts-de-France";"Production décarbonée";3,434367776336
2015-07;"Hauts-de-France";"Production décarbonée";3,625042135166
2015-08;"Hauts-de-France";"Production décarbonée";2,723405384004
2015-09;"Hauts-de-France";"Production décarbonée";3,002821823001
2015-10;"Hauts-de-France";"Production décarbonée";3,478483391167
2015-11;"Hauts-de-France";"Production décarbonée";3,810821649332
2015-12;"Hauts-de-France";"Production décarbonée";4,666709455002
2016-01;"Hauts-de-France";"Production décarbonée";4,483694041834
2016-02;"Hauts-de-France";"Production décarbonée";3,617521101667
2016-03;"Hauts-de-France";"Production décarbonée";4,268956752168
2016-04;"Hauts-de-France";"Production décarbonée";2,972693934
2016-05;"Hauts-de-France";"Production décarbonée";2,798166029334
2016-06;"Hauts-de-France";"Production décarbonée";3,128366928665
2016-07;"Hauts-de-France";"Production décarbonée";2,840598653335
2016-08;"Hauts-de-France";"Production décarbonée";2,577220211332
2016-09;"Hauts-de-France";"Production décarbonée";2,479417186333
2016-10;"Hauts-de-France";"Production décarbonée";2,342420312668
2016-11;"Hauts-de-France";"Production décarbonée";2,669968039833
2016-12;"Hauts-de-France";"Production décarbonée";2,844927762333
2017-01;"Hauts-de-France";"Production décarbonée";3,516471237333
2017-02;"Hauts-de-France";"Production décarbonée";3,114781719333
2017-03;"Hauts-de-France";"Production décarbonée";3,446613171167
2017-04;"Hauts-de-France";"Production décarbonée";2,523490479163
2017-05;"Hauts-de-France";"Production décarbonée";2,960755587499
2017-06;"Hauts-de-France";"Production décarbonée";2,75039146733
2017-07;"Hauts-de-France";"Production décarbonée";2,240373810166
2017-08;"Hauts-de-France";"Production décarbonée";3,1524995215
2017-09;"Hauts-de-France";"Production décarbonée";3,565489029168
2017-10;"Hauts-de-France";"Production décarbonée";3,075484291666
2017-11;"Hauts-de-France";"Production décarbonée";3,399184825667
2017-12;"Hauts-de-France";"Production décarbonée";4,250135559169
2018-01;"Hauts-de-France";"Production décarbonée";4,983756788338
2018-02;"Hauts-de-France";"Production décarbonée";4,353224812331
2018-03;"Hauts-de-France";"Production décarbonée";4,174464652331
2018-04;"Hauts-de-France";"Production décarbonée";3,0733618135
2018-05;"Hauts-de-France";"Production décarbonée";2,944519463835
2018-06;"Hauts-de-France";"Production décarbonée";2,670760077668
2018-07;"Hauts-de-France";"Production décarbonée";2,879085823498
2018-08;"Hauts-de-France";"Production décarbonée";2,707046547499
2018-09;"Hauts-de-France";"Production décarbonée";2,256910850667
2018-10;"Hauts-de-France";"Production décarbonée";3,7819982555
2018-11;"Hauts-de-France";"Production décarbonée";3,851457909669
2018-12;"Hauts-de-France";"Production décarbonée";4,983623925169
2019-01;"Hauts-de-France";"Production décarbonée";4,904935563499
2019-02;"Hauts-de-France";"Production décarbonée";4,147471142833
2019-03;"Hauts-de-France";"Production décarbonée";4,530720523997
2019-04;"Hauts-de-France";"Production décarbonée";3,251322027166
2019-05;"Hauts-de-France";"Production décarbonée";3,067117670001
2019-06;"Hauts-de-France";"Production décarbonée";2,347848592166
2019-07;"Hauts-de-France";"Production décarbonée";2,954447454666
2019-08;"Hauts-de-France";"Production décarbonée";2,8981097515
2019-09;"Hauts-de-France";"Production décarbonée";3,055602073169
2019-10;"Hauts-de-France";"Production décarbonée";2,946310495999
2019-11;"Hauts-de-France";"Production décarbonée";3,332767395001
2019-12;"Hauts-de-France";"Production décarbonée";4,605221181166
2020-01;"Hauts-de-France";"Production décarbonée";4,360225747167
2020-02;"Hauts-de-France";"Production décarbonée";4,759858012162
2020-03;"Hauts-de-France";"Production décarbonée";4,756994365499
2020-04;"Hauts-de-France";"Production décarbonée";3,786583551331
2020-05;"Hauts-de-France";"Production décarbonée";3,956196768499
2020-06;"Hauts-de-France";"Production décarbonée";3,048064859834
2020-07;"Hauts-de-France";"Production décarbonée";3,095783935501
2020-08;"Hauts-de-France";"Production décarbonée";3,446023725334
2020-09;"Hauts-de-France";"Production décarbonée";2,872654099501
2020-10;"Hauts-de-France";"Production décarbonée";3,349381537334
2020-11;"Hauts-de-France";"Production décarbonée";3,773686386668
2020-12;"Hauts-de-France";"Production décarbonée";4,086624187665
2021-01;"Hauts-de-France";"Production décarbonée";4,511321117833
2021-02;"Hauts-de-France";"Production décarbonée";3,814249561001
2021-03;"Hauts-de-France";"Production décarbonée";4,120777795003
2021-04;"Hauts-de-France";"Production décarbonée";3,413933536666
2021-05;"Hauts-de-France";"Production décarbonée";4,118136523666
2021-06;"Hauts-de-France";"Production décarbonée";2,794312432835
2021-07;"Hauts-de-France";"Production décarbonée";3,154060985
2021-08;"Hauts-de-France";"Production décarbonée";3,138020095169
2021-09;"Hauts-de-France";"Production décarbonée";2,3812276765
2021-10;"Hauts-de-France";"Production décarbonée";3,119442580001
2021-11;"Hauts-de-France";"Production décarbonée";3,078080407669
2021-12;"Hauts-de-France";"Production décarbonée";3,627440432162
2022-01;"Hauts-de-France";"Production décarbonée";3,202840290791
2022-02;"Hauts-de-France";"Production décarbonée";3,892196272797
2022-03;"Hauts-de-France";"Production décarbonée";3,3190778101415
2022-04;"Hauts-de-France";"Production décarbonée";3,4429608246945
2022-05;"Hauts-de-France";"Production décarbonée";3,288915252062
2022-06;"Hauts-de-France";"Production décarbonée";3,104131129471
2022-07;"Hauts-de-France";"Production décarbonée";2,4231221907165
2022-08;"Hauts-de-France";"Production décarbonée";2,4895523501055
2022-09;"Hauts-de-France";"Production décarbonée";3,056289358168
2022-10;"Hauts-de-France";"Production décarbonée";4,132847421597
2022-11;"Hauts-de-France";"Production décarbonée";4,06423832787
2022-12;"Hauts-de-France";"Production décarbonée";4,0170511164095
2023-01;"Hauts-de-France";"Production décarbonée";4,8761101178725
2023-02;"Hauts-de-France";"Production décarbonée";4,2261414413
2023-03;"Hauts-de-France";"Production décarbonée";5,0037870113165
2023-04;"Hauts-de-France";"Production décarbonée";3,9285485063125
2023-05;"Hauts-de-France";"Production décarbonée";3,65513215339
2023-06;"Hauts-de-France";"Production décarbonée";2,8890345530585
2023-07;"Hauts-de-France";"Production décarbonée";2,8213249559275
2023-08;"Hauts-de-France";"Production décarbonée";2,03766337216
2023-09;"Hauts-de-France";"Production décarbonée";2,4368089618555
2023-10;"Hauts-de-France";"Production décarbonée";3,347428985871
2023-11;"Hauts-de-France";"Production décarbonée";4,5557930451765
2023-12;"Hauts-de-France";"Production décarbonée";4,880507874957
2024-01;"Hauts-de-France";"Production décarbonée";4,6209676776055
2024-02;"Hauts-de-France";"Production décarbonée";4,304496522439
2024-03;"Hauts-de-France";"Production décarbonée";4,3708753889245
2024-04;"Hauts-de-France";"Production décarbonée";3,770574503939
2024-05;"Hauts-de-France";"Production décarbonée";3,5977530644655
2024-06;"Hauts-de-France";"Production décarbonée";3,5407809639375
2024-07;"Hauts-de-France";"Production décarbonée";3,8439955355565
2024-08;"Hauts-de-France";"Production décarbonée";2,9676396348235
2024-09;"Hauts-de-France";"Production décarbonée";3,503516304319
2024-10;"Hauts-de-France";"Production décarbonée";3,077551984593
2024-11;"Hauts-de-France";"Production décarbonée";4,1430784469845
2024-12;"Hauts-de-France";"Production décarbonée";5,058061079629
2025-01;"Hauts-de-France";"Production décarbonée";5,0482148248395
2025-02;"Hauts-de-France";"Production décarbonée";4,0167263961685
2025-03;"Hauts-de-France";"Production décarbonée";3,5281830092125
2025-04;"Hauts-de-France";"Production décarbonée";3,4926714322905
2025-05;"Hauts-de-France";"Production décarbonée";3,147436488064
2025-06;"Hauts-de-France";"Production décarbonée";3,25266342455
2025-07;"Hauts-de-France";"Production décarbonée";4,1984780404115
2025-08;"Hauts-de-France";"Production décarbonée";2,705579379951
2025-09;"Hauts-de-France";"Production décarbonée";3,6727716637515
2025-10;"Hauts-de-France";"Production décarbonée";3,960467649616
2025-11;"Hauts-de-France";"Production décarbonée";4,54891368227
2014-01;"Grand Est";"Thermique renouvelable et déchets";0,042374945665
2014-02;"Grand Est";"Thermique renouvelable et déchets";0,039340174667
2014-03;"Grand Est";"Thermique renouvelable et déchets";0,043429830834
2014-04;"Grand Est";"Thermique renouvelable et déchets";0,030889434499
2014-05;"Grand Est";"Thermique renouvelable et déchets";0,033241233335
2014-06;"Grand Est";"Thermique renouvelable et déchets";0,028635914167
2014-07;"Grand Est";"Thermique renouvelable et déchets";0,031240377331
2014-08;"Grand Est";"Thermique renouvelable et déchets";0,031659645499
2014-09;"Grand Est";"Thermique renouvelable et déchets";0,026476020665
2014-10;"Grand Est";"Thermique renouvelable et déchets";0,034921735166
2014-11;"Grand Est";"Thermique renouvelable et déchets";0,041552349833
2014-12;"Grand Est";"Thermique renouvelable et déchets";0,043427617001
2015-01;"Grand Est";"Thermique renouvelable et déchets";0,044859461332
2015-02;"Grand Est";"Thermique renouvelable et déchets";0,042848147161
2015-03;"Grand Est";"Thermique renouvelable et déchets";0,042537838167
2015-04;"Grand Est";"Thermique renouvelable et déchets";0,042148575166
2015-05;"Grand Est";"Thermique renouvelable et déchets";0,044019495168
2015-06;"Grand Est";"Thermique renouvelable et déchets";0,036709047334
2015-07;"Grand Est";"Thermique renouvelable et déchets";0,037937420668
2015-08;"Grand Est";"Thermique renouvelable et déchets";0,037998276998
2015-09;"Grand Est";"Thermique renouvelable et déchets";0,040590902665
2015-10;"Grand Est";"Thermique renouvelable et déchets";0,0435682545
2015-11;"Grand Est";"Thermique renouvelable et déchets";0,048179452834
2015-12;"Grand Est";"Thermique renouvelable et déchets";0,047940246507
2016-01;"Grand Est";"Thermique renouvelable et déchets";0,060343012002
2016-02;"Grand Est";"Thermique renouvelable et déchets";0,055284961835
2016-03;"Grand Est";"Thermique renouvelable et déchets";0,056785201335
2016-04;"Grand Est";"Thermique renouvelable et déchets";0,048473519503
2016-05;"Grand Est";"Thermique renouvelable et déchets";0,049394327664
2016-06;"Grand Est";"Thermique renouvelable et déchets";0,040194091001
2016-07;"Grand Est";"Thermique renouvelable et déchets";0,042510215666
2016-08;"Grand Est";"Thermique renouvelable et déchets";0,040551125834
2016-09;"Grand Est";"Thermique renouvelable et déchets";0,042004323838
2016-10;"Grand Est";"Thermique renouvelable et déchets";0,049999659838
2016-11;"Grand Est";"Thermique renouvelable et déchets";0,060977150167
2016-12;"Grand Est";"Thermique renouvelable et déchets";0,065477970667
2017-01;"Grand Est";"Thermique renouvelable et déchets";0,0639227545
2017-02;"Grand Est";"Thermique renouvelable et déchets";0,054166568164
2017-03;"Grand Est";"Thermique renouvelable et déchets";0,053059871497
2017-04;"Grand Est";"Thermique renouvelable et déchets";0,047397781332
2017-05;"Grand Est";"Thermique renouvelable et déchets";0,051109093999
2017-06;"Grand Est";"Thermique renouvelable et déchets";0,040716729669
2017-07;"Grand Est";"Thermique renouvelable et déchets";0,044699320502
2017-08;"Grand Est";"Thermique renouvelable et déchets";0,048197822999
2017-09;"Grand Est";"Thermique renouvelable et déchets";0,050177183332
2017-10;"Grand Est";"Thermique renouvelable et déchets";0,05570425033
2017-11;"Grand Est";"Thermique renouvelable et déchets";0,066328494503
2017-12;"Grand Est";"Thermique renouvelable et déchets";0,068466732332
2018-01;"Grand Est";"Thermique renouvelable et déchets";0,059109449831
2018-02;"Grand Est";"Thermique renouvelable et déchets";0,055342169005
2018-03;"Grand Est";"Thermique renouvelable et déchets";0,063709351334
2018-04;"Grand Est";"Thermique renouvelable et déchets";0,054602987667
2018-05;"Grand Est";"Thermique renouvelable et déchets";0,058391762666
2018-06;"Grand Est";"Thermique renouvelable et déchets";0,061680139164
2018-07;"Grand Est";"Thermique renouvelable et déchets";0,0692273945
2018-08;"Grand Est";"Thermique renouvelable et déchets";0,066262208503
2018-09;"Grand Est";"Thermique renouvelable et déchets";0,0589900055
2018-10;"Grand Est";"Thermique renouvelable et déchets";0,053986711334
2018-11;"Grand Est";"Thermique renouvelable et déchets";0,061917603328
2018-12;"Grand Est";"Thermique renouvelable et déchets";0,071245162006
2019-01;"Grand Est";"Thermique renouvelable et déchets";0,070695173165
2019-02;"Grand Est";"Thermique renouvelable et déchets";0,066116642165
2019-03;"Grand Est";"Thermique renouvelable et déchets";0,073814557001
2019-04;"Grand Est";"Thermique renouvelable et déchets";0,0691510995
2019-05;"Grand Est";"Thermique renouvelable et déchets";0,069557315333
2019-06;"Grand Est";"Thermique renouvelable et déchets";0,067739783833
2019-07;"Grand Est";"Thermique renouvelable et déchets";0,073632401331
2019-08;"Grand Est";"Thermique renouvelable et déchets";0,075787722163
2019-09;"Grand Est";"Thermique renouvelable et déchets";0,068394599337
2019-10;"Grand Est";"Thermique renouvelable et déchets";0,072221405671
2019-11;"Grand Est";"Thermique renouvelable et déchets";0,075280869999
2019-12;"Grand Est";"Thermique renouvelable et déchets";0,079135188165
2020-01;"Grand Est";"Thermique renouvelable et déchets";0,076853989835
2020-02;"Grand Est";"Thermique renouvelable et déchets";0,070858969333
2020-03;"Grand Est";"Thermique renouvelable et déchets";0,076333457165
2020-04;"Grand Est";"Thermique renouvelable et déchets";0,073616516835
2020-05;"Grand Est";"Thermique renouvelable et déchets";0,075351286999
2020-06;"Grand Est";"Thermique renouvelable et déchets";0,078898466003
2020-07;"Grand Est";"Thermique renouvelable et déchets";0,081354675331
2020-08;"Grand Est";"Thermique renouvelable et déchets";0,079952221165
2020-09;"Grand Est";"Thermique renouvelable et déchets";0,073347300667
2020-10;"Grand Est";"Thermique renouvelable et déchets";0,07885718567
2020-11;"Grand Est";"Thermique renouvelable et déchets";0,077567189167
2020-12;"Grand Est";"Thermique renouvelable et déchets";0,077497853334
2021-01;"Grand Est";"Thermique renouvelable et déchets";0,082945905998
2021-02;"Grand Est";"Thermique renouvelable et déchets";0,079233579835
2021-03;"Grand Est";"Thermique renouvelable et déchets";0,091103721664
2021-04;"Grand Est";"Thermique renouvelable et déchets";0,087304215168
2021-05;"Grand Est";"Thermique renouvelable et déchets";0,089897622
2021-06;"Grand Est";"Thermique renouvelable et déchets";0,086521059335
2021-07;"Grand Est";"Thermique renouvelable et déchets";0,092382296163
2021-08;"Grand Est";"Thermique renouvelable et déchets";0,094511576501
2021-09;"Grand Est";"Thermique renouvelable et déchets";0,091474847503
2021-10;"Grand Est";"Thermique renouvelable et déchets";0,091906411834
2021-11;"Grand Est";"Thermique renouvelable et déchets";0,092450509163
2021-12;"Grand Est";"Thermique renouvelable et déchets";0,096381846997
2022-01;"Grand Est";"Thermique renouvelable et déchets";0,105509670094
2022-02;"Grand Est";"Thermique renouvelable et déchets";0,099186806219
2022-03;"Grand Est";"Thermique renouvelable et déchets";0,1053602860225
2022-04;"Grand Est";"Thermique renouvelable et déchets";0,099256622661
2022-05;"Grand Est";"Thermique renouvelable et déchets";0,101100564479
2022-06;"Grand Est";"Thermique renouvelable et déchets";0,095881054268
2022-07;"Grand Est";"Thermique renouvelable et déchets";0,098103271752
2022-08;"Grand Est";"Thermique renouvelable et déchets";0,0921490269735
2022-09;"Grand Est";"Thermique renouvelable et déchets";0,087425555425
2022-10;"Grand Est";"Thermique renouvelable et déchets";0,097037843102
2022-11;"Grand Est";"Thermique renouvelable et déchets";0,0949755272445
2022-12;"Grand Est";"Thermique renouvelable et déchets";0,0910295593785
2023-01;"Grand Est";"Thermique renouvelable et déchets";0,093965852812
2023-02;"Grand Est";"Thermique renouvelable et déchets";0,0899892476565
2023-03;"Grand Est";"Thermique renouvelable et déchets";0,096040471859
2023-04;"Grand Est";"Thermique renouvelable et déchets";0,0902668948715
2023-05;"Grand Est";"Thermique renouvelable et déchets";0,0945237409575
2023-06;"Grand Est";"Thermique renouvelable et déchets";0,084289720839
2023-07;"Grand Est";"Thermique renouvelable et déchets";0,093676883697
2023-08;"Grand Est";"Thermique renouvelable et déchets";0,1018524509655
2023-09;"Grand Est";"Thermique renouvelable et déchets";0,0926852079975
2023-10;"Grand Est";"Thermique renouvelable et déchets";0,094269105213
2023-11;"Grand Est";"Thermique renouvelable et déchets";0,093633705848
2023-12;"Grand Est";"Thermique renouvelable et déchets";0,104889222687
2024-01;"Grand Est";"Thermique renouvelable et déchets";0,1049412086725
2024-02;"Grand Est";"Thermique renouvelable et déchets";0,10096662922
2024-03;"Grand Est";"Thermique renouvelable et déchets";0,1030119369855
2024-04;"Grand Est";"Thermique renouvelable et déchets";0,0927711581065
2024-05;"Grand Est";"Thermique renouvelable et déchets";0,1019032997915
2024-06;"Grand Est";"Thermique renouvelable et déchets";0,099239057197
2024-07;"Grand Est";"Thermique renouvelable et déchets";0,0979131197635
2024-08;"Grand Est";"Thermique renouvelable et déchets";0,101194436797
2024-09;"Grand Est";"Thermique renouvelable et déchets";0,099014741448
2024-10;"Grand Est";"Thermique renouvelable et déchets";0,1016618375725
2024-11;"Grand Est";"Thermique renouvelable et déchets";0,104986655432
2024-12;"Grand Est";"Thermique renouvelable et déchets";0,1076202362455
2025-01;"Grand Est";"Thermique renouvelable et déchets";0,104582558377
2025-02;"Grand Est";"Thermique renouvelable et déchets";0,0993659554955
2025-03;"Grand Est";"Thermique renouvelable et déchets";0,107011685755
2025-04;"Grand Est";"Thermique renouvelable et déchets";0,1030012108245
2025-05;"Grand Est";"Thermique renouvelable et déchets";0,1038931356205
2025-06;"Grand Est";"Thermique renouvelable et déchets";0,0975564903635
2025-07;"Grand Est";"Thermique renouvelable et déchets";0,1088457484825
2025-08;"Grand Est";"Thermique renouvelable et déchets";0,108752372364
2025-09;"Grand Est";"Thermique renouvelable et déchets";0,097182707403
2025-10;"Grand Est";"Thermique renouvelable et déchets";0,096230137119
2025-11;"Grand Est";"Thermique renouvelable et déchets";0,099813848523
2014-01;"Grand Est";"Éolien";0,53548345
2014-02;"Grand Est";"Éolien";0,609541157
2014-03;"Grand Est";"Éolien";0,267089035
2014-04;"Grand Est";"Éolien";0,206313295
2014-05;"Grand Est";"Éolien";0,363411491
2014-06;"Grand Est";"Éolien";0,248259804
2014-07;"Grand Est";"Éolien";0,203286347
2014-08;"Grand Est";"Éolien";0,226232579
2014-09;"Grand Est";"Éolien";0,174611039
2014-10;"Grand Est";"Éolien";0,275410536
2014-11;"Grand Est";"Éolien";0,344076448
2014-12;"Grand Est";"Éolien";0,523286091
2015-01;"Grand Est";"Éolien";0,579678081
2015-02;"Grand Est";"Éolien";0,450500379
2015-03;"Grand Est";"Éolien";0,468725493
2015-04;"Grand Est";"Éolien";0,346223908
2015-05;"Grand Est";"Éolien";0,346789644
2015-06;"Grand Est";"Éolien";0,307855356
2015-07;"Grand Est";"Éolien";0,338204085
2015-08;"Grand Est";"Éolien";0,293339553
2015-09;"Grand Est";"Éolien";0,491870826
2015-10;"Grand Est";"Éolien";0,300307
2015-11;"Grand Est";"Éolien";0,651451588
2015-12;"Grand Est";"Éolien";0,590723369
2016-01;"Grand Est";"Éolien";0,729902162
2016-02;"Grand Est";"Éolien";0,804612233
2016-03;"Grand Est";"Éolien";0,628188269
2016-04;"Grand Est";"Éolien";0,38133062
2016-05;"Grand Est";"Éolien";0,31962097
2016-06;"Grand Est";"Éolien";0,214112875
2016-07;"Grand Est";"Éolien";0,187930823
2016-08;"Grand Est";"Éolien";0,216456381
2016-09;"Grand Est";"Éolien";0,196244955
2016-10;"Grand Est";"Éolien";0,357425741
2016-11;"Grand Est";"Éolien";0,573043793
2016-12;"Grand Est";"Éolien";0,328905398
2017-01;"Grand Est";"Éolien";0,490475823
2017-02;"Grand Est";"Éolien";0,59894503
2017-03;"Grand Est";"Éolien";0,691486104
2017-04;"Grand Est";"Éolien";0,28600796
2017-05;"Grand Est";"Éolien";0,301371512
2017-06;"Grand Est";"Éolien";0,342853772
2017-07;"Grand Est";"Éolien";0,370590186
2017-08;"Grand Est";"Éolien";0,255783355
2017-09;"Grand Est";"Éolien";0,383925664
2017-10;"Grand Est";"Éolien";0,482442085
2017-11;"Grand Est";"Éolien";0,538258284
2017-12;"Grand Est";"Éolien";0,825635028
2018-01;"Grand Est";"Éolien";0,994930451
2018-02;"Grand Est";"Éolien";0,613390987
2018-03;"Grand Est";"Éolien";0,674830459
2018-04;"Grand Est";"Éolien";0,514464988
2018-05;"Grand Est";"Éolien";0,352361325
2018-06;"Grand Est";"Éolien";0,256348073
2018-07;"Grand Est";"Éolien";0,237851203
2018-08;"Grand Est";"Éolien";0,297728904
2018-09;"Grand Est";"Éolien";0,347037514
2018-10;"Grand Est";"Éolien";0,534831075
2018-11;"Grand Est";"Éolien";0,618607115
2018-12;"Grand Est";"Éolien";0,883647029
2019-01;"Grand Est";"Éolien";0,673075409
2019-02;"Grand Est";"Éolien";0,571206025
2019-03;"Grand Est";"Éolien";1,08619876
2019-04;"Grand Est";"Éolien";0,499391979
2019-05;"Grand Est";"Éolien";0,447355352
2019-06;"Grand Est";"Éolien";0,405899358
2019-07;"Grand Est";"Éolien";0,353523177
2019-08;"Grand Est";"Éolien";0,329955406
2019-09;"Grand Est";"Éolien";0,579254668
2019-10;"Grand Est";"Éolien";0,805957615
2019-11;"Grand Est";"Éolien";0,793920406
2019-12;"Grand Est";"Éolien";1,091858862
2020-01;"Grand Est";"Éolien";0,924908399
2020-02;"Grand Est";"Éolien";1,402612507
2020-03;"Grand Est";"Éolien";1,081108576
2020-04;"Grand Est";"Éolien";0,53285014
2020-05;"Grand Est";"Éolien";0,529140799
2020-06;"Grand Est";"Éolien";0,424109313
2020-07;"Grand Est";"Éolien";0,419589278
2020-08;"Grand Est";"Éolien";0,414823406
2020-09;"Grand Est";"Éolien";0,436416085
2020-10;"Grand Est";"Éolien";1,023630476
2020-11;"Grand Est";"Éolien";0,644448147
2020-12;"Grand Est";"Éolien";0,914997322
2021-01;"Grand Est";"Éolien";0,842157552
2021-02;"Grand Est";"Éolien";0,940940457
2021-03;"Grand Est";"Éolien";0,743457432
2021-04;"Grand Est";"Éolien";0,60775109
2021-05;"Grand Est";"Éolien";0,912963985
2021-06;"Grand Est";"Éolien";0,248941381
2021-07;"Grand Est";"Éolien";0,486370208
2021-08;"Grand Est";"Éolien";0,442617352
2021-09;"Grand Est";"Éolien";0,30608067
2021-10;"Grand Est";"Éolien";0,700264579
2021-11;"Grand Est";"Éolien";0,501736108
2021-12;"Grand Est";"Éolien";0,891229459
2022-01;"Grand Est";"Éolien";0,69186798941
2022-02;"Grand Est";"Éolien";1,269420282874
2022-03;"Grand Est";"Éolien";0,739231662641
2022-04;"Grand Est";"Éolien";0,81761828053
2022-05;"Grand Est";"Éolien";0,45473196763
2022-06;"Grand Est";"Éolien";0,330165131833
2022-07;"Grand Est";"Éolien";0,376646585226
2022-08;"Grand Est";"Éolien";0,452787179841
2022-09;"Grand Est";"Éolien";0,429080772943
2022-10;"Grand Est";"Éolien";0,741417375232
2022-11;"Grand Est";"Éolien";0,927732925694
2022-12;"Grand Est";"Éolien";1,035627720739
2023-01;"Grand Est";"Éolien";1,381724551986
2023-02;"Grand Est";"Éolien";0,792019782247
2023-03;"Grand Est";"Éolien";1,320393746047
2023-04;"Grand Est";"Éolien";0,844530443194
2023-05;"Grand Est";"Éolien";0,78322453716
2023-06;"Grand Est";"Éolien";0,433598310421
2023-07;"Grand Est";"Éolien";0,6470742602
2023-08;"Grand Est";"Éolien";0,564809512238
2023-09;"Grand Est";"Éolien";0,500172963842
2023-10;"Grand Est";"Éolien";1,00995776213
2023-11;"Grand Est";"Éolien";1,506326739849
2023-12;"Grand Est";"Éolien";1,467369353015
2024-01;"Grand Est";"Éolien";1,153069108628
2024-02;"Grand Est";"Éolien";1,209051416033
2024-03;"Grand Est";"Éolien";0,931776688891
2024-04;"Grand Est";"Éolien";0,911217629194
2024-05;"Grand Est";"Éolien";0,450355977677
2024-06;"Grand Est";"Éolien";0,433457607552
2024-07;"Grand Est";"Éolien";0,350896880071
2024-08;"Grand Est";"Éolien";0,315102182246
2024-09;"Grand Est";"Éolien";0,844241258088
2024-10;"Grand Est";"Éolien";0,669143233825
2024-11;"Grand Est";"Éolien";0,870591615932
2024-12;"Grand Est";"Éolien";1,0146092728
2025-01;"Grand Est";"Éolien";1,221244223402
2025-02;"Grand Est";"Éolien";0,684133541447
2025-03;"Grand Est";"Éolien";0,793221480244
2025-04;"Grand Est";"Éolien";0,684059128485
2025-05;"Grand Est";"Éolien";0,672981911829
2025-06;"Grand Est";"Éolien";0,507625511341
2025-07;"Grand Est";"Éolien";0,471147395118
2025-08;"Grand Est";"Éolien";0,473191331378
2025-09;"Grand Est";"Éolien";0,773688328259
2025-10;"Grand Est";"Éolien";1,128289631606
2025-11;"Grand Est";"Éolien";0,854707596925
2014-01;"Grand Est";"Solaire";0,013174675
2014-02;"Grand Est";"Solaire";0,018508991
2014-03;"Grand Est";"Solaire";0,04756583
2014-04;"Grand Est";"Solaire";0,050267912
2014-05;"Grand Est";"Solaire";0,059291752
2014-06;"Grand Est";"Solaire";0,069768866
2014-07;"Grand Est";"Solaire";0,054789481
2014-08;"Grand Est";"Solaire";0,051485578
2014-09;"Grand Est";"Solaire";0,048495308
2014-10;"Grand Est";"Solaire";0,029174315
2014-11;"Grand Est";"Solaire";0,013258215
2014-12;"Grand Est";"Solaire";0,005447228
2015-01;"Grand Est";"Solaire";0,009375631
2015-02;"Grand Est";"Solaire";0,020980284
2015-03;"Grand Est";"Solaire";0,045009723
2015-04;"Grand Est";"Solaire";0,05804424
2015-05;"Grand Est";"Solaire";0,05909614
2015-06;"Grand Est";"Solaire";0,066151041
2015-07;"Grand Est";"Solaire";0,06873076
2015-08;"Grand Est";"Solaire";0,061186861
2015-09;"Grand Est";"Solaire";0,046145563
2015-10;"Grand Est";"Solaire";0,027251004
2015-11;"Grand Est";"Solaire";0,016480521
2015-12;"Grand Est";"Solaire";0,016255237
2016-01;"Grand Est";"Solaire";0,015213756
2016-02;"Grand Est";"Solaire";0,019652431
2016-03;"Grand Est";"Solaire";0,037882717
2016-04;"Grand Est";"Solaire";0,047682549
2016-05;"Grand Est";"Solaire";0,057471997
2016-06;"Grand Est";"Solaire";0,054277588
2016-07;"Grand Est";"Solaire";0,065957211
2016-08;"Grand Est";"Solaire";0,064345569
2016-09;"Grand Est";"Solaire";0,051259572
2016-10;"Grand Est";"Solaire";0,039348777
2016-11;"Grand Est";"Solaire";0,016527303
2016-12;"Grand Est";"Solaire";0,015941872
2017-01;"Grand Est";"Solaire";0,016141365
2017-02;"Grand Est";"Solaire";0,02076512
2017-03;"Grand Est";"Solaire";0,04261027
2017-04;"Grand Est";"Solaire";0,058796444
2017-05;"Grand Est";"Solaire";0,067317391
2017-06;"Grand Est";"Solaire";0,0730458
2017-07;"Grand Est";"Solaire";0,063893949
2017-08;"Grand Est";"Solaire";0,059339401
2017-09;"Grand Est";"Solaire";0,045980729
2017-10;"Grand Est";"Solaire";0,034548163
2017-11;"Grand Est";"Solaire";0,014257995
2017-12;"Grand Est";"Solaire";0,008274735
2018-01;"Grand Est";"Solaire";0,01357860233596
2018-02;"Grand Est";"Solaire";0,036316803492051
2018-03;"Grand Est";"Solaire";0,044557788347344
2018-04;"Grand Est";"Solaire";0,07230611892678
2018-05;"Grand Est";"Solaire";0,08350882705808
2018-06;"Grand Est";"Solaire";0,08431114586885
2018-07;"Grand Est";"Solaire";0,09138845729108
2018-08;"Grand Est";"Solaire";0,0805492747922
2018-09;"Grand Est";"Solaire";0,07201211316711
2018-10;"Grand Est";"Solaire";0,055877560380219
2018-11;"Grand Est";"Solaire";0,030415731020432
2018-12;"Grand Est";"Solaire";0,010746248323018
2019-01;"Grand Est";"Solaire";0,018120592776123
2019-02;"Grand Est";"Solaire";0,044414614179891
2019-03;"Grand Est";"Solaire";0,05920768610968
2019-04;"Grand Est";"Solaire";0,067202646139698
2019-05;"Grand Est";"Solaire";0,08192361945041
2019-06;"Grand Est";"Solaire";0,0898974968096
2019-07;"Grand Est";"Solaire";0,09326322591061
2019-08;"Grand Est";"Solaire";0,08669185555942
2019-09;"Grand Est";"Solaire";0,07313718063997
2019-10;"Grand Est";"Solaire";0,048852862059376
2019-11;"Grand Est";"Solaire";0,02845550082504
2019-12;"Grand Est";"Solaire";0,022327781517437
2020-01;"Grand Est";"Solaire";0,020091528
2020-02;"Grand Est";"Solaire";0,031104162
2020-03;"Grand Est";"Solaire";0,053313424
2020-04;"Grand Est";"Solaire";0,078357235
2020-05;"Grand Est";"Solaire";0,087575734
2020-06;"Grand Est";"Solaire";0,077460457
2020-07;"Grand Est";"Solaire";0,088355475
2020-08;"Grand Est";"Solaire";0,078324503
2020-09;"Grand Est";"Solaire";0,063206255
2020-10;"Grand Est";"Solaire";0,033460935
2020-11;"Grand Est";"Solaire";0,030357788
2020-12;"Grand Est";"Solaire";0,014099626
2021-01;"Grand Est";"Solaire";0,01304408713703
2021-02;"Grand Est";"Solaire";0,032254258288281
2021-03;"Grand Est";"Solaire";0,07299765933024
2021-04;"Grand Est";"Solaire";0,08664477836079
2021-05;"Grand Est";"Solaire";0,09459066339452
2021-06;"Grand Est";"Solaire";0,107768701471
2021-07;"Grand Est";"Solaire";0,10401163751096
2021-08;"Grand Est";"Solaire";0,10166408416834
2021-09;"Grand Est";"Solaire";0,10548365295742
2021-10;"Grand Est";"Solaire";0,07019251648467
2021-11;"Grand Est";"Solaire";0,032749368317835
2021-12;"Grand Est";"Solaire";0,020005806577736
2022-01;"Grand Est";"Solaire";0,030179065906
2022-02;"Grand Est";"Solaire";0,051800535841
2022-03;"Grand Est";"Solaire";0,109073256969
2022-04;"Grand Est";"Solaire";0,124638691921
2022-05;"Grand Est";"Solaire";0,162356000809
2022-06;"Grand Est";"Solaire";0,158324506431
2022-07;"Grand Est";"Solaire";0,187548291019
2022-08;"Grand Est";"Solaire";0,170525536916
2022-09;"Grand Est";"Solaire";0,118416070196
2022-10;"Grand Est";"Solaire";0,085832716115
2022-11;"Grand Est";"Solaire";0,040336733477
2022-12;"Grand Est";"Solaire";0,019607653652
2023-01;"Grand Est";"Solaire";0,024871311655
2023-02;"Grand Est";"Solaire";0,068875692421
2023-03;"Grand Est";"Solaire";0,101042834253
2023-04;"Grand Est";"Solaire";0,133571548542
2023-05;"Grand Est";"Solaire";0,184424470948
2023-06;"Grand Est";"Solaire";0,223467835137
2023-07;"Grand Est";"Solaire";0,183452918917
2023-08;"Grand Est";"Solaire";0,171024141219
2023-09;"Grand Est";"Solaire";0,171785619282
2023-10;"Grand Est";"Solaire";0,104435498182
2023-11;"Grand Est";"Solaire";0,042806601742
2023-12;"Grand Est";"Solaire";0,028572941703
2024-01;"Grand Est";"Solaire";0,041787688984
2024-02;"Grand Est";"Solaire";0,061730968144
2024-03;"Grand Est";"Solaire";0,130525931696
2024-04;"Grand Est";"Solaire";0,161214357527
2024-05;"Grand Est";"Solaire";0,19696649822
2024-06;"Grand Est";"Solaire";0,222380885008
2024-07;"Grand Est";"Solaire";0,24346936538
2024-08;"Grand Est";"Solaire";0,252263921385
2024-09;"Grand Est";"Solaire";0,17391723455
2024-10;"Grand Est";"Solaire";0,111017634535
2024-11;"Grand Est";"Solaire";0,050645135111
2024-12;"Grand Est";"Solaire";0,038825860919
2025-01;"Grand Est";"Solaire";0,053773904493
2025-02;"Grand Est";"Solaire";0,090333568734
2025-03;"Grand Est";"Solaire";0,204013235258
2025-04;"Grand Est";"Solaire";0,233846616913
2025-05;"Grand Est";"Solaire";0,274511455852
2025-06;"Grand Est";"Solaire";0,297664678815
2025-07;"Grand Est";"Solaire";0,32084799766
2025-08;"Grand Est";"Solaire";0,314401992605
2025-09;"Grand Est";"Solaire";0,206436949531
2025-10;"Grand Est";"Solaire";0,152851475121
2025-11;"Grand Est";"Solaire";0,085987647817
2014-01;"Grand Est";"Nucléaire";8,07143871
2014-02;"Grand Est";"Nucléaire";7,364437498
2014-03;"Grand Est";"Nucléaire";7,051444722
2014-04;"Grand Est";"Nucléaire";5,166446155
2014-05;"Grand Est";"Nucléaire";5,725960709
2014-06;"Grand Est";"Nucléaire";5,991656344
2014-07;"Grand Est";"Nucléaire";7,544829339
2014-08;"Grand Est";"Nucléaire";7,26961887
2014-09;"Grand Est";"Nucléaire";7,549863505
2014-10;"Grand Est";"Nucléaire";7,195370812
2014-11;"Grand Est";"Nucléaire";8,199678722
2014-12;"Grand Est";"Nucléaire";8,721005955
2015-01;"Grand Est";"Nucléaire";8,398496544
2015-02;"Grand Est";"Nucléaire";6,585993048
2015-03;"Grand Est";"Nucléaire";5,235811896
2015-04;"Grand Est";"Nucléaire";5,024141808
2015-05;"Grand Est";"Nucléaire";6,711316978
2015-06;"Grand Est";"Nucléaire";6,468145379
2015-07;"Grand Est";"Nucléaire";8,330214945
2015-08;"Grand Est";"Nucléaire";7,893237389
2015-09;"Grand Est";"Nucléaire";6,346000539
2015-10;"Grand Est";"Nucléaire";7,354191152
2015-11;"Grand Est";"Nucléaire";8,143601954
2015-12;"Grand Est";"Nucléaire";8,748672292
2016-01;"Grand Est";"Nucléaire";8,893224092
2016-02;"Grand Est";"Nucléaire";7,454315819
2016-03;"Grand Est";"Nucléaire";7,336436037
2016-04;"Grand Est";"Nucléaire";7,169587401
2016-05;"Grand Est";"Nucléaire";6,349642621
2016-06;"Grand Est";"Nucléaire";5,949524371
2016-07;"Grand Est";"Nucléaire";6,435317245
2016-08;"Grand Est";"Nucléaire";5,935160359
2016-09;"Grand Est";"Nucléaire";6,688253327
2016-10;"Grand Est";"Nucléaire";6,098263586
2016-11;"Grand Est";"Nucléaire";7,187702066
2016-12;"Grand Est";"Nucléaire";7,241496533
2017-01;"Grand Est";"Nucléaire";8,44222304
2017-02;"Grand Est";"Nucléaire";6,983688714999
2017-03;"Grand Est";"Nucléaire";5,529446352666
2017-04;"Grand Est";"Nucléaire";5,171752077837
2017-05;"Grand Est";"Nucléaire";6,211711251499
2017-06;"Grand Est";"Nucléaire";6,655266575334
2017-07;"Grand Est";"Nucléaire";7,488026466667
2017-08;"Grand Est";"Nucléaire";5,669178888166
2017-09;"Grand Est";"Nucléaire";5,414611935166
2017-10;"Grand Est";"Nucléaire";5,505010388667
2017-11;"Grand Est";"Nucléaire";6,257694758
2017-12;"Grand Est";"Nucléaire";7,554298649833
2018-01;"Grand Est";"Nucléaire";7,965104626833
2018-02;"Grand Est";"Nucléaire";7,224549417667
2018-03;"Grand Est";"Nucléaire";7,122040180834
2018-04;"Grand Est";"Nucléaire";5,914679998335
2018-05;"Grand Est";"Nucléaire";6,851676003498
2018-06;"Grand Est";"Nucléaire";6,816230576498
2018-07;"Grand Est";"Nucléaire";5,505512738334
2018-08;"Grand Est";"Nucléaire";3,627276051332
2018-09;"Grand Est";"Nucléaire";5,590874917999
2018-10;"Grand Est";"Nucléaire";6,825569306001
2018-11;"Grand Est";"Nucléaire";8,369775168666
2018-12;"Grand Est";"Nucléaire";8,749150019834
2019-01;"Grand Est";"Nucléaire";8,4569175785
2019-02;"Grand Est";"Nucléaire";6,838294923333
2019-03;"Grand Est";"Nucléaire";6,889575071666
2019-04;"Grand Est";"Nucléaire";6,027839362
2019-05;"Grand Est";"Nucléaire";4,948921675
2019-06;"Grand Est";"Nucléaire";4,395264418
2019-07;"Grand Est";"Nucléaire";4,418164148668
2019-08;"Grand Est";"Nucléaire";4,948772076501
2019-09;"Grand Est";"Nucléaire";5,087389451165
2019-10;"Grand Est";"Nucléaire";7,780158657168
2019-11;"Grand Est";"Nucléaire";8,088502695667
2019-12;"Grand Est";"Nucléaire";8,508989729001
2020-01;"Grand Est";"Nucléaire";8,64273379417
2020-02;"Grand Est";"Nucléaire";6,103559079499
2020-03;"Grand Est";"Nucléaire";4,183066228997
2020-04;"Grand Est";"Nucléaire";3,578073955997
2020-05;"Grand Est";"Nucléaire";3,152948529835
2020-06;"Grand Est";"Nucléaire";4,052022710333
2020-07;"Grand Est";"Nucléaire";4,36344160883
2020-08;"Grand Est";"Nucléaire";4,754141996167
2020-09;"Grand Est";"Nucléaire";3,731348328333
2020-10;"Grand Est";"Nucléaire";6,589736645166
2020-11;"Grand Est";"Nucléaire";7,395079718167
2020-12;"Grand Est";"Nucléaire";6,832338684166
2021-01;"Grand Est";"Nucléaire";6,632125888664
2021-02;"Grand Est";"Nucléaire";4,704298856332
2021-03;"Grand Est";"Nucléaire";4,255777858836
2021-04;"Grand Est";"Nucléaire";3,929976183666
2021-05;"Grand Est";"Nucléaire";4,472766875667
2021-06;"Grand Est";"Nucléaire";4,645734641833
2021-07;"Grand Est";"Nucléaire";5,484113041498
2021-08;"Grand Est";"Nucléaire";5,413865076836
2021-09;"Grand Est";"Nucléaire";4,732109191335
2021-10;"Grand Est";"Nucléaire";5,224016927001
2021-11;"Grand Est";"Nucléaire";6,357086861002
2021-12;"Grand Est";"Nucléaire";5,406605413504
2022-01;"Grand Est";"Nucléaire";5,357077961501
2022-02;"Grand Est";"Nucléaire";4,600552838166
2022-03;"Grand Est";"Nucléaire";3,8618414665
2022-04;"Grand Est";"Nucléaire";3,547688652334
2022-05;"Grand Est";"Nucléaire";3,341211080667
2022-06;"Grand Est";"Nucléaire";1,853217911164
2022-07;"Grand Est";"Nucléaire";1,557582615331
2022-08;"Grand Est";"Nucléaire";2,282609017839
2022-09;"Grand Est";"Nucléaire";2,536367255501
2022-10;"Grand Est";"Nucléaire";2,332627079667
2022-11;"Grand Est";"Nucléaire";2,678874458997
2022-12;"Grand Est";"Nucléaire";3,328848221004
2023-01;"Grand Est";"Nucléaire";3,683355447164
2023-02;"Grand Est";"Nucléaire";4,171703155833
2023-03;"Grand Est";"Nucléaire";3,409442931662
2023-04;"Grand Est";"Nucléaire";3,40592186016
2023-05;"Grand Est";"Nucléaire";4,954737072328
2023-06;"Grand Est";"Nucléaire";4,476608640505
2023-07;"Grand Est";"Nucléaire";5,381845667834
2023-08;"Grand Est";"Nucléaire";5,478660553341
2023-09;"Grand Est";"Nucléaire";5,548792302167
2023-10;"Grand Est";"Nucléaire";4,325139878843
2023-11;"Grand Est";"Nucléaire";4,951498340172
2023-12;"Grand Est";"Nucléaire";5,515180210092
2024-01;"Grand Est";"Nucléaire";7,07629855476
2024-02;"Grand Est";"Nucléaire";5,931953218254
2024-03;"Grand Est";"Nucléaire";4,297524863668
2024-04;"Grand Est";"Nucléaire";3,662782174675
2024-05;"Grand Est";"Nucléaire";4,181909200999
2024-06;"Grand Est";"Nucléaire";4,086597691002
2024-07;"Grand Est";"Nucléaire";3,991901582586
2024-08;"Grand Est";"Nucléaire";5,543019318998
2024-09;"Grand Est";"Nucléaire";5,670014488336
2024-10;"Grand Est";"Nucléaire";5,313017409666
2024-11;"Grand Est";"Nucléaire";5,776814620579
2024-12;"Grand Est";"Nucléaire";6,868363713259
2025-01;"Grand Est";"Nucléaire";7,444364314078
2025-02;"Grand Est";"Nucléaire";6,118993751751
2025-03;"Grand Est";"Nucléaire";6,646723128249
2025-04;"Grand Est";"Nucléaire";4,346349252754
2025-05;"Grand Est";"Nucléaire";3,249634312417
2025-06;"Grand Est";"Nucléaire";3,068176622499
2025-07;"Grand Est";"Nucléaire";5,202831417249
2025-08;"Grand Est";"Nucléaire";5,325645395157
2025-09;"Grand Est";"Nucléaire";5,441409332418
2025-10;"Grand Est";"Nucléaire";5,444273871915
2025-11;"Grand Est";"Nucléaire";5,998911894169
2014-01;"Grand Est";"Hydraulique";0,6409952016
2014-02;"Grand Est";"Hydraulique";0,5539512992
2014-03;"Grand Est";"Hydraulique";0,5399396067669
2014-04;"Grand Est";"Hydraulique";0,4858816872
2014-05;"Grand Est";"Hydraulique";0,7503798363
2014-06;"Grand Est";"Hydraulique";0,5939150229331
2014-07;"Grand Est";"Hydraulique";0,8839172398
2014-08;"Grand Est";"Hydraulique";0,9053792347
2014-09;"Grand Est";"Hydraulique";0,6971891258
2014-10;"Grand Est";"Hydraulique";0,6074785733
2014-11;"Grand Est";"Hydraulique";0,6641826086669
2014-12;"Grand Est";"Hydraulique";0,5529389608331
2015-01;"Grand Est";"Hydraulique";0,72824022405
2015-02;"Grand Est";"Hydraulique";0,5102721244
2015-03;"Grand Est";"Hydraulique";0,6774305937
2015-04;"Grand Est";"Hydraulique";0,7675793706
2015-05;"Grand Est";"Hydraulique";0,8840223721
2015-06;"Grand Est";"Hydraulique";0,8603404285
2015-07;"Grand Est";"Hydraulique";0,6209638304
2015-08;"Grand Est";"Hydraulique";0,4829738786669
2015-09;"Grand Est";"Hydraulique";0,4204029566
2015-10;"Grand Est";"Hydraulique";0,4060008769
2015-11;"Grand Est";"Hydraulique";0,3892456943331
2015-12;"Grand Est";"Hydraulique";0,4295480385669
2016-01;"Grand Est";"Hydraulique";0,6232215775
2016-02;"Grand Est";"Hydraulique";0,7306585968
2016-03;"Grand Est";"Hydraulique";0,6485441667
2016-04;"Grand Est";"Hydraulique";0,7718982527
2016-05;"Grand Est";"Hydraulique";0,9207928771
2016-06;"Grand Est";"Hydraulique";0,9252645445331
2016-07;"Grand Est";"Hydraulique";0,9345537101669
2016-08;"Grand Est";"Hydraulique";0,7822841429331
2016-09;"Grand Est";"Hydraulique";0,5583796512
2016-10;"Grand Est";"Hydraulique";0,3934359403669
2016-11;"Grand Est";"Hydraulique";0,5629830201331
2016-12;"Grand Est";"Hydraulique";0,3629310583669
2017-01;"Grand Est";"Hydraulique";0,3056152576331
2017-02;"Grand Est";"Hydraulique";0,4749405156669
2017-03;"Grand Est";"Hydraulique";0,7349327119331
2017-04;"Grand Est";"Hydraulique";0,5209948019
2017-05;"Grand Est";"Hydraulique";0,7778253998
2017-06;"Grand Est";"Hydraulique";0,7058811827
2017-07;"Grand Est";"Hydraulique";0,6322255069
2017-08;"Grand Est";"Hydraulique";0,6591689063
2017-09;"Grand Est";"Hydraulique";0,6854039643
2017-10;"Grand Est";"Hydraulique";0,55243222505
2017-11;"Grand Est";"Hydraulique";0,6144257852331
2017-12;"Grand Est";"Hydraulique";0,7233321313
2018-01;"Grand Est";"Hydraulique";0,7990630149669
2018-02;"Grand Est";"Hydraulique";0,65983582
2018-03;"Grand Est";"Hydraulique";0,6377720782331
2018-04;"Grand Est";"Hydraulique";0,7158930934
2018-05;"Grand Est";"Hydraulique";0,81581243785
2018-06;"Grand Est";"Hydraulique";0,7694771263331
2018-07;"Grand Est";"Hydraulique";0,4946095726669
2018-08;"Grand Est";"Hydraulique";0,3768465087
2018-09;"Grand Est";"Hydraulique";0,3651398590331
2018-10;"Grand Est";"Hydraulique";0,2985972575
2018-11;"Grand Est";"Hydraulique";0,2568498482669
2018-12;"Grand Est";"Hydraulique";0,6076381061331
2019-01;"Grand Est";"Hydraulique";0,5679958669669
2019-02;"Grand Est";"Hydraulique";0,5053562162331
2019-03;"Grand Est";"Hydraulique";0,6874131482
2019-04;"Grand Est";"Hydraulique";0,5905655297669
2019-05;"Grand Est";"Hydraulique";0,7883529539
2019-06;"Grand Est";"Hydraulique";0,8771647113331
2019-07;"Grand Est";"Hydraulique";0,7506236049
2019-08;"Grand Est";"Hydraulique";0,7466639028669
2019-09;"Grand Est";"Hydraulique";0,5547655180331
2019-10;"Grand Est";"Hydraulique";0,6632484607
2019-11;"Grand Est";"Hydraulique";0,6432739556669
2019-12;"Grand Est";"Hydraulique";0,7035367889331
2020-01;"Grand Est";"Hydraulique";0,5052007486669
2020-02;"Grand Est";"Hydraulique";0,6816863881331
2020-03;"Grand Est";"Hydraulique";0,7451443674669
2020-04;"Grand Est";"Hydraulique";0,4752173042
2020-05;"Grand Est";"Hydraulique";0,6375464338
2020-06;"Grand Est";"Hydraulique";0,6667656524331
2020-07;"Grand Est";"Hydraulique";0,6829932795669
2020-08;"Grand Est";"Hydraulique";0,6021618193331
2020-09;"Grand Est";"Hydraulique";0,5506743521
2020-10;"Grand Est";"Hydraulique";0,6672734635669
2020-11;"Grand Est";"Hydraulique";0,5377048932
2020-12;"Grand Est";"Hydraulique";0,5733742946
2021-01;"Grand Est";"Hydraulique";0,6023826991201
2021-02;"Grand Est";"Hydraulique";0,6849514459859
2021-03;"Grand Est";"Hydraulique";0,6506279372921
2021-04;"Grand Est";"Hydraulique";0,5166046004557
2021-05;"Grand Est";"Hydraulique";0,8393950950239
2021-06;"Grand Est";"Hydraulique";0,8741198866409
2021-07;"Grand Est";"Hydraulique";0,9116355014184
2021-08;"Grand Est";"Hydraulique";0,8822698196036
2021-09;"Grand Est";"Hydraulique";0,6194006805711
2021-10;"Grand Est";"Hydraulique";0,4128169574324
2021-11;"Grand Est";"Hydraulique";0,3515475992325
2021-12;"Grand Est";"Hydraulique";0,5928244467867
2022-01;"Grand Est";"Hydraulique";0,6171476006619
2022-02;"Grand Est";"Hydraulique";0,5826531068706
2022-03;"Grand Est";"Hydraulique";0,4133237048279
2022-04;"Grand Est";"Hydraulique";0,5945527961257
2022-05;"Grand Est";"Hydraulique";0,6123630374329
2022-06;"Grand Est";"Hydraulique";0,5977518084084
2022-07;"Grand Est";"Hydraulique";0,4622985581863
2022-08;"Grand Est";"Hydraulique";0,3950958023603
2022-09;"Grand Est";"Hydraulique";0,4659963095183
2022-10;"Grand Est";"Hydraulique";0,6105533815768
2022-11;"Grand Est";"Hydraulique";0,526312345883
2022-12;"Grand Est";"Hydraulique";0,5673213141849
2023-01;"Grand Est";"Hydraulique";0,6698769822298
2023-02;"Grand Est";"Hydraulique";0,367606004345
2023-03;"Grand Est";"Hydraulique";0,5658745220307
2023-04;"Grand Est";"Hydraulique";0,6489100793739
2023-05;"Grand Est";"Hydraulique";0,8181727416814
2023-06;"Grand Est";"Hydraulique";0,5900958140934
2023-07;"Grand Est";"Hydraulique";0,5269354359254
2023-08;"Grand Est";"Hydraulique";0,5986736484943
2023-09;"Grand Est";"Hydraulique";0,5983858384764
2023-10;"Grand Est";"Hydraulique";0,4472699289001
2023-11;"Grand Est";"Hydraulique";0,7175536755312
2023-12;"Grand Est";"Hydraulique";0,7818775054785
2024-01;"Grand Est";"Hydraulique";0,7783971453287
2024-02;"Grand Est";"Hydraulique";0,6897709274558
2024-03;"Grand Est";"Hydraulique";0,728678154516
2024-04;"Grand Est";"Hydraulique";0,7164755151167
2024-05;"Grand Est";"Hydraulique";0,8083880850756
2024-06;"Grand Est";"Hydraulique";0,798813625327
2024-07;"Grand Est";"Hydraulique";0,877924541008
2024-08;"Grand Est";"Hydraulique";0,6717854361553
2024-09;"Grand Est";"Hydraulique";0,6185599148422
2024-10;"Grand Est";"Hydraulique";0,7191733526033
2024-11;"Grand Est";"Hydraulique";0,5426649364075
2024-12;"Grand Est";"Hydraulique";0,6979813702482
2025-01;"Grand Est";"Hydraulique";0,7170221299706
2025-02;"Grand Est";"Hydraulique";0,583728857758
2025-03;"Grand Est";"Hydraulique";0,4228103638962
2025-04;"Grand Est";"Hydraulique";0,4030992875671
2025-05;"Grand Est";"Hydraulique";0,5695893497283
2025-06;"Grand Est";"Hydraulique";0,6392755659706
2025-07;"Grand Est";"Hydraulique";0,5947518925561
2025-08;"Grand Est";"Hydraulique";0,7162639484837
2025-09;"Grand Est";"Hydraulique";0,6816586658323
2025-10;"Grand Est";"Hydraulique";0,6194875930541
2025-11;"Grand Est";"Hydraulique";0,6465167112962
2014-01;"Grand Est";"Autre";3,4789567060489E-18
2014-02;"Grand Est";"Autre";1,3112196224629E-17
2014-03;"Grand Est";"Autre";-9,5098234842439E-19
2014-04;"Grand Est";"Autre";1,037950975169E-18
2014-05;"Grand Est";"Autre";1,1475628607094E-17
2014-06;"Grand Est";"Autre";4,2385548196244E-18
2014-07;"Grand Est";"Autre";3,463046689689E-18
2014-08;"Grand Est";"Autre";1,1150923934222E-18
2014-09;"Grand Est";"Autre";-2,5920810636792E-18
2014-10;"Grand Est";"Autre";3,9354379130496E-18
2014-11;"Grand Est";"Autre";5,1929467670408E-18
2014-12;"Grand Est";"Autre";-1,5607532627415E-17
2015-01;"Grand Est";"Autre";-1,5689512189443E-17
2015-02;"Grand Est";"Autre";-4,8447617445602E-18
2015-03;"Grand Est";"Autre";5,4817105715754E-18
2015-04;"Grand Est";"Autre";-8,2311327892492E-18
2015-05;"Grand Est";"Autre";-7,6119457959045E-18
2015-06;"Grand Est";"Autre";-1,1514201050944E-18
2015-07;"Grand Est";"Autre";2,1789063608946E-18
2015-08;"Grand Est";"Autre";1,8320987088538E-18
2015-09;"Grand Est";"Autre";-3,7105631067735E-18
2015-10;"Grand Est";"Autre";6,4048957110208E-18
2015-11;"Grand Est";"Autre";1,8018799993746E-17
2015-12;"Grand Est";"Autre";-1,7257372614266E-17
2016-01;"Grand Est";"Autre";6,8033217948127E-18
2016-02;"Grand Est";"Autre";3,2840952179924E-18
2016-03;"Grand Est";"Autre";-4,6671954495592E-18
2016-04;"Grand Est";"Autre";1,0446142215126E-17
2016-05;"Grand Est";"Autre";-7,4548006656627E-18
2016-06;"Grand Est";"Autre";-6,1153859753915E-19
2016-07;"Grand Est";"Autre";-1,499446400377E-18
2016-08;"Grand Est";"Autre";-1,7629023241206E-18
2016-09;"Grand Est";"Autre";2,7366607244228E-18
2016-10;"Grand Est";"Autre";9,3794937094938E-18
2016-11;"Grand Est";"Autre";-3,6827034477493E-18
2016-12;"Grand Est";"Autre";-4,049559299002E-18
2017-01;"Grand Est";"Autre";0,001400101
2017-02;"Grand Est";"Autre";0,001455851
2017-03;"Grand Est";"Autre";0,001754147
2017-04;"Grand Est";"Autre";0,000494331
2017-05;"Grand Est";"Autre";0,00047591199999999
2017-06;"Grand Est";"Autre";0,00045213
2017-07;"Grand Est";"Autre";0,00046720099999999
2017-08;"Grand Est";"Autre";0,00046720100000001
2017-09;"Grand Est";"Autre";0,00048141
2017-10;"Grand Est";"Autre";0,00050390399999998
2017-11;"Grand Est";"Autre";0,001700035
2017-12;"Grand Est";"Autre";0,001958729
2018-01;"Grand Est";"Autre";0,001897314
2018-02;"Grand Est";"Autre";0,001680564
2018-03;"Grand Est";"Autre";0,001847716
2018-04;"Grand Est";"Autre";0,00049844
2018-05;"Grand Est";"Autre";0,000445005
2018-06;"Grand Est";"Autre";0,001452552
2018-07;"Grand Est";"Autre";0,001469968
2018-08;"Grand Est";"Autre";0,001794096
2018-09;"Grand Est";"Autre";0,001762477
2018-10;"Grand Est";"Autre";0,002935459
2018-11;"Grand Est";"Autre";0,004038122
2018-12;"Grand Est";"Autre";0,005376943
2019-01;"Grand Est";"Autre";0,000335769
2019-02;"Grand Est";"Autre";0,00088885000000001
2019-03;"Grand Est";"Autre";0,00094917800000001
2019-04;"Grand Est";"Autre";0,00026255499999999
2019-05;"Grand Est";"Autre";0,00028496500000001
2019-06;"Grand Est";"Autre";0,000258004
2019-07;"Grand Est";"Autre";0,000247212
2019-08;"Grand Est";"Autre";0,000228828
2019-09;"Grand Est";"Autre";0,00022270399999999
2019-10;"Grand Est";"Autre";0,000243397
2019-11;"Grand Est";"Autre";0,001481272
2019-12;"Grand Est";"Autre";0,001655248
2020-01;"Grand Est";"Autre";0,001664426
2020-02;"Grand Est";"Autre";0,001569074
2020-03;"Grand Est";"Autre";0,001128975
2020-04;"Grand Est";"Autre";0,00023793599999999
2020-05;"Grand Est";"Autre";0,000261546
2020-06;"Grand Est";"Autre";0,00023797599999999
2020-07;"Grand Est";"Autre";0,000241882
2020-08;"Grand Est";"Autre";0,00024327599999999
2020-09;"Grand Est";"Autre";0,00058849199999999
2020-10;"Grand Est";"Autre";0,00028311599999997
2020-11;"Grand Est";"Autre";0,00063949000000002
2020-12;"Grand Est";"Autre";0,00046275399999997
2021-01;"Grand Est";"Autre";0,00024804700000001
2021-02;"Grand Est";"Autre";0,00022753100000001
2021-03;"Grand Est";"Autre";0,000249979
2021-04;"Grand Est";"Autre";0,000230342
2021-05;"Grand Est";"Autre";0,00024993299999999
2021-06;"Grand Est";"Autre";0,000236338
2021-07;"Grand Est";"Autre";0,00032788399999999
2021-08;"Grand Est";"Autre";0,00024283200000001
2021-09;"Grand Est";"Autre";0,00024045699999999
2021-10;"Grand Est";"Autre";0,00025156999999998
2021-11;"Grand Est";"Autre";0,000239971
2021-12;"Grand Est";"Autre";0,00022843900000001
2022-01;"Grand Est";"Autre";0,00068594478600001
2022-02;"Grand Est";"Autre";0,00064360021700003
2022-03;"Grand Est";"Autre";0,00067318951299999
2022-04;"Grand Est";"Autre";0,000660593349
2022-05;"Grand Est";"Autre";0,00067857654300001
2022-06;"Grand Est";"Autre";0,000563597241
2022-07;"Grand Est";"Autre";0,000538641895
2022-08;"Grand Est";"Autre";0,000538576888
2022-09;"Grand Est";"Autre";0,00052950888
2022-10;"Grand Est";"Autre";0,00052840786499998
2022-11;"Grand Est";"Autre";0,00052713689999997
2022-12;"Grand Est";"Autre";0,00052608887899999
2023-01;"Grand Est";"Autre";0,00050881794200002
2023-02;"Grand Est";"Autre";0,00050956494399999
2023-03;"Grand Est";"Autre";0,00051015494099997
2023-04;"Grand Est";"Autre";0,00051175496999999
2023-05;"Grand Est";"Autre";0,00050900849899999
2023-06;"Grand Est";"Autre";0,00051174051
2023-07;"Grand Est";"Autre";0,00051047048999999
2023-08;"Grand Est";"Autre";0,00050952747000001
2023-09;"Grand Est";"Autre";0,0005094105
2023-10;"Grand Est";"Autre";0,000508502486
2023-11;"Grand Est";"Autre";0,00050652950999994
2023-12;"Grand Est";"Autre";0,00050594250600001
2024-01;"Grand Est";"Autre";0,000505941514
2024-02;"Grand Est";"Autre";0,000506344495
2024-03;"Grand Est";"Autre";0,00050708126899998
2024-04;"Grand Est";"Autre";0,00050870543999998
2024-05;"Grand Est";"Autre";0,000509533484
2024-06;"Grand Est";"Autre";0,00051100251000001
2024-07;"Grand Est";"Autre";0,00051076948499999
2024-08;"Grand Est";"Autre";0,000511395868
2024-09;"Grand Est";"Autre";0,00051047060900001
2024-10;"Grand Est";"Autre";0,000508274977
2024-11;"Grand Est";"Autre";0,00050676746999997
2024-12;"Grand Est";"Autre";0,00050601848700001
2025-01;"Grand Est";"Autre";0,00050599650799999
2025-02;"Grand Est";"Autre";0,00050636549599998
2025-03;"Grand Est";"Autre";0,00050804452300001
2025-04;"Grand Est";"Autre";0,00051037152000002
2025-05;"Grand Est";"Autre";0,00051077246100001
2025-06;"Grand Est";"Autre";0,00051167351999999
2025-07;"Grand Est";"Autre";0,00051224781300001
2025-08;"Grand Est";"Autre";0,00051044652700001
2025-09;"Grand Est";"Autre";0,00051015051000001
2025-10;"Grand Est";"Autre";0,000510475564
2025-11;"Grand Est";"Autre";0,00050823249000001
2014-01;"Grand Est";"Production décarbonée";9,303466982265
2014-02;"Grand Est";"Production décarbonée";8,585779119867
2014-03;"Grand Est";"Production décarbonée";7,9494690246009
2014-04;"Grand Est";"Production décarbonée";5,939798483699
2014-05;"Grand Est";"Production décarbonée";6,932285021635
2014-06;"Grand Est";"Production décarbonée";6,9322359511001
2014-07;"Grand Est";"Production décarbonée";8,718062784131
2014-08;"Grand Est";"Production décarbonée";8,484375907199
2014-09;"Grand Est";"Production décarbonée";8,496634998465
2014-10;"Grand Est";"Production décarbonée";8,142355971466
2014-11;"Grand Est";"Production décarbonée";9,2627483434999
2014-12;"Grand Est";"Production décarbonée";9,8461058518341
2015-01;"Grand Est";"Production décarbonée";9,760649941382
2015-02;"Grand Est";"Production décarbonée";7,610593982561
2015-03;"Grand Est";"Production décarbonée";6,469515543867
2015-04;"Grand Est";"Production décarbonée";6,238137901766
2015-05;"Grand Est";"Production décarbonée";8,045244629268
2015-06;"Grand Est";"Production décarbonée";7,739201251834
2015-07;"Grand Est";"Production décarbonée";9,396051041068
2015-08;"Grand Est";"Production décarbonée";8,7687359586649
2015-09;"Grand Est";"Production décarbonée";7,345010787265
2015-10;"Grand Est";"Production décarbonée";8,1313182874
2015-11;"Grand Est";"Production décarbonée";9,2489592101671
2015-12;"Grand Est";"Production décarbonée";9,8331391830739
2016-01;"Grand Est";"Production décarbonée";10,321904599502
2016-02;"Grand Est";"Production décarbonée";9,064524041635
2016-03;"Grand Est";"Production décarbonée";8,707836391035
2016-04;"Grand Est";"Production décarbonée";8,418972342203
2016-05;"Grand Est";"Production décarbonée";7,696922792764
2016-06;"Grand Est";"Production décarbonée";7,1833734695341
2016-07;"Grand Est";"Production décarbonée";7,6662692048329
2016-08;"Grand Est";"Production décarbonée";7,0387975777671
2016-09;"Grand Est";"Production décarbonée";7,536141829038
2016-10;"Grand Est";"Production décarbonée";6,9384737042049
2016-11;"Grand Est";"Production décarbonée";8,4012333323001
2016-12;"Grand Est";"Production décarbonée";8,0147528320339
2017-01;"Grand Est";"Production décarbonée";9,3197783411331
2017-02;"Grand Est";"Production décarbonée";8,1339617998299
2017-03;"Grand Est";"Production décarbonée";7,0532894570961
2017-04;"Grand Est";"Production décarbonée";6,085443396069
2017-05;"Grand Est";"Production décarbonée";7,409810560298
2017-06;"Grand Est";"Production décarbonée";7,818216189703
2017-07;"Grand Est";"Production décarbonée";8,599902630069
2017-08;"Grand Est";"Production décarbonée";6,692135574465
2017-09;"Grand Est";"Production décarbonée";6,580580885798
2017-10;"Grand Est";"Production décarbonée";6,630641016047
2017-11;"Grand Est";"Production décarbonée";7,4926653517361
2017-12;"Grand Est";"Production décarbonée";9,181966005465
2018-01;"Grand Est";"Production décarbonée";9,8336834589669
2018-02;"Grand Est";"Production décarbonée";8,591115761164
2018-03;"Grand Est";"Production décarbonée";8,5447575737484
2018-04;"Grand Est";"Production décarbonée";7,2724456263288
2018-05;"Grand Est";"Production décarbonée";8,1621953610721
2018-06;"Grand Est";"Production décarbonée";7,9894996128639
2018-07;"Grand Est";"Production décarbonée";6,400059333792
2018-08;"Grand Est";"Production décarbonée";4,4504570433272
2018-09;"Grand Est";"Production décarbonée";6,4358168866992
2018-10;"Grand Est";"Production décarbonée";7,7717973692152
2018-11;"Grand Est";"Production décarbonée";9,3416035882813
2018-12;"Grand Est";"Production décarbonée";10,327803508296
2019-01;"Grand Est";"Production décarbonée";9,787140389408
2019-02;"Grand Est";"Production décarbonée";8,026277270911
2019-03;"Grand Est";"Production décarbonée";8,7971584009767
2019-04;"Grand Est";"Production décarbonée";7,2544131714066
2019-05;"Grand Est";"Production décarbonée";6,3363958806834
2019-06;"Grand Est";"Production décarbonée";5,8362237719757
2019-07;"Grand Est";"Production décarbonée";5,6894537698096
2019-08;"Grand Est";"Production décarbonée";6,1880997910903
2019-09;"Grand Est";"Production décarbonée";6,3631641211751
2019-10;"Grand Est";"Production décarbonée";9,3706823975984
2019-11;"Grand Est";"Production décarbonée";9,6309147001579
2019-12;"Grand Est";"Production décarbonée";10,407503597617
2020-01;"Grand Est";"Production décarbonée";10,171452885672
2020-02;"Grand Est";"Production décarbonée";8,2913901799651
2020-03;"Grand Est";"Production décarbonée";6,1400950286289
2020-04;"Grand Est";"Production décarbonée";4,738353088032
2020-05;"Grand Est";"Production décarbonée";4,482824329634
2020-06;"Grand Est";"Production décarbonée";5,2994945747691
2020-07;"Grand Est";"Production décarbonée";5,6359761987279
2020-08;"Grand Est";"Production décarbonée";5,9296472216651
2020-09;"Grand Est";"Production décarbonée";4,8555808131
2020-10;"Grand Est";"Production décarbonée";8,3932418214029
2020-11;"Grand Est";"Production décarbonée";8,685797225534
2020-12;"Grand Est";"Production décarbonée";8,4127705341
2021-01;"Grand Est";"Production décarbonée";8,1729041799191
2021-02;"Grand Est";"Production décarbonée";6,4419061284412
2021-03;"Grand Est";"Production décarbonée";5,8142145881223
2021-04;"Grand Est";"Production décarbonée";5,2285112096505
2021-05;"Grand Est";"Production décarbonée";6,4098641740854
2021-06;"Grand Est";"Production décarbonée";5,9633220082799
2021-07;"Grand Est";"Production décarbonée";7,0788405685904
2021-08;"Grand Est";"Production décarbonée";6,9351707411089
2021-09;"Grand Est";"Production décarbonée";5,8547894993665
2021-10;"Grand Est";"Production décarbonée";6,4994489617521
2021-11;"Grand Est";"Production décarbonée";7,3358104167153
2021-12;"Grand Est";"Production décarbonée";7,0072754118654
2022-01;"Grand Est";"Production décarbonée";6,8024682323589
2022-02;"Grand Est";"Production décarbonée";6,6042571701876
2022-03;"Grand Est";"Production décarbonée";5,2295035664734
2022-04;"Grand Est";"Production décarbonée";5,1844156369207
2022-05;"Grand Est";"Production décarbonée";4,6724412275609
2022-06;"Grand Est";"Production décarbonée";3,0359040093454
2022-07;"Grand Est";"Production décarbonée";2,6827179634093
2022-08;"Grand Est";"Production décarbonée";3,3937051408178
2022-09;"Grand Est";"Production décarbonée";3,6378154724633
2022-10;"Grand Est";"Production décarbonée";3,8679968035578
2022-11;"Grand Est";"Production décarbonée";4,2687591281955
2022-12;"Grand Est";"Production décarbonée";5,0429605578374
2023-01;"Grand Est";"Production décarbonée";5,8543029637888
2023-02;"Grand Est";"Production décarbonée";5,4907034474465
2023-03;"Grand Est";"Production décarbonée";5,4933046607927
2023-04;"Grand Est";"Production décarbonée";5,1237125811114
2023-05;"Grand Est";"Production décarbonée";6,8355915715739
2023-06;"Grand Est";"Production décarbonée";5,8085720615054
2023-07;"Grand Est";"Production décarbonée";6,8334956370634
2023-08;"Grand Est";"Production décarbonée";6,9155298337278
2023-09;"Grand Est";"Production décarbonée";6,9123313422649
2023-10;"Grand Est";"Production décarbonée";5,9815806757541
2023-11;"Grand Est";"Production décarbonée";7,3123255926522
2023-12;"Grand Est";"Production décarbonée";7,8983951754815
2024-01;"Grand Est";"Production décarbonée";9,1549996478872
2024-02;"Grand Est";"Production décarbonée";7,9939795036018
2024-03;"Grand Est";"Production décarbonée";6,1920246570255
2024-04;"Grand Est";"Production décarbonée";5,5449695400592
2024-05;"Grand Est";"Production décarbonée";5,7400325952471
2024-06;"Grand Est";"Production décarbonée";5,640999868596
2024-07;"Grand Est";"Production décarbonée";5,5626162582935
2024-08;"Grand Est";"Production décarbonée";6,8838766914493
2024-09;"Grand Est";"Production décarbonée";7,4062581078732
2024-10;"Grand Est";"Production décarbonée";6,9145217431788
2024-11;"Grand Est";"Production décarbonée";7,3462097309315
2024-12;"Grand Est";"Production décarbonée";8,7279064719587
2025-01;"Grand Est";"Production décarbonée";9,5414931268286
2025-02;"Grand Est";"Production décarbonée";7,5770620406815
2025-03;"Grand Est";"Production décarbonée";8,1742879379252
2025-04;"Grand Est";"Production décarbonée";5,7708658680636
2025-05;"Grand Est";"Production décarbonée";4,8711209379078
2025-06;"Grand Est";"Production décarbonée";4,6108105425091
2025-07;"Grand Est";"Production décarbonée";6,6989366988786
2025-08;"Grand Est";"Production décarbonée";6,9387654865147
2025-09;"Grand Est";"Production décarbonée";7,2008861339533
2025-10;"Grand Est";"Production décarbonée";7,4416431843791
2025-11;"Grand Est";"Production décarbonée";7,6864459312202
2014-01;"Pays de la Loire";"Thermique renouvelable et déchets";0,023113162
2014-02;"Pays de la Loire";"Thermique renouvelable et déchets";0,0213247925
2014-03;"Pays de la Loire";"Thermique renouvelable et déchets";0,0224267885
2014-04;"Pays de la Loire";"Thermique renouvelable et déchets";0,0206348395
2014-05;"Pays de la Loire";"Thermique renouvelable et déchets";0,0238399685
2014-06;"Pays de la Loire";"Thermique renouvelable et déchets";0,023249145
2014-07;"Pays de la Loire";"Thermique renouvelable et déchets";0,025027
2014-08;"Pays de la Loire";"Thermique renouvelable et déchets";0,021867014
2014-09;"Pays de la Loire";"Thermique renouvelable et déchets";0,0245182195
2014-10;"Pays de la Loire";"Thermique renouvelable et déchets";0,025263003
2014-11;"Pays de la Loire";"Thermique renouvelable et déchets";0,024843679
2014-12;"Pays de la Loire";"Thermique renouvelable et déchets";0,025751945
2015-01;"Pays de la Loire";"Thermique renouvelable et déchets";0,0252558735
2015-02;"Pays de la Loire";"Thermique renouvelable et déchets";0,0235071485
2015-03;"Pays de la Loire";"Thermique renouvelable et déchets";0,025114961
2015-04;"Pays de la Loire";"Thermique renouvelable et déchets";0,0219045935
2015-05;"Pays de la Loire";"Thermique renouvelable et déchets";0,0217272645
2015-06;"Pays de la Loire";"Thermique renouvelable et déchets";0,0216762615
2015-07;"Pays de la Loire";"Thermique renouvelable et déchets";0,019457389
2015-08;"Pays de la Loire";"Thermique renouvelable et déchets";0,0208988735
2015-09;"Pays de la Loire";"Thermique renouvelable et déchets";0,022323035
2015-10;"Pays de la Loire";"Thermique renouvelable et déchets";0,024732613
2015-11;"Pays de la Loire";"Thermique renouvelable et déchets";0,0249855935
2015-12;"Pays de la Loire";"Thermique renouvelable et déchets";0,024415181
2016-01;"Pays de la Loire";"Thermique renouvelable et déchets";0,021469745
2016-02;"Pays de la Loire";"Thermique renouvelable et déchets";0,0210505185
2016-03;"Pays de la Loire";"Thermique renouvelable et déchets";0,0221701995
2016-04;"Pays de la Loire";"Thermique renouvelable et déchets";0,021512261
2016-05;"Pays de la Loire";"Thermique renouvelable et déchets";0,022875584
2016-06;"Pays de la Loire";"Thermique renouvelable et déchets";0,0230296545
2016-07;"Pays de la Loire";"Thermique renouvelable et déchets";0,0240342585
2016-08;"Pays de la Loire";"Thermique renouvelable et déchets";0,0214103985
2016-09;"Pays de la Loire";"Thermique renouvelable et déchets";0,0219546125
2016-10;"Pays de la Loire";"Thermique renouvelable et déchets";0,0258646325
2016-11;"Pays de la Loire";"Thermique renouvelable et déchets";0,0248129625
2016-12;"Pays de la Loire";"Thermique renouvelable et déchets";0,0261195305
2017-01;"Pays de la Loire";"Thermique renouvelable et déchets";0,0257247155
2017-02;"Pays de la Loire";"Thermique renouvelable et déchets";0,024253744
2017-03;"Pays de la Loire";"Thermique renouvelable et déchets";0,026557616
2017-04;"Pays de la Loire";"Thermique renouvelable et déchets";0,0258093165
2017-05;"Pays de la Loire";"Thermique renouvelable et déchets";0,024134117
2017-06;"Pays de la Loire";"Thermique renouvelable et déchets";0,025724895
2017-07;"Pays de la Loire";"Thermique renouvelable et déchets";0,027281872
2017-08;"Pays de la Loire";"Thermique renouvelable et déchets";0,0250712365
2017-09;"Pays de la Loire";"Thermique renouvelable et déchets";0,024124223
2017-10;"Pays de la Loire";"Thermique renouvelable et déchets";0,0267900385
2017-11;"Pays de la Loire";"Thermique renouvelable et déchets";0,0260986665
2017-12;"Pays de la Loire";"Thermique renouvelable et déchets";0,026462824
2018-01;"Pays de la Loire";"Thermique renouvelable et déchets";0,026942835
2018-02;"Pays de la Loire";"Thermique renouvelable et déchets";0,025237232
2018-03;"Pays de la Loire";"Thermique renouvelable et déchets";0,0270183635
2018-04;"Pays de la Loire";"Thermique renouvelable et déchets";0,026335831
2018-05;"Pays de la Loire";"Thermique renouvelable et déchets";0,028295492
2018-06;"Pays de la Loire";"Thermique renouvelable et déchets";0,0266045135
2018-07;"Pays de la Loire";"Thermique renouvelable et déchets";0,0256887985
2018-08;"Pays de la Loire";"Thermique renouvelable et déchets";0,024123069
2018-09;"Pays de la Loire";"Thermique renouvelable et déchets";0,025396599
2018-10;"Pays de la Loire";"Thermique renouvelable et déchets";0,0276240485
2018-11;"Pays de la Loire";"Thermique renouvelable et déchets";0,026984868
2018-12;"Pays de la Loire";"Thermique renouvelable et déchets";0,0277274575
2019-01;"Pays de la Loire";"Thermique renouvelable et déchets";0,0287582755
2019-02;"Pays de la Loire";"Thermique renouvelable et déchets";0,0256073475
2019-03;"Pays de la Loire";"Thermique renouvelable et déchets";0,029193689
2019-04;"Pays de la Loire";"Thermique renouvelable et déchets";0,0279835885
2019-05;"Pays de la Loire";"Thermique renouvelable et déchets";0,0297001235
2019-06;"Pays de la Loire";"Thermique renouvelable et déchets";0,030167243
2019-07;"Pays de la Loire";"Thermique renouvelable et déchets";0,029829495
2019-08;"Pays de la Loire";"Thermique renouvelable et déchets";0,030516209
2019-09;"Pays de la Loire";"Thermique renouvelable et déchets";0,0263080235
2019-10;"Pays de la Loire";"Thermique renouvelable et déchets";0,033403942
2019-11;"Pays de la Loire";"Thermique renouvelable et déchets";0,0320019825
2019-12;"Pays de la Loire";"Thermique renouvelable et déchets";0,033823125
2020-01;"Pays de la Loire";"Thermique renouvelable et déchets";0,0328838005
2020-02;"Pays de la Loire";"Thermique renouvelable et déchets";0,031042206
2020-03;"Pays de la Loire";"Thermique renouvelable et déchets";0,033494902
2020-04;"Pays de la Loire";"Thermique renouvelable et déchets";0,032589048
2020-05;"Pays de la Loire";"Thermique renouvelable et déchets";0,0338867995
2020-06;"Pays de la Loire";"Thermique renouvelable et déchets";0,0329994905
2020-07;"Pays de la Loire";"Thermique renouvelable et déchets";0,0345261005
2020-08;"Pays de la Loire";"Thermique renouvelable et déchets";0,035061668
2020-09;"Pays de la Loire";"Thermique renouvelable et déchets";0,0332678735
2020-10;"Pays de la Loire";"Thermique renouvelable et déchets";0,0320044665
2020-11;"Pays de la Loire";"Thermique renouvelable et déchets";0,0335610815
2020-12;"Pays de la Loire";"Thermique renouvelable et déchets";0,030411694
2021-01;"Pays de la Loire";"Thermique renouvelable et déchets";0,0306341645
2021-02;"Pays de la Loire";"Thermique renouvelable et déchets";0,0278934375
2021-03;"Pays de la Loire";"Thermique renouvelable et déchets";0,0313515975
2021-04;"Pays de la Loire";"Thermique renouvelable et déchets";0,032275005
2021-05;"Pays de la Loire";"Thermique renouvelable et déchets";0,0343856215
2021-06;"Pays de la Loire";"Thermique renouvelable et déchets";0,0347258095
2021-07;"Pays de la Loire";"Thermique renouvelable et déchets";0,036641161
2021-08;"Pays de la Loire";"Thermique renouvelable et déchets";0,0349045
2021-09;"Pays de la Loire";"Thermique renouvelable et déchets";0,033789076
2021-10;"Pays de la Loire";"Thermique renouvelable et déchets";0,0350375105
2021-11;"Pays de la Loire";"Thermique renouvelable et déchets";0,03411698
2021-12;"Pays de la Loire";"Thermique renouvelable et déchets";0,0364569185
2022-01;"Pays de la Loire";"Thermique renouvelable et déchets";0,035821448218
2022-02;"Pays de la Loire";"Thermique renouvelable et déchets";0,0327837919795
2022-03;"Pays de la Loire";"Thermique renouvelable et déchets";0,0369071840215
2022-04;"Pays de la Loire";"Thermique renouvelable et déchets";0,034832118443
2022-05;"Pays de la Loire";"Thermique renouvelable et déchets";0,036941367814
2022-06;"Pays de la Loire";"Thermique renouvelable et déchets";0,033165824351
2022-07;"Pays de la Loire";"Thermique renouvelable et déchets";0,0372411269005
2022-08;"Pays de la Loire";"Thermique renouvelable et déchets";0,034105532235
2022-09;"Pays de la Loire";"Thermique renouvelable et déchets";0,0306440377945
2022-10;"Pays de la Loire";"Thermique renouvelable et déchets";0,035695960065
2022-11;"Pays de la Loire";"Thermique renouvelable et déchets";0,0339854372525
2022-12;"Pays de la Loire";"Thermique renouvelable et déchets";0,0340982620155
2023-01;"Pays de la Loire";"Thermique renouvelable et déchets";0,0342178521755
2023-02;"Pays de la Loire";"Thermique renouvelable et déchets";0,0326863479335
2023-03;"Pays de la Loire";"Thermique renouvelable et déchets";0,0339689314635
2023-04;"Pays de la Loire";"Thermique renouvelable et déchets";0,034853304911
2023-05;"Pays de la Loire";"Thermique renouvelable et déchets";0,035473356162
2023-06;"Pays de la Loire";"Thermique renouvelable et déchets";0,0334975568245
2023-07;"Pays de la Loire";"Thermique renouvelable et déchets";0,0359636501355
2023-08;"Pays de la Loire";"Thermique renouvelable et déchets";0,0352294964035
2023-09;"Pays de la Loire";"Thermique renouvelable et déchets";0,0338429713025
2023-10;"Pays de la Loire";"Thermique renouvelable et déchets";0,035953353262
2023-11;"Pays de la Loire";"Thermique renouvelable et déchets";0,0328154317705
2023-12;"Pays de la Loire";"Thermique renouvelable et déchets";0,033752961029
2024-01;"Pays de la Loire";"Thermique renouvelable et déchets";0,034014145948
2024-02;"Pays de la Loire";"Thermique renouvelable et déchets";0,032270521897
2024-03;"Pays de la Loire";"Thermique renouvelable et déchets";0,0361688850375
2024-04;"Pays de la Loire";"Thermique renouvelable et déchets";0,033750011846
2024-05;"Pays de la Loire";"Thermique renouvelable et déchets";0,0384087284745
2024-06;"Pays de la Loire";"Thermique renouvelable et déchets";0,034979830054
2024-07;"Pays de la Loire";"Thermique renouvelable et déchets";0,0359707484825
2024-08;"Pays de la Loire";"Thermique renouvelable et déchets";0,036238190634
2024-09;"Pays de la Loire";"Thermique renouvelable et déchets";0,0358967767765
2024-10;"Pays de la Loire";"Thermique renouvelable et déchets";0,0366952261395
2024-11;"Pays de la Loire";"Thermique renouvelable et déchets";0,034450009396
2024-12;"Pays de la Loire";"Thermique renouvelable et déchets";0,035722995127
2025-01;"Pays de la Loire";"Thermique renouvelable et déchets";0,035221676251
2025-02;"Pays de la Loire";"Thermique renouvelable et déchets";0,0327665338235
2025-03;"Pays de la Loire";"Thermique renouvelable et déchets";0,037751562308
2025-04;"Pays de la Loire";"Thermique renouvelable et déchets";0,034069180664
2025-05;"Pays de la Loire";"Thermique renouvelable et déchets";0,034348784642
2025-06;"Pays de la Loire";"Thermique renouvelable et déchets";0,03556789713
2025-07;"Pays de la Loire";"Thermique renouvelable et déchets";0,0338490984675
2025-08;"Pays de la Loire";"Thermique renouvelable et déchets";0,036291467528
2025-09;"Pays de la Loire";"Thermique renouvelable et déchets";0,0380097636665
2025-10;"Pays de la Loire";"Thermique renouvelable et déchets";0,0390254300925
2025-11;"Pays de la Loire";"Thermique renouvelable et déchets";0,035047722527
2014-01;"Pays de la Loire";"Éolien";0,14419422
2014-02;"Pays de la Loire";"Éolien";0,179657797
2014-03;"Pays de la Loire";"Éolien";0,081315125
2014-04;"Pays de la Loire";"Éolien";0,078075505
2014-05;"Pays de la Loire";"Éolien";0,092918766
2014-06;"Pays de la Loire";"Éolien";0,061936055
2014-07;"Pays de la Loire";"Éolien";0,055232726
2014-08;"Pays de la Loire";"Éolien";0,054526355
2014-09;"Pays de la Loire";"Éolien";0,048059321
2014-10;"Pays de la Loire";"Éolien";0,070086278
2014-11;"Pays de la Loire";"Éolien";0,101143585
2014-12;"Pays de la Loire";"Éolien";0,105147383
2015-01;"Pays de la Loire";"Éolien";0,130956446
2015-02;"Pays de la Loire";"Éolien";0,131711412
2015-03;"Pays de la Loire";"Éolien";0,121649809
2015-04;"Pays de la Loire";"Éolien";0,088236806
2015-05;"Pays de la Loire";"Éolien";0,089346835
2015-06;"Pays de la Loire";"Éolien";0,071980864
2015-07;"Pays de la Loire";"Éolien";0,07365866
2015-08;"Pays de la Loire";"Éolien";0,056777945
2015-09;"Pays de la Loire";"Éolien";0,095919683
2015-10;"Pays de la Loire";"Éolien";0,088187189
2015-11;"Pays de la Loire";"Éolien";0,124911706
2015-12;"Pays de la Loire";"Éolien";0,150036978
2016-01;"Pays de la Loire";"Éolien";0,173687427
2016-02;"Pays de la Loire";"Éolien";0,164631319
2016-03;"Pays de la Loire";"Éolien";0,166156463
2016-04;"Pays de la Loire";"Éolien";0,099270838
2016-05;"Pays de la Loire";"Éolien";0,083202248
2016-06;"Pays de la Loire";"Éolien";0,062208385
2016-07;"Pays de la Loire";"Éolien";0,057095131
2016-08;"Pays de la Loire";"Éolien";0,070289806
2016-09;"Pays de la Loire";"Éolien";0,048820769
2016-10;"Pays de la Loire";"Éolien";0,093985654
2016-11;"Pays de la Loire";"Éolien";0,145962732
2016-12;"Pays de la Loire";"Éolien";0,096679093
2017-01;"Pays de la Loire";"Éolien";0,11213242
2017-02;"Pays de la Loire";"Éolien";0,154472813
2017-03;"Pays de la Loire";"Éolien";0,136939415
2017-04;"Pays de la Loire";"Éolien";0,097048591
2017-05;"Pays de la Loire";"Éolien";0,101045435
2017-06;"Pays de la Loire";"Éolien";0,080521505
2017-07;"Pays de la Loire";"Éolien";0,100290795
2017-08;"Pays de la Loire";"Éolien";0,074585572
2017-09;"Pays de la Loire";"Éolien";0,093340889
2017-10;"Pays de la Loire";"Éolien";0,091006271
2017-11;"Pays de la Loire";"Éolien";0,119363837
2017-12;"Pays de la Loire";"Éolien";0,188706716
2018-01;"Pays de la Loire";"Éolien";0,235297271
2018-02;"Pays de la Loire";"Éolien";0,170173832
2018-03;"Pays de la Loire";"Éolien";0,203203345
2018-04;"Pays de la Loire";"Éolien";0,10322769
2018-05;"Pays de la Loire";"Éolien";0,08676842
2018-06;"Pays de la Loire";"Éolien";0,078259698
2018-07;"Pays de la Loire";"Éolien";0,061953561
2018-08;"Pays de la Loire";"Éolien";0,061764382
2018-09;"Pays de la Loire";"Éolien";0,099524193
2018-10;"Pays de la Loire";"Éolien";0,139733113
2018-11;"Pays de la Loire";"Éolien";0,173792631
2018-12;"Pays de la Loire";"Éolien";0,217957239
2019-01;"Pays de la Loire";"Éolien";0,146771819
2019-02;"Pays de la Loire";"Éolien";0,152703231
2019-03;"Pays de la Loire";"Éolien";0,250240484
2019-04;"Pays de la Loire";"Éolien";0,1385172
2019-05;"Pays de la Loire";"Éolien";0,129910282
2019-06;"Pays de la Loire";"Éolien";0,106651158
2019-07;"Pays de la Loire";"Éolien";0,114200965
2019-08;"Pays de la Loire";"Éolien";0,104764257
2019-09;"Pays de la Loire";"Éolien";0,174769233
2019-10;"Pays de la Loire";"Éolien";0,172078742
2019-11;"Pays de la Loire";"Éolien";0,206069297
2019-12;"Pays de la Loire";"Éolien";0,27568982
2020-01;"Pays de la Loire";"Éolien";0,273702561
2020-02;"Pays de la Loire";"Éolien";0,343679763
2020-03;"Pays de la Loire";"Éolien";0,26589861
2020-04;"Pays de la Loire";"Éolien";0,140865348
2020-05;"Pays de la Loire";"Éolien";0,177022382
2020-06;"Pays de la Loire";"Éolien";0,131807126
2020-07;"Pays de la Loire";"Éolien";0,117631222
2020-08;"Pays de la Loire";"Éolien";0,10784269
2020-09;"Pays de la Loire";"Éolien";0,113734732
2020-10;"Pays de la Loire";"Éolien";0,239735188
2020-11;"Pays de la Loire";"Éolien";0,191807832
2020-12;"Pays de la Loire";"Éolien";0,290893168
2021-01;"Pays de la Loire";"Éolien";0,239241954
2021-02;"Pays de la Loire";"Éolien";0,258690094
2021-03;"Pays de la Loire";"Éolien";0,211130548
2021-04;"Pays de la Loire";"Éolien";0,190236549
2021-05;"Pays de la Loire";"Éolien";0,247940842
2021-06;"Pays de la Loire";"Éolien";0,06630785
2021-07;"Pays de la Loire";"Éolien";0,150928858
2021-08;"Pays de la Loire";"Éolien";0,134359505
2021-09;"Pays de la Loire";"Éolien";0,111543949
2021-10;"Pays de la Loire";"Éolien";0,184799224
2021-11;"Pays de la Loire";"Éolien";0,158433577
2021-12;"Pays de la Loire";"Éolien";0,292883722
2022-01;"Pays de la Loire";"Éolien";0,163021299875
2022-02;"Pays de la Loire";"Éolien";0,253808390817
2022-03;"Pays de la Loire";"Éolien";0,222962434448
2022-04;"Pays de la Loire";"Éolien";0,182370544117
2022-05;"Pays de la Loire";"Éolien";0,109443343742
2022-06;"Pays de la Loire";"Éolien";0,122899157828
2022-07;"Pays de la Loire";"Éolien";0,147119689364
2022-08;"Pays de la Loire";"Éolien";0,173386387645
2022-09;"Pays de la Loire";"Éolien";0,225440617183
2022-10;"Pays de la Loire";"Éolien";0,331728993053
2022-11;"Pays de la Loire";"Éolien";0,457364437709
2022-12;"Pays de la Loire";"Éolien";0,493729487164
2023-01;"Pays de la Loire";"Éolien";0,520832898414
2023-02;"Pays de la Loire";"Éolien";0,276076865239
2023-03;"Pays de la Loire";"Éolien";0,560880970259
2023-04;"Pays de la Loire";"Éolien";0,331467357939
2023-05;"Pays de la Loire";"Éolien";0,371533214147
2023-06;"Pays de la Loire";"Éolien";0,171035158553
2023-07;"Pays de la Loire";"Éolien";0,281196131955
2023-08;"Pays de la Loire";"Éolien";0,240621202558
2023-09;"Pays de la Loire";"Éolien";0,19837673543
2023-10;"Pays de la Loire";"Éolien";0,424232055431
2023-11;"Pays de la Loire";"Éolien";0,497697409739
2023-12;"Pays de la Loire";"Éolien";0,405002411458
2024-01;"Pays de la Loire";"Éolien";0,44048519936
2024-02;"Pays de la Loire";"Éolien";0,468614884992
2024-03;"Pays de la Loire";"Éolien";0,395735390545
2024-04;"Pays de la Loire";"Éolien";0,373472815966
2024-05;"Pays de la Loire";"Éolien";0,269728630795
2024-06;"Pays de la Loire";"Éolien";0,200129240113
2024-07;"Pays de la Loire";"Éolien";0,172052655948
2024-08;"Pays de la Loire";"Éolien";0,175654063634
2024-09;"Pays de la Loire";"Éolien";0,293087870578
2024-10;"Pays de la Loire";"Éolien";0,264333842687
2024-11;"Pays de la Loire";"Éolien";0,355335337086
2024-12;"Pays de la Loire";"Éolien";0,446654252418
2025-01;"Pays de la Loire";"Éolien";0,520277956024
2025-02;"Pays de la Loire";"Éolien";0,309693844234
2025-03;"Pays de la Loire";"Éolien";0,357374090563
2025-04;"Pays de la Loire";"Éolien";0,335222618574
2025-05;"Pays de la Loire";"Éolien";0,258162000112
2025-06;"Pays de la Loire";"Éolien";0,209170837813
2025-07;"Pays de la Loire";"Éolien";0,299971919193
2025-08;"Pays de la Loire";"Éolien";0,280551520302
2025-09;"Pays de la Loire";"Éolien";0,386767033313
2025-10;"Pays de la Loire";"Éolien";0,589275348668
2025-11;"Pays de la Loire";"Éolien";0,624155696156
2014-01;"Pays de la Loire";"Solaire";0,00962448
2014-02;"Pays de la Loire";"Solaire";0,0172073
2014-03;"Pays de la Loire";"Solaire";0,033100881
2014-04;"Pays de la Loire";"Solaire";0,036947936
2014-05;"Pays de la Loire";"Solaire";0,043053999
2014-06;"Pays de la Loire";"Solaire";0,049311193
2014-07;"Pays de la Loire";"Solaire";0,04577993
2014-08;"Pays de la Loire";"Solaire";0,04070101
2014-09;"Pays de la Loire";"Solaire";0,041975137
2014-10;"Pays de la Loire";"Solaire";0,026349649
2014-11;"Pays de la Loire";"Solaire";0,014603432
2014-12;"Pays de la Loire";"Solaire";0,009711822
2015-01;"Pays de la Loire";"Solaire";0,012736579
2015-02;"Pays de la Loire";"Solaire";0,021293921
2015-03;"Pays de la Loire";"Solaire";0,031663501
2015-04;"Pays de la Loire";"Solaire";0,044833203
2015-05;"Pays de la Loire";"Solaire";0,048954078
2015-06;"Pays de la Loire";"Solaire";0,058620566
2015-07;"Pays de la Loire";"Solaire";0,053609768
2015-08;"Pays de la Loire";"Solaire";0,047691379
2015-09;"Pays de la Loire";"Solaire";0,044091602
2015-10;"Pays de la Loire";"Solaire";0,029510228
2015-11;"Pays de la Loire";"Solaire";0,015424908
2015-12;"Pays de la Loire";"Solaire";0,013375228
2016-01;"Pays de la Loire";"Solaire";0,013068366
2016-02;"Pays de la Loire";"Solaire";0,023336411
2016-03;"Pays de la Loire";"Solaire";0,036865869
2016-04;"Pays de la Loire";"Solaire";0,043250029
2016-05;"Pays de la Loire";"Solaire";0,049076803
2016-06;"Pays de la Loire";"Solaire";0,043728015
2016-07;"Pays de la Loire";"Solaire";0,057163623
2016-08;"Pays de la Loire";"Solaire";0,057602125
2016-09;"Pays de la Loire";"Solaire";0,038675144
2016-10;"Pays de la Loire";"Solaire";0,043884186
2016-11;"Pays de la Loire";"Solaire";0,018768517
2016-12;"Pays de la Loire";"Solaire";0,015572839
2017-01;"Pays de la Loire";"Solaire";0,01835983
2017-02;"Pays de la Loire";"Solaire";0,020935974
2017-03;"Pays de la Loire";"Solaire";0,033548586
2017-04;"Pays de la Loire";"Solaire";0,057835591
2017-05;"Pays de la Loire";"Solaire";0,060348804
2017-06;"Pays de la Loire";"Solaire";0,06579679
2017-07;"Pays de la Loire";"Solaire";0,056237541
2017-08;"Pays de la Loire";"Solaire";0,05689524
2017-09;"Pays de la Loire";"Solaire";0,043212498
2017-10;"Pays de la Loire";"Solaire";0,032641233
2017-11;"Pays de la Loire";"Solaire";0,02171729
2017-12;"Pays de la Loire";"Solaire";0,012958346
2018-01;"Pays de la Loire";"Solaire";0,009189149
2018-02;"Pays de la Loire";"Solaire";0,02937453
2018-03;"Pays de la Loire";"Solaire";0,037859278
2018-04;"Pays de la Loire";"Solaire";0,051634091
2018-05;"Pays de la Loire";"Solaire";0,0716819
2018-06;"Pays de la Loire";"Solaire";0,067634523
2018-07;"Pays de la Loire";"Solaire";0,074221906
2018-08;"Pays de la Loire";"Solaire";0,06828481
2018-09;"Pays de la Loire";"Solaire";0,058860431
2018-10;"Pays de la Loire";"Solaire";0,043407793
2018-11;"Pays de la Loire";"Solaire";0,02649945
2018-12;"Pays de la Loire";"Solaire";0,007709934
2019-01;"Pays de la Loire";"Solaire";0,018896977
2019-02;"Pays de la Loire";"Solaire";0,036853869
2019-03;"Pays de la Loire";"Solaire";0,052617647
2019-04;"Pays de la Loire";"Solaire";0,05936322
2019-05;"Pays de la Loire";"Solaire";0,073342223
2019-06;"Pays de la Loire";"Solaire";0,077834394
2019-07;"Pays de la Loire";"Solaire";0,082624798
2019-08;"Pays de la Loire";"Solaire";0,072517351
2019-09;"Pays de la Loire";"Solaire";0,061259339
2019-10;"Pays de la Loire";"Solaire";0,036530129
2019-11;"Pays de la Loire";"Solaire";0,022892487
2019-12;"Pays de la Loire";"Solaire";0,021395102
2020-01;"Pays de la Loire";"Solaire";0,022628411
2020-02;"Pays de la Loire";"Solaire";0,032583143
2020-03;"Pays de la Loire";"Solaire";0,053433477
2020-04;"Pays de la Loire";"Solaire";0,070554192
2020-05;"Pays de la Loire";"Solaire";0,089601307
2020-06;"Pays de la Loire";"Solaire";0,074457224
2020-07;"Pays de la Loire";"Solaire";0,090775878
2020-08;"Pays de la Loire";"Solaire";0,077140018
2020-09;"Pays de la Loire";"Solaire";0,063435937
2020-10;"Pays de la Loire";"Solaire";0,037967942
2020-11;"Pays de la Loire";"Solaire";0,033831739
2020-12;"Pays de la Loire";"Solaire";0,019839343
2021-01;"Pays de la Loire";"Solaire";0,019165729
2021-02;"Pays de la Loire";"Solaire";0,031083154
2021-03;"Pays de la Loire";"Solaire";0,065396842
2021-04;"Pays de la Loire";"Solaire";0,090554441
2021-05;"Pays de la Loire";"Solaire";0,090248263
2021-06;"Pays de la Loire";"Solaire";0,084256399
2021-07;"Pays de la Loire";"Solaire";0,091439893
2021-08;"Pays de la Loire";"Solaire";0,087466031
2021-09;"Pays de la Loire";"Solaire";0,080913962
2021-10;"Pays de la Loire";"Solaire";0,066011566
2021-11;"Pays de la Loire";"Solaire";0,040203825
2021-12;"Pays de la Loire";"Solaire";0,023297012
2022-01;"Pays de la Loire";"Solaire";0,027491274326
2022-02;"Pays de la Loire";"Solaire";0,044415500535
2022-03;"Pays de la Loire";"Solaire";0,073505811071
2022-04;"Pays de la Loire";"Solaire";0,106150033121
2022-05;"Pays de la Loire";"Solaire";0,129551180511
2022-06;"Pays de la Loire";"Solaire";0,126660932594
2022-07;"Pays de la Loire";"Solaire";0,146785642255
2022-08;"Pays de la Loire";"Solaire";0,127662124937
2022-09;"Pays de la Loire";"Solaire";0,100873253423
2022-10;"Pays de la Loire";"Solaire";0,070891014995
2022-11;"Pays de la Loire";"Solaire";0,04799780334
2022-12;"Pays de la Loire";"Solaire";0,019736616907
2023-01;"Pays de la Loire";"Solaire";0,032890744451
2023-02;"Pays de la Loire";"Solaire";0,062908126325
2023-03;"Pays de la Loire";"Solaire";0,089194424246
2023-04;"Pays de la Loire";"Solaire";0,125650498376
2023-05;"Pays de la Loire";"Solaire";0,165027793879
2023-06;"Pays de la Loire";"Solaire";0,174841414739
2023-07;"Pays de la Loire";"Solaire";0,161236050259
2023-08;"Pays de la Loire";"Solaire";0,146303392756
2023-09;"Pays de la Loire";"Solaire";0,129610714512
2023-10;"Pays de la Loire";"Solaire";0,095036282657
2023-11;"Pays de la Loire";"Solaire";0,052628875443
2023-12;"Pays de la Loire";"Solaire";0,037553657953
2024-01;"Pays de la Loire";"Solaire";0,04946081565
2024-02;"Pays de la Loire";"Solaire";0,055139375864
2024-03;"Pays de la Loire";"Solaire";0,115839112795
2024-04;"Pays de la Loire";"Solaire";0,150172145754
2024-05;"Pays de la Loire";"Solaire";0,170227973141
2024-06;"Pays de la Loire";"Solaire";0,198809856057
2024-07;"Pays de la Loire";"Solaire";0,199333996427
2024-08;"Pays de la Loire";"Solaire";0,198381081139
2024-09;"Pays de la Loire";"Solaire";0,147229401324
2024-10;"Pays de la Loire";"Solaire";0,099640541302
2024-11;"Pays de la Loire";"Solaire";0,051945405272
2024-12;"Pays de la Loire";"Solaire";0,044149427143
2025-01;"Pays de la Loire";"Solaire";0,048299373422
2025-02;"Pays de la Loire";"Solaire";0,081423906041
2025-03;"Pays de la Loire";"Solaire";0,161485023154
2025-04;"Pays de la Loire";"Solaire";0,208325593047
2025-05;"Pays de la Loire";"Solaire";0,242555781262
2025-06;"Pays de la Loire";"Solaire";0,276442663327
2025-07;"Pays de la Loire";"Solaire";0,29470509468
2025-08;"Pays de la Loire";"Solaire";0,271562790971
2025-09;"Pays de la Loire";"Solaire";0,208832175515
2025-10;"Pays de la Loire";"Solaire";0,165279971733
2025-11;"Pays de la Loire";"Solaire";0,094117783415
2014-01;"Pays de la Loire";"Hydraulique";0,002623815
2014-02;"Pays de la Loire";"Hydraulique";0,002011088
2014-03;"Pays de la Loire";"Hydraulique";0,002961444
2014-04;"Pays de la Loire";"Hydraulique";0,002372738
2014-05;"Pays de la Loire";"Hydraulique";0,002555345
2014-06;"Pays de la Loire";"Hydraulique";0,001057425
2014-07;"Pays de la Loire";"Hydraulique";0,000798786
2014-08;"Pays de la Loire";"Hydraulique";0,001745155
2014-09;"Pays de la Loire";"Hydraulique";0,000756255
2014-10;"Pays de la Loire";"Hydraulique";0,000912879
2014-11;"Pays de la Loire";"Hydraulique";0,00279331
2014-12;"Pays de la Loire";"Hydraulique";0,002995377
2015-01;"Pays de la Loire";"Hydraulique";0,003180789
2015-02;"Pays de la Loire";"Hydraulique";0,003211317
2015-03;"Pays de la Loire";"Hydraulique";0,003511497
2015-04;"Pays de la Loire";"Hydraulique";0,002440779
2015-05;"Pays de la Loire";"Hydraulique";0,001951469
2015-06;"Pays de la Loire";"Hydraulique";0,00071677
2015-07;"Pays de la Loire";"Hydraulique";0,000110112
2015-08;"Pays de la Loire";"Hydraulique";0,000300465
2015-09;"Pays de la Loire";"Hydraulique";0,000233376
2015-10;"Pays de la Loire";"Hydraulique";0,000231121
2015-11;"Pays de la Loire";"Hydraulique";0,000707995
2015-12;"Pays de la Loire";"Hydraulique";0,001757077
2016-01;"Pays de la Loire";"Hydraulique";0,00289131
2016-02;"Pays de la Loire";"Hydraulique";0,00280902
2016-03;"Pays de la Loire";"Hydraulique";0,003090787
2016-04;"Pays de la Loire";"Hydraulique";0,003224133
2016-05;"Pays de la Loire";"Hydraulique";0,002766668
2016-06;"Pays de la Loire";"Hydraulique";0,001943022
2016-07;"Pays de la Loire";"Hydraulique";0,000625385
2016-08;"Pays de la Loire";"Hydraulique";0,000254596
2016-09;"Pays de la Loire";"Hydraulique";7,0241E-5
2016-10;"Pays de la Loire";"Hydraulique";0,000192449
2016-11;"Pays de la Loire";"Hydraulique";0,000423116
2016-12;"Pays de la Loire";"Hydraulique";0,000469296
2017-01;"Pays de la Loire";"Hydraulique";0,000907999
2017-02;"Pays de la Loire";"Hydraulique";0,001846712
2017-03;"Pays de la Loire";"Hydraulique";0,002234329
2017-04;"Pays de la Loire";"Hydraulique";0,00096534
2017-05;"Pays de la Loire";"Hydraulique";0,000904023
2017-06;"Pays de la Loire";"Hydraulique";0,000122014
2017-07;"Pays de la Loire";"Hydraulique";4,8536E-5
2017-08;"Pays de la Loire";"Hydraulique";0,000124857
2017-09;"Pays de la Loire";"Hydraulique";0,000238452
2017-10;"Pays de la Loire";"Hydraulique";0,00029562
2017-11;"Pays de la Loire";"Hydraulique";0,000678269
2017-12;"Pays de la Loire";"Hydraulique";0,002361279
2018-01;"Pays de la Loire";"Hydraulique";0,002043622
2018-02;"Pays de la Loire";"Hydraulique";0,002842575
2018-03;"Pays de la Loire";"Hydraulique";0,003159886
2018-04;"Pays de la Loire";"Hydraulique";0,002993168
2018-05;"Pays de la Loire";"Hydraulique";0,002151287
2018-06;"Pays de la Loire";"Hydraulique";0,002153166
2018-07;"Pays de la Loire";"Hydraulique";0,000912117
2018-08;"Pays de la Loire";"Hydraulique";0,000252641
2018-09;"Pays de la Loire";"Hydraulique";7,3779E-5
2018-10;"Pays de la Loire";"Hydraulique";0,000165108
2018-11;"Pays de la Loire";"Hydraulique";0,000437105
2018-12;"Pays de la Loire";"Hydraulique";0,002030167
2019-01;"Pays de la Loire";"Hydraulique";0,002822641
2019-02;"Pays de la Loire";"Hydraulique";0,002741952
2019-03;"Pays de la Loire";"Hydraulique";0,003374796
2019-04;"Pays de la Loire";"Hydraulique";0,002275862
2019-05;"Pays de la Loire";"Hydraulique";0,001433354
2019-06;"Pays de la Loire";"Hydraulique";0,001027105
2019-07;"Pays de la Loire";"Hydraulique";0,00015832
2019-08;"Pays de la Loire";"Hydraulique";6,8109E-5
2019-09;"Pays de la Loire";"Hydraulique";1,6148E-5
2019-10;"Pays de la Loire";"Hydraulique";0,000805278
2019-11;"Pays de la Loire";"Hydraulique";0,001852939
2019-12;"Pays de la Loire";"Hydraulique";0,002502118
2020-01;"Pays de la Loire";"Hydraulique";0,003882572
2020-02;"Pays de la Loire";"Hydraulique";0,003241505
2020-03;"Pays de la Loire";"Hydraulique";0,003631505
2020-04;"Pays de la Loire";"Hydraulique";0,002489952
2020-05;"Pays de la Loire";"Hydraulique";0,001850616
2020-06;"Pays de la Loire";"Hydraulique";0,000674212
2020-07;"Pays de la Loire";"Hydraulique";0,000199726
2020-08;"Pays de la Loire";"Hydraulique";0,000139495
2020-09;"Pays de la Loire";"Hydraulique";8,6381E-5
2020-10;"Pays de la Loire";"Hydraulique";0,00068445
2020-11;"Pays de la Loire";"Hydraulique";0,001591737
2020-12;"Pays de la Loire";"Hydraulique";0,003233819
2021-01;"Pays de la Loire";"Hydraulique";0,003942337
2021-02;"Pays de la Loire";"Hydraulique";0,003870763
2021-03;"Pays de la Loire";"Hydraulique";0,003420239
2021-04;"Pays de la Loire";"Hydraulique";0,002129327
2021-05;"Pays de la Loire";"Hydraulique";0,002090531
2021-06;"Pays de la Loire";"Hydraulique";0,00146448
2021-07;"Pays de la Loire";"Hydraulique";0,001539924
2021-08;"Pays de la Loire";"Hydraulique";0,000413031
2021-09;"Pays de la Loire";"Hydraulique";0,000249384
2021-10;"Pays de la Loire";"Hydraulique";0,001056757
2021-11;"Pays de la Loire";"Hydraulique";0,000823789
2021-12;"Pays de la Loire";"Hydraulique";0,003031018
2022-01;"Pays de la Loire";"Hydraulique";0,003462095482
2022-02;"Pays de la Loire";"Hydraulique";0,003472414426
2022-03;"Pays de la Loire";"Hydraulique";0,003419716725
2022-04;"Pays de la Loire";"Hydraulique";0,002531658577
2022-05;"Pays de la Loire";"Hydraulique";0,00091337873
2022-06;"Pays de la Loire";"Hydraulique";0,000726289609
2022-07;"Pays de la Loire";"Hydraulique";0,000163919412
2022-08;"Pays de la Loire";"Hydraulique";9,7064058E-5
2022-09;"Pays de la Loire";"Hydraulique";0,000120265014
2022-10;"Pays de la Loire";"Hydraulique";0,000107184105
2022-11;"Pays de la Loire";"Hydraulique";0,001280701188
2022-12;"Pays de la Loire";"Hydraulique";0,002421547939
2023-01;"Pays de la Loire";"Hydraulique";0,004337294829
2023-02;"Pays de la Loire";"Hydraulique";0,003068282132
2023-03;"Pays de la Loire";"Hydraulique";0,004142134112
2023-04;"Pays de la Loire";"Hydraulique";0,003640492654
2023-05;"Pays de la Loire";"Hydraulique";0,002754467348
2023-06;"Pays de la Loire";"Hydraulique";0,000778853606
2023-07;"Pays de la Loire";"Hydraulique";0,000420210525
2023-08;"Pays de la Loire";"Hydraulique";0,001010299646
2023-09;"Pays de la Loire";"Hydraulique";0,000421562696
2023-10;"Pays de la Loire";"Hydraulique";0,000980664355
2023-11;"Pays de la Loire";"Hydraulique";0,002162259603
2023-12;"Pays de la Loire";"Hydraulique";0,002647933334
2024-01;"Pays de la Loire";"Hydraulique";0,002472703363
2024-02;"Pays de la Loire";"Hydraulique";0,002673022938
2024-03;"Pays de la Loire";"Hydraulique";0,003543323833
2024-04;"Pays de la Loire";"Hydraulique";0,003514954405
2024-05;"Pays de la Loire";"Hydraulique";0,003834008239
2024-06;"Pays de la Loire";"Hydraulique";0,002605292324
2024-07;"Pays de la Loire";"Hydraulique";0,001237622555
2024-08;"Pays de la Loire";"Hydraulique";0,000615980937
2024-09;"Pays de la Loire";"Hydraulique";0,000544363519
2024-10;"Pays de la Loire";"Hydraulique";0,001659754397
2024-11;"Pays de la Loire";"Hydraulique";0,00249193877
2024-12;"Pays de la Loire";"Hydraulique";0,003930235592
2025-01;"Pays de la Loire";"Hydraulique";0,002776568181
2025-02;"Pays de la Loire";"Hydraulique";0,00331909627
2025-03;"Pays de la Loire";"Hydraulique";0,003857475061
2025-04;"Pays de la Loire";"Hydraulique";0,00218225639
2025-05;"Pays de la Loire";"Hydraulique";0,000998581239
2025-06;"Pays de la Loire";"Hydraulique";0,000469476211
2025-07;"Pays de la Loire";"Hydraulique";0,000281695466
2025-08;"Pays de la Loire";"Hydraulique";0,000190293172
2025-09;"Pays de la Loire";"Hydraulique";0,000233793096
2025-10;"Pays de la Loire";"Hydraulique";0,000207324634
2025-11;"Pays de la Loire";"Hydraulique";0,000761225767
2014-01;"Pays de la Loire";"Autre";4,7045006779101E-19
2014-02;"Pays de la Loire";"Autre";-1,6968995653066E-18
2014-03;"Pays de la Loire";"Autre";5,5067062021408E-20
2014-04;"Pays de la Loire";"Autre";-1,3064375969929E-19
2014-05;"Pays de la Loire";"Autre";-3,8750773423413E-19
2014-06;"Pays de la Loire";"Autre";1,3316951708031E-19
2014-07;"Pays de la Loire";"Autre";-2,5930993463596E-19
2014-08;"Pays de la Loire";"Autre";-5,2540003597779E-19
2014-09;"Pays de la Loire";"Autre";-1,122435477896E-19
2014-10;"Pays de la Loire";"Autre";2,2832170182285E-19
2014-11;"Pays de la Loire";"Autre";-4,6421547161835E-19
2014-12;"Pays de la Loire";"Autre";5,3432952507038E-20
2015-01;"Pays de la Loire";"Autre";-1,5483100912483E-19
2015-02;"Pays de la Loire";"Autre";2,1510571102112E-21
2015-03;"Pays de la Loire";"Autre";4,000000000077E-8
2015-04;"Pays de la Loire";"Autre";3,7800000000173E-7
2015-05;"Pays de la Loire";"Autre";1,0299999999971E-7
2015-06;"Pays de la Loire";"Autre";2,0000000003639E-9
2015-07;"Pays de la Loire";"Autre";1,4499999999953E-7
2015-08;"Pays de la Loire";"Autre";5,9999999998606E-9
2015-09;"Pays de la Loire";"Autre";1,903E-6
2015-10;"Pays de la Loire";"Autre";4,8700000000054E-7
2015-11;"Pays de la Loire";"Autre";4,2000000000001E-8
2015-12;"Pays de la Loire";"Autre";2,8099999999846E-7
2016-01;"Pays de la Loire";"Autre";-7,8698852989945E-19
2016-02;"Pays de la Loire";"Autre";2,9999999994307E-9
2016-03;"Pays de la Loire";"Autre";4,072089887508E-20
2016-04;"Pays de la Loire";"Autre";-3,7653907769553E-19
2016-05;"Pays de la Loire";"Autre";5,0000000000814E-9
2016-06;"Pays de la Loire";"Autre";-2,453922481882E-19
2016-07;"Pays de la Loire";"Autre";1,1999999999696E-8
2016-08;"Pays de la Loire";"Autre";4,4000000000386E-8
2016-09;"Pays de la Loire";"Autre";1,0000000000477E-9
2016-10;"Pays de la Loire";"Autre";2,0000000005357E-9
2016-11;"Pays de la Loire";"Autre";2,9999999992699E-9
2016-12;"Pays de la Loire";"Autre";-1,7726098366921E-19
2017-01;"Pays de la Loire";"Autre";2,999999999663E-9
2017-02;"Pays de la Loire";"Autre";2,3999999999798E-8
2017-03;"Pays de la Loire";"Autre";2,0000000004306E-9
2017-04;"Pays de la Loire";"Autre";2,2600000000038E-7
2017-05;"Pays de la Loire";"Autre";1,3500000000017E-6
2017-06;"Pays de la Loire";"Autre";4,1600000000055E-7
2017-07;"Pays de la Loire";"Autre";6,0000000001396E-9
2017-08;"Pays de la Loire";"Autre";1,420000000001E-7
2017-09;"Pays de la Loire";"Autre";-7,1585792849049E-19
2017-10;"Pays de la Loire";"Autre";2,339999999997E-7
2017-11;"Pays de la Loire";"Autre";1,247724146225E-18
2017-12;"Pays de la Loire";"Autre";5,4356519285648E-19
2018-01;"Pays de la Loire";"Autre";2,000000001089E-9
2018-02;"Pays de la Loire";"Autre";2,2000000000002E-8
2018-03;"Pays de la Loire";"Autre";2,6000000001315E-8
2018-04;"Pays de la Loire";"Autre";4,00000000034E-9
2018-05;"Pays de la Loire";"Autre";4,3000000000303E-8
2018-06;"Pays de la Loire";"Autre";7,0999999999619E-8
2018-07;"Pays de la Loire";"Autre";1,6667E-5
2018-08;"Pays de la Loire";"Autre";4,5999999999494E-8
2018-09;"Pays de la Loire";"Autre";8,9999999997307E-9
2018-10;"Pays de la Loire";"Autre";3,3000000000038E-8
2018-11;"Pays de la Loire";"Autre";8,5000000000453E-8
2018-12;"Pays de la Loire";"Autre";7,6000000001118E-8
2019-01;"Pays de la Loire";"Autre";5,4135E-5
2019-02;"Pays de la Loire";"Autre";4,8964000000002E-5
2019-03;"Pays de la Loire";"Autre";5,4490999999998E-5
2019-04;"Pays de la Loire";"Autre";5,2500000000001E-5
2019-05;"Pays de la Loire";"Autre";5,4155E-5
2019-06;"Pays de la Loire";"Autre";5,2539E-5
2019-07;"Pays de la Loire";"Autre";5,4181000000002E-5
2019-08;"Pays de la Loire";"Autre";7,3719999999997E-5
2019-09;"Pays de la Loire";"Autre";6,6935000000005E-5
2019-10;"Pays de la Loire";"Autre";6,351E-5
2019-11;"Pays de la Loire";"Autre";9,1420999999999E-5
2019-12;"Pays de la Loire";"Autre";5,7421000000002E-5
2020-01;"Pays de la Loire";"Autre";5,8114000000001E-5
2020-02;"Pays de la Loire";"Autre";5,5141999999997E-5
2020-03;"Pays de la Loire";"Autre";6,7268999999998E-5
2020-04;"Pays de la Loire";"Autre";7,0347000000001E-5
2020-05;"Pays de la Loire";"Autre";7,8548E-5
2020-06;"Pays de la Loire";"Autre";7,9689E-5
2020-07;"Pays de la Loire";"Autre";8,0403E-5
2020-08;"Pays de la Loire";"Autre";7,4498E-5
2020-09;"Pays de la Loire";"Autre";6,7176E-5
2020-10;"Pays de la Loire";"Autre";5,4168999999998E-5
2020-11;"Pays de la Loire";"Autre";5,2843999999997E-5
2020-12;"Pays de la Loire";"Autre";5,5256000000001E-5
2021-01;"Pays de la Loire";"Autre";5,4432E-5
2021-02;"Pays de la Loire";"Autre";4,9253000000001E-5
2021-03;"Pays de la Loire";"Autre";5,4170000000001E-5
2021-04;"Pays de la Loire";"Autre";6,9047000000001E-5
2021-05;"Pays de la Loire";"Autre";5,4133999999997E-5
2021-06;"Pays de la Loire";"Autre";5,2592E-5
2021-07;"Pays de la Loire";"Autre";5,4128000000001E-5
2021-08;"Pays de la Loire";"Autre";5,4362E-5
2021-09;"Pays de la Loire";"Autre";5,2384E-5
2021-10;"Pays de la Loire";"Autre";5,4323E-5
2021-11;"Pays de la Loire";"Autre";0,000303193
2021-12;"Pays de la Loire";"Autre";5,4352E-5
2022-01;"Pays de la Loire";"Autre";7,5924990999999E-5
2022-02;"Pays de la Loire";"Autre";7,7594997999999E-5
2022-03;"Pays de la Loire";"Autre";9,7428994000002E-5
2022-04;"Pays de la Loire";"Autre";0,000113794431
2022-05;"Pays de la Loire";"Autre";0,00011154048
2022-06;"Pays de la Loire";"Autre";0,00010979448
2022-07;"Pays de la Loire";"Autre";0,00011154048
2022-08;"Pays de la Loire";"Autre";0,00011154048
2022-09;"Pays de la Loire";"Autre";0,000140750724
2022-10;"Pays de la Loire";"Autre";0,000112550676
2022-11;"Pays de la Loire";"Autre";9,3508564999996E-5
2022-12;"Pays de la Loire";"Autre";7,3869190999998E-5
2023-01;"Pays de la Loire";"Autre";8,4393038000002E-5
2023-02;"Pays de la Loire";"Autre";9,7676392999999E-5
2023-03;"Pays de la Loire";"Autre";0,000111943584
2023-04;"Pays de la Loire";"Autre";0,000173542832
2023-05;"Pays de la Loire";"Autre";0,000201314141
2023-06;"Pays de la Loire";"Autre";0,00020138811
2023-07;"Pays de la Loire";"Autre";0,000201522413
2023-08;"Pays de la Loire";"Autre";0,000201504433
2023-09;"Pays de la Loire";"Autre";0,00020147742
2023-10;"Pays de la Loire";"Autre";0,00020141843900001
2023-11;"Pays de la Loire";"Autre";0,00020129841
2023-12;"Pays de la Loire";"Autre";0,000201275436
2024-01;"Pays de la Loire";"Autre";0,000201269422
2024-02;"Pays de la Loire";"Autre";0,000201284447
2024-03;"Pays de la Loire";"Autre";0,000201316418
2024-04;"Pays de la Loire";"Autre";0,00020140742999999
2024-05;"Pays de la Loire";"Autre";0,000201436419
2024-06;"Pays de la Loire";"Autre";0,000563836992
2024-07;"Pays de la Loire";"Autre";0,00049226151
2024-08;"Pays de la Loire";"Autre";0,00052431076
2024-09;"Pays de la Loire";"Autre";0,000818179169
2024-10;"Pays de la Loire";"Autre";0,000738521249
2024-11;"Pays de la Loire";"Autre";0,000884333163
2024-12;"Pays de la Loire";"Autre";0,001131950876
2025-01;"Pays de la Loire";"Autre";0,001234657103
2025-02;"Pays de la Loire";"Autre";0,000201317637
2025-03;"Pays de la Loire";"Autre";0,000201518432
2025-04;"Pays de la Loire";"Autre";0,00020217841
2025-05;"Pays de la Loire";"Autre";0,000202320013
2025-06;"Pays de la Loire";"Autre";0,000206254706
2025-07;"Pays de la Loire";"Autre";0,000204732462
2025-08;"Pays de la Loire";"Autre";0,000208516782
2025-09;"Pays de la Loire";"Autre";0,000206261674
2025-10;"Pays de la Loire";"Autre";0,000205118348
2025-11;"Pays de la Loire";"Autre";0,000205089357
2014-01;"Pays de la Loire";"Production décarbonée";0,179555677
2014-02;"Pays de la Loire";"Production décarbonée";0,2202009775
2014-03;"Pays de la Loire";"Production décarbonée";0,1398042385
2014-04;"Pays de la Loire";"Production décarbonée";0,1380310185
2014-05;"Pays de la Loire";"Production décarbonée";0,1623680785
2014-06;"Pays de la Loire";"Production décarbonée";0,135553818
2014-07;"Pays de la Loire";"Production décarbonée";0,126838442
2014-08;"Pays de la Loire";"Production décarbonée";0,118839534
2014-09;"Pays de la Loire";"Production décarbonée";0,1153089325
2014-10;"Pays de la Loire";"Production décarbonée";0,122611809
2014-11;"Pays de la Loire";"Production décarbonée";0,143384006
2014-12;"Pays de la Loire";"Production décarbonée";0,143606527
2015-01;"Pays de la Loire";"Production décarbonée";0,1721296875
2015-02;"Pays de la Loire";"Production décarbonée";0,1797237985
2015-03;"Pays de la Loire";"Production décarbonée";0,181939808
2015-04;"Pays de la Loire";"Production décarbonée";0,1574157595
2015-05;"Pays de la Loire";"Production décarbonée";0,1619797495
2015-06;"Pays de la Loire";"Production décarbonée";0,1529944635
2015-07;"Pays de la Loire";"Production décarbonée";0,146836074
2015-08;"Pays de la Loire";"Production décarbonée";0,1256686685
2015-09;"Pays de la Loire";"Production décarbonée";0,162569599
2015-10;"Pays de la Loire";"Production décarbonée";0,142661638
2015-11;"Pays de la Loire";"Production décarbonée";0,1660302445
2015-12;"Pays de la Loire";"Production décarbonée";0,189584745
2016-01;"Pays de la Loire";"Production décarbonée";0,211116848
2016-02;"Pays de la Loire";"Production décarbonée";0,2118272715
2016-03;"Pays de la Loire";"Production décarbonée";0,2282833185
2016-04;"Pays de la Loire";"Production décarbonée";0,167257261
2016-05;"Pays de la Loire";"Production décarbonée";0,157921308
2016-06;"Pays de la Loire";"Production décarbonée";0,1309090765
2016-07;"Pays de la Loire";"Production décarbonée";0,1389184095
2016-08;"Pays de la Loire";"Production décarbonée";0,1495569695
2016-09;"Pays de la Loire";"Production décarbonée";0,1095207675
2016-10;"Pays de la Loire";"Production décarbonée";0,1639269235
2016-11;"Pays de la Loire";"Production décarbonée";0,1899673305
2016-12;"Pays de la Loire";"Production décarbonée";0,1388407585
2017-01;"Pays de la Loire";"Production décarbonée";0,1571249675
2017-02;"Pays de la Loire";"Production décarbonée";0,201509267
2017-03;"Pays de la Loire";"Production décarbonée";0,199279948
2017-04;"Pays de la Loire";"Production décarbonée";0,1816590645
2017-05;"Pays de la Loire";"Production décarbonée";0,186433729
2017-06;"Pays de la Loire";"Production décarbonée";0,17216562
2017-07;"Pays de la Loire";"Production décarbonée";0,18385875
2017-08;"Pays de la Loire";"Production décarbonée";0,1566770475
2017-09;"Pays de la Loire";"Production décarbonée";0,160916062
2017-10;"Pays de la Loire";"Production décarbonée";0,1507333965
2017-11;"Pays de la Loire";"Production décarbonée";0,1678580625
2017-12;"Pays de la Loire";"Production décarbonée";0,230489165
2018-01;"Pays de la Loire";"Production décarbonée";0,273472879
2018-02;"Pays de la Loire";"Production décarbonée";0,227628191
2018-03;"Pays de la Loire";"Production décarbonée";0,2712408985
2018-04;"Pays de la Loire";"Production décarbonée";0,184190784
2018-05;"Pays de la Loire";"Production décarbonée";0,188897142
2018-06;"Pays de la Loire";"Production décarbonée";0,1746519715
2018-07;"Pays de la Loire";"Production décarbonée";0,1627930495
2018-08;"Pays de la Loire";"Production décarbonée";0,154424948
2018-09;"Pays de la Loire";"Production décarbonée";0,183855011
2018-10;"Pays de la Loire";"Production décarbonée";0,2109300955
2018-11;"Pays de la Loire";"Production décarbonée";0,227714139
2018-12;"Pays de la Loire";"Production décarbonée";0,2554248735
2019-01;"Pays de la Loire";"Production décarbonée";0,1973038475
2019-02;"Pays de la Loire";"Production décarbonée";0,2179553635
2019-03;"Pays de la Loire";"Production décarbonée";0,335481107
2019-04;"Pays de la Loire";"Production décarbonée";0,2281923705
2019-05;"Pays de la Loire";"Production décarbonée";0,2344401375
2019-06;"Pays de la Loire";"Production décarbonée";0,215732439
2019-07;"Pays de la Loire";"Production décarbonée";0,226867759
2019-08;"Pays de la Loire";"Production décarbonée";0,207939646
2019-09;"Pays de la Loire";"Production décarbonée";0,2624196785
2019-10;"Pays de la Loire";"Production décarbonée";0,242881601
2019-11;"Pays de la Loire";"Production décarbonée";0,2629081265
2019-12;"Pays de la Loire";"Production décarbonée";0,333467586
2020-01;"Pays de la Loire";"Production décarbonée";0,3331554585
2020-02;"Pays de la Loire";"Production décarbonée";0,410601759
2020-03;"Pays de la Loire";"Production décarbonée";0,356525763
2020-04;"Pays de la Loire";"Production décarbonée";0,246568887
2020-05;"Pays de la Loire";"Production décarbonée";0,3024396525
2020-06;"Pays de la Loire";"Production décarbonée";0,2400177415
2020-07;"Pays de la Loire";"Production décarbonée";0,2432133295
2020-08;"Pays de la Loire";"Production décarbonée";0,220258369
2020-09;"Pays de la Loire";"Production décarbonée";0,2105920995
2020-10;"Pays de la Loire";"Production décarbonée";0,3104462155
2020-11;"Pays de la Loire";"Production décarbonée";0,2608452335
2020-12;"Pays de la Loire";"Production décarbonée";0,34443328
2021-01;"Pays de la Loire";"Production décarbonée";0,2930386165
2021-02;"Pays de la Loire";"Production décarbonée";0,3215867015
2021-03;"Pays de la Loire";"Production décarbonée";0,3113533965
2021-04;"Pays de la Loire";"Production décarbonée";0,315264369
2021-05;"Pays de la Loire";"Production décarbonée";0,3747193915
2021-06;"Pays de la Loire";"Production décarbonée";0,1868071305
2021-07;"Pays de la Loire";"Production décarbonée";0,280603964
2021-08;"Pays de la Loire";"Production décarbonée";0,257197429
2021-09;"Pays de la Loire";"Production décarbonée";0,226548755
2021-10;"Pays de la Loire";"Production décarbonée";0,2869593805
2021-11;"Pays de la Loire";"Production décarbonée";0,233881364
2021-12;"Pays de la Loire";"Production décarbonée";0,3557230225
2022-01;"Pays de la Loire";"Production décarbonée";0,229872042892
2022-02;"Pays de la Loire";"Production décarbonée";0,3345576927555
2022-03;"Pays de la Loire";"Production décarbonée";0,3368925752595
2022-04;"Pays de la Loire";"Production décarbonée";0,325998148689
2022-05;"Pays de la Loire";"Production décarbonée";0,276960811277
2022-06;"Pays de la Loire";"Production décarbonée";0,283561998862
2022-07;"Pays de la Loire";"Production décarbonée";0,3314219184115
2022-08;"Pays de la Loire";"Production décarbonée";0,335362649355
2022-09;"Pays de la Loire";"Production décarbonée";0,3572189241385
2022-10;"Pays de la Loire";"Production décarbonée";0,438535702894
2022-11;"Pays de la Loire";"Production décarbonée";0,5407218880545
2022-12;"Pays de la Loire";"Production décarbonée";0,5500597832165
2023-01;"Pays de la Loire";"Production décarbonée";0,5923631829075
2023-02;"Pays de la Loire";"Production décarbonée";0,3748372980225
2023-03;"Pays de la Loire";"Production décarbonée";0,6882984036645
2023-04;"Pays de la Loire";"Production décarbonée";0,495785196712
2023-05;"Pays de la Loire";"Production décarbonée";0,574990145677
2023-06;"Pays de la Loire";"Production décarbonée";0,3803543718325
2023-07;"Pays de la Loire";"Production décarbonée";0,4790175652875
2023-08;"Pays de la Loire";"Production décarbonée";0,4233658957965
2023-09;"Pays de la Loire";"Production décarbonée";0,3624534613605
2023-10;"Pays de la Loire";"Production décarbonée";0,556403774144
2023-11;"Pays de la Loire";"Production décarbonée";0,5855052749655
2023-12;"Pays de la Loire";"Production décarbonée";0,47915823921
2024-01;"Pays de la Loire";"Production décarbonée";0,526634133743
2024-02;"Pays de la Loire";"Production décarbonée";0,558899090138
2024-03;"Pays de la Loire";"Production décarbonée";0,5514880286285
2024-04;"Pays de la Loire";"Production décarbonée";0,561111335401
2024-05;"Pays de la Loire";"Production décarbonée";0,4824007770685
2024-06;"Pays de la Loire";"Production décarbonée";0,43708805554
2024-07;"Pays de la Loire";"Production décarbonée";0,4090872849225
2024-08;"Pays de la Loire";"Production décarbonée";0,411413627104
2024-09;"Pays de la Loire";"Production décarbonée";0,4775765913665
2024-10;"Pays de la Loire";"Production décarbonée";0,4030678857745
2024-11;"Pays de la Loire";"Production décarbonée";0,445107023687
2024-12;"Pays de la Loire";"Production décarbonée";0,531588861156
2025-01;"Pays de la Loire";"Production décarbonée";0,607810230981
2025-02;"Pays de la Loire";"Production décarbonée";0,4274046980055
2025-03;"Pays de la Loire";"Production décarbonée";0,560669669518
2025-04;"Pays de la Loire";"Production décarbonée";0,580001827085
2025-05;"Pays de la Loire";"Production décarbonée";0,536267467268
2025-06;"Pays de la Loire";"Production décarbonée";0,521857129187
2025-07;"Pays de la Loire";"Production décarbonée";0,6290125402685
2025-08;"Pays de la Loire";"Production décarbonée";0,588804588755
2025-09;"Pays de la Loire";"Production décarbonée";0,6340490272645
2025-10;"Pays de la Loire";"Production décarbonée";0,7939931934755
2025-11;"Pays de la Loire";"Production décarbonée";0,754287517222
2014-01;"Bretagne";"Thermique renouvelable et déchets";0,015661617
2014-02;"Bretagne";"Thermique renouvelable et déchets";0,014078756
2014-03;"Bretagne";"Thermique renouvelable et déchets";0,0171405865
2014-04;"Bretagne";"Thermique renouvelable et déchets";0,016173773
2014-05;"Bretagne";"Thermique renouvelable et déchets";0,018292212
2014-06;"Bretagne";"Thermique renouvelable et déchets";0,016154468
2014-07;"Bretagne";"Thermique renouvelable et déchets";0,0189955985
2014-08;"Bretagne";"Thermique renouvelable et déchets";0,020223437
2014-09;"Bretagne";"Thermique renouvelable et déchets";0,017996458
2014-10;"Bretagne";"Thermique renouvelable et déchets";0,018061128
2014-11;"Bretagne";"Thermique renouvelable et déchets";0,019145503
2014-12;"Bretagne";"Thermique renouvelable et déchets";0,01858805
2015-01;"Bretagne";"Thermique renouvelable et déchets";0,0187420655
2015-02;"Bretagne";"Thermique renouvelable et déchets";0,015759221
2015-03;"Bretagne";"Thermique renouvelable et déchets";0,01974306
2015-04;"Bretagne";"Thermique renouvelable et déchets";0,018502178
2015-05;"Bretagne";"Thermique renouvelable et déchets";0,0202486025
2015-06;"Bretagne";"Thermique renouvelable et déchets";0,018343413
2015-07;"Bretagne";"Thermique renouvelable et déchets";0,020645932
2015-08;"Bretagne";"Thermique renouvelable et déchets";0,0210679255
2015-09;"Bretagne";"Thermique renouvelable et déchets";0,0197136925
2015-10;"Bretagne";"Thermique renouvelable et déchets";0,018756063
2015-11;"Bretagne";"Thermique renouvelable et déchets";0,01950825
2015-12;"Bretagne";"Thermique renouvelable et déchets";0,0188784605
2016-01;"Bretagne";"Thermique renouvelable et déchets";0,0192182665
2016-02;"Bretagne";"Thermique renouvelable et déchets";0,01766979
2016-03;"Bretagne";"Thermique renouvelable et déchets";0,0189384925
2016-04;"Bretagne";"Thermique renouvelable et déchets";0,0181832385
2016-05;"Bretagne";"Thermique renouvelable et déchets";0,0206920565
2016-06;"Bretagne";"Thermique renouvelable et déchets";0,017043241
2016-07;"Bretagne";"Thermique renouvelable et déchets";0,022540035
2016-08;"Bretagne";"Thermique renouvelable et déchets";0,021626484
2016-09;"Bretagne";"Thermique renouvelable et déchets";0,021069912
2016-10;"Bretagne";"Thermique renouvelable et déchets";0,0204496705
2016-11;"Bretagne";"Thermique renouvelable et déchets";0,0197432445
2016-12;"Bretagne";"Thermique renouvelable et déchets";0,020547735
2017-01;"Bretagne";"Thermique renouvelable et déchets";0,021320519
2017-02;"Bretagne";"Thermique renouvelable et déchets";0,0195961925
2017-03;"Bretagne";"Thermique renouvelable et déchets";0,022066189
2017-04;"Bretagne";"Thermique renouvelable et déchets";0,021554452
2017-05;"Bretagne";"Thermique renouvelable et déchets";0,0234000755
2017-06;"Bretagne";"Thermique renouvelable et déchets";0,0238847705
2017-07;"Bretagne";"Thermique renouvelable et déchets";0,0255397865
2017-08;"Bretagne";"Thermique renouvelable et déchets";0,0255322195
2017-09;"Bretagne";"Thermique renouvelable et déchets";0,0230858045
2017-10;"Bretagne";"Thermique renouvelable et déchets";0,0210215535
2017-11;"Bretagne";"Thermique renouvelable et déchets";0,0224412525
2017-12;"Bretagne";"Thermique renouvelable et déchets";0,026303958
2018-01;"Bretagne";"Thermique renouvelable et déchets";0,024971343
2018-02;"Bretagne";"Thermique renouvelable et déchets";0,0231104235
2018-03;"Bretagne";"Thermique renouvelable et déchets";0,0252527295
2018-04;"Bretagne";"Thermique renouvelable et déchets";0,024358481
2018-05;"Bretagne";"Thermique renouvelable et déchets";0,0273244565
2018-06;"Bretagne";"Thermique renouvelable et déchets";0,0259747215
2018-07;"Bretagne";"Thermique renouvelable et déchets";0,0286231055
2018-08;"Bretagne";"Thermique renouvelable et déchets";0,0284467845
2018-09;"Bretagne";"Thermique renouvelable et déchets";0,0268874955
2018-10;"Bretagne";"Thermique renouvelable et déchets";0,0241045685
2018-11;"Bretagne";"Thermique renouvelable et déchets";0,0234763925
2018-12;"Bretagne";"Thermique renouvelable et déchets";0,026341518
2019-01;"Bretagne";"Thermique renouvelable et déchets";0,02230373
2019-02;"Bretagne";"Thermique renouvelable et déchets";0,0252904245
2019-03;"Bretagne";"Thermique renouvelable et déchets";0,028935539
2019-04;"Bretagne";"Thermique renouvelable et déchets";0,028329253
2019-05;"Bretagne";"Thermique renouvelable et déchets";0,029950574
2019-06;"Bretagne";"Thermique renouvelable et déchets";0,02666321
2019-07;"Bretagne";"Thermique renouvelable et déchets";0,029633916
2019-08;"Bretagne";"Thermique renouvelable et déchets";0,0300288895
2019-09;"Bretagne";"Thermique renouvelable et déchets";0,0288749805
2019-10;"Bretagne";"Thermique renouvelable et déchets";0,027354604
2019-11;"Bretagne";"Thermique renouvelable et déchets";0,0260815365
2019-12;"Bretagne";"Thermique renouvelable et déchets";0,0292988575
2020-01;"Bretagne";"Thermique renouvelable et déchets";0,030844143
2020-02;"Bretagne";"Thermique renouvelable et déchets";0,0283450405
2020-03;"Bretagne";"Thermique renouvelable et déchets";0,0302514975
2020-04;"Bretagne";"Thermique renouvelable et déchets";0,029375086
2020-05;"Bretagne";"Thermique renouvelable et déchets";0,032035714
2020-06;"Bretagne";"Thermique renouvelable et déchets";0,0263044235
2020-07;"Bretagne";"Thermique renouvelable et déchets";0,0327716965
2020-08;"Bretagne";"Thermique renouvelable et déchets";0,033490125
2020-09;"Bretagne";"Thermique renouvelable et déchets";0,0322718815
2020-10;"Bretagne";"Thermique renouvelable et déchets";0,0311095635
2020-11;"Bretagne";"Thermique renouvelable et déchets";0,028853924
2020-12;"Bretagne";"Thermique renouvelable et déchets";0,030855143
2021-01;"Bretagne";"Thermique renouvelable et déchets";0,0309106465
2021-02;"Bretagne";"Thermique renouvelable et déchets";0,0283449595
2021-03;"Bretagne";"Thermique renouvelable et déchets";0,03258631
2021-04;"Bretagne";"Thermique renouvelable et déchets";0,030599294
2021-05;"Bretagne";"Thermique renouvelable et déchets";0,0329028645
2021-06;"Bretagne";"Thermique renouvelable et déchets";0,032847153
2021-07;"Bretagne";"Thermique renouvelable et déchets";0,0341904725
2021-08;"Bretagne";"Thermique renouvelable et déchets";0,0354169785
2021-09;"Bretagne";"Thermique renouvelable et déchets";0,0327195135
2021-10;"Bretagne";"Thermique renouvelable et déchets";0,03083714
2021-11;"Bretagne";"Thermique renouvelable et déchets";0,0296270415
2021-12;"Bretagne";"Thermique renouvelable et déchets";0,033586387
2022-01;"Bretagne";"Thermique renouvelable et déchets";0,033979764057
2022-02;"Bretagne";"Thermique renouvelable et déchets";0,031410964769
2022-03;"Bretagne";"Thermique renouvelable et déchets";0,0326982587555
2022-04;"Bretagne";"Thermique renouvelable et déchets";0,0323882482665
2022-05;"Bretagne";"Thermique renouvelable et déchets";0,034682428962
2022-06;"Bretagne";"Thermique renouvelable et déchets";0,030979923936
2022-07;"Bretagne";"Thermique renouvelable et déchets";0,0339869850995
2022-08;"Bretagne";"Thermique renouvelable et déchets";0,0344284250985
2022-09;"Bretagne";"Thermique renouvelable et déchets";0,0335622443585
2022-10;"Bretagne";"Thermique renouvelable et déchets";0,0346797458215
2022-11;"Bretagne";"Thermique renouvelable et déchets";0,031146622433
2022-12;"Bretagne";"Thermique renouvelable et déchets";0,0348998550415
2023-01;"Bretagne";"Thermique renouvelable et déchets";0,0335327095215
2023-02;"Bretagne";"Thermique renouvelable et déchets";0,0319927948855
2023-03;"Bretagne";"Thermique renouvelable et déchets";0,03374318873
2023-04;"Bretagne";"Thermique renouvelable et déchets";0,0334115257895
2023-05;"Bretagne";"Thermique renouvelable et déchets";0,034706447634
2023-06;"Bretagne";"Thermique renouvelable et déchets";0,0303789523965
2023-07;"Bretagne";"Thermique renouvelable et déchets";0,035823162711
2023-08;"Bretagne";"Thermique renouvelable et déchets";0,0333055949435
2023-09;"Bretagne";"Thermique renouvelable et déchets";0,031321880939
2023-10;"Bretagne";"Thermique renouvelable et déchets";0,0332005904915
2023-11;"Bretagne";"Thermique renouvelable et déchets";0,0286868654575
2023-12;"Bretagne";"Thermique renouvelable et déchets";0,0350206155495
2024-01;"Bretagne";"Thermique renouvelable et déchets";0,0344686761835
2024-02;"Bretagne";"Thermique renouvelable et déchets";0,0322017613735
2024-03;"Bretagne";"Thermique renouvelable et déchets";0,0352153977975
2024-04;"Bretagne";"Thermique renouvelable et déchets";0,0331486889995
2024-05;"Bretagne";"Thermique renouvelable et déchets";0,0351172434355
2024-06;"Bretagne";"Thermique renouvelable et déchets";0,0346014687915
2024-07;"Bretagne";"Thermique renouvelable et déchets";0,0362984699975
2024-08;"Bretagne";"Thermique renouvelable et déchets";0,0356904444765
2024-09;"Bretagne";"Thermique renouvelable et déchets";0,031545876171
2024-10;"Bretagne";"Thermique renouvelable et déchets";0,0319020149035
2024-11;"Bretagne";"Thermique renouvelable et déchets";0,0318949451865
2024-12;"Bretagne";"Thermique renouvelable et déchets";0,033941333864
2025-01;"Bretagne";"Thermique renouvelable et déchets";0,032762182824
2025-02;"Bretagne";"Thermique renouvelable et déchets";0,03047730726
2025-03;"Bretagne";"Thermique renouvelable et déchets";0,0325090690525
2025-04;"Bretagne";"Thermique renouvelable et déchets";0,030937996163
2025-05;"Bretagne";"Thermique renouvelable et déchets";0,0338034042885
2025-06;"Bretagne";"Thermique renouvelable et déchets";0,0332060060155
2025-07;"Bretagne";"Thermique renouvelable et déchets";0,0349315219775
2025-08;"Bretagne";"Thermique renouvelable et déchets";0,0355768820375
2025-09;"Bretagne";"Thermique renouvelable et déchets";0,032842620095
2025-10;"Bretagne";"Thermique renouvelable et déchets";0,03309602182
2025-11;"Bretagne";"Thermique renouvelable et déchets";0,033048305548
2014-01;"Bretagne";"Éolien";0,200068599
2014-02;"Bretagne";"Éolien";0,218675224
2014-03;"Bretagne";"Éolien";0,110019945
2014-04;"Bretagne";"Éolien";0,103039227
2014-05;"Bretagne";"Éolien";0,103995375
2014-06;"Bretagne";"Éolien";0,077091087
2014-07;"Bretagne";"Éolien";0,065714388
2014-08;"Bretagne";"Éolien";0,076129153
2014-09;"Bretagne";"Éolien";0,048236734
2014-10;"Bretagne";"Éolien";0,117318345
2014-11;"Bretagne";"Éolien";0,125143885
2014-12;"Bretagne";"Éolien";0,150977193
2015-01;"Bretagne";"Éolien";0,183815529
2015-02;"Bretagne";"Éolien";0,162172585
2015-03;"Bretagne";"Éolien";0,163903122
2015-04;"Bretagne";"Éolien";0,104029072
2015-05;"Bretagne";"Éolien";0,112731903
2015-06;"Bretagne";"Éolien";0,097211879
2015-07;"Bretagne";"Éolien";0,089599663
2015-08;"Bretagne";"Éolien";0,083227635
2015-09;"Bretagne";"Éolien";0,09798011
2015-10;"Bretagne";"Éolien";0,110750226
2015-11;"Bretagne";"Éolien";0,195387954
2015-12;"Bretagne";"Éolien";0,25018892
2016-01;"Bretagne";"Éolien";0,227768566
2016-02;"Bretagne";"Éolien";0,200312969
2016-03;"Bretagne";"Éolien";0,190003316
2016-04;"Bretagne";"Éolien";0,117262944
2016-05;"Bretagne";"Éolien";0,085641721
2016-06;"Bretagne";"Éolien";0,063337685
2016-07;"Bretagne";"Éolien";0,064922304
2016-08;"Bretagne";"Éolien";0,08888044
2016-09;"Bretagne";"Éolien";0,075558465
2016-10;"Bretagne";"Éolien";0,095094854
2016-11;"Bretagne";"Éolien";0,164419434
2016-12;"Bretagne";"Éolien";0,106151898
2017-01;"Bretagne";"Éolien";0,125069041
2017-02;"Bretagne";"Éolien";0,177948982
2017-03;"Bretagne";"Éolien";0,171500322
2017-04;"Bretagne";"Éolien";0,090348387
2017-05;"Bretagne";"Éolien";0,108877422
2017-06;"Bretagne";"Éolien";0,085548345
2017-07;"Bretagne";"Éolien";0,107187307
2017-08;"Bretagne";"Éolien";0,086764673
2017-09;"Bretagne";"Éolien";0,120257011
2017-10;"Bretagne";"Éolien";0,114691943
2017-11;"Bretagne";"Éolien";0,136406546
2017-12;"Bretagne";"Éolien";0,215631308
2018-01;"Bretagne";"Éolien";0,270035138
2018-02;"Bretagne";"Éolien";0,184836491
2018-03;"Bretagne";"Éolien";0,212582417
2018-04;"Bretagne";"Éolien";0,136243132
2018-05;"Bretagne";"Éolien";0,097439266
2018-06;"Bretagne";"Éolien";0,083476501
2018-07;"Bretagne";"Éolien";0,07914205
2018-08;"Bretagne";"Éolien";0,06258019
2018-09;"Bretagne";"Éolien";0,119340799
2018-10;"Bretagne";"Éolien";0,150786092
2018-11;"Bretagne";"Éolien";0,19402177
2018-12;"Bretagne";"Éolien";0,213147235
2019-01;"Bretagne";"Éolien";0,132837927
2019-02;"Bretagne";"Éolien";0,159728681
2019-03;"Bretagne";"Éolien";0,254113759
2019-04;"Bretagne";"Éolien";0,136612436
2019-05;"Bretagne";"Éolien";0,105792658
2019-06;"Bretagne";"Éolien";0,095405918
2019-07;"Bretagne";"Éolien";0,104718944
2019-08;"Bretagne";"Éolien";0,10973708
2019-09;"Bretagne";"Éolien";0,169356132
2019-10;"Bretagne";"Éolien";0,186603581
2019-11;"Bretagne";"Éolien";0,209848226
2019-12;"Bretagne";"Éolien";0,274138519
2020-01;"Bretagne";"Éolien";0,252654763
2020-02;"Bretagne";"Éolien";0,339544123
2020-03;"Bretagne";"Éolien";0,256510689
2020-04;"Bretagne";"Éolien";0,127489752
2020-05;"Bretagne";"Éolien";0,151254509
2020-06;"Bretagne";"Éolien";0,105975655
2020-07;"Bretagne";"Éolien";0,107437127
2020-08;"Bretagne";"Éolien";0,11794618
2020-09;"Bretagne";"Éolien";0,102162597
2020-10;"Bretagne";"Éolien";0,224556333
2020-11;"Bretagne";"Éolien";0,189678684
2020-12;"Bretagne";"Éolien";0,265969739
2021-01;"Bretagne";"Éolien";0,19495596
2021-02;"Bretagne";"Éolien";0,217153655
2021-03;"Bretagne";"Éolien";0,190769419
2021-04;"Bretagne";"Éolien";0,157411777
2021-05;"Bretagne";"Éolien";0,217085653
2021-06;"Bretagne";"Éolien";0,059348055
2021-07;"Bretagne";"Éolien";0,118968958
2021-08;"Bretagne";"Éolien";0,116211366
2021-09;"Bretagne";"Éolien";0,10106066
2021-10;"Bretagne";"Éolien";0,176937045
2021-11;"Bretagne";"Éolien";0,141578101
2021-12;"Bretagne";"Éolien";0,254197743
2022-01;"Bretagne";"Éolien";0,136848115427
2022-02;"Bretagne";"Éolien";0,231667136142
2022-03;"Bretagne";"Éolien";0,196030964028
2022-04;"Bretagne";"Éolien";0,1599465127
2022-05;"Bretagne";"Éolien";0,09630702183
2022-06;"Bretagne";"Éolien";0,118327565268
2022-07;"Bretagne";"Éolien";0,0980745334
2022-08;"Bretagne";"Éolien";0,112878679537
2022-09;"Bretagne";"Éolien";0,136284224844
2022-10;"Bretagne";"Éolien";0,190906390005
2022-11;"Bretagne";"Éolien";0,302219731315
2022-12;"Bretagne";"Éolien";0,254200888547
2023-01;"Bretagne";"Éolien";0,306502421593
2023-02;"Bretagne";"Éolien";0,14808194897
2023-03;"Bretagne";"Éolien";0,361920144062
2023-04;"Bretagne";"Éolien";0,180860687986
2023-05;"Bretagne";"Éolien";0,225478230395
2023-06;"Bretagne";"Éolien";0,103985713862
2023-07;"Bretagne";"Éolien";0,180151614038
2023-08;"Bretagne";"Éolien";0,145802650106
2023-09;"Bretagne";"Éolien";0,126168237138
2023-10;"Bretagne";"Éolien";0,222626009706
2023-11;"Bretagne";"Éolien";0,283003453317
2023-12;"Bretagne";"Éolien";0,388458175117
2024-01;"Bretagne";"Éolien";0,319751988662
2024-02;"Bretagne";"Éolien";0,344262164959
2024-03;"Bretagne";"Éolien";0,294916290703
2024-04;"Bretagne";"Éolien";0,333636555457
2024-05;"Bretagne";"Éolien";0,233129826211
2024-06;"Bretagne";"Éolien";0,191916918682
2024-07;"Bretagne";"Éolien";0,184136750368
2024-08;"Bretagne";"Éolien";0,202116540741
2024-09;"Bretagne";"Éolien";0,310984291496
2024-10;"Bretagne";"Éolien";0,244899930266
2024-11;"Bretagne";"Éolien";0,318480654793
2024-12;"Bretagne";"Éolien";0,452048511126
2025-01;"Bretagne";"Éolien";0,42174805837
2025-02;"Bretagne";"Éolien";0,326224142043
2025-03;"Bretagne";"Éolien";0,338842639554
2025-04;"Bretagne";"Éolien";0,313876879103
2025-05;"Bretagne";"Éolien";0,27918644324
2025-06;"Bretagne";"Éolien";0,184415523578
2025-07;"Bretagne";"Éolien";0,263201046934
2025-08;"Bretagne";"Éolien";0,243532095978
2025-09;"Bretagne";"Éolien";0,350329741858
2025-10;"Bretagne";"Éolien";0,470721322752
2025-11;"Bretagne";"Éolien";0,477076262012
2014-01;"Bretagne";"Solaire";0,005019341
2014-02;"Bretagne";"Solaire";0,008247459
2014-03;"Bretagne";"Solaire";0,015245714
2014-04;"Bretagne";"Solaire";0,017761562
2014-05;"Bretagne";"Solaire";0,021379959
2014-06;"Bretagne";"Solaire";0,024629456
2014-07;"Bretagne";"Solaire";0,023259249
2014-08;"Bretagne";"Solaire";0,01950819
2014-09;"Bretagne";"Solaire";0,019759206
2014-10;"Bretagne";"Solaire";0,011855143
2014-11;"Bretagne";"Solaire";0,006307845
2014-12;"Bretagne";"Solaire";0,004439084
2015-01;"Bretagne";"Solaire";0,005778626
2015-02;"Bretagne";"Solaire";0,009674576
2015-03;"Bretagne";"Solaire";0,01407284
2015-04;"Bretagne";"Solaire";0,02178038
2015-05;"Bretagne";"Solaire";0,021560906
2015-06;"Bretagne";"Solaire";0,027226082
2015-07;"Bretagne";"Solaire";0,02294697
2015-08;"Bretagne";"Solaire";0,020073622
2015-09;"Bretagne";"Solaire";0,020156559
2015-10;"Bretagne";"Solaire";0,012090076
2015-11;"Bretagne";"Solaire";0,006797521
2015-12;"Bretagne";"Solaire";0,005182113
2016-01;"Bretagne";"Solaire";0,00536176
2016-02;"Bretagne";"Solaire";0,009639575
2016-03;"Bretagne";"Solaire";0,016420013
2016-04;"Bretagne";"Solaire";0,020003526
2016-05;"Bretagne";"Solaire";0,023413389
2016-06;"Bretagne";"Solaire";0,018673924
2016-07;"Bretagne";"Solaire";0,024768886
2016-08;"Bretagne";"Solaire";0,024993029
2016-09;"Bretagne";"Solaire";0,017659163
2016-10;"Bretagne";"Solaire";0,021543509
2016-11;"Bretagne";"Solaire";0,007893885
2016-12;"Bretagne";"Solaire";0,006252308
2017-01;"Bretagne";"Solaire";0,007915331
2017-02;"Bretagne";"Solaire";0,009258744
2017-03;"Bretagne";"Solaire";0,01551565
2017-04;"Bretagne";"Solaire";0,025152029
2017-05;"Bretagne";"Solaire";0,026234011
2017-06;"Bretagne";"Solaire";0,028705462
2017-07;"Bretagne";"Solaire";0,025386759
2017-08;"Bretagne";"Solaire";0,024438694
2017-09;"Bretagne";"Solaire";0,017242649
2017-10;"Bretagne";"Solaire";0,012845868
2017-11;"Bretagne";"Solaire";0,008934264
2017-12;"Bretagne";"Solaire";0,005278028
2018-01;"Bretagne";"Solaire";0,004084257
2018-02;"Bretagne";"Solaire";0,013794022
2018-03;"Bretagne";"Solaire";0,01481394
2018-04;"Bretagne";"Solaire";0,022603215
2018-05;"Bretagne";"Solaire";0,030583285
2018-06;"Bretagne";"Solaire";0,027496667
2018-07;"Bretagne";"Solaire";0,030967718
2018-08;"Bretagne";"Solaire";0,025282169
2018-09;"Bretagne";"Solaire";0,023500955
2018-10;"Bretagne";"Solaire";0,018312454
2018-11;"Bretagne";"Solaire";0,011455571
2018-12;"Bretagne";"Solaire";0,002508268
2019-01;"Bretagne";"Solaire";0,007557824
2019-02;"Bretagne";"Solaire";0,014845364
2019-03;"Bretagne";"Solaire";0,020986606
2019-04;"Bretagne";"Solaire";0,024144872
2019-05;"Bretagne";"Solaire";0,03051203
2019-06;"Bretagne";"Solaire";0,030465301
2019-07;"Bretagne";"Solaire";0,034556118
2019-08;"Bretagne";"Solaire";0,029789724
2019-09;"Bretagne";"Solaire";0,024392422
2019-10;"Bretagne";"Solaire";0,014817774
2019-11;"Bretagne";"Solaire";0,009946503
2019-12;"Bretagne";"Solaire";0,008866975
2020-01;"Bretagne";"Solaire";0,008845122
2020-02;"Bretagne";"Solaire";0,012776344
2020-03;"Bretagne";"Solaire";0,020316598
2020-04;"Bretagne";"Solaire";0,027067661
2020-05;"Bretagne";"Solaire";0,036135671
2020-06;"Bretagne";"Solaire";0,030017814
2020-07;"Bretagne";"Solaire";0,034453352
2020-08;"Bretagne";"Solaire";0,030373452
2020-09;"Bretagne";"Solaire";0,024223251
2020-10;"Bretagne";"Solaire";0,015647829
2020-11;"Bretagne";"Solaire";0,012616968
2020-12;"Bretagne";"Solaire";0,008231203
2021-01;"Bretagne";"Solaire";0,007960687
2021-02;"Bretagne";"Solaire";0,011953415
2021-03;"Bretagne";"Solaire";0,022900825
2021-04;"Bretagne";"Solaire";0,033377103
2021-05;"Bretagne";"Solaire";0,031904377
2021-06;"Bretagne";"Solaire";0,030715207
2021-07;"Bretagne";"Solaire";0,033899281
2021-08;"Bretagne";"Solaire";0,033135702
2021-09;"Bretagne";"Solaire";0,030694861
2021-10;"Bretagne";"Solaire";0,024630812
2021-11;"Bretagne";"Solaire";0,014990591
2021-12;"Bretagne";"Solaire";0,008401975
2022-01;"Bretagne";"Solaire";0,011913653661
2022-02;"Bretagne";"Solaire";0,016800686877
2022-03;"Bretagne";"Solaire";0,031117593535
2022-04;"Bretagne";"Solaire";0,043358799137
2022-05;"Bretagne";"Solaire";0,051231577914
2022-06;"Bretagne";"Solaire";0,052538360224
2022-07;"Bretagne";"Solaire";0,05882087761
2022-08;"Bretagne";"Solaire";0,05474041751
2022-09;"Bretagne";"Solaire";0,040509283721
2022-10;"Bretagne";"Solaire";0,029188007271
2022-11;"Bretagne";"Solaire";0,020678005183
2022-12;"Bretagne";"Solaire";0,009347221689
2023-01;"Bretagne";"Solaire";0,013714475846
2023-02;"Bretagne";"Solaire";0,025351005866
2023-03;"Bretagne";"Solaire";0,034454355049
2023-04;"Bretagne";"Solaire";0,053190288246
2023-05;"Bretagne";"Solaire";0,068445385944
2023-06;"Bretagne";"Solaire";0,075167378659
2023-07;"Bretagne";"Solaire";0,061779253221
2023-08;"Bretagne";"Solaire";0,060588436286
2023-09;"Bretagne";"Solaire";0,053362332468
2023-10;"Bretagne";"Solaire";0,040578867067
2023-11;"Bretagne";"Solaire";0,022350849737
2023-12;"Bretagne";"Solaire";0,015220337575
2024-01;"Bretagne";"Solaire";0,02143004955
2024-02;"Bretagne";"Solaire";0,022159943955
2024-03;"Bretagne";"Solaire";0,050075420193
2024-04;"Bretagne";"Solaire";0,066713203822
2024-05;"Bretagne";"Solaire";0,083132538307
2024-06;"Bretagne";"Solaire";0,091122174745
2024-07;"Bretagne";"Solaire";0,084331979395
2024-08;"Bretagne";"Solaire";0,087284033617
2024-09;"Bretagne";"Solaire";0,065743301759
2024-10;"Bretagne";"Solaire";0,051543160365
2024-11;"Bretagne";"Solaire";0,024326166419
2024-12;"Bretagne";"Solaire";0,019517353105
2025-01;"Bretagne";"Solaire";0,021212692517
2025-02;"Bretagne";"Solaire";0,034151536494
2025-03;"Bretagne";"Solaire";0,069390592916
2025-04;"Bretagne";"Solaire";0,094456040869
2025-05;"Bretagne";"Solaire";0,111298524989
2025-06;"Bretagne";"Solaire";0,1204731301
2025-07;"Bretagne";"Solaire";0,125790270386
2025-08;"Bretagne";"Solaire";0,123297058513
2025-09;"Bretagne";"Solaire";0,095169530238
2025-10;"Bretagne";"Solaire";0,070856452372
2025-11;"Bretagne";"Solaire";0,038978959013
2014-01;"Bretagne";"Hydraulique";0,0544783276
2014-02;"Bretagne";"Hydraulique";0,0463975391
2014-03;"Bretagne";"Hydraulique";0,0539055958
2014-04;"Bretagne";"Hydraulique";0,0370214284
2014-05;"Bretagne";"Hydraulique";0,0454643388
2014-06;"Bretagne";"Hydraulique";0,0403119958
2014-07;"Bretagne";"Hydraulique";0,043461442
2014-08;"Bretagne";"Hydraulique";0,0440279217
2014-09;"Bretagne";"Hydraulique";0,0403456887
2014-10;"Bretagne";"Hydraulique";0,0432843646
2014-11;"Bretagne";"Hydraulique";0,0489671998
2014-12;"Bretagne";"Hydraulique";0,0509626701
2015-01;"Bretagne";"Hydraulique";0,0544959886
2015-02;"Bretagne";"Hydraulique";0,0504903412
2015-03;"Bretagne";"Hydraulique";0,0502474759
2015-04;"Bretagne";"Hydraulique";0,0430343924
2015-05;"Bretagne";"Hydraulique";0,0421021115
2015-06;"Bretagne";"Hydraulique";0,0416577921
2015-07;"Bretagne";"Hydraulique";0,0383590073
2015-08;"Bretagne";"Hydraulique";0,0449669241
2015-09;"Bretagne";"Hydraulique";0,0395949374
2015-10;"Bretagne";"Hydraulique";0,0425640397
2015-11;"Bretagne";"Hydraulique";0,0414255774
2015-12;"Bretagne";"Hydraulique";0,0429200482
2016-01;"Bretagne";"Hydraulique";0,0501188802
2016-02;"Bretagne";"Hydraulique";0,0512478839
2016-03;"Bretagne";"Hydraulique";0,0509933126
2016-04;"Bretagne";"Hydraulique";0,0454087261
2016-05;"Bretagne";"Hydraulique";0,0451629417
2016-06;"Bretagne";"Hydraulique";0,0427529302
2016-07;"Bretagne";"Hydraulique";0,0452255691
2016-08;"Bretagne";"Hydraulique";0,045038138
2016-09;"Bretagne";"Hydraulique";0,0417095048
2016-10;"Bretagne";"Hydraulique";0,0436202896
2016-11;"Bretagne";"Hydraulique";0,0420575286
2016-12;"Bretagne";"Hydraulique";0,0440678256
2017-01;"Bretagne";"Hydraulique";0,0450464557
2017-02;"Bretagne";"Hydraulique";0,0448743218
2017-03;"Bretagne";"Hydraulique";0,0517238071
2017-04;"Bretagne";"Hydraulique";0,0443402809
2017-05;"Bretagne";"Hydraulique";0,0475754731
2017-06;"Bretagne";"Hydraulique";0,0408819898
2017-07;"Bretagne";"Hydraulique";0,0432784763
2017-08;"Bretagne";"Hydraulique";0,0432822525
2017-09;"Bretagne";"Hydraulique";0,0424757949
2017-10;"Bretagne";"Hydraulique";0,0421787965
2017-11;"Bretagne";"Hydraulique";0,0422529107
2017-12;"Bretagne";"Hydraulique";0,0501370773
2018-01;"Bretagne";"Hydraulique";0,0588104027
2018-02;"Bretagne";"Hydraulique";0,0441578167
2018-03;"Bretagne";"Hydraulique";0,0415308089
2018-04;"Bretagne";"Hydraulique";0,0454139164
2018-05;"Bretagne";"Hydraulique";0,0448448061
2018-06;"Bretagne";"Hydraulique";0,040329224
2018-07;"Bretagne";"Hydraulique";0,0424667165
2018-08;"Bretagne";"Hydraulique";0,0459356047
2018-09;"Bretagne";"Hydraulique";0,0450997166
2018-10;"Bretagne";"Hydraulique";0,0407673219
2018-11;"Bretagne";"Hydraulique";0,0389781156
2018-12;"Bretagne";"Hydraulique";0,0476217063
2019-01;"Bretagne";"Hydraulique";0,0430916682
2019-02;"Bretagne";"Hydraulique";0,0450924197
2019-03;"Bretagne";"Hydraulique";0,0415096467
2019-04;"Bretagne";"Hydraulique";0,0421573899
2019-05;"Bretagne";"Hydraulique";0,0434880502
2019-06;"Bretagne";"Hydraulique";0,0430659063
2019-07;"Bretagne";"Hydraulique";0,0439658099
2019-08;"Bretagne";"Hydraulique";0,0468527246
2019-09;"Bretagne";"Hydraulique";0,0439615658
2019-10;"Bretagne";"Hydraulique";0,0468348648
2019-11;"Bretagne";"Hydraulique";0,0514420657
2019-12;"Bretagne";"Hydraulique";0,0545443951
2020-01;"Bretagne";"Hydraulique";0,0544025931
2020-02;"Bretagne";"Hydraulique";0,0539391651
2020-03;"Bretagne";"Hydraulique";0,0545453032
2020-04;"Bretagne";"Hydraulique";0,0446636543
2020-05;"Bretagne";"Hydraulique";0,0424726684
2020-06;"Bretagne";"Hydraulique";0,0406615901
2020-07;"Bretagne";"Hydraulique";0,04363546
2020-08;"Bretagne";"Hydraulique";0,0427445699
2020-09;"Bretagne";"Hydraulique";0,0420033992
2020-10;"Bretagne";"Hydraulique";0,0454365709
2020-11;"Bretagne";"Hydraulique";0,0483459149
2020-12;"Bretagne";"Hydraulique";0,0543443342
2021-01;"Bretagne";"Hydraulique";0,0570426143
2021-02;"Bretagne";"Hydraulique";0,0512998265
2021-03;"Bretagne";"Hydraulique";0,0532671255
2021-04;"Bretagne";"Hydraulique";0,0461580886
2021-05;"Bretagne";"Hydraulique";0,0453820446
2021-06;"Bretagne";"Hydraulique";0,0404641773
2021-07;"Bretagne";"Hydraulique";0,0422322382
2021-08;"Bretagne";"Hydraulique";0,0409812919
2021-09;"Bretagne";"Hydraulique";0,0403601355
2021-10;"Bretagne";"Hydraulique";0,0391763505
2021-11;"Bretagne";"Hydraulique";0,0467568948
2021-12;"Bretagne";"Hydraulique";0,0480067446
2022-01;"Bretagne";"Hydraulique";0,050888251116
2022-02;"Bretagne";"Hydraulique";0,045502297313
2022-03;"Bretagne";"Hydraulique";0,048957471589
2022-04;"Bretagne";"Hydraulique";0,045249173933
2022-05;"Bretagne";"Hydraulique";0,045222624479
2022-06;"Bretagne";"Hydraulique";0,039178598772
2022-07;"Bretagne";"Hydraulique";0,041413247956
2022-08;"Bretagne";"Hydraulique";0,0447935578984
2022-09;"Bretagne";"Hydraulique";0,0423128598939
2022-10;"Bretagne";"Hydraulique";0,0434671899765
2022-11;"Bretagne";"Hydraulique";0,0431552977308
2022-12;"Bretagne";"Hydraulique";0,050711985988
2023-01;"Bretagne";"Hydraulique";0,0559802122865
2023-02;"Bretagne";"Hydraulique";0,0449608365508
2023-03;"Bretagne";"Hydraulique";0,0369751739339
2023-04;"Bretagne";"Hydraulique";0,047962314697
2023-05;"Bretagne";"Hydraulique";0,0362467301033
2023-06;"Bretagne";"Hydraulique";0,0311679946003
2023-07;"Bretagne";"Hydraulique";0,0355389098786
2023-08;"Bretagne";"Hydraulique";0,044620777395
2023-09;"Bretagne";"Hydraulique";0,0432665658518
2023-10;"Bretagne";"Hydraulique";0,0476264020567
2023-11;"Bretagne";"Hydraulique";0,048738469381
2023-12;"Bretagne";"Hydraulique";0,0504507498583
2024-01;"Bretagne";"Hydraulique";0,0548103734853
2024-02;"Bretagne";"Hydraulique";0,0495835668373
2024-03;"Bretagne";"Hydraulique";0,0462413615493
2024-04;"Bretagne";"Hydraulique";0,0441658141423
2024-05;"Bretagne";"Hydraulique";0,0448970068287
2024-06;"Bretagne";"Hydraulique";0,0390193836174
2024-07;"Bretagne";"Hydraulique";0,0392163690876
2024-08;"Bretagne";"Hydraulique";0,0413821771743
2024-09;"Bretagne";"Hydraulique";0,0414745973293
2024-10;"Bretagne";"Hydraulique";0,0448381220101
2024-11;"Bretagne";"Hydraulique";0,0435486225634
2024-12;"Bretagne";"Hydraulique";0,0471737315163
2025-01;"Bretagne";"Hydraulique";0,0530463182149
2025-02;"Bretagne";"Hydraulique";0,049152739174
2025-03;"Bretagne";"Hydraulique";0,0494358407763
2025-04;"Bretagne";"Hydraulique";0,0472110648327
2025-05;"Bretagne";"Hydraulique";0,042839630147
2025-06;"Bretagne";"Hydraulique";0,0396645815198
2025-07;"Bretagne";"Hydraulique";0,0416494601607
2025-08;"Bretagne";"Hydraulique";0,041282851229
2025-09;"Bretagne";"Hydraulique";0,0393251760445
2025-10;"Bretagne";"Hydraulique";0,0400010844398
2025-11;"Bretagne";"Hydraulique";0,0429765697308
2014-01;"Bretagne";"Autre";1,0544828898951E-18
2014-02;"Bretagne";"Autre";9,7860608505584E-19
2014-03;"Bretagne";"Autre";2,4571924356342E-19
2014-04;"Bretagne";"Autre";-1,8317639072229E-19
2014-05;"Bretagne";"Autre";1,8676987040278E-19
2014-06;"Bretagne";"Autre";-2,4357512534712E-19
2014-07;"Bretagne";"Autre";3,4581712493598E-19
2014-08;"Bretagne";"Autre";-3,3665778498282E-19
2014-09;"Bretagne";"Autre";-6,578505101773E-20
2014-10;"Bretagne";"Autre";4,3933433280241E-19
2014-11;"Bretagne";"Autre";-1,9758847336071E-19
2014-12;"Bretagne";"Autre";2,7146340730866E-19
2015-01;"Bretagne";"Autre";1,2917444891514E-19
2015-02;"Bretagne";"Autre";8,2453141536654E-20
2015-03;"Bretagne";"Autre";-2,0639739917172E-19
2015-04;"Bretagne";"Autre";-8,1729761847171E-20
2015-05;"Bretagne";"Autre";4,5695391914791E-19
2015-06;"Bretagne";"Autre";-1,2209963942689E-18
2015-07;"Bretagne";"Autre";3,7930422691623E-19
2015-08;"Bretagne";"Autre";2,0723353588714E-19
2015-09;"Bretagne";"Autre";-1,94859753333E-19
2015-10;"Bretagne";"Autre";-1,6661325097367E-19
2015-11;"Bretagne";"Autre";-6,5080232869441E-19
2015-12;"Bretagne";"Autre";-2,0684938137339E-18
2016-01;"Bretagne";"Autre";1,2660150705557E-18
2016-02;"Bretagne";"Autre";-6,0873528440197E-19
2016-03;"Bretagne";"Autre";-7,5709837704663E-19
2016-04;"Bretagne";"Autre";1,4007198179122E-19
2016-05;"Bretagne";"Autre";-4,5787072050496E-19
2016-06;"Bretagne";"Autre";-4,2361947283354E-20
2016-07;"Bretagne";"Autre";-4,7772549804925E-20
2016-08;"Bretagne";"Autre";-7,3482886442377E-20
2016-09;"Bretagne";"Autre";1,8583051764054E-19
2016-10;"Bretagne";"Autre";-9,3407920287447E-20
2016-11;"Bretagne";"Autre";-1,1327327964494E-18
2016-12;"Bretagne";"Autre";-1,5445977830097E-19
2017-01;"Bretagne";"Autre";0,000284239
2017-02;"Bretagne";"Autre";0,000256732
2017-03;"Bretagne";"Autre";0,000284228
2017-04;"Bretagne";"Autre";0,00027507
2017-05;"Bretagne";"Autre";0,000284239
2017-06;"Bretagne";"Autre";0,00027507
2017-07;"Bretagne";"Autre";0,000284239
2017-08;"Bretagne";"Autre";0,000284239
2017-09;"Bretagne";"Autre";0,00027507
2017-10;"Bretagne";"Autre";0,000284248
2017-11;"Bretagne";"Autre";0,00027507
2017-12;"Bretagne";"Autre";0,001301788
2018-01;"Bretagne";"Autre";0,001242535
2018-02;"Bretagne";"Autre";0,001234711
2018-03;"Bretagne";"Autre";0,000284748
2018-04;"Bretagne";"Autre";0,00027192
2018-05;"Bretagne";"Autre";0,000280984
2018-06;"Bretagne";"Autre";0,00027192
2018-07;"Bretagne";"Autre";0,000280984
2018-08;"Bretagne";"Autre";0,000280984
2018-09;"Bretagne";"Autre";0,00027192
2018-10;"Bretagne";"Autre";0,000283941
2018-11;"Bretagne";"Autre";0,001107323
2018-12;"Bretagne";"Autre";0,001245111
2019-01;"Bretagne";"Autre";0,001253642
2019-02;"Bretagne";"Autre";0,001196157
2019-03;"Bretagne";"Autre";0,00028728
2019-04;"Bretagne";"Autre";0,00027858
2019-05;"Bretagne";"Autre";0,000284053
2019-06;"Bretagne";"Autre";0,00027489
2019-07;"Bretagne";"Autre";0,000284053
2019-08;"Bretagne";"Autre";0,000284053
2019-09;"Bretagne";"Autre";0,00027489
2019-10;"Bretagne";"Autre";0,000291203
2019-11;"Bretagne";"Autre";0,00084174
2019-12;"Bretagne";"Autre";0,001274007
2020-01;"Bretagne";"Autre";0,001267001
2020-02;"Bretagne";"Autre";0,001200136
2020-03;"Bretagne";"Autre";0,001055308
2020-04;"Bretagne";"Autre";0,00027489
2020-05;"Bretagne";"Autre";0,000284053
2020-06;"Bretagne";"Autre";0,00027489
2020-07;"Bretagne";"Autre";0,000284053
2020-08;"Bretagne";"Autre";0,000284053
2020-09;"Bretagne";"Autre";0,00027489
2020-10;"Bretagne";"Autre";0,000284032
2020-11;"Bretagne";"Autre";0,00027489
2020-12;"Bretagne";"Autre";0,000284053
2021-01;"Bretagne";"Autre";0,000284053
2021-02;"Bretagne";"Autre";0,000256564
2021-03;"Bretagne";"Autre";0,000284043
2021-04;"Bretagne";"Autre";0,00027489
2021-05;"Bretagne";"Autre";0,000284053
2021-06;"Bretagne";"Autre";0,00027489
2021-07;"Bretagne";"Autre";0,000284053
2021-08;"Bretagne";"Autre";0,000284053
2021-09;"Bretagne";"Autre";0,00027489
2021-10;"Bretagne";"Autre";0,000284031
2021-11;"Bretagne";"Autre";0,00027489
2021-12;"Bretagne";"Autre";0,000284053
2022-01;"Bretagne";"Autre";0,000286732734
2022-02;"Bretagne";"Autre";0,000270935476
2022-03;"Bretagne";"Autre";0,000310392535
2022-04;"Bretagne";"Autre";0,000303621133
2022-05;"Bretagne";"Autre";0,000304078417
2022-06;"Bretagne";"Autre";0,00029507488
2022-07;"Bretagne";"Autre";0,00029433718
2022-08;"Bretagne";"Autre";0,000292297464
2022-09;"Bretagne";"Autre";0,00027489
2022-10;"Bretagne";"Autre";0,000274889989
2022-11;"Bretagne";"Autre";0,00027491535
2022-12;"Bretagne";"Autre";0,000274916184
2023-01;"Bretagne";"Autre";0,00027491618400001
2023-02;"Bretagne";"Autre";0,00027491366
2023-03;"Bretagne";"Autre";0,000274916184
2023-04;"Bretagne";"Autre";0,00027491535
2023-05;"Bretagne";"Autre";0,000274916184
2023-06;"Bretagne";"Autre";0,00027491535
2023-07;"Bretagne";"Autre";0,000274916184
2023-08;"Bretagne";"Autre";0,000275568993
2023-09;"Bretagne";"Autre";0,00027612034
2023-10;"Bretagne";"Autre";0,000275001333
2023-11;"Bretagne";"Autre";0,00027491535
2023-12;"Bretagne";"Autre";0,000283681617
2024-01;"Bretagne";"Autre";0,000292677429
2024-02;"Bretagne";"Autre";0,000290462144
2024-03;"Bretagne";"Autre";0,00031602555799999
2024-04;"Bretagne";"Autre";0,000330551097
2024-05;"Bretagne";"Autre";0,000339019454
2024-06;"Bretagne";"Autre";0,000347424475
2024-07;"Bretagne";"Autre";0,000340416871
2024-08;"Bretagne";"Autre";0,00032602374
2024-09;"Bretagne";"Autre";0,00031983292
2024-10;"Bretagne";"Autre";0,00030518643
2024-11;"Bretagne";"Autre";0,000290326989
2024-12;"Bretagne";"Autre";0,000285614002
2025-01;"Bretagne";"Autre";0,000291473012
2025-02;"Bretagne";"Autre";0,000298909911
2025-03;"Bretagne";"Autre";0,000323121155
2025-04;"Bretagne";"Autre";0,000341017705
2025-05;"Bretagne";"Autre";0,000358317542
2025-06;"Bretagne";"Autre";0,000359407034
2025-07;"Bretagne";"Autre";0,00027708097600001
2025-08;"Bretagne";"Autre";0,000276628965
2025-09;"Bretagne";"Autre";0,00027689566
2025-10;"Bretagne";"Autre";0,000276904989
2025-11;"Bretagne";"Autre";0,00027690498
2014-01;"Bretagne";"Production décarbonée";0,2752278846
2014-02;"Bretagne";"Production décarbonée";0,2873989781
2014-03;"Bretagne";"Production décarbonée";0,1963118413
2014-04;"Bretagne";"Production décarbonée";0,1739959904
2014-05;"Bretagne";"Production décarbonée";0,1891318848
2014-06;"Bretagne";"Production décarbonée";0,1581870068
2014-07;"Bretagne";"Production décarbonée";0,1514306775
2014-08;"Bretagne";"Production décarbonée";0,1598887017
2014-09;"Bretagne";"Production décarbonée";0,1263380867
2014-10;"Bretagne";"Production décarbonée";0,1905189806
2014-11;"Bretagne";"Production décarbonée";0,1995644328
2014-12;"Bretagne";"Production décarbonée";0,2249669971
2015-01;"Bretagne";"Production décarbonée";0,2628322091
2015-02;"Bretagne";"Production décarbonée";0,2380967232
2015-03;"Bretagne";"Production décarbonée";0,2479664979
2015-04;"Bretagne";"Production décarbonée";0,1873460224
2015-05;"Bretagne";"Production décarbonée";0,196643523
2015-06;"Bretagne";"Production décarbonée";0,1844391661
2015-07;"Bretagne";"Production décarbonée";0,1715515723
2015-08;"Bretagne";"Production décarbonée";0,1693361066
2015-09;"Bretagne";"Production décarbonée";0,1774452989
2015-10;"Bretagne";"Production décarbonée";0,1841604047
2015-11;"Bretagne";"Production décarbonée";0,2631193024
2015-12;"Bretagne";"Production décarbonée";0,3171695417
2016-01;"Bretagne";"Production décarbonée";0,3024674727
2016-02;"Bretagne";"Production décarbonée";0,2788702179
2016-03;"Bretagne";"Production décarbonée";0,2763551341
2016-04;"Bretagne";"Production décarbonée";0,2008584346
2016-05;"Bretagne";"Production décarbonée";0,1749101082
2016-06;"Bretagne";"Production décarbonée";0,1418077802
2016-07;"Bretagne";"Production décarbonée";0,1574567941
2016-08;"Bretagne";"Production décarbonée";0,180538091
2016-09;"Bretagne";"Production décarbonée";0,1559970448
2016-10;"Bretagne";"Production décarbonée";0,1807083231
2016-11;"Bretagne";"Production décarbonée";0,2341140921
2016-12;"Bretagne";"Production décarbonée";0,1770197666
2017-01;"Bretagne";"Production décarbonée";0,1996355857
2017-02;"Bretagne";"Production décarbonée";0,2519349723
2017-03;"Bretagne";"Production décarbonée";0,2610901961
2017-04;"Bretagne";"Production décarbonée";0,1816702189
2017-05;"Bretagne";"Production décarbonée";0,2063712206
2017-06;"Bretagne";"Production décarbonée";0,1792956373
2017-07;"Bretagne";"Production décarbonée";0,2016765678
2017-08;"Bretagne";"Production décarbonée";0,180302078
2017-09;"Bretagne";"Production décarbonée";0,2033363294
2017-10;"Bretagne";"Production décarbonée";0,191022409
2017-11;"Bretagne";"Production décarbonée";0,2103100432
2017-12;"Bretagne";"Production décarbonée";0,2986521593
2018-01;"Bretagne";"Production décarbonée";0,3591436757
2018-02;"Bretagne";"Production décarbonée";0,2671334642
2018-03;"Bretagne";"Production décarbonée";0,2944646434
2018-04;"Bretagne";"Production décarbonée";0,2288906644
2018-05;"Bretagne";"Production décarbonée";0,2004727976
2018-06;"Bretagne";"Production décarbonée";0,1775490335
2018-07;"Bretagne";"Production décarbonée";0,181480574
2018-08;"Bretagne";"Production décarbonée";0,1625257322
2018-09;"Bretagne";"Production décarbonée";0,2151008861
2018-10;"Bretagne";"Production décarbonée";0,2342543774
2018-11;"Bretagne";"Production décarbonée";0,2690391721
2018-12;"Bretagne";"Production décarbonée";0,2908638383
2019-01;"Bretagne";"Production décarbonée";0,2070447912
2019-02;"Bretagne";"Production décarbonée";0,2461530462
2019-03;"Bretagne";"Production décarbonée";0,3458328307
2019-04;"Bretagne";"Production décarbonée";0,2315225309
2019-05;"Bretagne";"Production décarbonée";0,2100273652
2019-06;"Bretagne";"Production décarbonée";0,1958752253
2019-07;"Bretagne";"Production décarbonée";0,2131588409
2019-08;"Bretagne";"Production décarbonée";0,2166924711
2019-09;"Bretagne";"Production décarbonée";0,2668599903
2019-10;"Bretagne";"Production décarbonée";0,2759020268
2019-11;"Bretagne";"Production décarbonée";0,2981600712
2019-12;"Bretagne";"Production décarbonée";0,3681227536
2020-01;"Bretagne";"Production décarbonée";0,3480136221
2020-02;"Bretagne";"Production décarbonée";0,4358048086
2020-03;"Bretagne";"Production décarbonée";0,3626793957
2020-04;"Bretagne";"Production décarbonée";0,2288710433
2020-05;"Bretagne";"Production décarbonée";0,2621826154
2020-06;"Bretagne";"Production décarbonée";0,2032343726
2020-07;"Bretagne";"Production décarbonée";0,2185816885
2020-08;"Bretagne";"Production décarbonée";0,2248383799
2020-09;"Bretagne";"Production décarbonée";0,2009360187
2020-10;"Bretagne";"Production décarbonée";0,3170343284
2020-11;"Bretagne";"Production décarbonée";0,2797703809
2020-12;"Bretagne";"Production décarbonée";0,3596844722
2021-01;"Bretagne";"Production décarbonée";0,2911539608
2021-02;"Bretagne";"Production décarbonée";0,30900842
2021-03;"Bretagne";"Production décarbonée";0,2998077225
2021-04;"Bretagne";"Production décarbonée";0,2678211526
2021-05;"Bretagne";"Production décarbonée";0,3275589921
2021-06;"Bretagne";"Production décarbonée";0,1636494823
2021-07;"Bretagne";"Production décarbonée";0,2295750027
2021-08;"Bretagne";"Production décarbonée";0,2260293914
2021-09;"Bretagne";"Production décarbonée";0,20511006
2021-10;"Bretagne";"Production décarbonée";0,2718653785
2021-11;"Bretagne";"Production décarbonée";0,2332275183
2021-12;"Bretagne";"Production décarbonée";0,3444769026
2022-01;"Bretagne";"Production décarbonée";0,233916516995
2022-02;"Bretagne";"Production décarbonée";0,325652020577
2022-03;"Bretagne";"Production décarbonée";0,3091146804425
2022-04;"Bretagne";"Production décarbonée";0,2812463551695
2022-05;"Bretagne";"Production décarbonée";0,227747731602
2022-06;"Bretagne";"Production décarbonée";0,24131952308
2022-07;"Bretagne";"Production décarbonée";0,2325899812455
2022-08;"Bretagne";"Production décarbonée";0,2471333775079
2022-09;"Bretagne";"Production décarbonée";0,2529435028174
2022-10;"Bretagne";"Production décarbonée";0,298516223063
2022-11;"Bretagne";"Production décarbonée";0,3974745720118
2022-12;"Bretagne";"Production décarbonée";0,3494348674495
2023-01;"Bretagne";"Production décarbonée";0,410004735431
2023-02;"Bretagne";"Production décarbonée";0,2506614999323
2023-03;"Bretagne";"Production décarbonée";0,4673677779589
2023-04;"Bretagne";"Production décarbonée";0,3156997320685
2023-05;"Bretagne";"Production décarbonée";0,3651517102603
2023-06;"Bretagne";"Production décarbonée";0,2409749548678
2023-07;"Bretagne";"Production décarbonée";0,3135678560326
2023-08;"Bretagne";"Production décarbonée";0,2845930277235
2023-09;"Bretagne";"Production décarbonée";0,2543951367368
2023-10;"Bretagne";"Production décarbonée";0,3443068706542
2023-11;"Bretagne";"Production décarbonée";0,3830545532425
2023-12;"Bretagne";"Production décarbonée";0,4894335597168
2024-01;"Bretagne";"Production décarbonée";0,4307537653098
2024-02;"Bretagne";"Production décarbonée";0,4484978992688
2024-03;"Bretagne";"Production décarbonée";0,4267644958008
2024-04;"Bretagne";"Production décarbonée";0,4779948135178
2024-05;"Bretagne";"Production décarbonée";0,3966156342362
2024-06;"Bretagne";"Production décarbonée";0,3570073703109
2024-07;"Bretagne";"Production décarbonée";0,3443239857191
2024-08;"Bretagne";"Production décarbonée";0,3667992197488
2024-09;"Bretagne";"Production décarbonée";0,4500678996753
2024-10;"Bretagne";"Production décarbonée";0,3734884139746
2024-11;"Bretagne";"Production décarbonée";0,4185407159509
2024-12;"Bretagne";"Production décarbonée";0,5529665436133
2025-01;"Bretagne";"Production décarbonée";0,5290607249379
2025-02;"Bretagne";"Production décarbonée";0,440304634882
2025-03;"Bretagne";"Production décarbonée";0,4905012634538
2025-04;"Bretagne";"Production décarbonée";0,4868229986727
2025-05;"Bretagne";"Production décarbonée";0,4674863202065
2025-06;"Bretagne";"Production décarbonée";0,3781186482473
2025-07;"Bretagne";"Production décarbonée";0,4658493804342
2025-08;"Bretagne";"Production décarbonée";0,4439655167225
2025-09;"Bretagne";"Production décarbonée";0,5179439638955
2025-10;"Bretagne";"Production décarbonée";0,6149517863728
2025-11;"Bretagne";"Production décarbonée";0,5923570012838
2014-01;"Nouvelle-Aquitaine";"Thermique renouvelable et déchets";0,077017146185
2014-02;"Nouvelle-Aquitaine";"Thermique renouvelable et déchets";0,072596558625
2014-03;"Nouvelle-Aquitaine";"Thermique renouvelable et déchets";0,061671449191
2014-04;"Nouvelle-Aquitaine";"Thermique renouvelable et déchets";0,066819046628
2014-05;"Nouvelle-Aquitaine";"Thermique renouvelable et déchets";0,085100609211
2014-06;"Nouvelle-Aquitaine";"Thermique renouvelable et déchets";0,082693617619
2014-07;"Nouvelle-Aquitaine";"Thermique renouvelable et déchets";0,07533129054
2014-08;"Nouvelle-Aquitaine";"Thermique renouvelable et déchets";0,074901876423
2014-09;"Nouvelle-Aquitaine";"Thermique renouvelable et déchets";0,080757570079
2014-10;"Nouvelle-Aquitaine";"Thermique renouvelable et déchets";0,087695449165
2014-11;"Nouvelle-Aquitaine";"Thermique renouvelable et déchets";0,088523322221
2014-12;"Nouvelle-Aquitaine";"Thermique renouvelable et déchets";0,090181019706
2015-01;"Nouvelle-Aquitaine";"Thermique renouvelable et déchets";0,100806546995
2015-02;"Nouvelle-Aquitaine";"Thermique renouvelable et déchets";0,094801697924
2015-03;"Nouvelle-Aquitaine";"Thermique renouvelable et déchets";0,102785318811
2015-04;"Nouvelle-Aquitaine";"Thermique renouvelable et déchets";0,079693345739
2015-05;"Nouvelle-Aquitaine";"Thermique renouvelable et déchets";0,102965323145
2015-06;"Nouvelle-Aquitaine";"Thermique renouvelable et déchets";0,103543614992
2015-07;"Nouvelle-Aquitaine";"Thermique renouvelable et déchets";0,106584303343
2015-08;"Nouvelle-Aquitaine";"Thermique renouvelable et déchets";0,096139269501
2015-09;"Nouvelle-Aquitaine";"Thermique renouvelable et déchets";0,101590352884
2015-10;"Nouvelle-Aquitaine";"Thermique renouvelable et déchets";0,084637644569
2015-11;"Nouvelle-Aquitaine";"Thermique renouvelable et déchets";0,104342621295
2015-12;"Nouvelle-Aquitaine";"Thermique renouvelable et déchets";0,114938643268
2016-01;"Nouvelle-Aquitaine";"Thermique renouvelable et déchets";0,112886101001
2016-02;"Nouvelle-Aquitaine";"Thermique renouvelable et déchets";0,093781177163
2016-03;"Nouvelle-Aquitaine";"Thermique renouvelable et déchets";0,116961471496
2016-04;"Nouvelle-Aquitaine";"Thermique renouvelable et déchets";0,1078812465
2016-05;"Nouvelle-Aquitaine";"Thermique renouvelable et déchets";0,110564353002
2016-06;"Nouvelle-Aquitaine";"Thermique renouvelable et déchets";0,109178923997
2016-07;"Nouvelle-Aquitaine";"Thermique renouvelable et déchets";0,108147147002
2016-08;"Nouvelle-Aquitaine";"Thermique renouvelable et déchets";0,103763969499
2016-09;"Nouvelle-Aquitaine";"Thermique renouvelable et déchets";0,092698308164
2016-10;"Nouvelle-Aquitaine";"Thermique renouvelable et déchets";0,066344084498
2016-11;"Nouvelle-Aquitaine";"Thermique renouvelable et déchets";0,114430804998
2016-12;"Nouvelle-Aquitaine";"Thermique renouvelable et déchets";0,113679600834
2017-01;"Nouvelle-Aquitaine";"Thermique renouvelable et déchets";0,1254160865
2017-02;"Nouvelle-Aquitaine";"Thermique renouvelable et déchets";0,110226380502
2017-03;"Nouvelle-Aquitaine";"Thermique renouvelable et déchets";0,120238797334
2017-04;"Nouvelle-Aquitaine";"Thermique renouvelable et déchets";0,118076151668
2017-05;"Nouvelle-Aquitaine";"Thermique renouvelable et déchets";0,120536914831
2017-06;"Nouvelle-Aquitaine";"Thermique renouvelable et déchets";0,121312860666
2017-07;"Nouvelle-Aquitaine";"Thermique renouvelable et déchets";0,11619662
2017-08;"Nouvelle-Aquitaine";"Thermique renouvelable et déchets";0,121617788666
2017-09;"Nouvelle-Aquitaine";"Thermique renouvelable et déchets";0,11690619367
2017-10;"Nouvelle-Aquitaine";"Thermique renouvelable et déchets";0,119664680498
2017-11;"Nouvelle-Aquitaine";"Thermique renouvelable et déchets";0,113633821837
2017-12;"Nouvelle-Aquitaine";"Thermique renouvelable et déchets";0,109603425668
2018-01;"Nouvelle-Aquitaine";"Thermique renouvelable et déchets";0,108373135831
2018-02;"Nouvelle-Aquitaine";"Thermique renouvelable et déchets";0,093406882337
2018-03;"Nouvelle-Aquitaine";"Thermique renouvelable et déchets";0,083156064666
2018-04;"Nouvelle-Aquitaine";"Thermique renouvelable et déchets";0,096432668168
2018-05;"Nouvelle-Aquitaine";"Thermique renouvelable et déchets";0,121255064833
2018-06;"Nouvelle-Aquitaine";"Thermique renouvelable et déchets";0,117530702831
2018-07;"Nouvelle-Aquitaine";"Thermique renouvelable et déchets";0,120977694337
2018-08;"Nouvelle-Aquitaine";"Thermique renouvelable et déchets";0,124176704333
2018-09;"Nouvelle-Aquitaine";"Thermique renouvelable et déchets";0,117213855164
2018-10;"Nouvelle-Aquitaine";"Thermique renouvelable et déchets";0,118174143667
2018-11;"Nouvelle-Aquitaine";"Thermique renouvelable et déchets";0,119657788502
2018-12;"Nouvelle-Aquitaine";"Thermique renouvelable et déchets";0,127304785332
2019-01;"Nouvelle-Aquitaine";"Thermique renouvelable et déchets";0,124345977164
2019-02;"Nouvelle-Aquitaine";"Thermique renouvelable et déchets";0,111228975667
2019-03;"Nouvelle-Aquitaine";"Thermique renouvelable et déchets";0,126497926004
2019-04;"Nouvelle-Aquitaine";"Thermique renouvelable et déchets";0,119146510504
2019-05;"Nouvelle-Aquitaine";"Thermique renouvelable et déchets";0,123694886335
2019-06;"Nouvelle-Aquitaine";"Thermique renouvelable et déchets";0,102743705834
2019-07;"Nouvelle-Aquitaine";"Thermique renouvelable et déchets";0,109305163167
2019-08;"Nouvelle-Aquitaine";"Thermique renouvelable et déchets";0,118655263332
2019-09;"Nouvelle-Aquitaine";"Thermique renouvelable et déchets";0,123352972332
2019-10;"Nouvelle-Aquitaine";"Thermique renouvelable et déchets";0,114229683335
2019-11;"Nouvelle-Aquitaine";"Thermique renouvelable et déchets";0,122752688831
2019-12;"Nouvelle-Aquitaine";"Thermique renouvelable et déchets";0,124837968333
2020-01;"Nouvelle-Aquitaine";"Thermique renouvelable et déchets";0,114384640497
2020-02;"Nouvelle-Aquitaine";"Thermique renouvelable et déchets";0,127333696673
2020-03;"Nouvelle-Aquitaine";"Thermique renouvelable et déchets";0,131463720331
2020-04;"Nouvelle-Aquitaine";"Thermique renouvelable et déchets";0,130607551498
2020-05;"Nouvelle-Aquitaine";"Thermique renouvelable et déchets";0,129886950329
2020-06;"Nouvelle-Aquitaine";"Thermique renouvelable et déchets";0,129340454998
2020-07;"Nouvelle-Aquitaine";"Thermique renouvelable et déchets";0,127073476007
2020-08;"Nouvelle-Aquitaine";"Thermique renouvelable et déchets";0,122884181997
2020-09;"Nouvelle-Aquitaine";"Thermique renouvelable et déchets";0,106732447342
2020-10;"Nouvelle-Aquitaine";"Thermique renouvelable et déchets";0,109749256
2020-11;"Nouvelle-Aquitaine";"Thermique renouvelable et déchets";0,106157430671
2020-12;"Nouvelle-Aquitaine";"Thermique renouvelable et déchets";0,121256037497
2021-01;"Nouvelle-Aquitaine";"Thermique renouvelable et déchets";0,12366295083
2021-02;"Nouvelle-Aquitaine";"Thermique renouvelable et déchets";0,1062757645
2021-03;"Nouvelle-Aquitaine";"Thermique renouvelable et déchets";0,101954327165
2021-04;"Nouvelle-Aquitaine";"Thermique renouvelable et déchets";0,109449005827
2021-05;"Nouvelle-Aquitaine";"Thermique renouvelable et déchets";0,127606078502
2021-06;"Nouvelle-Aquitaine";"Thermique renouvelable et déchets";0,116056539842
2021-07;"Nouvelle-Aquitaine";"Thermique renouvelable et déchets";0,127071997334
2021-08;"Nouvelle-Aquitaine";"Thermique renouvelable et déchets";0,125101542832
2021-09;"Nouvelle-Aquitaine";"Thermique renouvelable et déchets";0,117912669996
2021-10;"Nouvelle-Aquitaine";"Thermique renouvelable et déchets";0,109215098335
2021-11;"Nouvelle-Aquitaine";"Thermique renouvelable et déchets";0,118884631998
2021-12;"Nouvelle-Aquitaine";"Thermique renouvelable et déchets";0,124646658
2022-01;"Nouvelle-Aquitaine";"Thermique renouvelable et déchets";0,12314088095
2022-02;"Nouvelle-Aquitaine";"Thermique renouvelable et déchets";0,117712344326
2022-03;"Nouvelle-Aquitaine";"Thermique renouvelable et déchets";0,1208332657325
2022-04;"Nouvelle-Aquitaine";"Thermique renouvelable et déchets";0,1139263533375
2022-05;"Nouvelle-Aquitaine";"Thermique renouvelable et déchets";0,1205454410615
2022-06;"Nouvelle-Aquitaine";"Thermique renouvelable et déchets";0,1168184208855
2022-07;"Nouvelle-Aquitaine";"Thermique renouvelable et déchets";0,1138959704555
2022-08;"Nouvelle-Aquitaine";"Thermique renouvelable et déchets";0,11735795139
2022-09;"Nouvelle-Aquitaine";"Thermique renouvelable et déchets";0,1151837665395
2022-10;"Nouvelle-Aquitaine";"Thermique renouvelable et déchets";0,122033452818
2022-11;"Nouvelle-Aquitaine";"Thermique renouvelable et déchets";0,1100611642495
2022-12;"Nouvelle-Aquitaine";"Thermique renouvelable et déchets";0,1196429062645
2023-01;"Nouvelle-Aquitaine";"Thermique renouvelable et déchets";0,117141213714
2023-02;"Nouvelle-Aquitaine";"Thermique renouvelable et déchets";0,0979155040685
2023-03;"Nouvelle-Aquitaine";"Thermique renouvelable et déchets";0,1120028672805
2023-04;"Nouvelle-Aquitaine";"Thermique renouvelable et déchets";0,1124643191585
2023-05;"Nouvelle-Aquitaine";"Thermique renouvelable et déchets";0,129849420641
2023-06;"Nouvelle-Aquitaine";"Thermique renouvelable et déchets";0,119481467388
2023-07;"Nouvelle-Aquitaine";"Thermique renouvelable et déchets";0,126821329698
2023-08;"Nouvelle-Aquitaine";"Thermique renouvelable et déchets";0,1255363691355
2023-09;"Nouvelle-Aquitaine";"Thermique renouvelable et déchets";0,1160526898635
2023-10;"Nouvelle-Aquitaine";"Thermique renouvelable et déchets";0,118471957074
2023-11;"Nouvelle-Aquitaine";"Thermique renouvelable et déchets";0,117006405003
2023-12;"Nouvelle-Aquitaine";"Thermique renouvelable et déchets";0,11535042628
2024-01;"Nouvelle-Aquitaine";"Thermique renouvelable et déchets";0,1070962918725
2024-02;"Nouvelle-Aquitaine";"Thermique renouvelable et déchets";0,12248501531
2024-03;"Nouvelle-Aquitaine";"Thermique renouvelable et déchets";0,127018978134
2024-04;"Nouvelle-Aquitaine";"Thermique renouvelable et déchets";0,1240864425405
2024-05;"Nouvelle-Aquitaine";"Thermique renouvelable et déchets";0,123462783759
2024-06;"Nouvelle-Aquitaine";"Thermique renouvelable et déchets";0,120479695345
2024-07;"Nouvelle-Aquitaine";"Thermique renouvelable et déchets";0,126666168011
2024-08;"Nouvelle-Aquitaine";"Thermique renouvelable et déchets";0,1233309713835
2024-09;"Nouvelle-Aquitaine";"Thermique renouvelable et déchets";0,107953753882
2024-10;"Nouvelle-Aquitaine";"Thermique renouvelable et déchets";0,094737751288
2024-11;"Nouvelle-Aquitaine";"Thermique renouvelable et déchets";0,123907838051
2024-12;"Nouvelle-Aquitaine";"Thermique renouvelable et déchets";0,128753260429
2025-01;"Nouvelle-Aquitaine";"Thermique renouvelable et déchets";0,104101072299
2025-02;"Nouvelle-Aquitaine";"Thermique renouvelable et déchets";0,092988345815
2025-03;"Nouvelle-Aquitaine";"Thermique renouvelable et déchets";0,106251502092
2025-04;"Nouvelle-Aquitaine";"Thermique renouvelable et déchets";0,109299487088
2025-05;"Nouvelle-Aquitaine";"Thermique renouvelable et déchets";0,125624670335
2025-06;"Nouvelle-Aquitaine";"Thermique renouvelable et déchets";0,114850303258
2025-07;"Nouvelle-Aquitaine";"Thermique renouvelable et déchets";0,131004229601
2025-08;"Nouvelle-Aquitaine";"Thermique renouvelable et déchets";0,117967715228
2025-09;"Nouvelle-Aquitaine";"Thermique renouvelable et déchets";0,1009705921825
2025-10;"Nouvelle-Aquitaine";"Thermique renouvelable et déchets";0,1178624003815
2025-11;"Nouvelle-Aquitaine";"Thermique renouvelable et déchets";0,121726494972
2014-01;"Nouvelle-Aquitaine";"Éolien";0,098886413
2014-02;"Nouvelle-Aquitaine";"Éolien";0,128431926
2014-03;"Nouvelle-Aquitaine";"Éolien";0,057464837
2014-04;"Nouvelle-Aquitaine";"Éolien";0,058623248
2014-05;"Nouvelle-Aquitaine";"Éolien";0,071653329
2014-06;"Nouvelle-Aquitaine";"Éolien";0,052393583
2014-07;"Nouvelle-Aquitaine";"Éolien";0,038839928
2014-08;"Nouvelle-Aquitaine";"Éolien";0,037265088
2014-09;"Nouvelle-Aquitaine";"Éolien";0,049393109
2014-10;"Nouvelle-Aquitaine";"Éolien";0,06154463
2014-11;"Nouvelle-Aquitaine";"Éolien";0,089600878
2014-12;"Nouvelle-Aquitaine";"Éolien";0,076336911
2015-01;"Nouvelle-Aquitaine";"Éolien";0,09789344
2015-02;"Nouvelle-Aquitaine";"Éolien";0,098991539
2015-03;"Nouvelle-Aquitaine";"Éolien";0,091539438
2015-04;"Nouvelle-Aquitaine";"Éolien";0,068631004
2015-05;"Nouvelle-Aquitaine";"Éolien";0,067787067
2015-06;"Nouvelle-Aquitaine";"Éolien";0,046122582
2015-07;"Nouvelle-Aquitaine";"Éolien";0,053833116
2015-08;"Nouvelle-Aquitaine";"Éolien";0,046936429
2015-09;"Nouvelle-Aquitaine";"Éolien";0,077516437
2015-10;"Nouvelle-Aquitaine";"Éolien";0,074953825
2015-11;"Nouvelle-Aquitaine";"Éolien";0,088493025
2015-12;"Nouvelle-Aquitaine";"Éolien";0,111317738
2016-01;"Nouvelle-Aquitaine";"Éolien";0,128291676
2016-02;"Nouvelle-Aquitaine";"Éolien";0,125600734
2016-03;"Nouvelle-Aquitaine";"Éolien";0,123265238
2016-04;"Nouvelle-Aquitaine";"Éolien";0,060168097
2016-05;"Nouvelle-Aquitaine";"Éolien";0,067840716
2016-06;"Nouvelle-Aquitaine";"Éolien";0,046197787
2016-07;"Nouvelle-Aquitaine";"Éolien";0,04160722
2016-08;"Nouvelle-Aquitaine";"Éolien";0,040952418
2016-09;"Nouvelle-Aquitaine";"Éolien";0,034162386
2016-10;"Nouvelle-Aquitaine";"Éolien";0,064475904
2016-11;"Nouvelle-Aquitaine";"Éolien";0,113888386
2016-12;"Nouvelle-Aquitaine";"Éolien";0,077654551
2017-01;"Nouvelle-Aquitaine";"Éolien";0,12613038
2017-02;"Nouvelle-Aquitaine";"Éolien";0,136056299
2017-03;"Nouvelle-Aquitaine";"Éolien";0,11826249
2017-04;"Nouvelle-Aquitaine";"Éolien";0,112454949
2017-05;"Nouvelle-Aquitaine";"Éolien";0,098771736
2017-06;"Nouvelle-Aquitaine";"Éolien";0,078306657
2017-07;"Nouvelle-Aquitaine";"Éolien";0,075459491
2017-08;"Nouvelle-Aquitaine";"Éolien";0,056938676
2017-09;"Nouvelle-Aquitaine";"Éolien";0,072686879
2017-10;"Nouvelle-Aquitaine";"Éolien";0,077042909
2017-11;"Nouvelle-Aquitaine";"Éolien";0,106961383
2017-12;"Nouvelle-Aquitaine";"Éolien";0,169204358
2018-01;"Nouvelle-Aquitaine";"Éolien";0,226433041
2018-02;"Nouvelle-Aquitaine";"Éolien";0,176520825
2018-03;"Nouvelle-Aquitaine";"Éolien";0,221950726
2018-04;"Nouvelle-Aquitaine";"Éolien";0,118882526
2018-05;"Nouvelle-Aquitaine";"Éolien";0,086421191
2018-06;"Nouvelle-Aquitaine";"Éolien";0,109012454
2018-07;"Nouvelle-Aquitaine";"Éolien";0,067602663
2018-08;"Nouvelle-Aquitaine";"Éolien";0,085181693
2018-09;"Nouvelle-Aquitaine";"Éolien";0,101177882
2018-10;"Nouvelle-Aquitaine";"Éolien";0,154821412
2018-11;"Nouvelle-Aquitaine";"Éolien";0,166269683
2018-12;"Nouvelle-Aquitaine";"Éolien";0,220317007
2019-01;"Nouvelle-Aquitaine";"Éolien";0,201528698
2019-02;"Nouvelle-Aquitaine";"Éolien";0,172712587
2019-03;"Nouvelle-Aquitaine";"Éolien";0,251079983
2019-04;"Nouvelle-Aquitaine";"Éolien";0,130618889
2019-05;"Nouvelle-Aquitaine";"Éolien";0,123291446
2019-06;"Nouvelle-Aquitaine";"Éolien";0,108157056
2019-07;"Nouvelle-Aquitaine";"Éolien";0,093705837
2019-08;"Nouvelle-Aquitaine";"Éolien";0,087713622
2019-09;"Nouvelle-Aquitaine";"Éolien";0,138089709
2019-10;"Nouvelle-Aquitaine";"Éolien";0,164437692
2019-11;"Nouvelle-Aquitaine";"Éolien";0,19858715
2019-12;"Nouvelle-Aquitaine";"Éolien";0,261399649
2020-01;"Nouvelle-Aquitaine";"Éolien";0,28303336
2020-02;"Nouvelle-Aquitaine";"Éolien";0,309930018
2020-03;"Nouvelle-Aquitaine";"Éolien";0,238806294
2020-04;"Nouvelle-Aquitaine";"Éolien";0,1435975
2020-05;"Nouvelle-Aquitaine";"Éolien";0,202348075
2020-06;"Nouvelle-Aquitaine";"Éolien";0,128999311
2020-07;"Nouvelle-Aquitaine";"Éolien";0,109450706
2020-08;"Nouvelle-Aquitaine";"Éolien";0,108772004
2020-09;"Nouvelle-Aquitaine";"Éolien";0,117717953
2020-10;"Nouvelle-Aquitaine";"Éolien";0,245953378
2020-11;"Nouvelle-Aquitaine";"Éolien";0,19969846
2020-12;"Nouvelle-Aquitaine";"Éolien";0,322162232
2021-01;"Nouvelle-Aquitaine";"Éolien";0,307293938
2021-02;"Nouvelle-Aquitaine";"Éolien";0,289900293
2021-03;"Nouvelle-Aquitaine";"Éolien";0,241341881
2021-04;"Nouvelle-Aquitaine";"Éolien";0,237079198
2021-05;"Nouvelle-Aquitaine";"Éolien";0,284976289
2021-06;"Nouvelle-Aquitaine";"Éolien";0,081918211
2021-07;"Nouvelle-Aquitaine";"Éolien";0,187004919
2021-08;"Nouvelle-Aquitaine";"Éolien";0,174726359
2021-09;"Nouvelle-Aquitaine";"Éolien";0,120616817
2021-10;"Nouvelle-Aquitaine";"Éolien";0,254249683
2021-11;"Nouvelle-Aquitaine";"Éolien";0,202009612
2021-12;"Nouvelle-Aquitaine";"Éolien";0,379604383
2022-01;"Nouvelle-Aquitaine";"Éolien";0,217771955871
2022-02;"Nouvelle-Aquitaine";"Éolien";0,299725473029
2022-03;"Nouvelle-Aquitaine";"Éolien";0,278905733378
2022-04;"Nouvelle-Aquitaine";"Éolien";0,245623388673
2022-05;"Nouvelle-Aquitaine";"Éolien";0,161959655
2022-06;"Nouvelle-Aquitaine";"Éolien";0,139011104345
2022-07;"Nouvelle-Aquitaine";"Éolien";0,188711249662
2022-08;"Nouvelle-Aquitaine";"Éolien";0,170593599026
2022-09;"Nouvelle-Aquitaine";"Éolien";0,203298009904
2022-10;"Nouvelle-Aquitaine";"Éolien";0,292878220622
2022-11;"Nouvelle-Aquitaine";"Éolien";0,318071099607
2022-12;"Nouvelle-Aquitaine";"Éolien";0,400197828481
2023-01;"Nouvelle-Aquitaine";"Éolien";0,23097244127
2023-02;"Nouvelle-Aquitaine";"Éolien";0,282017983748
2023-03;"Nouvelle-Aquitaine";"Éolien";0,422280569361
2023-04;"Nouvelle-Aquitaine";"Éolien";0,322727716974
2023-05;"Nouvelle-Aquitaine";"Éolien";0,323095355047
2023-06;"Nouvelle-Aquitaine";"Éolien";0,134310620339
2023-07;"Nouvelle-Aquitaine";"Éolien";0,203452187995
2023-08;"Nouvelle-Aquitaine";"Éolien";0,192489056089
2023-09;"Nouvelle-Aquitaine";"Éolien";0,163442898751
2023-10;"Nouvelle-Aquitaine";"Éolien";0,384504802305
2023-11;"Nouvelle-Aquitaine";"Éolien";0,448525439106
2023-12;"Nouvelle-Aquitaine";"Éolien";0,44537868139
2024-01;"Nouvelle-Aquitaine";"Éolien";0,402161036587
2024-02;"Nouvelle-Aquitaine";"Éolien";0,392482621519
2024-03;"Nouvelle-Aquitaine";"Éolien";0,315276309115
2024-04;"Nouvelle-Aquitaine";"Éolien";0,296972016852
2024-05;"Nouvelle-Aquitaine";"Éolien";0,224225261159
2024-06;"Nouvelle-Aquitaine";"Éolien";0,171069928335
2024-07;"Nouvelle-Aquitaine";"Éolien";0,134237912249
2024-08;"Nouvelle-Aquitaine";"Éolien";0,133282432462
2024-09;"Nouvelle-Aquitaine";"Éolien";0,29042976541
2024-10;"Nouvelle-Aquitaine";"Éolien";0,272428465702
2024-11;"Nouvelle-Aquitaine";"Éolien";0,328101837081
2024-12;"Nouvelle-Aquitaine";"Éolien";0,367073251793
2025-01;"Nouvelle-Aquitaine";"Éolien";0,582262420925
2025-02;"Nouvelle-Aquitaine";"Éolien";0,296082093899
2025-03;"Nouvelle-Aquitaine";"Éolien";0,389055543349
2025-04;"Nouvelle-Aquitaine";"Éolien";0,34596267325
2025-05;"Nouvelle-Aquitaine";"Éolien";0,236475113921
2025-06;"Nouvelle-Aquitaine";"Éolien";0,183936094639
2025-07;"Nouvelle-Aquitaine";"Éolien";0,247640594893
2025-08;"Nouvelle-Aquitaine";"Éolien";0,192687738218
2025-09;"Nouvelle-Aquitaine";"Éolien";0,2603936664
2025-10;"Nouvelle-Aquitaine";"Éolien";0,466870789703
2025-11;"Nouvelle-Aquitaine";"Éolien";0,42356776332
2014-01;"Nouvelle-Aquitaine";"Solaire";0,030887087
2014-02;"Nouvelle-Aquitaine";"Solaire";0,048045516
2014-03;"Nouvelle-Aquitaine";"Solaire";0,093222866
2014-04;"Nouvelle-Aquitaine";"Solaire";0,107206902
2014-05;"Nouvelle-Aquitaine";"Solaire";0,122736687
2014-06;"Nouvelle-Aquitaine";"Solaire";0,144887819
2014-07;"Nouvelle-Aquitaine";"Solaire";0,132502925
2014-08;"Nouvelle-Aquitaine";"Solaire";0,135752226
2014-09;"Nouvelle-Aquitaine";"Solaire";0,142325687
2014-10;"Nouvelle-Aquitaine";"Solaire";0,112353434
2014-11;"Nouvelle-Aquitaine";"Solaire";0,057379491
2014-12;"Nouvelle-Aquitaine";"Solaire";0,04419322
2015-01;"Nouvelle-Aquitaine";"Solaire";0,054883397
2015-02;"Nouvelle-Aquitaine";"Solaire";0,087469848
2015-03;"Nouvelle-Aquitaine";"Solaire";0,114297091
2015-04;"Nouvelle-Aquitaine";"Solaire";0,186207858
2015-05;"Nouvelle-Aquitaine";"Solaire";0,194102118
2015-06;"Nouvelle-Aquitaine";"Solaire";0,235515682
2015-07;"Nouvelle-Aquitaine";"Solaire";0,227592937
2015-08;"Nouvelle-Aquitaine";"Solaire";0,206138572
2015-09;"Nouvelle-Aquitaine";"Solaire";0,177688696
2015-10;"Nouvelle-Aquitaine";"Solaire";0,141372921
2015-11;"Nouvelle-Aquitaine";"Solaire";0,096774554
2015-12;"Nouvelle-Aquitaine";"Solaire";0,094907432
2016-01;"Nouvelle-Aquitaine";"Solaire";0,075082737
2016-02;"Nouvelle-Aquitaine";"Solaire";0,116803463
2016-03;"Nouvelle-Aquitaine";"Solaire";0,19301496
2016-04;"Nouvelle-Aquitaine";"Solaire";0,215730839
2016-05;"Nouvelle-Aquitaine";"Solaire";0,251001412
2016-06;"Nouvelle-Aquitaine";"Solaire";0,237473637
2016-07;"Nouvelle-Aquitaine";"Solaire";0,287937314
2016-08;"Nouvelle-Aquitaine";"Solaire";0,290205689
2016-09;"Nouvelle-Aquitaine";"Solaire";0,225941106
2016-10;"Nouvelle-Aquitaine";"Solaire";0,205647912
2016-11;"Nouvelle-Aquitaine";"Solaire";0,10998093
2016-12;"Nouvelle-Aquitaine";"Solaire";0,103851038
2017-01;"Nouvelle-Aquitaine";"Solaire";0,104035124
2017-02;"Nouvelle-Aquitaine";"Solaire";0,119000618
2017-03;"Nouvelle-Aquitaine";"Solaire";0,17790754
2017-04;"Nouvelle-Aquitaine";"Solaire";0,292679403
2017-05;"Nouvelle-Aquitaine";"Solaire";0,293473374
2017-06;"Nouvelle-Aquitaine";"Solaire";0,292630492
2017-07;"Nouvelle-Aquitaine";"Solaire";0,267927091
2017-08;"Nouvelle-Aquitaine";"Solaire";0,28627715
2017-09;"Nouvelle-Aquitaine";"Solaire";0,218458369
2017-10;"Nouvelle-Aquitaine";"Solaire";0,19116204
2017-11;"Nouvelle-Aquitaine";"Solaire";0,133220574
2017-12;"Nouvelle-Aquitaine";"Solaire";0,075146396
2018-01;"Nouvelle-Aquitaine";"Solaire";0,069955162
2018-02;"Nouvelle-Aquitaine";"Solaire";0,145811292
2018-03;"Nouvelle-Aquitaine";"Solaire";0,223216173
2018-04;"Nouvelle-Aquitaine";"Solaire";0,276597132
2018-05;"Nouvelle-Aquitaine";"Solaire";0,329394849
2018-06;"Nouvelle-Aquitaine";"Solaire";0,364242025
2018-07;"Nouvelle-Aquitaine";"Solaire";0,401240385
2018-08;"Nouvelle-Aquitaine";"Solaire";0,391624286
2018-09;"Nouvelle-Aquitaine";"Solaire";0,337383746
2018-10;"Nouvelle-Aquitaine";"Solaire";0,222316008
2018-11;"Nouvelle-Aquitaine";"Solaire";0,139429985
2018-12;"Nouvelle-Aquitaine";"Solaire";0,06598447
2019-01;"Nouvelle-Aquitaine";"Solaire";0,096891256
2019-02;"Nouvelle-Aquitaine";"Solaire";0,216097095
2019-03;"Nouvelle-Aquitaine";"Solaire";0,308211347
2019-04;"Nouvelle-Aquitaine";"Solaire";0,311578455
2019-05;"Nouvelle-Aquitaine";"Solaire";0,377726581
2019-06;"Nouvelle-Aquitaine";"Solaire";0,39647792
2019-07;"Nouvelle-Aquitaine";"Solaire";0,435090225
2019-08;"Nouvelle-Aquitaine";"Solaire";0,401872255
2019-09;"Nouvelle-Aquitaine";"Solaire";0,332335177
2019-10;"Nouvelle-Aquitaine";"Solaire";0,204008077
2019-11;"Nouvelle-Aquitaine";"Solaire";0,10586472
2019-12;"Nouvelle-Aquitaine";"Solaire";0,100464779
2020-01;"Nouvelle-Aquitaine";"Solaire";0,126826054
2020-02;"Nouvelle-Aquitaine";"Solaire";0,19154457
2020-03;"Nouvelle-Aquitaine";"Solaire";0,268982441
2020-04;"Nouvelle-Aquitaine";"Solaire";0,326195981
2020-05;"Nouvelle-Aquitaine";"Solaire";0,428071926
2020-06;"Nouvelle-Aquitaine";"Solaire";0,410087753
2020-07;"Nouvelle-Aquitaine";"Solaire";0,475409689
2020-08;"Nouvelle-Aquitaine";"Solaire";0,410750541
2020-09;"Nouvelle-Aquitaine";"Solaire";0,344346053
2020-10;"Nouvelle-Aquitaine";"Solaire";0,207725266
2020-11;"Nouvelle-Aquitaine";"Solaire";0,195824179
2020-12;"Nouvelle-Aquitaine";"Solaire";0,091320747
2021-01;"Nouvelle-Aquitaine";"Solaire";0,121242131
2021-02;"Nouvelle-Aquitaine";"Solaire";0,16481427
2021-03;"Nouvelle-Aquitaine";"Solaire";0,336877171
2021-04;"Nouvelle-Aquitaine";"Solaire";0,447054135
2021-05;"Nouvelle-Aquitaine";"Solaire";0,424212108
2021-06;"Nouvelle-Aquitaine";"Solaire";0,435399595
2021-07;"Nouvelle-Aquitaine";"Solaire";0,432212854
2021-08;"Nouvelle-Aquitaine";"Solaire";0,441366449
2021-09;"Nouvelle-Aquitaine";"Solaire";0,362012841
2021-10;"Nouvelle-Aquitaine";"Solaire";0,317005655
2021-11;"Nouvelle-Aquitaine";"Solaire";0,167500026
2021-12;"Nouvelle-Aquitaine";"Solaire";0,142716137
2022-01;"Nouvelle-Aquitaine";"Solaire";0,208152239775
2022-02;"Nouvelle-Aquitaine";"Solaire";0,256091166525
2022-03;"Nouvelle-Aquitaine";"Solaire";0,349157242139
2022-04;"Nouvelle-Aquitaine";"Solaire";0,437675463012
2022-05;"Nouvelle-Aquitaine";"Solaire";0,605051487915
2022-06;"Nouvelle-Aquitaine";"Solaire";0,552923330369
2022-07;"Nouvelle-Aquitaine";"Solaire";0,685019970484
2022-08;"Nouvelle-Aquitaine";"Solaire";0,580813547838
2022-09;"Nouvelle-Aquitaine";"Solaire";0,480175568134
2022-10;"Nouvelle-Aquitaine";"Solaire";0,308402388903
2022-11;"Nouvelle-Aquitaine";"Solaire";0,208546595854
2022-12;"Nouvelle-Aquitaine";"Solaire";0,138058609027
2023-01;"Nouvelle-Aquitaine";"Solaire";0,151766195959
2023-02;"Nouvelle-Aquitaine";"Solaire";0,356140349394
2023-03;"Nouvelle-Aquitaine";"Solaire";0,404791573531
2023-04;"Nouvelle-Aquitaine";"Solaire";0,576955237393
2023-05;"Nouvelle-Aquitaine";"Solaire";0,678130301134
2023-06;"Nouvelle-Aquitaine";"Solaire";0,653421615135
2023-07;"Nouvelle-Aquitaine";"Solaire";0,670551871529
2023-08;"Nouvelle-Aquitaine";"Solaire";0,65772400062
2023-09;"Nouvelle-Aquitaine";"Solaire";0,572805887576
2023-10;"Nouvelle-Aquitaine";"Solaire";0,419248876169
2023-11;"Nouvelle-Aquitaine";"Solaire";0,22150610731
2023-12;"Nouvelle-Aquitaine";"Solaire";0,167020571075
2024-01;"Nouvelle-Aquitaine";"Solaire";0,201501278746
2024-02;"Nouvelle-Aquitaine";"Solaire";0,242929874178
2024-03;"Nouvelle-Aquitaine";"Solaire";0,473780569306
2024-04;"Nouvelle-Aquitaine";"Solaire";0,596652719523
2024-05;"Nouvelle-Aquitaine";"Solaire";0,62250677009
2024-06;"Nouvelle-Aquitaine";"Solaire";0,658795569688
2024-07;"Nouvelle-Aquitaine";"Solaire";0,774164647297
2024-08;"Nouvelle-Aquitaine";"Solaire";0,744537624594
2024-09;"Nouvelle-Aquitaine";"Solaire";0,539400740329
2024-10;"Nouvelle-Aquitaine";"Solaire";0,3986795256
2024-11;"Nouvelle-Aquitaine";"Solaire";0,325331334578
2024-12;"Nouvelle-Aquitaine";"Solaire";0,21882848308
2025-01;"Nouvelle-Aquitaine";"Solaire";0,234127395565
2025-02;"Nouvelle-Aquitaine";"Solaire";0,395066963777
2025-03;"Nouvelle-Aquitaine";"Solaire";0,606691548276
2025-04;"Nouvelle-Aquitaine";"Solaire";0,664868044658
2025-05;"Nouvelle-Aquitaine";"Solaire";0,808751848526
2025-06;"Nouvelle-Aquitaine";"Solaire";0,849578035334
2025-07;"Nouvelle-Aquitaine";"Solaire";0,950895420457
2025-08;"Nouvelle-Aquitaine";"Solaire";0,833647435607
2025-09;"Nouvelle-Aquitaine";"Solaire";0,62893509917
2025-10;"Nouvelle-Aquitaine";"Solaire";0,569922402432
2025-11;"Nouvelle-Aquitaine";"Solaire";0,339321250481
2014-01;"Nouvelle-Aquitaine";"Nucléaire";3,871550238
2014-02;"Nouvelle-Aquitaine";"Nucléaire";3,811150208
2014-03;"Nouvelle-Aquitaine";"Nucléaire";4,284627433
2014-04;"Nouvelle-Aquitaine";"Nucléaire";4,008083606
2014-05;"Nouvelle-Aquitaine";"Nucléaire";3,521830283
2014-06;"Nouvelle-Aquitaine";"Nucléaire";3,980262222
2014-07;"Nouvelle-Aquitaine";"Nucléaire";3,446420812
2014-08;"Nouvelle-Aquitaine";"Nucléaire";2,234569402
2014-09;"Nouvelle-Aquitaine";"Nucléaire";2,802271571
2014-10;"Nouvelle-Aquitaine";"Nucléaire";2,852575298
2014-11;"Nouvelle-Aquitaine";"Nucléaire";3,532173375
2014-12;"Nouvelle-Aquitaine";"Nucléaire";4,192699853
2015-01;"Nouvelle-Aquitaine";"Nucléaire";4,103084128
2015-02;"Nouvelle-Aquitaine";"Nucléaire";3,35127665
2015-03;"Nouvelle-Aquitaine";"Nucléaire";3,477469593
2015-04;"Nouvelle-Aquitaine";"Nucléaire";3,195818697
2015-05;"Nouvelle-Aquitaine";"Nucléaire";2,081360324
2015-06;"Nouvelle-Aquitaine";"Nucléaire";2,023849862
2015-07;"Nouvelle-Aquitaine";"Nucléaire";2,414253401
2015-08;"Nouvelle-Aquitaine";"Nucléaire";2,967486794
2015-09;"Nouvelle-Aquitaine";"Nucléaire";3,519207266
2015-10;"Nouvelle-Aquitaine";"Nucléaire";4,320128167
2015-11;"Nouvelle-Aquitaine";"Nucléaire";4,487220549
2015-12;"Nouvelle-Aquitaine";"Nucléaire";4,449781191
2016-01;"Nouvelle-Aquitaine";"Nucléaire";4,696541512
2016-02;"Nouvelle-Aquitaine";"Nucléaire";3,709043805
2016-03;"Nouvelle-Aquitaine";"Nucléaire";3,667576394
2016-04;"Nouvelle-Aquitaine";"Nucléaire";2,972285569
2016-05;"Nouvelle-Aquitaine";"Nucléaire";3,204069855
2016-06;"Nouvelle-Aquitaine";"Nucléaire";3,27696447
2016-07;"Nouvelle-Aquitaine";"Nucléaire";3,41111358
2016-08;"Nouvelle-Aquitaine";"Nucléaire";3,303104737
2016-09;"Nouvelle-Aquitaine";"Nucléaire";2,737374097
2016-10;"Nouvelle-Aquitaine";"Nucléaire";3,709146803
2016-11;"Nouvelle-Aquitaine";"Nucléaire";3,644878033
2016-12;"Nouvelle-Aquitaine";"Nucléaire";3,86754874
2017-01;"Nouvelle-Aquitaine";"Nucléaire";3,891253663
2017-02;"Nouvelle-Aquitaine";"Nucléaire";3,092472356
2017-03;"Nouvelle-Aquitaine";"Nucléaire";4,139419503
2017-04;"Nouvelle-Aquitaine";"Nucléaire";4,023985491
2017-05;"Nouvelle-Aquitaine";"Nucléaire";3,783981696
2017-06;"Nouvelle-Aquitaine";"Nucléaire";2,571033729
2017-07;"Nouvelle-Aquitaine";"Nucléaire";2,952821993
2017-08;"Nouvelle-Aquitaine";"Nucléaire";2,906906205
2017-09;"Nouvelle-Aquitaine";"Nucléaire";3,532095975
2017-10;"Nouvelle-Aquitaine";"Nucléaire";4,642607428
2017-11;"Nouvelle-Aquitaine";"Nucléaire";4,756940326
2017-12;"Nouvelle-Aquitaine";"Nucléaire";4,849726869
2018-01;"Nouvelle-Aquitaine";"Nucléaire";4,761036218
2018-02;"Nouvelle-Aquitaine";"Nucléaire";4,33851024
2018-03;"Nouvelle-Aquitaine";"Nucléaire";3,85816282
2018-04;"Nouvelle-Aquitaine";"Nucléaire";3,028470755
2018-05;"Nouvelle-Aquitaine";"Nucléaire";3,090581
2018-06;"Nouvelle-Aquitaine";"Nucléaire";2,866574217
2018-07;"Nouvelle-Aquitaine";"Nucléaire";3,740748962
2018-08;"Nouvelle-Aquitaine";"Nucléaire";3,637622752
2018-09;"Nouvelle-Aquitaine";"Nucléaire";3,751318628
2018-10;"Nouvelle-Aquitaine";"Nucléaire";3,394865849
2018-11;"Nouvelle-Aquitaine";"Nucléaire";4,562016367
2018-12;"Nouvelle-Aquitaine";"Nucléaire";4,745167037
2019-01;"Nouvelle-Aquitaine";"Nucléaire";4,814315752
2019-02;"Nouvelle-Aquitaine";"Nucléaire";4,345063136
2019-03;"Nouvelle-Aquitaine";"Nucléaire";4,167112936
2019-04;"Nouvelle-Aquitaine";"Nucléaire";3,713544771
2019-05;"Nouvelle-Aquitaine";"Nucléaire";4,056017837
2019-06;"Nouvelle-Aquitaine";"Nucléaire";3,896716477
2019-07;"Nouvelle-Aquitaine";"Nucléaire";3,728090312
2019-08;"Nouvelle-Aquitaine";"Nucléaire";2,857865915
2019-09;"Nouvelle-Aquitaine";"Nucléaire";3,563913786
2019-10;"Nouvelle-Aquitaine";"Nucléaire";4,134460788
2019-11;"Nouvelle-Aquitaine";"Nucléaire";4,077276963
2019-12;"Nouvelle-Aquitaine";"Nucléaire";3,965317944
2020-01;"Nouvelle-Aquitaine";"Nucléaire";4,179533644
2020-02;"Nouvelle-Aquitaine";"Nucléaire";4,4115558
2020-03;"Nouvelle-Aquitaine";"Nucléaire";4,089396928
2020-04;"Nouvelle-Aquitaine";"Nucléaire";3,580290953
2020-05;"Nouvelle-Aquitaine";"Nucléaire";2,417877217
2020-06;"Nouvelle-Aquitaine";"Nucléaire";1,710045043
2020-07;"Nouvelle-Aquitaine";"Nucléaire";2,182786986
2020-08;"Nouvelle-Aquitaine";"Nucléaire";1,918064155
2020-09;"Nouvelle-Aquitaine";"Nucléaire";2,185166404
2020-10;"Nouvelle-Aquitaine";"Nucléaire";3,635735567
2020-11;"Nouvelle-Aquitaine";"Nucléaire";3,535966292
2020-12;"Nouvelle-Aquitaine";"Nucléaire";4,36854533
2021-01;"Nouvelle-Aquitaine";"Nucléaire";4,834662536
2021-02;"Nouvelle-Aquitaine";"Nucléaire";3,352733075
2021-03;"Nouvelle-Aquitaine";"Nucléaire";3,325427236
2021-04;"Nouvelle-Aquitaine";"Nucléaire";3,016659077
2021-05;"Nouvelle-Aquitaine";"Nucléaire";2,906262557
2021-06;"Nouvelle-Aquitaine";"Nucléaire";2,321258393
2021-07;"Nouvelle-Aquitaine";"Nucléaire";2,964968075
2021-08;"Nouvelle-Aquitaine";"Nucléaire";3,091948869
2021-09;"Nouvelle-Aquitaine";"Nucléaire";2,983628562
2021-10;"Nouvelle-Aquitaine";"Nucléaire";3,084549511
2021-11;"Nouvelle-Aquitaine";"Nucléaire";2,624619023
2021-12;"Nouvelle-Aquitaine";"Nucléaire";2,175637807
2022-01;"Nouvelle-Aquitaine";"Nucléaire";2,633296892
2022-02;"Nouvelle-Aquitaine";"Nucléaire";2,21674093
2022-03;"Nouvelle-Aquitaine";"Nucléaire";2,077345459
2022-04;"Nouvelle-Aquitaine";"Nucléaire";1,703727615167
2022-05;"Nouvelle-Aquitaine";"Nucléaire";1,890441585662
2022-06;"Nouvelle-Aquitaine";"Nucléaire";1,783478924668
2022-07;"Nouvelle-Aquitaine";"Nucléaire";1,651534079997
2022-08;"Nouvelle-Aquitaine";"Nucléaire";0,763041059831
2022-09;"Nouvelle-Aquitaine";"Nucléaire";1,27755487783
2022-10;"Nouvelle-Aquitaine";"Nucléaire";1,936884865498
2022-11;"Nouvelle-Aquitaine";"Nucléaire";1,964925698002
2022-12;"Nouvelle-Aquitaine";"Nucléaire";1,975476399994
2023-01;"Nouvelle-Aquitaine";"Nucléaire";1,846118116003
2023-02;"Nouvelle-Aquitaine";"Nucléaire";2,37792165817
2023-03;"Nouvelle-Aquitaine";"Nucléaire";2,105510413834
2023-04;"Nouvelle-Aquitaine";"Nucléaire";2,535727074005
2023-05;"Nouvelle-Aquitaine";"Nucléaire";3,050347555836
2023-06;"Nouvelle-Aquitaine";"Nucléaire";3,122680359999
2023-07;"Nouvelle-Aquitaine";"Nucléaire";3,052486449331
2023-08;"Nouvelle-Aquitaine";"Nucléaire";3,79956364317
2023-09;"Nouvelle-Aquitaine";"Nucléaire";3,854521374993
2023-10;"Nouvelle-Aquitaine";"Nucléaire";3,730221789666
2023-11;"Nouvelle-Aquitaine";"Nucléaire";3,681712085166
2023-12;"Nouvelle-Aquitaine";"Nucléaire";4,025063957169
2024-01;"Nouvelle-Aquitaine";"Nucléaire";4,25623939834
2024-02;"Nouvelle-Aquitaine";"Nucléaire";2,579344396085
2024-03;"Nouvelle-Aquitaine";"Nucléaire";2,653214606917
2024-04;"Nouvelle-Aquitaine";"Nucléaire";3,347040615082
2024-05;"Nouvelle-Aquitaine";"Nucléaire";2,874517064668
2024-06;"Nouvelle-Aquitaine";"Nucléaire";2,394870019251
2024-07;"Nouvelle-Aquitaine";"Nucléaire";2,383214260502
2024-08;"Nouvelle-Aquitaine";"Nucléaire";3,090945094167
2024-09;"Nouvelle-Aquitaine";"Nucléaire";3,453120887916
2024-10;"Nouvelle-Aquitaine";"Nucléaire";3,746870305336
2024-11;"Nouvelle-Aquitaine";"Nucléaire";3,892591104997
2024-12;"Nouvelle-Aquitaine";"Nucléaire";3,948719721496
2025-01;"Nouvelle-Aquitaine";"Nucléaire";4,426862592168
2025-02;"Nouvelle-Aquitaine";"Nucléaire";3,942811719083
2025-03;"Nouvelle-Aquitaine";"Nucléaire";4,146671534664
2025-04;"Nouvelle-Aquitaine";"Nucléaire";2,731997132583
2025-05;"Nouvelle-Aquitaine";"Nucléaire";1,79081959667
2025-06;"Nouvelle-Aquitaine";"Nucléaire";2,282918086832
2025-07;"Nouvelle-Aquitaine";"Nucléaire";2,948036828249
2025-08;"Nouvelle-Aquitaine";"Nucléaire";3,504959431167
2025-09;"Nouvelle-Aquitaine";"Nucléaire";3,660348470168
2025-10;"Nouvelle-Aquitaine";"Nucléaire";3,121383858921
2025-11;"Nouvelle-Aquitaine";"Nucléaire";4,174670043169
2014-01;"Nouvelle-Aquitaine";"Hydraulique";0,627491648587
2014-02;"Nouvelle-Aquitaine";"Hydraulique";0,726174509197
2014-03;"Nouvelle-Aquitaine";"Hydraulique";0,64643844128
2014-04;"Nouvelle-Aquitaine";"Hydraulique";0,418579538988
2014-05;"Nouvelle-Aquitaine";"Hydraulique";0,414673756168
2014-06;"Nouvelle-Aquitaine";"Hydraulique";0,293814048332
2014-07;"Nouvelle-Aquitaine";"Hydraulique";0,263427986156
2014-08;"Nouvelle-Aquitaine";"Hydraulique";0,185848582691
2014-09;"Nouvelle-Aquitaine";"Hydraulique";0,155436395167
2014-10;"Nouvelle-Aquitaine";"Hydraulique";0,201024724887
2014-11;"Nouvelle-Aquitaine";"Hydraulique";0,328289242162
2014-12;"Nouvelle-Aquitaine";"Hydraulique";0,543872705001
2015-01;"Nouvelle-Aquitaine";"Hydraulique";0,458076865756
2015-02;"Nouvelle-Aquitaine";"Hydraulique";0,516362483199
2015-03;"Nouvelle-Aquitaine";"Hydraulique";0,635459150615
2015-04;"Nouvelle-Aquitaine";"Hydraulique";0,448122788654
2015-05;"Nouvelle-Aquitaine";"Hydraulique";0,444136097501
2015-06;"Nouvelle-Aquitaine";"Hydraulique";0,2043997245
2015-07;"Nouvelle-Aquitaine";"Hydraulique";0,080186833824
2015-08;"Nouvelle-Aquitaine";"Hydraulique";0,064968598189
2015-09;"Nouvelle-Aquitaine";"Hydraulique";0,195448490832
2015-10;"Nouvelle-Aquitaine";"Hydraulique";0,199819374557
2015-11;"Nouvelle-Aquitaine";"Hydraulique";0,148878304327
2015-12;"Nouvelle-Aquitaine";"Hydraulique";0,194657445169
2016-01;"Nouvelle-Aquitaine";"Hydraulique";0,570138581989
2016-02;"Nouvelle-Aquitaine";"Hydraulique";0,79237315862
2016-03;"Nouvelle-Aquitaine";"Hydraulique";0,664492977646
2016-04;"Nouvelle-Aquitaine";"Hydraulique";0,569005263574
2016-05;"Nouvelle-Aquitaine";"Hydraulique";0,531302052511
2016-06;"Nouvelle-Aquitaine";"Hydraulique";0,641531808256
2016-07;"Nouvelle-Aquitaine";"Hydraulique";0,163257126638
2016-08;"Nouvelle-Aquitaine";"Hydraulique";0,061885015335
2016-09;"Nouvelle-Aquitaine";"Hydraulique";0,153129954278
2016-10;"Nouvelle-Aquitaine";"Hydraulique";0,117660750336
2016-11;"Nouvelle-Aquitaine";"Hydraulique";0,176360617998
2016-12;"Nouvelle-Aquitaine";"Hydraulique";0,224503579
2017-01;"Nouvelle-Aquitaine";"Hydraulique";0,332615264669
2017-02;"Nouvelle-Aquitaine";"Hydraulique";0,303204084666
2017-03;"Nouvelle-Aquitaine";"Hydraulique";0,567632593334
2017-04;"Nouvelle-Aquitaine";"Hydraulique";0,308599319495
2017-05;"Nouvelle-Aquitaine";"Hydraulique";0,316007696034
2017-06;"Nouvelle-Aquitaine";"Hydraulique";0,200471353177
2017-07;"Nouvelle-Aquitaine";"Hydraulique";0,191324930409
2017-08;"Nouvelle-Aquitaine";"Hydraulique";0,082958493333
2017-09;"Nouvelle-Aquitaine";"Hydraulique";0,148208636941
2017-10;"Nouvelle-Aquitaine";"Hydraulique";0,13793861444
2017-11;"Nouvelle-Aquitaine";"Hydraulique";0,228160129816
2017-12;"Nouvelle-Aquitaine";"Hydraulique";0,504709627731
2018-01;"Nouvelle-Aquitaine";"Hydraulique";0,944821894066
2018-02;"Nouvelle-Aquitaine";"Hydraulique";0,708945810678
2018-03;"Nouvelle-Aquitaine";"Hydraulique";0,699263967896
2018-04;"Nouvelle-Aquitaine";"Hydraulique";0,50267326767
2018-05;"Nouvelle-Aquitaine";"Hydraulique";0,418884764189
2018-06;"Nouvelle-Aquitaine";"Hydraulique";0,387332263915
2018-07;"Nouvelle-Aquitaine";"Hydraulique";0,176011968154
2018-08;"Nouvelle-Aquitaine";"Hydraulique";0,073111639154
2018-09;"Nouvelle-Aquitaine";"Hydraulique";0,141625249681
2018-10;"Nouvelle-Aquitaine";"Hydraulique";0,100307102148
2018-11;"Nouvelle-Aquitaine";"Hydraulique";0,110672752324
2018-12;"Nouvelle-Aquitaine";"Hydraulique";0,231578865553
2019-01;"Nouvelle-Aquitaine";"Hydraulique";0,247644457096
2019-02;"Nouvelle-Aquitaine";"Hydraulique";0,382111049025
2019-03;"Nouvelle-Aquitaine";"Hydraulique";0,398066259887
2019-04;"Nouvelle-Aquitaine";"Hydraulique";0,32314855284
2019-05;"Nouvelle-Aquitaine";"Hydraulique";0,360380749747
2019-06;"Nouvelle-Aquitaine";"Hydraulique";0,242928782346
2019-07;"Nouvelle-Aquitaine";"Hydraulique";0,075575464334
2019-08;"Nouvelle-Aquitaine";"Hydraulique";0,061721974997
2019-09;"Nouvelle-Aquitaine";"Hydraulique";0,097191393507
2019-10;"Nouvelle-Aquitaine";"Hydraulique";0,133950865242
2019-11;"Nouvelle-Aquitaine";"Hydraulique";0,556518829254
2019-12;"Nouvelle-Aquitaine";"Hydraulique";0,84363922088
2020-01;"Nouvelle-Aquitaine";"Hydraulique";0,510142983704
2020-02;"Nouvelle-Aquitaine";"Hydraulique";0,44488258496
2020-03;"Nouvelle-Aquitaine";"Hydraulique";0,694129657675
2020-04;"Nouvelle-Aquitaine";"Hydraulique";0,342498320825
2020-05;"Nouvelle-Aquitaine";"Hydraulique";0,418903646529
2020-06;"Nouvelle-Aquitaine";"Hydraulique";0,253120751804
2020-07;"Nouvelle-Aquitaine";"Hydraulique";0,093185301309
2020-08;"Nouvelle-Aquitaine";"Hydraulique";0,059938189335
2020-09;"Nouvelle-Aquitaine";"Hydraulique";0,127118887674
2020-10;"Nouvelle-Aquitaine";"Hydraulique";0,378880856001
2020-11;"Nouvelle-Aquitaine";"Hydraulique";0,307556092418
2020-12;"Nouvelle-Aquitaine";"Hydraulique";0,572496552175
2021-01;"Nouvelle-Aquitaine";"Hydraulique";0,804576483519
2021-02;"Nouvelle-Aquitaine";"Hydraulique";0,730070726572
2021-03;"Nouvelle-Aquitaine";"Hydraulique";0,503582121836
2021-04;"Nouvelle-Aquitaine";"Hydraulique";0,25656629266
2021-05;"Nouvelle-Aquitaine";"Hydraulique";0,340884090522
2021-06;"Nouvelle-Aquitaine";"Hydraulique";0,267083800994
2021-07;"Nouvelle-Aquitaine";"Hydraulique";0,353330012
2021-08;"Nouvelle-Aquitaine";"Hydraulique";0,133404692836
2021-09;"Nouvelle-Aquitaine";"Hydraulique";0,254411395334
2021-10;"Nouvelle-Aquitaine";"Hydraulique";0,187411620717
2021-11;"Nouvelle-Aquitaine";"Hydraulique";0,307368017334
2021-12;"Nouvelle-Aquitaine";"Hydraulique";0,574642943335
2022-01;"Nouvelle-Aquitaine";"Hydraulique";0,647440621645
2022-02;"Nouvelle-Aquitaine";"Hydraulique";0,354303564654
2022-03;"Nouvelle-Aquitaine";"Hydraulique";0,437037129952
2022-04;"Nouvelle-Aquitaine";"Hydraulique";0,444866844534
2022-05;"Nouvelle-Aquitaine";"Hydraulique";0,271573798091
2022-06;"Nouvelle-Aquitaine";"Hydraulique";0,125303259711
2022-07;"Nouvelle-Aquitaine";"Hydraulique";0,11255024453
2022-08;"Nouvelle-Aquitaine";"Hydraulique";0,058391481873
2022-09;"Nouvelle-Aquitaine";"Hydraulique";0,070810108597
2022-10;"Nouvelle-Aquitaine";"Hydraulique";0,057014403521
2022-11;"Nouvelle-Aquitaine";"Hydraulique";0,154514473816
2022-12;"Nouvelle-Aquitaine";"Hydraulique";0,373697492706
2023-01;"Nouvelle-Aquitaine";"Hydraulique";0,560067606693
2023-02;"Nouvelle-Aquitaine";"Hydraulique";0,229287886481
2023-03;"Nouvelle-Aquitaine";"Hydraulique";0,512824706154
2023-04;"Nouvelle-Aquitaine";"Hydraulique";0,448754211346
2023-05;"Nouvelle-Aquitaine";"Hydraulique";0,354467172569
2023-06;"Nouvelle-Aquitaine";"Hydraulique";0,33732277314
2023-07;"Nouvelle-Aquitaine";"Hydraulique";0,118666209369
2023-08;"Nouvelle-Aquitaine";"Hydraulique";0,084714955675
2023-09;"Nouvelle-Aquitaine";"Hydraulique";0,10220524713
2023-10;"Nouvelle-Aquitaine";"Hydraulique";0,18666225985
2023-11;"Nouvelle-Aquitaine";"Hydraulique";0,636160150422
2023-12;"Nouvelle-Aquitaine";"Hydraulique";0,788289763146
2024-01;"Nouvelle-Aquitaine";"Hydraulique";0,704942821854
2024-02;"Nouvelle-Aquitaine";"Hydraulique";0,519019275147
2024-03;"Nouvelle-Aquitaine";"Hydraulique";0,730138048469
2024-04;"Nouvelle-Aquitaine";"Hydraulique";0,467342389108
2024-05;"Nouvelle-Aquitaine";"Hydraulique";0,705059686016
2024-06;"Nouvelle-Aquitaine";"Hydraulique";0,428115296129
2024-07;"Nouvelle-Aquitaine";"Hydraulique";0,206638003482
2024-08;"Nouvelle-Aquitaine";"Hydraulique";0,0753499506
2024-09;"Nouvelle-Aquitaine";"Hydraulique";0,227171455697
2024-10;"Nouvelle-Aquitaine";"Hydraulique";0,56040600339
2024-11;"Nouvelle-Aquitaine";"Hydraulique";0,421517607581
2024-12;"Nouvelle-Aquitaine";"Hydraulique";0,612045208415
2025-01;"Nouvelle-Aquitaine";"Hydraulique";0,672905370971
2025-02;"Nouvelle-Aquitaine";"Hydraulique";0,589314634975
2025-03;"Nouvelle-Aquitaine";"Hydraulique";0,390020734943
2025-04;"Nouvelle-Aquitaine";"Hydraulique";0,379227682747
2025-05;"Nouvelle-Aquitaine";"Hydraulique";0,314562201392
2025-06;"Nouvelle-Aquitaine";"Hydraulique";0,138362463029
2025-07;"Nouvelle-Aquitaine";"Hydraulique";0,050933764652
2025-08;"Nouvelle-Aquitaine";"Hydraulique";0,054756569739
2025-09;"Nouvelle-Aquitaine";"Hydraulique";0,103759716522
2025-10;"Nouvelle-Aquitaine";"Hydraulique";0,246175731975
2025-11;"Nouvelle-Aquitaine";"Hydraulique";0,494540200748
2014-01;"Nouvelle-Aquitaine";"Autre";-1,1099966432115E-18
2014-02;"Nouvelle-Aquitaine";"Autre";4,409667075933E-19
2014-03;"Nouvelle-Aquitaine";"Autre";3,8716252426241E-19
2014-04;"Nouvelle-Aquitaine";"Autre";1,0783717668827E-18
2014-05;"Nouvelle-Aquitaine";"Autre";-1,0256552551713E-19
2014-06;"Nouvelle-Aquitaine";"Autre";5,2690317386972E-19
2014-07;"Nouvelle-Aquitaine";"Autre";1,5946619025264E-19
2014-08;"Nouvelle-Aquitaine";"Autre";-2,3772823987134E-19
2014-09;"Nouvelle-Aquitaine";"Autre";-1,7016596465247E-19
2014-10;"Nouvelle-Aquitaine";"Autre";-1,0240107373161E-18
2014-11;"Nouvelle-Aquitaine";"Autre";-7,5226630480429E-19
2014-12;"Nouvelle-Aquitaine";"Autre";7,8536829817288E-19
2015-01;"Nouvelle-Aquitaine";"Autre";9,8669336590085E-20
2015-02;"Nouvelle-Aquitaine";"Autre";6,782144290618E-19
2015-03;"Nouvelle-Aquitaine";"Autre";3,0807717488201E-18
2015-04;"Nouvelle-Aquitaine";"Autre";-3,0859603067368E-19
2015-05;"Nouvelle-Aquitaine";"Autre";8,8044068563553E-19
2015-06;"Nouvelle-Aquitaine";"Autre";-3,3140764438277E-19
2015-07;"Nouvelle-Aquitaine";"Autre";7,5391862891516E-19
2015-08;"Nouvelle-Aquitaine";"Autre";5,4503103419368E-19
2015-09;"Nouvelle-Aquitaine";"Autre";-2,0935839867287E-18
2015-10;"Nouvelle-Aquitaine";"Autre";9,1378900973771E-19
2015-11;"Nouvelle-Aquitaine";"Autre";-1,8977848806334E-18
2015-12;"Nouvelle-Aquitaine";"Autre";1,2686310335574E-18
2016-01;"Nouvelle-Aquitaine";"Autre";3,4196083464888E-19
2016-02;"Nouvelle-Aquitaine";"Autre";1,6543988401452E-18
2016-03;"Nouvelle-Aquitaine";"Autre";-2,5190717567458E-18
2016-04;"Nouvelle-Aquitaine";"Autre";2,6320369495014E-18
2016-05;"Nouvelle-Aquitaine";"Autre";-2,382000846568E-18
2016-06;"Nouvelle-Aquitaine";"Autre";9,2195522050087E-19
2016-07;"Nouvelle-Aquitaine";"Autre";-1,063838253601E-18
2016-08;"Nouvelle-Aquitaine";"Autre";2,7667980753709E-18
2016-09;"Nouvelle-Aquitaine";"Autre";-1,683871792002E-18
2016-10;"Nouvelle-Aquitaine";"Autre";-1,9324125632991E-18
2016-11;"Nouvelle-Aquitaine";"Autre";4,3266432103728E-19
2016-12;"Nouvelle-Aquitaine";"Autre";1,3552700628416E-19
2017-01;"Nouvelle-Aquitaine";"Autre";6,1473E-5
2017-02;"Nouvelle-Aquitaine";"Autre";5,5523999999999E-5
2017-03;"Nouvelle-Aquitaine";"Autre";6,1482999999999E-5
2017-04;"Nouvelle-Aquitaine";"Autre";5,9490000000004E-5
2017-05;"Nouvelle-Aquitaine";"Autre";6,1473000000002E-5
2017-06;"Nouvelle-Aquitaine";"Autre";5,9489999999999E-5
2017-07;"Nouvelle-Aquitaine";"Autre";6,1472999999999E-5
2017-08;"Nouvelle-Aquitaine";"Autre";6,1472999999997E-5
2017-09;"Nouvelle-Aquitaine";"Autre";5,9490000000002E-5
2017-10;"Nouvelle-Aquitaine";"Autre";6,1492999999999E-5
2017-11;"Nouvelle-Aquitaine";"Autre";5,9489999999999E-5
2017-12;"Nouvelle-Aquitaine";"Autre";6,1472999999999E-5
2018-01;"Nouvelle-Aquitaine";"Autre";8,3390000000001E-6
2018-02;"Nouvelle-Aquitaine";"Autre";7,5320000000017E-6
2018-03;"Nouvelle-Aquitaine";"Autre";8,328000000001E-6
2018-04;"Nouvelle-Aquitaine";"Autre";8,0699999999991E-6
2018-05;"Nouvelle-Aquitaine";"Autre";8,3389999999948E-6
2018-06;"Nouvelle-Aquitaine";"Autre";8,0700000000048E-6
2018-07;"Nouvelle-Aquitaine";"Autre";8,3390000000026E-6
2018-08;"Nouvelle-Aquitaine";"Autre";8,9209999999992E-6
2018-09;"Nouvelle-Aquitaine";"Autre";1,5140000000003E-5
2018-10;"Nouvelle-Aquitaine";"Autre";1,0747E-5
2018-11;"Nouvelle-Aquitaine";"Autre";9,0120000000044E-6
2018-12;"Nouvelle-Aquitaine";"Autre";1,0652E-5
2019-01;"Nouvelle-Aquitaine";"Autre";2,3078999999999E-5
2019-02;"Nouvelle-Aquitaine";"Autre";3,4422000000006E-5
2019-03;"Nouvelle-Aquitaine";"Autre";3,9072999999997E-5
2019-04;"Nouvelle-Aquitaine";"Autre";3,2127000000003E-5
2019-05;"Nouvelle-Aquitaine";"Autre";0,00017571199999999
2019-06;"Nouvelle-Aquitaine";"Autre";0,000169341
2019-07;"Nouvelle-Aquitaine";"Autre";0,000158999
2019-08;"Nouvelle-Aquitaine";"Autre";0,00016589699999999
2019-09;"Nouvelle-Aquitaine";"Autre";0,000165647
2019-10;"Nouvelle-Aquitaine";"Autre";0,000211814
2019-11;"Nouvelle-Aquitaine";"Autre";0,001439324
2019-12;"Nouvelle-Aquitaine";"Autre";0,001498815
2020-01;"Nouvelle-Aquitaine";"Autre";0,00137413
2020-02;"Nouvelle-Aquitaine";"Autre";0,001336068
2020-03;"Nouvelle-Aquitaine";"Autre";0,00123824
2020-04;"Nouvelle-Aquitaine";"Autre";0,000168018
2020-05;"Nouvelle-Aquitaine";"Autre";0,000167676
2020-06;"Nouvelle-Aquitaine";"Autre";0,000264407
2020-07;"Nouvelle-Aquitaine";"Autre";0,000265053
2020-08;"Nouvelle-Aquitaine";"Autre";0,00026768900000001
2020-09;"Nouvelle-Aquitaine";"Autre";0,00026264099999999
2020-10;"Nouvelle-Aquitaine";"Autre";0,000181935
2020-11;"Nouvelle-Aquitaine";"Autre";0,000173935
2020-12;"Nouvelle-Aquitaine";"Autre";0,000192065
2021-01;"Nouvelle-Aquitaine";"Autre";0,00044357299999999
2021-02;"Nouvelle-Aquitaine";"Autre";0,000167396
2021-03;"Nouvelle-Aquitaine";"Autre";0,00019484700000001
2021-04;"Nouvelle-Aquitaine";"Autre";0,00017227
2021-05;"Nouvelle-Aquitaine";"Autre";0,000180683
2021-06;"Nouvelle-Aquitaine";"Autre";0,00014311
2021-07;"Nouvelle-Aquitaine";"Autre";0,000157872
2021-08;"Nouvelle-Aquitaine";"Autre";0,000160789
2021-09;"Nouvelle-Aquitaine";"Autre";0,000182387
2021-10;"Nouvelle-Aquitaine";"Autre";0,000219399
2021-11;"Nouvelle-Aquitaine";"Autre";0,000187054
2021-12;"Nouvelle-Aquitaine";"Autre";1,8687000000003E-5
2022-01;"Nouvelle-Aquitaine";"Autre";7,0925660000016E-6
2022-02;"Nouvelle-Aquitaine";"Autre";6,3993669999983E-6
2022-03;"Nouvelle-Aquitaine";"Autre";7,1110459999975E-6
2022-04;"Nouvelle-Aquitaine";"Autre";7,067000999987E-6
2022-05;"Nouvelle-Aquitaine";"Autre";7,4813289999973E-6
2022-06;"Nouvelle-Aquitaine";"Autre";7,1990010000003E-6
2022-07;"Nouvelle-Aquitaine";"Autre";7,4030029999974E-6
2022-08;"Nouvelle-Aquitaine";"Autre";7,4050009999905E-6
2022-09;"Nouvelle-Aquitaine";"Autre";7,1019979999947E-6
2022-10;"Nouvelle-Aquitaine";"Autre";1,3139992999998E-5
2022-11;"Nouvelle-Aquitaine";"Autre";0,001390967489
2022-12;"Nouvelle-Aquitaine";"Autre";0,001459898672
2023-01;"Nouvelle-Aquitaine";"Autre";0,001464092982
2023-02;"Nouvelle-Aquitaine";"Autre";0,001325226428
2023-03;"Nouvelle-Aquitaine";"Autre";0,001460385977
2023-04;"Nouvelle-Aquitaine";"Autre";3,3008297999989E-5
2023-05;"Nouvelle-Aquitaine";"Autre";1,6494635E-5
2023-06;"Nouvelle-Aquitaine";"Autre";1,622562E-5
2023-07;"Nouvelle-Aquitaine";"Autre";1,6505639999997E-5
2023-08;"Nouvelle-Aquitaine";"Autre";1,6493642999989E-5
2023-09;"Nouvelle-Aquitaine";"Autre";1,6167630000001E-5
2023-10;"Nouvelle-Aquitaine";"Autre";1,6431643000002E-5
2023-11;"Nouvelle-Aquitaine";"Autre";0,00045707718000001
2023-12;"Nouvelle-Aquitaine";"Autre";0,000472039852
2024-01;"Nouvelle-Aquitaine";"Autre";0,00047203284600001
2024-02;"Nouvelle-Aquitaine";"Autre";0,001367932581
2024-03;"Nouvelle-Aquitaine";"Autre";0,000179074902
2024-04;"Nouvelle-Aquitaine";"Autre";3,1334632999993E-5
2024-05;"Nouvelle-Aquitaine";"Autre";0,00010652681800002
2024-06;"Nouvelle-Aquitaine";"Autre";0,000197356181
2024-07;"Nouvelle-Aquitaine";"Autre";3,2277849999999E-5
2024-08;"Nouvelle-Aquitaine";"Autre";3,2253176999999E-5
2024-09;"Nouvelle-Aquitaine";"Autre";3,1272159999997E-5
2024-10;"Nouvelle-Aquitaine";"Autre";3,1653231999997E-5
2024-11;"Nouvelle-Aquitaine";"Autre";3,0786419999995E-5
2024-12;"Nouvelle-Aquitaine";"Autre";0,000150651562
2025-01;"Nouvelle-Aquitaine";"Autre";0,00015925224700002
2025-02;"Nouvelle-Aquitaine";"Autre";0,00026400878899999
2025-03;"Nouvelle-Aquitaine";"Autre";0,000402834643
2025-04;"Nouvelle-Aquitaine";"Autre";0,000311083804
2025-05;"Nouvelle-Aquitaine";"Autre";0,000325933804
2025-06;"Nouvelle-Aquitaine";"Autre";9,5098229999881E-6
2025-07;"Nouvelle-Aquitaine";"Autre";1,0792871999988E-5
2025-08;"Nouvelle-Aquitaine";"Autre";1,3047437999998E-5
2025-09;"Nouvelle-Aquitaine";"Autre";1,2094743999996E-5
2025-10;"Nouvelle-Aquitaine";"Autre";1,1112914999998E-5
2025-11;"Nouvelle-Aquitaine";"Autre";1,0595669999995E-5
2014-01;"Nouvelle-Aquitaine";"Production décarbonée";4,705832532772
2014-02;"Nouvelle-Aquitaine";"Production décarbonée";4,786398717822
2014-03;"Nouvelle-Aquitaine";"Production décarbonée";5,143425026471
2014-04;"Nouvelle-Aquitaine";"Production décarbonée";4,659312341616
2014-05;"Nouvelle-Aquitaine";"Production décarbonée";4,215994664379
2014-06;"Nouvelle-Aquitaine";"Production décarbonée";4,554051289951
2014-07;"Nouvelle-Aquitaine";"Production décarbonée";3,956522941696
2014-08;"Nouvelle-Aquitaine";"Production décarbonée";2,668337175114
2014-09;"Nouvelle-Aquitaine";"Production décarbonée";3,230184332246
2014-10;"Nouvelle-Aquitaine";"Production décarbonée";3,315193536052
2014-11;"Nouvelle-Aquitaine";"Production décarbonée";4,095966308383
2014-12;"Nouvelle-Aquitaine";"Production décarbonée";4,947283708707
2015-01;"Nouvelle-Aquitaine";"Production décarbonée";4,814744377751
2015-02;"Nouvelle-Aquitaine";"Production décarbonée";4,148902218123
2015-03;"Nouvelle-Aquitaine";"Production décarbonée";4,421550591426
2015-04;"Nouvelle-Aquitaine";"Production décarbonée";3,978473693393
2015-05;"Nouvelle-Aquitaine";"Production décarbonée";2,890350929646
2015-06;"Nouvelle-Aquitaine";"Production décarbonée";2,613431465492
2015-07;"Nouvelle-Aquitaine";"Production décarbonée";2,882450591167
2015-08;"Nouvelle-Aquitaine";"Production décarbonée";3,38166966269
2015-09;"Nouvelle-Aquitaine";"Production décarbonée";4,071451242716
2015-10;"Nouvelle-Aquitaine";"Production décarbonée";4,820911932126
2015-11;"Nouvelle-Aquitaine";"Production décarbonée";4,925709053622
2015-12;"Nouvelle-Aquitaine";"Production décarbonée";4,965602449437
2016-01;"Nouvelle-Aquitaine";"Production décarbonée";5,58294060799
2016-02;"Nouvelle-Aquitaine";"Production décarbonée";4,837602337783
2016-03;"Nouvelle-Aquitaine";"Production décarbonée";4,765311041142
2016-04;"Nouvelle-Aquitaine";"Production décarbonée";3,925071015074
2016-05;"Nouvelle-Aquitaine";"Production décarbonée";4,164778388513
2016-06;"Nouvelle-Aquitaine";"Production décarbonée";4,311346626253
2016-07;"Nouvelle-Aquitaine";"Production décarbonée";4,01206238764
2016-08;"Nouvelle-Aquitaine";"Production décarbonée";3,799911828834
2016-09;"Nouvelle-Aquitaine";"Production décarbonée";3,243305851442
2016-10;"Nouvelle-Aquitaine";"Production décarbonée";4,163275453834
2016-11;"Nouvelle-Aquitaine";"Production décarbonée";4,159538771996
2016-12;"Nouvelle-Aquitaine";"Production décarbonée";4,387237508834
2017-01;"Nouvelle-Aquitaine";"Production décarbonée";4,579511991169
2017-02;"Nouvelle-Aquitaine";"Production décarbonée";3,761015262168
2017-03;"Nouvelle-Aquitaine";"Production décarbonée";5,123522406668
2017-04;"Nouvelle-Aquitaine";"Production décarbonée";4,855854804163
2017-05;"Nouvelle-Aquitaine";"Production décarbonée";4,612832889865
2017-06;"Nouvelle-Aquitaine";"Production décarbonée";3,263814581843
2017-07;"Nouvelle-Aquitaine";"Production décarbonée";3,603791598409
2017-08;"Nouvelle-Aquitaine";"Production décarbonée";3,454759785999
2017-09;"Nouvelle-Aquitaine";"Production décarbonée";4,088415543611
2017-10;"Nouvelle-Aquitaine";"Production décarbonée";5,168477164938
2017-11;"Nouvelle-Aquitaine";"Production décarbonée";5,338975724653
2017-12;"Nouvelle-Aquitaine";"Production décarbonée";5,708452149399
2018-01;"Nouvelle-Aquitaine";"Production décarbonée";6,110627789897
2018-02;"Nouvelle-Aquitaine";"Production décarbonée";5,463202582015
2018-03;"Nouvelle-Aquitaine";"Production décarbonée";5,085758079562
2018-04;"Nouvelle-Aquitaine";"Production décarbonée";4,023064418838
2018-05;"Nouvelle-Aquitaine";"Production décarbonée";4,046545208022
2018-06;"Nouvelle-Aquitaine";"Production décarbonée";3,844699732746
2018-07;"Nouvelle-Aquitaine";"Production décarbonée";4,506590011491
2018-08;"Nouvelle-Aquitaine";"Production décarbonée";4,311725995487
2018-09;"Nouvelle-Aquitaine";"Production décarbonée";4,448734500845
2018-10;"Nouvelle-Aquitaine";"Production décarbonée";3,990495261815
2018-11;"Nouvelle-Aquitaine";"Production décarbonée";5,098055587826
2018-12;"Nouvelle-Aquitaine";"Production décarbonée";5,390362816885
2019-01;"Nouvelle-Aquitaine";"Production décarbonée";5,48474921926
2019-02;"Nouvelle-Aquitaine";"Production décarbonée";5,227247264692
2019-03;"Nouvelle-Aquitaine";"Production décarbonée";5,251007524891
2019-04;"Nouvelle-Aquitaine";"Production décarbonée";4,598069305344
2019-05;"Nouvelle-Aquitaine";"Production décarbonée";5,041287212082
2019-06;"Nouvelle-Aquitaine";"Production décarbonée";4,74719328218
2019-07;"Nouvelle-Aquitaine";"Production décarbonée";4,441926000501
2019-08;"Nouvelle-Aquitaine";"Production décarbonée";3,527994927329
2019-09;"Nouvelle-Aquitaine";"Production décarbonée";4,255048684839
2019-10;"Nouvelle-Aquitaine";"Production décarbonée";4,751298919577
2019-11;"Nouvelle-Aquitaine";"Production décarbonée";5,062439675085
2019-12;"Nouvelle-Aquitaine";"Production décarbonée";5,297158376213
2020-01;"Nouvelle-Aquitaine";"Production décarbonée";5,215294812201
2020-02;"Nouvelle-Aquitaine";"Production décarbonée";5,486582737633
2020-03;"Nouvelle-Aquitaine";"Production décarbonée";5,424017281006
2020-04;"Nouvelle-Aquitaine";"Production décarbonée";4,523358324323
2020-05;"Nouvelle-Aquitaine";"Production décarbonée";3,597255490858
2020-06;"Nouvelle-Aquitaine";"Production décarbonée";2,631857720802
2020-07;"Nouvelle-Aquitaine";"Production décarbonée";2,988171211316
2020-08;"Nouvelle-Aquitaine";"Production décarbonée";2,620676760332
2020-09;"Nouvelle-Aquitaine";"Production décarbonée";2,881344386016
2020-10;"Nouvelle-Aquitaine";"Production décarbonée";4,578226258001
2020-11;"Nouvelle-Aquitaine";"Production décarbonée";4,345376389089
2020-12;"Nouvelle-Aquitaine";"Production décarbonée";5,475972963672
2021-01;"Nouvelle-Aquitaine";"Production décarbonée";6,191881612349
2021-02;"Nouvelle-Aquitaine";"Production décarbonée";4,643961525072
2021-03;"Nouvelle-Aquitaine";"Production décarbonée";4,509377584001
2021-04;"Nouvelle-Aquitaine";"Production décarbonée";4,066979978487
2021-05;"Nouvelle-Aquitaine";"Production décarbonée";4,084121806024
2021-06;"Nouvelle-Aquitaine";"Production décarbonée";3,221859649836
2021-07;"Nouvelle-Aquitaine";"Production décarbonée";4,064745729334
2021-08;"Nouvelle-Aquitaine";"Production décarbonée";3,966708701668
2021-09;"Nouvelle-Aquitaine";"Production décarbonée";3,83876467233
2021-10;"Nouvelle-Aquitaine";"Production décarbonée";3,952650967052
2021-11;"Nouvelle-Aquitaine";"Production décarbonée";3,420568364332
2021-12;"Nouvelle-Aquitaine";"Production décarbonée";3,397266615335
2022-01;"Nouvelle-Aquitaine";"Production décarbonée";3,829809682807
2022-02;"Nouvelle-Aquitaine";"Production décarbonée";3,244579877901
2022-03;"Nouvelle-Aquitaine";"Production décarbonée";3,2632859412475
2022-04;"Nouvelle-Aquitaine";"Production décarbonée";2,9458267317245
2022-05;"Nouvelle-Aquitaine";"Production décarbonée";3,0495794490585
2022-06;"Nouvelle-Aquitaine";"Production décarbonée";2,7175422389795
2022-07;"Nouvelle-Aquitaine";"Production décarbonée";2,7517189181315
2022-08;"Nouvelle-Aquitaine";"Production décarbonée";1,690205044959
2022-09;"Nouvelle-Aquitaine";"Production décarbonée";2,1470294330025
2022-10;"Nouvelle-Aquitaine";"Production décarbonée";2,717226471355
2022-11;"Nouvelle-Aquitaine";"Production décarbonée";2,7575099990175
2022-12;"Nouvelle-Aquitaine";"Production décarbonée";3,0085331351445
2023-01;"Nouvelle-Aquitaine";"Production décarbonée";2,907529666621
2023-02;"Nouvelle-Aquitaine";"Production décarbonée";3,3446086082895
2023-03;"Nouvelle-Aquitaine";"Production décarbonée";3,5588705161375
2023-04;"Nouvelle-Aquitaine";"Production décarbonée";3,9966615671745
2023-05;"Nouvelle-Aquitaine";"Production décarbonée";4,535906299862
2023-06;"Nouvelle-Aquitaine";"Production décarbonée";4,367233061621
2023-07;"Nouvelle-Aquitaine";"Production décarbonée";4,171994553562
2023-08;"Nouvelle-Aquitaine";"Production décarbonée";4,8600445183325
2023-09;"Nouvelle-Aquitaine";"Production décarbonée";4,8090442659435
2023-10;"Nouvelle-Aquitaine";"Production décarbonée";4,839126116707
2023-11;"Nouvelle-Aquitaine";"Production décarbonée";5,105367264187
2023-12;"Nouvelle-Aquitaine";"Production décarbonée";5,541575438912
2024-01;"Nouvelle-Aquitaine";"Production décarbonée";5,6724128602455
2024-02;"Nouvelle-Aquitaine";"Production décarbonée";3,85762911482
2024-03;"Nouvelle-Aquitaine";"Production décarbonée";4,299607586843
2024-04;"Nouvelle-Aquitaine";"Production décarbonée";4,8321255177385
2024-05;"Nouvelle-Aquitaine";"Production décarbonée";4,54987809251
2024-06;"Nouvelle-Aquitaine";"Production décarbonée";3,773527864929
2024-07;"Nouvelle-Aquitaine";"Production décarbonée";3,624953269391
2024-08;"Nouvelle-Aquitaine";"Production décarbonée";4,1674783263835
2024-09;"Nouvelle-Aquitaine";"Production décarbonée";4,618107875394
2024-10;"Nouvelle-Aquitaine";"Production décarbonée";5,073153704548
2024-11;"Nouvelle-Aquitaine";"Production décarbonée";5,091480508708
2024-12;"Nouvelle-Aquitaine";"Production décarbonée";5,275570576775
2025-01;"Nouvelle-Aquitaine";"Production décarbonée";6,020418104175
2025-02;"Nouvelle-Aquitaine";"Production décarbonée";5,316527766338
2025-03;"Nouvelle-Aquitaine";"Production décarbonée";5,639093697967
2025-04;"Nouvelle-Aquitaine";"Production décarbonée";4,23166610413
2025-05;"Nouvelle-Aquitaine";"Production décarbonée";3,276559364648
2025-06;"Nouvelle-Aquitaine";"Production décarbonée";3,569654492915
2025-07;"Nouvelle-Aquitaine";"Production décarbonée";4,328521630724
2025-08;"Nouvelle-Aquitaine";"Production décarbonée";4,704031937397
2025-09;"Nouvelle-Aquitaine";"Production décarbonée";4,7544196391865
2025-10;"Nouvelle-Aquitaine";"Production décarbonée";4,5222262963275
2025-11;"Nouvelle-Aquitaine";"Production décarbonée";5,55383634836
2014-01;"Occitanie";"Thermique renouvelable et déchets";0,042742629
2014-02;"Occitanie";"Thermique renouvelable et déchets";0,038095464334
2014-03;"Occitanie";"Thermique renouvelable et déchets";0,046528445834
2014-04;"Occitanie";"Thermique renouvelable et déchets";0,039646479999
2014-05;"Occitanie";"Thermique renouvelable et déchets";0,044414865499
2014-06;"Occitanie";"Thermique renouvelable et déchets";0,031506683001
2014-07;"Occitanie";"Thermique renouvelable et déchets";0,041655306666
2014-08;"Occitanie";"Thermique renouvelable et déchets";0,039879867999
2014-09;"Occitanie";"Thermique renouvelable et déchets";0,037789564331
2014-10;"Occitanie";"Thermique renouvelable et déchets";0,041142103167
2014-11;"Occitanie";"Thermique renouvelable et déchets";0,046699968667
2014-12;"Occitanie";"Thermique renouvelable et déchets";0,04848224
2015-01;"Occitanie";"Thermique renouvelable et déchets";0,044985626667
2015-02;"Occitanie";"Thermique renouvelable et déchets";0,042974195501
2015-03;"Occitanie";"Thermique renouvelable et déchets";0,044211189665
2015-04;"Occitanie";"Thermique renouvelable et déchets";0,037834732665
2015-05;"Occitanie";"Thermique renouvelable et déchets";0,032786085833
2015-06;"Occitanie";"Thermique renouvelable et déchets";0,032135582834
2015-07;"Occitanie";"Thermique renouvelable et déchets";0,046427811165
2015-08;"Occitanie";"Thermique renouvelable et déchets";0,050174056335
2015-09;"Occitanie";"Thermique renouvelable et déchets";0,046323297334
2015-10;"Occitanie";"Thermique renouvelable et déchets";0,041303609001
2015-11;"Occitanie";"Thermique renouvelable et déchets";0,050183245499
2015-12;"Occitanie";"Thermique renouvelable et déchets";0,0516909035
2016-01;"Occitanie";"Thermique renouvelable et déchets";0,051138187166
2016-02;"Occitanie";"Thermique renouvelable et déchets";0,047962660499
2016-03;"Occitanie";"Thermique renouvelable et déchets";0,043783885334
2016-04;"Occitanie";"Thermique renouvelable et déchets";0,040239108501
2016-05;"Occitanie";"Thermique renouvelable et déchets";0,046193668996
2016-06;"Occitanie";"Thermique renouvelable et déchets";0,0428637175
2016-07;"Occitanie";"Thermique renouvelable et déchets";0,0499695915
2016-08;"Occitanie";"Thermique renouvelable et déchets";0,0506787545
2016-09;"Occitanie";"Thermique renouvelable et déchets";0,048064680834
2016-10;"Occitanie";"Thermique renouvelable et déchets";0,049264161834
2016-11;"Occitanie";"Thermique renouvelable et déchets";0,050610681668
2016-12;"Occitanie";"Thermique renouvelable et déchets";0,051435822167
2017-01;"Occitanie";"Thermique renouvelable et déchets";0,050144272003
2017-02;"Occitanie";"Thermique renouvelable et déchets";0,046135275668
2017-03;"Occitanie";"Thermique renouvelable et déchets";0,050930978835
2017-04;"Occitanie";"Thermique renouvelable et déchets";0,044927207168
2017-05;"Occitanie";"Thermique renouvelable et déchets";0,045866306498
2017-06;"Occitanie";"Thermique renouvelable et déchets";0,041185531001
2017-07;"Occitanie";"Thermique renouvelable et déchets";0,047614776503
2017-08;"Occitanie";"Thermique renouvelable et déchets";0,049623150166
2017-09;"Occitanie";"Thermique renouvelable et déchets";0,046681475668
2017-10;"Occitanie";"Thermique renouvelable et déchets";0,048021156001
2017-11;"Occitanie";"Thermique renouvelable et déchets";0,049949660501
2017-12;"Occitanie";"Thermique renouvelable et déchets";0,050794982337
2018-01;"Occitanie";"Thermique renouvelable et déchets";0,050541717832
2018-02;"Occitanie";"Thermique renouvelable et déchets";0,044614272832
2018-03;"Occitanie";"Thermique renouvelable et déchets";0,042104251
2018-04;"Occitanie";"Thermique renouvelable et déchets";0,041489223334
2018-05;"Occitanie";"Thermique renouvelable et déchets";0,046599627668
2018-06;"Occitanie";"Thermique renouvelable et déchets";0,039155448499
2018-07;"Occitanie";"Thermique renouvelable et déchets";0,046065104668
2018-08;"Occitanie";"Thermique renouvelable et déchets";0,046725397498
2018-09;"Occitanie";"Thermique renouvelable et déchets";0,043496178666
2018-10;"Occitanie";"Thermique renouvelable et déchets";0,047995804331
2018-11;"Occitanie";"Thermique renouvelable et déchets";0,048385445333
2018-12;"Occitanie";"Thermique renouvelable et déchets";0,046868053836
2019-01;"Occitanie";"Thermique renouvelable et déchets";0,048507102335
2019-02;"Occitanie";"Thermique renouvelable et déchets";0,045277146003
2019-03;"Occitanie";"Thermique renouvelable et déchets";0,052704397667
2019-04;"Occitanie";"Thermique renouvelable et déchets";0,043667620999
2019-05;"Occitanie";"Thermique renouvelable et déchets";0,048639311168
2019-06;"Occitanie";"Thermique renouvelable et déchets";0,044958445001
2019-07;"Occitanie";"Thermique renouvelable et déchets";0,049890146497
2019-08;"Occitanie";"Thermique renouvelable et déchets";0,053210180665
2019-09;"Occitanie";"Thermique renouvelable et déchets";0,039450371167
2019-10;"Occitanie";"Thermique renouvelable et déchets";0,0448302905
2019-11;"Occitanie";"Thermique renouvelable et déchets";0,049873626166
2019-12;"Occitanie";"Thermique renouvelable et déchets";0,050945427665
2020-01;"Occitanie";"Thermique renouvelable et déchets";0,052070834171
2020-02;"Occitanie";"Thermique renouvelable et déchets";0,047468488833
2020-03;"Occitanie";"Thermique renouvelable et déchets";0,048435905334
2020-04;"Occitanie";"Thermique renouvelable et déchets";0,047348015334
2020-05;"Occitanie";"Thermique renouvelable et déchets";0,043679082501
2020-06;"Occitanie";"Thermique renouvelable et déchets";0,0343337415
2020-07;"Occitanie";"Thermique renouvelable et déchets";0,041577692334
2020-08;"Occitanie";"Thermique renouvelable et déchets";0,044695312664
2020-09;"Occitanie";"Thermique renouvelable et déchets";0,038066459666
2020-10;"Occitanie";"Thermique renouvelable et déchets";0,039909734499
2020-11;"Occitanie";"Thermique renouvelable et déchets";0,040812831835
2020-12;"Occitanie";"Thermique renouvelable et déchets";0,044909993831
2021-01;"Occitanie";"Thermique renouvelable et déchets";0,042372290833
2021-02;"Occitanie";"Thermique renouvelable et déchets";0,039849712665
2021-03;"Occitanie";"Thermique renouvelable et déchets";0,045472745836
2021-04;"Occitanie";"Thermique renouvelable et déchets";0,044251679833
2021-05;"Occitanie";"Thermique renouvelable et déchets";0,037773961835
2021-06;"Occitanie";"Thermique renouvelable et déchets";0,030020748665
2021-07;"Occitanie";"Thermique renouvelable et déchets";0,042938185334
2021-08;"Occitanie";"Thermique renouvelable et déchets";0,0468596485
2021-09;"Occitanie";"Thermique renouvelable et déchets";0,03996981367
2021-10;"Occitanie";"Thermique renouvelable et déchets";0,046824654835
2021-11;"Occitanie";"Thermique renouvelable et déchets";0,045236897001
2021-12;"Occitanie";"Thermique renouvelable et déchets";0,044588810168
2022-01;"Occitanie";"Thermique renouvelable et déchets";0,044799703436
2022-02;"Occitanie";"Thermique renouvelable et déchets";0,0477418635365
2022-03;"Occitanie";"Thermique renouvelable et déchets";0,0526982757115
2022-04;"Occitanie";"Thermique renouvelable et déchets";0,048797593031
2022-05;"Occitanie";"Thermique renouvelable et déchets";0,044221620528
2022-06;"Occitanie";"Thermique renouvelable et déchets";0,0391461216985
2022-07;"Occitanie";"Thermique renouvelable et déchets";0,0556417117625
2022-08;"Occitanie";"Thermique renouvelable et déchets";0,054696850831
2022-09;"Occitanie";"Thermique renouvelable et déchets";0,047414495434
2022-10;"Occitanie";"Thermique renouvelable et déchets";0,0576253350035
2022-11;"Occitanie";"Thermique renouvelable et déchets";0,058041332552
2022-12;"Occitanie";"Thermique renouvelable et déchets";0,05683633476
2023-01;"Occitanie";"Thermique renouvelable et déchets";0,0412221676435
2023-02;"Occitanie";"Thermique renouvelable et déchets";0,039864266247
2023-03;"Occitanie";"Thermique renouvelable et déchets";0,045330831991
2023-04;"Occitanie";"Thermique renouvelable et déchets";0,056741590273
2023-05;"Occitanie";"Thermique renouvelable et déchets";0,0610580818085
2023-06;"Occitanie";"Thermique renouvelable et déchets";0,0358734918545
2023-07;"Occitanie";"Thermique renouvelable et déchets";0,051846897966
2023-08;"Occitanie";"Thermique renouvelable et déchets";0,056580718135
2023-09;"Occitanie";"Thermique renouvelable et déchets";0,0563684952085
2023-10;"Occitanie";"Thermique renouvelable et déchets";0,0579229184365
2023-11;"Occitanie";"Thermique renouvelable et déchets";0,0592766504495
2023-12;"Occitanie";"Thermique renouvelable et déchets";0,0664592119955
2024-01;"Occitanie";"Thermique renouvelable et déchets";0,059169175603
2024-02;"Occitanie";"Thermique renouvelable et déchets";0,0624482328655
2024-03;"Occitanie";"Thermique renouvelable et déchets";0,0668409739275
2024-04;"Occitanie";"Thermique renouvelable et déchets";0,0610037596665
2024-05;"Occitanie";"Thermique renouvelable et déchets";0,0637870828885
2024-06;"Occitanie";"Thermique renouvelable et déchets";0,0463532551185
2024-07;"Occitanie";"Thermique renouvelable et déchets";0,065011174593
2024-08;"Occitanie";"Thermique renouvelable et déchets";0,0644217578875
2024-09;"Occitanie";"Thermique renouvelable et déchets";0,0589021298435
2024-10;"Occitanie";"Thermique renouvelable et déchets";0,061179368549
2024-11;"Occitanie";"Thermique renouvelable et déchets";0,0601735939205
2024-12;"Occitanie";"Thermique renouvelable et déchets";0,0607758895865
2025-01;"Occitanie";"Thermique renouvelable et déchets";0,055105717561
2025-02;"Occitanie";"Thermique renouvelable et déchets";0,0515891598585
2025-03;"Occitanie";"Thermique renouvelable et déchets";0,0560015817455
2025-04;"Occitanie";"Thermique renouvelable et déchets";0,048148840694
2025-05;"Occitanie";"Thermique renouvelable et déchets";0,052121337574
2025-06;"Occitanie";"Thermique renouvelable et déchets";0,0336912808205
2025-07;"Occitanie";"Thermique renouvelable et déchets";0,05523259489
2025-08;"Occitanie";"Thermique renouvelable et déchets";0,0565726057495
2025-09;"Occitanie";"Thermique renouvelable et déchets";0,052646271711
2025-10;"Occitanie";"Thermique renouvelable et déchets";0,0458952242695
2025-11;"Occitanie";"Thermique renouvelable et déchets";0,0396540249135
2014-01;"Occitanie";"Éolien";0,177555839
2014-02;"Occitanie";"Éolien";0,185948635
2014-03;"Occitanie";"Éolien";0,208457948
2014-04;"Occitanie";"Éolien";0,180049891
2014-05;"Occitanie";"Éolien";0,225225965
2014-06;"Occitanie";"Éolien";0,133641396
2014-07;"Occitanie";"Éolien";0,193113402
2014-08;"Occitanie";"Éolien";0,11531629
2014-09;"Occitanie";"Éolien";0,099563335
2014-10;"Occitanie";"Éolien";0,126036507
2014-11;"Occitanie";"Éolien";0,175865335
2014-12;"Occitanie";"Éolien";0,256979061
2015-01;"Occitanie";"Éolien";0,230346547
2015-02;"Occitanie";"Éolien";0,219182314
2015-03;"Occitanie";"Éolien";0,252697843
2015-04;"Occitanie";"Éolien";0,176313236
2015-05;"Occitanie";"Éolien";0,23481027
2015-06;"Occitanie";"Éolien";0,137326982
2015-07;"Occitanie";"Éolien";0,189319884
2015-08;"Occitanie";"Éolien";0,154982834
2015-09;"Occitanie";"Éolien";0,164291549
2015-10;"Occitanie";"Éolien";0,171826435
2015-11;"Occitanie";"Éolien";0,24194072
2015-12;"Occitanie";"Éolien";0,144966058
2016-01;"Occitanie";"Éolien";0,186908934
2016-02;"Occitanie";"Éolien";0,257555597
2016-03;"Occitanie";"Éolien";0,234340137
2016-04;"Occitanie";"Éolien";0,251864882
2016-05;"Occitanie";"Éolien";0,300020627
2016-06;"Occitanie";"Éolien";0,19434867
2016-07;"Occitanie";"Éolien";0,186308154
2016-08;"Occitanie";"Éolien";0,187981298
2016-09;"Occitanie";"Éolien";0,17432545
2016-10;"Occitanie";"Éolien";0,162650235
2016-11;"Occitanie";"Éolien";0,235478177
2016-12;"Occitanie";"Éolien";0,203223573
2017-01;"Occitanie";"Éolien";0,305377992831
2017-02;"Occitanie";"Éolien";0,271334825499
2017-03;"Occitanie";"Éolien";0,256141608502
2017-04;"Occitanie";"Éolien";0,253918678501
2017-05;"Occitanie";"Éolien";0,202145202334
2017-06;"Occitanie";"Éolien";0,167418763002
2017-07;"Occitanie";"Éolien";0,257217317334
2017-08;"Occitanie";"Éolien";0,194515961663
2017-09;"Occitanie";"Éolien";0,212721896165
2017-10;"Occitanie";"Éolien";0,260583710002
2017-11;"Occitanie";"Éolien";0,323598847667
2017-12;"Occitanie";"Éolien";0,340144933502
2018-01;"Occitanie";"Éolien";0,379631465333
2018-02;"Occitanie";"Éolien";0,293384901002
2018-03;"Occitanie";"Éolien";0,346058849164
2018-04;"Occitanie";"Éolien";0,264379467334
2018-05;"Occitanie";"Éolien";0,268914664834
2018-06;"Occitanie";"Éolien";0,190007674331
2018-07;"Occitanie";"Éolien";0,156150163504
2018-08;"Occitanie";"Éolien";0,207676998001
2018-09;"Occitanie";"Éolien";0,165908287168
2018-10;"Occitanie";"Éolien";0,358943536335
2018-11;"Occitanie";"Éolien";0,294368758833
2018-12;"Occitanie";"Éolien";0,326482266334
2019-01;"Occitanie";"Éolien";0,462828750168
2019-02;"Occitanie";"Éolien";0,2617814695
2019-03;"Occitanie";"Éolien";0,396476127835
2019-04;"Occitanie";"Éolien";0,338674129501
2019-05;"Occitanie";"Éolien";0,392097459832
2019-06;"Occitanie";"Éolien";0,218992711168
2019-07;"Occitanie";"Éolien";0,214046875498
2019-08;"Occitanie";"Éolien";0,162797193998
2019-09;"Occitanie";"Éolien";0,248233001839
2019-10;"Occitanie";"Éolien";0,323344576168
2019-11;"Occitanie";"Éolien";0,319052132165
2019-12;"Occitanie";"Éolien";0,396889567502
2020-01;"Occitanie";"Éolien";0,342644015832
2020-02;"Occitanie";"Éolien";0,375262330168
2020-03;"Occitanie";"Éolien";0,362972018168
2020-04;"Occitanie";"Éolien";0,237083511
2020-05;"Occitanie";"Éolien";0,266672379334
2020-06;"Occitanie";"Éolien";0,244725592664
2020-07;"Occitanie";"Éolien";0,248140559
2020-08;"Occitanie";"Éolien";0,242294959998
2020-09;"Occitanie";"Éolien";0,235779674666
2020-10;"Occitanie";"Éolien";0,371233151
2020-11;"Occitanie";"Éolien";0,311000862333
2020-12;"Occitanie";"Éolien";0,373777621503
2021-01;"Occitanie";"Éolien";0,419670643335
2021-02;"Occitanie";"Éolien";0,388141773499
2021-03;"Occitanie";"Éolien";0,392683578331
2021-04;"Occitanie";"Éolien";0,285540128167
2021-05;"Occitanie";"Éolien";0,265525670503
2021-06;"Occitanie";"Éolien";0,219322661333
2021-07;"Occitanie";"Éolien";0,219721598833
2021-08;"Occitanie";"Éolien";0,180925323168
2021-09;"Occitanie";"Éolien";0,169022750669
2021-10;"Occitanie";"Éolien";0,282932336832
2021-11;"Occitanie";"Éolien";0,345296871832
2021-12;"Occitanie";"Éolien";0,307096382002
2022-01;"Occitanie";"Éolien";0,345205046178
2022-02;"Occitanie";"Éolien";0,404677979534
2022-03;"Occitanie";"Éolien";0,388105042809
2022-04;"Occitanie";"Éolien";0,331086518037
2022-05;"Occitanie";"Éolien";0,224041012063
2022-06;"Occitanie";"Éolien";0,20045546204
2022-07;"Occitanie";"Éolien";0,185612647466
2022-08;"Occitanie";"Éolien";0,153753625076
2022-09;"Occitanie";"Éolien";0,208823703961
2022-10;"Occitanie";"Éolien";0,197297024269
2022-11;"Occitanie";"Éolien";0,309228005764
2022-12;"Occitanie";"Éolien";0,175945256783
2023-01;"Occitanie";"Éolien";0,368528528154
2023-02;"Occitanie";"Éolien";0,274937496463
2023-03;"Occitanie";"Éolien";0,337894941081
2023-04;"Occitanie";"Éolien";0,323884748627
2023-05;"Occitanie";"Éolien";0,286926801079
2023-06;"Occitanie";"Éolien";0,187956613847
2023-07;"Occitanie";"Éolien";0,239015534231
2023-08;"Occitanie";"Éolien";0,27502498831
2023-09;"Occitanie";"Éolien";0,208019677025
2023-10;"Occitanie";"Éolien";0,209752497594
2023-11;"Occitanie";"Éolien";0,383599705586
2023-12;"Occitanie";"Éolien";0,409235439174
2024-01;"Occitanie";"Éolien";0,319253976093
2024-02;"Occitanie";"Éolien";0,378555866627
2024-03;"Occitanie";"Éolien";0,387227530524
2024-04;"Occitanie";"Éolien";0,385051702976
2024-05;"Occitanie";"Éolien";0,227846817708
2024-06;"Occitanie";"Éolien";0,231920471742
2024-07;"Occitanie";"Éolien";0,226755775769
2024-08;"Occitanie";"Éolien";0,242237200613
2024-09;"Occitanie";"Éolien";0,350205510489
2024-10;"Occitanie";"Éolien";0,28131109734
2024-11;"Occitanie";"Éolien";0,277144705202
2024-12;"Occitanie";"Éolien";0,393682236843
2025-01;"Occitanie";"Éolien";0,344836317837
2025-02;"Occitanie";"Éolien";0,2529309052
2025-03;"Occitanie";"Éolien";0,440135528124
2025-04;"Occitanie";"Éolien";0,307881322058
2025-05;"Occitanie";"Éolien";0,283424998302
2025-06;"Occitanie";"Éolien";0,119867708668
2025-07;"Occitanie";"Éolien";0,258837998996
2025-08;"Occitanie";"Éolien";0,166745209356
2025-09;"Occitanie";"Éolien";0,206997514943
2025-10;"Occitanie";"Éolien";0,234621815666
2025-11;"Occitanie";"Éolien";0,411162547302
2014-01;"Occitanie";"Solaire";0,040351859
2014-02;"Occitanie";"Solaire";0,061992113
2014-03;"Occitanie";"Solaire";0,1165822
2014-04;"Occitanie";"Solaire";0,125744798
2014-05;"Occitanie";"Solaire";0,147895099
2014-06;"Occitanie";"Solaire";0,1642358
2014-07;"Occitanie";"Solaire";0,149367905
2014-08;"Occitanie";"Solaire";0,150586551
2014-09;"Occitanie";"Solaire";0,133887022
2014-10;"Occitanie";"Solaire";0,112150711
2014-11;"Occitanie";"Solaire";0,055967329
2014-12;"Occitanie";"Solaire";0,046139432
2015-01;"Occitanie";"Solaire";0,06251134
2015-02;"Occitanie";"Solaire";0,079766356
2015-03;"Occitanie";"Solaire";0,114211356
2015-04;"Occitanie";"Solaire";0,1672407
2015-05;"Occitanie";"Solaire";0,181999314
2015-06;"Occitanie";"Solaire";0,198081038
2015-07;"Occitanie";"Solaire";0,196942087
2015-08;"Occitanie";"Solaire";0,181518348
2015-09;"Occitanie";"Solaire";0,151581797
2015-10;"Occitanie";"Solaire";0,113453565
2015-11;"Occitanie";"Solaire";0,088733744
2015-12;"Occitanie";"Solaire";0,067597953
2016-01;"Occitanie";"Solaire";0,058798657
2016-02;"Occitanie";"Solaire";0,092135219
2016-03;"Occitanie";"Solaire";0,142677162
2016-04;"Occitanie";"Solaire";0,173250529
2016-05;"Occitanie";"Solaire";0,20260423
2016-06;"Occitanie";"Solaire";0,20871981
2016-07;"Occitanie";"Solaire";0,23099664
2016-08;"Occitanie";"Solaire";0,232518412
2016-09;"Occitanie";"Solaire";0,186150995
2016-10;"Occitanie";"Solaire";0,1531009
2016-11;"Occitanie";"Solaire";0,080477894
2016-12;"Occitanie";"Solaire";0,087654361
2017-01;"Occitanie";"Solaire";0,087501432
2017-02;"Occitanie";"Solaire";0,103799773
2017-03;"Occitanie";"Solaire";0,167447358
2017-04;"Occitanie";"Solaire";0,236645242
2017-05;"Occitanie";"Solaire";0,243721487
2017-06;"Occitanie";"Solaire";0,24341923
2017-07;"Occitanie";"Solaire";0,241393237
2017-08;"Occitanie";"Solaire";0,229579788
2017-09;"Occitanie";"Solaire";0,182795168
2017-10;"Occitanie";"Solaire";0,162582135
2017-11;"Occitanie";"Solaire";0,107712122
2017-12;"Occitanie";"Solaire";0,069872736
2018-01;"Occitanie";"Solaire";0,06687726
2018-02;"Occitanie";"Solaire";0,110773816
2018-03;"Occitanie";"Solaire";0,172396411
2018-04;"Occitanie";"Solaire";0,214424041
2018-05;"Occitanie";"Solaire";0,2219641
2018-06;"Occitanie";"Solaire";0,272897132
2018-07;"Occitanie";"Solaire";0,30641461
2018-08;"Occitanie";"Solaire";0,277296635
2018-09;"Occitanie";"Solaire";0,246190831
2018-10;"Occitanie";"Solaire";0,155640111
2018-11;"Occitanie";"Solaire";0,098763523
2018-12;"Occitanie";"Solaire";0,073146106
2019-01;"Occitanie";"Solaire";0,098050725
2019-02;"Occitanie";"Solaire";0,166514405
2019-03;"Occitanie";"Solaire";0,239568454
2019-04;"Occitanie";"Solaire";0,228438255
2019-05;"Occitanie";"Solaire";0,288700644
2019-06;"Occitanie";"Solaire";0,30395841
2019-07;"Occitanie";"Solaire";0,322169877
2019-08;"Occitanie";"Solaire";0,307685073
2019-09;"Occitanie";"Solaire";0,254146085
2019-10;"Occitanie";"Solaire";0,167086523
2019-11;"Occitanie";"Solaire";0,10743213
2019-12;"Occitanie";"Solaire";0,097517375
2020-01;"Occitanie";"Solaire";0,10694897
2020-02;"Occitanie";"Solaire";0,163375358
2020-03;"Occitanie";"Solaire";0,22094259
2020-04;"Occitanie";"Solaire";0,257173213
2020-05;"Occitanie";"Solaire";0,32085728
2020-06;"Occitanie";"Solaire";0,31332161
2020-07;"Occitanie";"Solaire";0,358456618
2020-08;"Occitanie";"Solaire";0,321233798
2020-09;"Occitanie";"Solaire";0,257873527
2020-10;"Occitanie";"Solaire";0,164869749
2020-11;"Occitanie";"Solaire";0,136129975
2020-12;"Occitanie";"Solaire";0,077364118
2021-01;"Occitanie";"Solaire";0,104880769
2021-02;"Occitanie";"Solaire";0,135955018
2021-03;"Occitanie";"Solaire";0,256688714
2021-04;"Occitanie";"Solaire";0,312322981
2021-05;"Occitanie";"Solaire";0,323862774
2021-06;"Occitanie";"Solaire";0,342380409
2021-07;"Occitanie";"Solaire";0,358764076
2021-08;"Occitanie";"Solaire";0,376612222
2021-09;"Occitanie";"Solaire";0,278420955
2021-10;"Occitanie";"Solaire";0,256140489
2021-11;"Occitanie";"Solaire";0,142900514
2021-12;"Occitanie";"Solaire";0,131510732
2022-01;"Occitanie";"Solaire";0,194596249467
2022-02;"Occitanie";"Solaire";0,222000985614
2022-03;"Occitanie";"Solaire";0,258467519099
2022-04;"Occitanie";"Solaire";0,353318105308
2022-05;"Occitanie";"Solaire";0,474480612252
2022-06;"Occitanie";"Solaire";0,453697582798
2022-07;"Occitanie";"Solaire";0,532647757742
2022-08;"Occitanie";"Solaire";0,468621376698
2022-09;"Occitanie";"Solaire";0,376102703902
2022-10;"Occitanie";"Solaire";0,268952510349
2022-11;"Occitanie";"Solaire";0,186813707859
2022-12;"Occitanie";"Solaire";0,115737979946
2023-01;"Occitanie";"Solaire";0,153885163952
2023-02;"Occitanie";"Solaire";0,281578033634
2023-03;"Occitanie";"Solaire";0,365908520711
2023-04;"Occitanie";"Solaire";0,447371558992
2023-05;"Occitanie";"Solaire";0,497447756229
2023-06;"Occitanie";"Solaire";0,50668295335
2023-07;"Occitanie";"Solaire";0,556825484656
2023-08;"Occitanie";"Solaire";0,543015533695
2023-09;"Occitanie";"Solaire";0,468749141643
2023-10;"Occitanie";"Solaire";0,338329862449
2023-11;"Occitanie";"Solaire";0,215499881925
2023-12;"Occitanie";"Solaire";0,179435598504
2024-01;"Occitanie";"Solaire";0,19742890113
2024-02;"Occitanie";"Solaire";0,262848243573
2024-03;"Occitanie";"Solaire";0,420422173862
2024-04;"Occitanie";"Solaire";0,487879468
2024-05;"Occitanie";"Solaire";0,532731470169
2024-06;"Occitanie";"Solaire";0,55884450454
2024-07;"Occitanie";"Solaire";0,667578736197
2024-08;"Occitanie";"Solaire";0,641739589288
2024-09;"Occitanie";"Solaire";0,459824035018
2024-10;"Occitanie";"Solaire";0,331823632358
2024-11;"Occitanie";"Solaire";0,277253367074
2024-12;"Occitanie";"Solaire";0,214618979709
2025-01;"Occitanie";"Solaire";0,218564893478
2025-02;"Occitanie";"Solaire";0,305694482487
2025-03;"Occitanie";"Solaire";0,426972974247
2025-04;"Occitanie";"Solaire";0,518303694215
2025-05;"Occitanie";"Solaire";0,633049550118
2025-06;"Occitanie";"Solaire";0,663768888815
2025-07;"Occitanie";"Solaire";0,727451227914
2025-08;"Occitanie";"Solaire";0,677609129267
2025-09;"Occitanie";"Solaire";0,530645889422
2025-10;"Occitanie";"Solaire";0,460526732519
2025-11;"Occitanie";"Solaire";0,29241947037
2014-01;"Occitanie";"Nucléaire";1,795000833
2014-02;"Occitanie";"Nucléaire";1,642201134
2014-03;"Occitanie";"Nucléaire";1,827788741
2014-04;"Occitanie";"Nucléaire";1,561785607
2014-05;"Occitanie";"Nucléaire";0,859775381
2014-06;"Occitanie";"Nucléaire";0,817679818
2014-07;"Occitanie";"Nucléaire";0,927468694
2014-08;"Occitanie";"Nucléaire";1,104902233
2014-09;"Occitanie";"Nucléaire";1,434622494
2014-10;"Occitanie";"Nucléaire";0,777118253
2014-11;"Occitanie";"Nucléaire";0,800945759
2014-12;"Occitanie";"Nucléaire";1,377240934
2015-01;"Occitanie";"Nucléaire";1,835402026
2015-02;"Occitanie";"Nucléaire";1,70830073
2015-03;"Occitanie";"Nucléaire";1,815686575
2015-04;"Occitanie";"Nucléaire";1,645859409
2015-05;"Occitanie";"Nucléaire";1,644557378
2015-06;"Occitanie";"Nucléaire";1,703868093
2015-07;"Occitanie";"Nucléaire";1,630448253
2015-08;"Occitanie";"Nucléaire";0,724745333
2015-09;"Occitanie";"Nucléaire";0,798631183
2015-10;"Occitanie";"Nucléaire";1,838862657
2015-11;"Occitanie";"Nucléaire";1,666632999
2015-12;"Occitanie";"Nucléaire";1,736476255
2016-01;"Occitanie";"Nucléaire";1,757770394
2016-02;"Occitanie";"Nucléaire";1,627969554
2016-03;"Occitanie";"Nucléaire";1,794970084
2016-04;"Occitanie";"Nucléaire";1,693323772
2016-05;"Occitanie";"Nucléaire";0,958039879
2016-06;"Occitanie";"Nucléaire";1,289750998
2016-07;"Occitanie";"Nucléaire";1,70358427
2016-08;"Occitanie";"Nucléaire";1,744495989
2016-09;"Occitanie";"Nucléaire";1,731030698
2016-10;"Occitanie";"Nucléaire";1,858514384
2016-11;"Occitanie";"Nucléaire";1,771594402
2016-12;"Occitanie";"Nucléaire";1,873102081
2017-01;"Occitanie";"Nucléaire";1,904251673
2017-02;"Occitanie";"Nucléaire";1,490302555
2017-03;"Occitanie";"Nucléaire";1,210436398
2017-04;"Occitanie";"Nucléaire";1,271486393
2017-05;"Occitanie";"Nucléaire";1,815113884
2017-06;"Occitanie";"Nucléaire";1,747853159
2017-07;"Occitanie";"Nucléaire";0,893040023
2017-08;"Occitanie";"Nucléaire";0,932182709
2017-09;"Occitanie";"Nucléaire";1,024057795
2017-10;"Occitanie";"Nucléaire";1,860988732
2017-11;"Occitanie";"Nucléaire";1,82864673
2017-12;"Occitanie";"Nucléaire";1,789931526
2018-01;"Occitanie";"Nucléaire";1,730929552
2018-02;"Occitanie";"Nucléaire";1,70960935
2018-03;"Occitanie";"Nucléaire";1,82830584
2018-04;"Occitanie";"Nucléaire";1,590292398
2018-05;"Occitanie";"Nucléaire";1,186636495
2018-06;"Occitanie";"Nucléaire";0,672818051
2018-07;"Occitanie";"Nucléaire";0,823405592
2018-08;"Occitanie";"Nucléaire";0,618512362
2018-09;"Occitanie";"Nucléaire";1,576146677
2018-10;"Occitanie";"Nucléaire";1,844273096
2018-11;"Occitanie";"Nucléaire";1,810165966
2018-12;"Occitanie";"Nucléaire";1,763831958
2019-01;"Occitanie";"Nucléaire";1,899084167
2019-02;"Occitanie";"Nucléaire";1,258279162
2019-03;"Occitanie";"Nucléaire";1,12526278
2019-04;"Occitanie";"Nucléaire";1,729556743
2019-05;"Occitanie";"Nucléaire";1,628665033
2019-06;"Occitanie";"Nucléaire";1,259080067
2019-07;"Occitanie";"Nucléaire";1,415800633
2019-08;"Occitanie";"Nucléaire";1,550551617
2019-09;"Occitanie";"Nucléaire";1,643752569
2019-10;"Occitanie";"Nucléaire";0,956200546
2019-11;"Occitanie";"Nucléaire";0,907169409
2019-12;"Occitanie";"Nucléaire";1,578120058
2020-01;"Occitanie";"Nucléaire";1,812157464
2020-02;"Occitanie";"Nucléaire";1,58359965
2020-03;"Occitanie";"Nucléaire";1,716660418
2020-04;"Occitanie";"Nucléaire";1,480541745
2020-05;"Occitanie";"Nucléaire";1,634271274
2020-06;"Occitanie";"Nucléaire";1,685304828
2020-07;"Occitanie";"Nucléaire";1,663939599
2020-08;"Occitanie";"Nucléaire";1,045721274
2020-09;"Occitanie";"Nucléaire";0,515110568
2020-10;"Occitanie";"Nucléaire";0,885460224
2020-11;"Occitanie";"Nucléaire";0,710766735
2020-12;"Occitanie";"Nucléaire";1,485855298
2021-01;"Occitanie";"Nucléaire";1,882123549
2021-02;"Occitanie";"Nucléaire";1,68325522
2021-03;"Occitanie";"Nucléaire";1,853126123
2021-04;"Occitanie";"Nucléaire";1,815579483
2021-05;"Occitanie";"Nucléaire";0,966271161
2021-06;"Occitanie";"Nucléaire";0,897730905
2021-07;"Occitanie";"Nucléaire";0,924738583
2021-08;"Occitanie";"Nucléaire";0,898191357
2021-09;"Occitanie";"Nucléaire";0,684716453
2021-10;"Occitanie";"Nucléaire";0,878285877
2021-11;"Occitanie";"Nucléaire";0,897742892
2021-12;"Occitanie";"Nucléaire";1,432985846
2022-01;"Occitanie";"Nucléaire";1,870360915
2022-02;"Occitanie";"Nucléaire";1,456217773
2022-03;"Occitanie";"Nucléaire";0,943127614
2022-04;"Occitanie";"Nucléaire";0,844693584
2022-05;"Occitanie";"Nucléaire";0,914628841
2022-06;"Occitanie";"Nucléaire";0,878388981999
2022-07;"Occitanie";"Nucléaire";0,724439514165
2022-08;"Occitanie";"Nucléaire";0,852068997667
2022-09;"Occitanie";"Nucléaire";0,870018014503
2022-10;"Occitanie";"Nucléaire";0,931124446499
2022-11;"Occitanie";"Nucléaire";0,913491036001
2022-12;"Occitanie";"Nucléaire";0,945657316666
2023-01;"Occitanie";"Nucléaire";0,945187608668
2023-02;"Occitanie";"Nucléaire";0,780152234005
2023-03;"Occitanie";"Nucléaire";0,635700059997
2023-04;"Occitanie";"Nucléaire";-0,012587730999
2023-05;"Occitanie";"Nucléaire";-0,008921955498
2023-06;"Occitanie";"Nucléaire";-0,011153466167
2023-07;"Occitanie";"Nucléaire";-0,016323010333
2023-08;"Occitanie";"Nucléaire";-0,049536384334
2023-09;"Occitanie";"Nucléaire";-0,047363049166
2023-10;"Occitanie";"Nucléaire";0,771635405169
2023-11;"Occitanie";"Nucléaire";0,77421938567
2023-12;"Occitanie";"Nucléaire";0,761607702582
2024-01;"Occitanie";"Nucléaire";1,182544154582
2024-02;"Occitanie";"Nucléaire";1,631823158333
2024-03;"Occitanie";"Nucléaire";1,802723652832
2024-04;"Occitanie";"Nucléaire";1,461729542414
2024-05;"Occitanie";"Nucléaire";1,387468191838
2024-06;"Occitanie";"Nucléaire";1,400859142253
2024-07;"Occitanie";"Nucléaire";1,057584813168
2024-08;"Occitanie";"Nucléaire";0,766387657252
2024-09;"Occitanie";"Nucléaire";1,297585735584
2024-10;"Occitanie";"Nucléaire";1,163966513917
2024-11;"Occitanie";"Nucléaire";1,708316827416
2024-12;"Occitanie";"Nucléaire";1,79537577125
2025-01;"Occitanie";"Nucléaire";1,801184577749
2025-02;"Occitanie";"Nucléaire";1,068683738833
2025-03;"Occitanie";"Nucléaire";0,871999863837
2025-04;"Occitanie";"Nucléaire";0,95344642625
2025-05;"Occitanie";"Nucléaire";0,841634108416
2025-06;"Occitanie";"Nucléaire";0,824121069671
2025-07;"Occitanie";"Nucléaire";0,669274284416
2025-08;"Occitanie";"Nucléaire";0,783752673338
2025-09;"Occitanie";"Nucléaire";0,792919639666
2025-10;"Occitanie";"Nucléaire";0,818078494829
2025-11;"Occitanie";"Nucléaire";0,900071040755
2014-01;"Occitanie";"Hydraulique";1,220290564019
2014-02;"Occitanie";"Hydraulique";1,520819805022
2014-03;"Occitanie";"Hydraulique";1,563598244612
2014-04;"Occitanie";"Hydraulique";1,202337741956
2014-05;"Occitanie";"Hydraulique";1,033498441127
2014-06;"Occitanie";"Hydraulique";0,854940757839
2014-07;"Occitanie";"Hydraulique";0,774658905169
2014-08;"Occitanie";"Hydraulique";0,597965152216
2014-09;"Occitanie";"Hydraulique";0,433787349864
2014-10;"Occitanie";"Hydraulique";0,458089973558
2014-11;"Occitanie";"Hydraulique";0,525968295767
2014-12;"Occitanie";"Hydraulique";1,048601830273
2015-01;"Occitanie";"Hydraulique";0,953899281571
2015-02;"Occitanie";"Hydraulique";1,275963464684
2015-03;"Occitanie";"Hydraulique";1,271799397807
2015-04;"Occitanie";"Hydraulique";1,100003514269
2015-05;"Occitanie";"Hydraulique";1,008024430615
2015-06;"Occitanie";"Hydraulique";0,776098718657
2015-07;"Occitanie";"Hydraulique";0,538095326766
2015-08;"Occitanie";"Hydraulique";0,434172696203
2015-09;"Occitanie";"Hydraulique";0,428469492602
2015-10;"Occitanie";"Hydraulique";0,511138650847
2015-11;"Occitanie";"Hydraulique";0,549160792026
2015-12;"Occitanie";"Hydraulique";0,559882444086
2016-01;"Occitanie";"Hydraulique";0,942288456127
2016-02;"Occitanie";"Hydraulique";1,192322111654
2016-03;"Occitanie";"Hydraulique";1,326460396642
2016-04;"Occitanie";"Hydraulique";1,274799098262
2016-05;"Occitanie";"Hydraulique";1,080749858236
2016-06;"Occitanie";"Hydraulique";0,959062188389
2016-07;"Occitanie";"Hydraulique";0,608202472637
2016-08;"Occitanie";"Hydraulique";0,421598778223
2016-09;"Occitanie";"Hydraulique";0,377408484904
2016-10;"Occitanie";"Hydraulique";0,422453399609
2016-11;"Occitanie";"Hydraulique";0,578006931135
2016-12;"Occitanie";"Hydraulique";0,799393521399
2017-01;"Occitanie";"Hydraulique";0,946843861742
2017-02;"Occitanie";"Hydraulique";0,882498845141
2017-03;"Occitanie";"Hydraulique";1,10737793387
2017-04;"Occitanie";"Hydraulique";0,817336503434
2017-05;"Occitanie";"Hydraulique";0,861834042408
2017-06;"Occitanie";"Hydraulique";0,626812904949
2017-07;"Occitanie";"Hydraulique";0,394682712258
2017-08;"Occitanie";"Hydraulique";0,387884465718
2017-09;"Occitanie";"Hydraulique";0,311361770262
2017-10;"Occitanie";"Hydraulique";0,263069430931
2017-11;"Occitanie";"Hydraulique";0,540598211046
2017-12;"Occitanie";"Hydraulique";0,729358936943
2018-01;"Occitanie";"Hydraulique";1,389953812897
2018-02;"Occitanie";"Hydraulique";1,526236126242
2018-03;"Occitanie";"Hydraulique";1,500082238141
2018-04;"Occitanie";"Hydraulique";1,345298074592
2018-05;"Occitanie";"Hydraulique";1,326403048624
2018-06;"Occitanie";"Hydraulique";1,360792203
2018-07;"Occitanie";"Hydraulique";0,932991331095
2018-08;"Occitanie";"Hydraulique";0,528709908532
2018-09;"Occitanie";"Hydraulique";0,368245158687
2018-10;"Occitanie";"Hydraulique";0,460357769064
2018-11;"Occitanie";"Hydraulique";0,841441679018
2018-12;"Occitanie";"Hydraulique";0,712991344736
2019-01;"Occitanie";"Hydraulique";0,745140063661
2019-02;"Occitanie";"Hydraulique";0,817174164728
2019-03;"Occitanie";"Hydraulique";0,727711601099
2019-04;"Occitanie";"Hydraulique";0,784851533455
2019-05;"Occitanie";"Hydraulique";0,799913448813
2019-06;"Occitanie";"Hydraulique";0,704646963875
2019-07;"Occitanie";"Hydraulique";0,453014048707
2019-08;"Occitanie";"Hydraulique";0,383902710443
2019-09;"Occitanie";"Hydraulique";0,262610800048
2019-10;"Occitanie";"Hydraulique";0,444651529627
2019-11;"Occitanie";"Hydraulique";1,14254748832
2019-12;"Occitanie";"Hydraulique";1,536182140454
2020-01;"Occitanie";"Hydraulique";1,203948579915
2020-02;"Occitanie";"Hydraulique";0,885101588156
2020-03;"Occitanie";"Hydraulique";1,275107153404
2020-04;"Occitanie";"Hydraulique";0,910772511732
2020-05;"Occitanie";"Hydraulique";1,097966317486
2020-06;"Occitanie";"Hydraulique";0,978278566597
2020-07;"Occitanie";"Hydraulique";0,520045950214
2020-08;"Occitanie";"Hydraulique";0,415721801843
2020-09;"Occitanie";"Hydraulique";0,392002833755
2020-10;"Occitanie";"Hydraulique";0,793531015689
2020-11;"Occitanie";"Hydraulique";0,774866692235
2020-12;"Occitanie";"Hydraulique";1,038570973561
2021-01;"Occitanie";"Hydraulique";1,464526507128
2021-02;"Occitanie";"Hydraulique";1,372171370168
2021-03;"Occitanie";"Hydraulique";1,20345523969
2021-04;"Occitanie";"Hydraulique";0,74436903689
2021-05;"Occitanie";"Hydraulique";0,809846180086
2021-06;"Occitanie";"Hydraulique";0,641751032319
2021-07;"Occitanie";"Hydraulique";0,45622386841
2021-08;"Occitanie";"Hydraulique";0,442940106372
2021-09;"Occitanie";"Hydraulique";0,374888621629
2021-10;"Occitanie";"Hydraulique";0,348152287097
2021-11;"Occitanie";"Hydraulique";0,518021396425
2021-12;"Occitanie";"Hydraulique";0,813788403128
2022-01;"Occitanie";"Hydraulique";1,1072350580269
2022-02;"Occitanie";"Hydraulique";0,6956730884011
2022-03;"Occitanie";"Hydraulique";1,0577340945286
2022-04;"Occitanie";"Hydraulique";1,0157635841087
2022-05;"Occitanie";"Hydraulique";0,9903664738398
2022-06;"Occitanie";"Hydraulique";0,5138572646238
2022-07;"Occitanie";"Hydraulique";0,431601010026
2022-08;"Occitanie";"Hydraulique";0,3123390621958
2022-09;"Occitanie";"Hydraulique";0,2387810497297
2022-10;"Occitanie";"Hydraulique";0,2609508090885
2022-11;"Occitanie";"Hydraulique";0,37579319274
2022-12;"Occitanie";"Hydraulique";0,6495463822896
2023-01;"Occitanie";"Hydraulique";0,8166458590386
2023-02;"Occitanie";"Hydraulique";0,4841276883181
2023-03;"Occitanie";"Hydraulique";0,8679219001392
2023-04;"Occitanie";"Hydraulique";0,6749525050222
2023-05;"Occitanie";"Hydraulique";0,797763833814
2023-06;"Occitanie";"Hydraulique";0,8985105506687
2023-07;"Occitanie";"Hydraulique";0,4018796779943
2023-08;"Occitanie";"Hydraulique";0,3901705779852
2023-09;"Occitanie";"Hydraulique";0,3334212857534
2023-10;"Occitanie";"Hydraulique";0,4219532981895
2023-11;"Occitanie";"Hydraulique";0,8984408992007
2023-12;"Occitanie";"Hydraulique";1,111271168757
2024-01;"Occitanie";"Hydraulique";1,2256559094213
2024-02;"Occitanie";"Hydraulique";0,8062194736808
2024-03;"Occitanie";"Hydraulique";1,4534027031147
2024-04;"Occitanie";"Hydraulique";0,932084362075
2024-05;"Occitanie";"Hydraulique";1,3154969214649
2024-06;"Occitanie";"Hydraulique";0,8607941577848
2024-07;"Occitanie";"Hydraulique";0,6028434430868
2024-08;"Occitanie";"Hydraulique";0,3840024247118
2024-09;"Occitanie";"Hydraulique";0,454621414161
2024-10;"Occitanie";"Hydraulique";0,9697772005203
2024-11;"Occitanie";"Hydraulique";0,9949345753721
2024-12;"Occitanie";"Hydraulique";1,2482250227822
2025-01;"Occitanie";"Hydraulique";1,262731706231
2025-02;"Occitanie";"Hydraulique";1,1932990799915
2025-03;"Occitanie";"Hydraulique";1,0836917410387
2025-04;"Occitanie";"Hydraulique";0,9440303010513
2025-05;"Occitanie";"Hydraulique";0,8611030446782
2025-06;"Occitanie";"Hydraulique";0,6480385140469
2025-07;"Occitanie";"Hydraulique";0,4177936867967
2025-08;"Occitanie";"Hydraulique";0,3456382383777
2025-09;"Occitanie";"Hydraulique";0,3086764810784
2025-10;"Occitanie";"Hydraulique";0,4534955906289
2025-11;"Occitanie";"Hydraulique";0,8215346074901
2014-01;"Occitanie";"Autre";-5,123702677412E-18
2014-02;"Occitanie";"Autre";3,7657680793113E-18
2014-03;"Occitanie";"Autre";-4,4038652932676E-18
2014-04;"Occitanie";"Autre";-6,4643637665007E-18
2014-05;"Occitanie";"Autre";6,3418506557333E-18
2014-06;"Occitanie";"Autre";1,9852817306765E-18
2014-07;"Occitanie";"Autre";-2,2875503574715E-18
2014-08;"Occitanie";"Autre";-3,7983158285293E-19
2014-09;"Occitanie";"Autre";1,3760555195308E-18
2014-10;"Occitanie";"Autre";1,0686295598417E-18
2014-11;"Occitanie";"Autre";1,4833342887322E-18
2014-12;"Occitanie";"Autre";8,2255001421227E-18
2015-01;"Occitanie";"Autre";1,1717198392103E-18
2015-02;"Occitanie";"Autre";6,8829004995496E-18
2015-03;"Occitanie";"Autre";2,6583769907607E-20
2015-04;"Occitanie";"Autre";1,2646446390097E-18
2015-05;"Occitanie";"Autre";-4,1994203253681E-18
2015-06;"Occitanie";"Autre";1,8562859582794E-18
2015-07;"Occitanie";"Autre";-2,1989285392543E-18
2015-08;"Occitanie";"Autre";-5,6137473142259E-18
2015-09;"Occitanie";"Autre";3,1713815601409E-18
2015-10;"Occitanie";"Autre";7,4017528217674E-19
2015-11;"Occitanie";"Autre";3,1075940432057E-18
2015-12;"Occitanie";"Autre";-6,0293957326873E-19
2016-01;"Occitanie";"Autre";-9,6887836295578E-18
2016-02;"Occitanie";"Autre";4,2153962612201E-18
2016-03;"Occitanie";"Autre";-1,7385745620935E-18
2016-04;"Occitanie";"Autre";1,0790084103984E-18
2016-05;"Occitanie";"Autre";4,6011285059766E-19
2016-06;"Occitanie";"Autre";-5,057034652145E-18
2016-07;"Occitanie";"Autre";3,4607785387442E-18
2016-08;"Occitanie";"Autre";3,6689479579466E-18
2016-09;"Occitanie";"Autre";1,1178028988534E-18
2016-10;"Occitanie";"Autre";5,400289590507E-18
2016-11;"Occitanie";"Autre";-1,5459855617905E-18
2016-12;"Occitanie";"Autre";2,6090553328917E-18
2017-01;"Occitanie";"Autre";-4,0929091713049E-18
2017-02;"Occitanie";"Autre";1,566554091309E-17
2017-03;"Occitanie";"Autre";0,00010494400000001
2017-04;"Occitanie";"Autre";9,6434E-5
2017-05;"Occitanie";"Autre";6,454499999999E-5
2017-06;"Occitanie";"Autre";2,6594E-5
2017-07;"Occitanie";"Autre";1,7289999999978E-6
2017-08;"Occitanie";"Autre";2,6413654249935E-18
2017-09;"Occitanie";"Autre";9,4999999999659E-7
2017-10;"Occitanie";"Autre";9,3209999999969E-6
2017-11;"Occitanie";"Autre";3,6846999999992E-5
2017-12;"Occitanie";"Autre";7,3884000000004E-5
2018-01;"Occitanie";"Autre";0,00011454899999999
2018-02;"Occitanie";"Autre";0,00010042599999999
2018-03;"Occitanie";"Autre";0,000107674
2018-04;"Occitanie";"Autre";0,000120433
2018-05;"Occitanie";"Autre";0,000123944
2018-06;"Occitanie";"Autre";8,5931000000011E-5
2018-07;"Occitanie";"Autre";1,1714999999998E-5
2018-08;"Occitanie";"Autre";3,3332999999998E-5
2018-09;"Occitanie";"Autre";1,1017185427842E-18
2018-10;"Occitanie";"Autre";4,6099999999767E-7
2018-11;"Occitanie";"Autre";2,7889999999996E-6
2018-12;"Occitanie";"Autre";2,1565000000001E-5
2019-01;"Occitanie";"Autre";4,4839999999985E-6
2019-02;"Occitanie";"Autre";8,2638000000005E-5
2019-03;"Occitanie";"Autre";5,6723000000018E-5
2019-04;"Occitanie";"Autre";9,0566000000004E-5
2019-05;"Occitanie";"Autre";8,0873999999993E-5
2019-06;"Occitanie";"Autre";4,5949999999997E-5
2019-07;"Occitanie";"Autre";1,8569999999958E-6
2019-08;"Occitanie";"Autre";1,5147000000006E-5
2019-09;"Occitanie";"Autre";2,9999999996709E-8
2019-10;"Occitanie";"Autre";6,5499999999956E-6
2019-11;"Occitanie";"Autre";6,0556999999992E-5
2019-12;"Occitanie";"Autre";9,2077999999995E-5
2020-01;"Occitanie";"Autre";5,6726E-5
2020-02;"Occitanie";"Autre";5,7070999999995E-5
2020-03;"Occitanie";"Autre";0,00015751499999999
2020-04;"Occitanie";"Autre";8,9622999999997E-5
2020-05;"Occitanie";"Autre";0,00010337899999999
2020-06;"Occitanie";"Autre";6,8844000000009E-5
2020-07;"Occitanie";"Autre";1,1486999999997E-5
2020-08;"Occitanie";"Autre";8,3276241805152E-18
2020-09;"Occitanie";"Autre";1,595E-5
2020-10;"Occitanie";"Autre";1,3959179298584E-17
2020-11;"Occitanie";"Autre";1,799999999999E-6
2020-12;"Occitanie";"Autre";3,1000000002198E-8
2021-01;"Occitanie";"Autre";1,1873E-5
2021-02;"Occitanie";"Autre";7,6999999999953E-6
2021-03;"Occitanie";"Autre";3,3999999999959E-7
2021-04;"Occitanie";"Autre";7,0439314103776E-20
2021-05;"Occitanie";"Autre";6,0760000000065E-6
2021-06;"Occitanie";"Autre";6,2699999999913E-6
2021-07;"Occitanie";"Autre";1,3329999999958E-6
2021-08;"Occitanie";"Autre";9,3000000007175E-8
2021-09;"Occitanie";"Autre";1,2000000000373E-7
2021-10;"Occitanie";"Autre";3,0999999998132E-8
2021-11;"Occitanie";"Autre";2,9099999999962E-6
2021-12;"Occitanie";"Autre";8,3699999999991E-6
2022-01;"Occitanie";"Autre";2,3727924000003E-5
2022-02;"Occitanie";"Autre";0,000197068515
2022-03;"Occitanie";"Autre";0,000261860056
2022-04;"Occitanie";"Autre";0,00026515260199999
2022-05;"Occitanie";"Autre";0,00027226018200001
2022-06;"Occitanie";"Autre";0,000268157976
2022-07;"Occitanie";"Autre";0,00027157632800001
2022-08;"Occitanie";"Autre";0,000268268947
2022-09;"Occitanie";"Autre";0,000232264414
2022-10;"Occitanie";"Autre";6,0835959999972E-6
2022-11;"Occitanie";"Autre";3,3558940000043E-6
2022-12;"Occitanie";"Autre";2,4210999999994E-6
2023-01;"Occitanie";"Autre";1,6087909999894E-6
2023-02;"Occitanie";"Autre";5,1412670000013E-6
2023-03;"Occitanie";"Autre";-3,783122252965E-18
2023-04;"Occitanie";"Autre";1,6161768104372E-18
2023-05;"Occitanie";"Autre";-7,6472612964285E-18
2023-06;"Occitanie";"Autre";-6,2519849323636E-18
2023-07;"Occitanie";"Autre";1,7863852758149E-18
2023-08;"Occitanie";"Autre";-2,4436329695843E-18
2023-09;"Occitanie";"Autre";1,6432983446224E-18
2023-10;"Occitanie";"Autre";-5,4612998151571E-19
2023-11;"Occitanie";"Autre";-1,2421680871399E-17
2023-12;"Occitanie";"Autre";-4,6687701447945E-18
2024-01;"Occitanie";"Autre";-2,8582648400888E-18
2024-02;"Occitanie";"Autre";3,2262265775573E-18
2024-03;"Occitanie";"Autre";2,4094736622571E-18
2024-04;"Occitanie";"Autre";0,00014085746099999
2024-05;"Occitanie";"Autre";0,000248572012
2024-06;"Occitanie";"Autre";0,00024857199000001
2024-07;"Occitanie";"Autre";0,00024055356
2024-08;"Occitanie";"Autre";0,00024055355999999
2024-09;"Occitanie";"Autre";0,000249259367
2024-10;"Occitanie";"Autre";0,00024857201200001
2024-11;"Occitanie";"Autre";0,00024857199
2024-12;"Occitanie";"Autre";0,00024857201200001
2025-01;"Occitanie";"Autre";0,000248609772
2025-02;"Occitanie";"Autre";0,000560794578
2025-03;"Occitanie";"Autre";0,00024953572100002
2025-04;"Occitanie";"Autre";0,000250043316
2025-05;"Occitanie";"Autre";0,000250267219
2025-06;"Occitanie";"Autre";0,000251190552
2025-07;"Occitanie";"Autre";2,0620440000048E-6
2025-08;"Occitanie";"Autre";3,1767119999969E-6
2025-09;"Occitanie";"Autre";2,361987999996E-6
2025-10;"Occitanie";"Autre";2,2656010000014E-6
2025-11;"Occitanie";"Autre";2,0219999999966E-6
2014-01;"Occitanie";"Production décarbonée";3,275941724019
2014-02;"Occitanie";"Production décarbonée";3,449057151356
2014-03;"Occitanie";"Production décarbonée";3,762955579446
2014-04;"Occitanie";"Production décarbonée";3,109564517955
2014-05;"Occitanie";"Production décarbonée";2,310809751626
2014-06;"Occitanie";"Production décarbonée";2,00200445484
2014-07;"Occitanie";"Production décarbonée";2,086264212835
2014-08;"Occitanie";"Production décarbonée";2,008650094215
2014-09;"Occitanie";"Production décarbonée";2,139649765195
2014-10;"Occitanie";"Production décarbonée";1,514537547725
2014-11;"Occitanie";"Production décarbonée";1,605446687434
2014-12;"Occitanie";"Production décarbonée";2,777443497273
2015-01;"Occitanie";"Production décarbonée";3,127144821238
2015-02;"Occitanie";"Production décarbonée";3,326187060185
2015-03;"Occitanie";"Production décarbonée";3,498606361472
2015-04;"Occitanie";"Production décarbonée";3,127251591934
2015-05;"Occitanie";"Production décarbonée";3,102177478448
2015-06;"Occitanie";"Production décarbonée";2,847510414491
2015-07;"Occitanie";"Production décarbonée";2,601233361931
2015-08;"Occitanie";"Production décarbonée";1,545593267538
2015-09;"Occitanie";"Production décarbonée";1,589297318936
2015-10;"Occitanie";"Production décarbonée";2,676584916848
2015-11;"Occitanie";"Production décarbonée";2,596651500525
2015-12;"Occitanie";"Production décarbonée";2,560613613586
2016-01;"Occitanie";"Production décarbonée";2,996904628293
2016-02;"Occitanie";"Production décarbonée";3,217945142153
2016-03;"Occitanie";"Production décarbonée";3,542231664976
2016-04;"Occitanie";"Production décarbonée";3,433477389763
2016-05;"Occitanie";"Production décarbonée";2,587608263232
2016-06;"Occitanie";"Production décarbonée";2,694745383889
2016-07;"Occitanie";"Production décarbonée";2,779061128137
2016-08;"Occitanie";"Production décarbonée";2,637273231723
2016-09;"Occitanie";"Production décarbonée";2,516980308738
2016-10;"Occitanie";"Production décarbonée";2,645983080443
2016-11;"Occitanie";"Production décarbonée";2,716168085803
2016-12;"Occitanie";"Production décarbonée";3,014809358566
2017-01;"Occitanie";"Production décarbonée";3,294119231576
2017-02;"Occitanie";"Production décarbonée";2,794071274308
2017-03;"Occitanie";"Production décarbonée";2,792439221207
2017-04;"Occitanie";"Production décarbonée";2,624410458103
2017-05;"Occitanie";"Production décarbonée";3,16874546724
2017-06;"Occitanie";"Production décarbonée";2,826716181952
2017-07;"Occitanie";"Production décarbonée";1,833949795095
2017-08;"Occitanie";"Production décarbonée";1,793786074547
2017-09;"Occitanie";"Production décarbonée";1,777619055095
2017-10;"Occitanie";"Production décarbonée";2,595254484934
2017-11;"Occitanie";"Production décarbonée";2,850542418214
2017-12;"Occitanie";"Production décarbonée";2,980176998782
2018-01;"Occitanie";"Production décarbonée";3,618048357062
2018-02;"Occitanie";"Production décarbonée";3,684718892076
2018-03;"Occitanie";"Production décarbonée";3,889055263305
2018-04;"Occitanie";"Production décarbonée";3,45600363726
2018-05;"Occitanie";"Production décarbonée";3,050641880126
2018-06;"Occitanie";"Production décarbonée";2,53575643983
2018-07;"Occitanie";"Production décarbonée";2,265038516267
2018-08;"Occitanie";"Production décarbonée";1,678954634031
2018-09;"Occitanie";"Production décarbonée";2,399987132521
2018-10;"Occitanie";"Production décarbonée";2,86721077773
2018-11;"Occitanie";"Production décarbonée";3,093128161184
2018-12;"Occitanie";"Production décarbonée";2,923341293906
2019-01;"Occitanie";"Production décarbonée";3,253615292164
2019-02;"Occitanie";"Production décarbonée";2,549108985231
2019-03;"Occitanie";"Production décarbonée";2,541780083601
2019-04;"Occitanie";"Production décarbonée";3,125278847955
2019-05;"Occitanie";"Production décarbonée";3,158096770813
2019-06;"Occitanie";"Production décarbonée";2,531682547044
2019-07;"Occitanie";"Production décarbonée";2,454923437702
2019-08;"Occitanie";"Production décarbonée";2,458161922106
2019-09;"Occitanie";"Production décarbonée";2,448192857054
2019-10;"Occitanie";"Production décarbonée";1,936120015295
2019-11;"Occitanie";"Production décarbonée";2,526135342651
2019-12;"Occitanie";"Production décarbonée";3,659746646621
2020-01;"Occitanie";"Production décarbonée";3,517826589918
2020-02;"Occitanie";"Production décarbonée";3,054864486157
2020-03;"Occitanie";"Production décarbonée";3,624275599906
2020-04;"Occitanie";"Production décarbonée";2,933008619066
2020-05;"Occitanie";"Production décarbonée";3,363549712321
2020-06;"Occitanie";"Production décarbonée";3,256033182761
2020-07;"Occitanie";"Production décarbonée";2,832171905548
2020-08;"Occitanie";"Production décarbonée";2,069667146505
2020-09;"Occitanie";"Production décarbonée";1,438849013087
2020-10;"Occitanie";"Production décarbonée";2,255003874188
2020-11;"Occitanie";"Production décarbonée";1,973578896403
2020-12;"Occitanie";"Production décarbonée";3,020478035895
2021-01;"Occitanie";"Production décarbonée";3,913585632296
2021-02;"Occitanie";"Production décarbonée";3,619380794332
2021-03;"Occitanie";"Production décarbonée";3,751426740857
2021-04;"Occitanie";"Production décarbonée";3,20206330889
2021-05;"Occitanie";"Production décarbonée";2,403285823424
2021-06;"Occitanie";"Production décarbonée";2,131212026317
2021-07;"Occitanie";"Production décarbonée";2,002387644577
2021-08;"Occitanie";"Production décarbonée";1,94552875004
2021-09;"Occitanie";"Production décarbonée";1,547018713968
2021-10;"Occitanie";"Production décarbonée";1,812335675764
2021-11;"Occitanie";"Production décarbonée";1,949201481258
2021-12;"Occitanie";"Production décarbonée";2,729978543298
2022-01;"Occitanie";"Production décarbonée";3,5622207000319
2022-02;"Occitanie";"Production décarbonée";2,8265087586006
2022-03;"Occitanie";"Production décarbonée";2,7003944062041
2022-04;"Occitanie";"Production décarbonée";2,5939245370867
2022-05;"Occitanie";"Production décarbonée";2,6480108198648
2022-06;"Occitanie";"Production décarbonée";2,0858135711353
2022-07;"Occitanie";"Production décarbonée";1,9302142174895
2022-08;"Occitanie";"Production décarbonée";1,8417481814148
2022-09;"Occitanie";"Production décarbonée";1,7413722319437
2022-10;"Occitanie";"Production décarbonée";1,715956208805
2022-11;"Occitanie";"Production décarbonée";1,84337063081
2022-12;"Occitanie";"Production décarbonée";1,9437256915446
2023-01;"Occitanie";"Production décarbonée";2,3254709362471
2023-02;"Occitanie";"Production décarbonée";1,8606648599341
2023-03;"Occitanie";"Production décarbonée";2,2527562539192
2023-04;"Occitanie";"Production décarbonée";1,4903626719152
2023-05;"Occitanie";"Production décarbonée";1,6342745174325
2023-06;"Occitanie";"Production décarbonée";1,6178701435532
2023-07;"Occitanie";"Production décarbonée";1,2332445845143
2023-08;"Occitanie";"Production décarbonée";1,2152554337912
2023-09;"Occitanie";"Production décarbonée";1,0191955504639
2023-10;"Occitanie";"Production décarbonée";1,799593981838
2023-11;"Occitanie";"Production décarbonée";2,3310365228312
2023-12;"Occitanie";"Production décarbonée";2,5280091210125
2024-01;"Occitanie";"Production décarbonée";2,9840521168293
2024-02;"Occitanie";"Production décarbonée";3,1418949750793
2024-03;"Occitanie";"Production décarbonée";4,1306170342602
2024-04;"Occitanie";"Production décarbonée";3,3278896925925
2024-05;"Occitanie";"Production décarbonée";3,5275790560804
2024-06;"Occitanie";"Production décarbonée";3,0990201034283
2024-07;"Occitanie";"Production décarbonée";2,6200144963738
2024-08;"Occitanie";"Production décarbonée";2,0990291833123
2024-09;"Occitanie";"Production décarbonée";2,6213880844625
2024-10;"Occitanie";"Production décarbonée";2,8083063846963
2024-11;"Occitanie";"Production décarbonée";3,3180716409746
2024-12;"Occitanie";"Production décarbonée";3,7129264721827
2025-01;"Occitanie";"Production décarbonée";3,682671822628
2025-02;"Occitanie";"Production décarbonée";2,872758160948
2025-03;"Occitanie";"Production décarbonée";2,8790512247132
2025-04;"Occitanie";"Production décarbonée";2,7720606275843
2025-05;"Occitanie";"Production décarbonée";2,6715833063072
2025-06;"Occitanie";"Production décarbonée";2,2897386525734
2025-07;"Occitanie";"Production décarbonée";2,1285918550567
2025-08;"Occitanie";"Production décarbonée";2,0303210328002
2025-09;"Occitanie";"Production décarbonée";1,8918881588084
2025-10;"Occitanie";"Production décarbonée";2,0126201235134
2025-11;"Occitanie";"Production décarbonée";2,4648437128306
2014-01;"Auvergne-Rhône-Alpes";"Thermique renouvelable et déchets";0,047164217
2014-02;"Auvergne-Rhône-Alpes";"Thermique renouvelable et déchets";0,044420406
2014-03;"Auvergne-Rhône-Alpes";"Thermique renouvelable et déchets";0,048725553
2014-04;"Auvergne-Rhône-Alpes";"Thermique renouvelable et déchets";0,039962895
2014-05;"Auvergne-Rhône-Alpes";"Thermique renouvelable et déchets";0,044758721
2014-06;"Auvergne-Rhône-Alpes";"Thermique renouvelable et déchets";0,036469035
2014-07;"Auvergne-Rhône-Alpes";"Thermique renouvelable et déchets";0,0422189705
2014-08;"Auvergne-Rhône-Alpes";"Thermique renouvelable et déchets";0,044443594
2014-09;"Auvergne-Rhône-Alpes";"Thermique renouvelable et déchets";0,0442224355
2014-10;"Auvergne-Rhône-Alpes";"Thermique renouvelable et déchets";0,041529219
2014-11;"Auvergne-Rhône-Alpes";"Thermique renouvelable et déchets";0,051219705
2014-12;"Auvergne-Rhône-Alpes";"Thermique renouvelable et déchets";0,0509630055
2015-01;"Auvergne-Rhône-Alpes";"Thermique renouvelable et déchets";0,0479984365
2015-02;"Auvergne-Rhône-Alpes";"Thermique renouvelable et déchets";0,0428300695
2015-03;"Auvergne-Rhône-Alpes";"Thermique renouvelable et déchets";0,048123684
2015-04;"Auvergne-Rhône-Alpes";"Thermique renouvelable et déchets";0,0421839275
2015-05;"Auvergne-Rhône-Alpes";"Thermique renouvelable et déchets";0,043865822
2015-06;"Auvergne-Rhône-Alpes";"Thermique renouvelable et déchets";0,037561268
2015-07;"Auvergne-Rhône-Alpes";"Thermique renouvelable et déchets";0,0455497245
2015-08;"Auvergne-Rhône-Alpes";"Thermique renouvelable et déchets";0,044851226
2015-09;"Auvergne-Rhône-Alpes";"Thermique renouvelable et déchets";0,046540349
2015-10;"Auvergne-Rhône-Alpes";"Thermique renouvelable et déchets";0,0430684415
2015-11;"Auvergne-Rhône-Alpes";"Thermique renouvelable et déchets";0,052387295
2015-12;"Auvergne-Rhône-Alpes";"Thermique renouvelable et déchets";0,0544536765
2016-01;"Auvergne-Rhône-Alpes";"Thermique renouvelable et déchets";0,0551683715
2016-02;"Auvergne-Rhône-Alpes";"Thermique renouvelable et déchets";0,053041312
2016-03;"Auvergne-Rhône-Alpes";"Thermique renouvelable et déchets";0,057007141
2016-04;"Auvergne-Rhône-Alpes";"Thermique renouvelable et déchets";0,054969674499
2016-05;"Auvergne-Rhône-Alpes";"Thermique renouvelable et déchets";0,051618018166
2016-06;"Auvergne-Rhône-Alpes";"Thermique renouvelable et déchets";0,048616344168
2016-07;"Auvergne-Rhône-Alpes";"Thermique renouvelable et déchets";0,0513497715
2016-08;"Auvergne-Rhône-Alpes";"Thermique renouvelable et déchets";0,0545010055
2016-09;"Auvergne-Rhône-Alpes";"Thermique renouvelable et déchets";0,048270927166
2016-10;"Auvergne-Rhône-Alpes";"Thermique renouvelable et déchets";0,045083366
2016-11;"Auvergne-Rhône-Alpes";"Thermique renouvelable et déchets";0,05917541
2016-12;"Auvergne-Rhône-Alpes";"Thermique renouvelable et déchets";0,058183732
2017-01;"Auvergne-Rhône-Alpes";"Thermique renouvelable et déchets";0,0527656715
2017-02;"Auvergne-Rhône-Alpes";"Thermique renouvelable et déchets";0,047665154
2017-03;"Auvergne-Rhône-Alpes";"Thermique renouvelable et déchets";0,051040506
2017-04;"Auvergne-Rhône-Alpes";"Thermique renouvelable et déchets";0,045388886834
2017-05;"Auvergne-Rhône-Alpes";"Thermique renouvelable et déchets";0,043957188
2017-06;"Auvergne-Rhône-Alpes";"Thermique renouvelable et déchets";0,043984879001
2017-07;"Auvergne-Rhône-Alpes";"Thermique renouvelable et déchets";0,057059126667
2017-08;"Auvergne-Rhône-Alpes";"Thermique renouvelable et déchets";0,046701841
2017-09;"Auvergne-Rhône-Alpes";"Thermique renouvelable et déchets";0,046154006333
2017-10;"Auvergne-Rhône-Alpes";"Thermique renouvelable et déchets";0,056838743168
2017-11;"Auvergne-Rhône-Alpes";"Thermique renouvelable et déchets";0,0592062905
2017-12;"Auvergne-Rhône-Alpes";"Thermique renouvelable et déchets";0,0622262745
2018-01;"Auvergne-Rhône-Alpes";"Thermique renouvelable et déchets";0,062428556667
2018-02;"Auvergne-Rhône-Alpes";"Thermique renouvelable et déchets";0,056508172163
2018-03;"Auvergne-Rhône-Alpes";"Thermique renouvelable et déchets";0,059218325167
2018-04;"Auvergne-Rhône-Alpes";"Thermique renouvelable et déchets";0,055190073666
2018-05;"Auvergne-Rhône-Alpes";"Thermique renouvelable et déchets";0,061726487332
2018-06;"Auvergne-Rhône-Alpes";"Thermique renouvelable et déchets";0,055813263332
2018-07;"Auvergne-Rhône-Alpes";"Thermique renouvelable et déchets";0,058143922667
2018-08;"Auvergne-Rhône-Alpes";"Thermique renouvelable et déchets";0,054793855665
2018-09;"Auvergne-Rhône-Alpes";"Thermique renouvelable et déchets";0,055849796167
2018-10;"Auvergne-Rhône-Alpes";"Thermique renouvelable et déchets";0,061829205498
2018-11;"Auvergne-Rhône-Alpes";"Thermique renouvelable et déchets";0,058481694335
2018-12;"Auvergne-Rhône-Alpes";"Thermique renouvelable et déchets";0,067194184001
2019-01;"Auvergne-Rhône-Alpes";"Thermique renouvelable et déchets";0,064857968498
2019-02;"Auvergne-Rhône-Alpes";"Thermique renouvelable et déchets";0,057603950331
2019-03;"Auvergne-Rhône-Alpes";"Thermique renouvelable et déchets";0,062690215167
2019-04;"Auvergne-Rhône-Alpes";"Thermique renouvelable et déchets";0,057106242836
2019-05;"Auvergne-Rhône-Alpes";"Thermique renouvelable et déchets";0,064357040167
2019-06;"Auvergne-Rhône-Alpes";"Thermique renouvelable et déchets";0,048767496165
2019-07;"Auvergne-Rhône-Alpes";"Thermique renouvelable et déchets";0,055466603833
2019-08;"Auvergne-Rhône-Alpes";"Thermique renouvelable et déchets";0,060110839166
2019-09;"Auvergne-Rhône-Alpes";"Thermique renouvelable et déchets";0,057727699169
2019-10;"Auvergne-Rhône-Alpes";"Thermique renouvelable et déchets";0,053588610499
2019-11;"Auvergne-Rhône-Alpes";"Thermique renouvelable et déchets";0,057520463167
2019-12;"Auvergne-Rhône-Alpes";"Thermique renouvelable et déchets";0,065828984334
2020-01;"Auvergne-Rhône-Alpes";"Thermique renouvelable et déchets";0,066437654002
2020-02;"Auvergne-Rhône-Alpes";"Thermique renouvelable et déchets";0,058664690166
2020-03;"Auvergne-Rhône-Alpes";"Thermique renouvelable et déchets";0,061220947163
2020-04;"Auvergne-Rhône-Alpes";"Thermique renouvelable et déchets";0,056215897835
2020-05;"Auvergne-Rhône-Alpes";"Thermique renouvelable et déchets";0,061246314334
2020-06;"Auvergne-Rhône-Alpes";"Thermique renouvelable et déchets";0,057322970499
2020-07;"Auvergne-Rhône-Alpes";"Thermique renouvelable et déchets";0,054211553833
2020-08;"Auvergne-Rhône-Alpes";"Thermique renouvelable et déchets";0,049553029331
2020-09;"Auvergne-Rhône-Alpes";"Thermique renouvelable et déchets";0,055131995334
2020-10;"Auvergne-Rhône-Alpes";"Thermique renouvelable et déchets";0,056602439999
2020-11;"Auvergne-Rhône-Alpes";"Thermique renouvelable et déchets";0,061916072668
2020-12;"Auvergne-Rhône-Alpes";"Thermique renouvelable et déchets";0,061511619332
2021-01;"Auvergne-Rhône-Alpes";"Thermique renouvelable et déchets";0,060318455665
2021-02;"Auvergne-Rhône-Alpes";"Thermique renouvelable et déchets";0,057064689168
2021-03;"Auvergne-Rhône-Alpes";"Thermique renouvelable et déchets";0,063641611
2021-04;"Auvergne-Rhône-Alpes";"Thermique renouvelable et déchets";0,055417079999
2021-05;"Auvergne-Rhône-Alpes";"Thermique renouvelable et déchets";0,058784447832
2021-06;"Auvergne-Rhône-Alpes";"Thermique renouvelable et déchets";0,054434975001
2021-07;"Auvergne-Rhône-Alpes";"Thermique renouvelable et déchets";0,064949822332
2021-08;"Auvergne-Rhône-Alpes";"Thermique renouvelable et déchets";0,062334431833
2021-09;"Auvergne-Rhône-Alpes";"Thermique renouvelable et déchets";0,056596916835
2021-10;"Auvergne-Rhône-Alpes";"Thermique renouvelable et déchets";0,058866908998
2021-11;"Auvergne-Rhône-Alpes";"Thermique renouvelable et déchets";0,060941541168
2021-12;"Auvergne-Rhône-Alpes";"Thermique renouvelable et déchets";0,06376557867
2022-01;"Auvergne-Rhône-Alpes";"Thermique renouvelable et déchets";0,0643785904735
2022-02;"Auvergne-Rhône-Alpes";"Thermique renouvelable et déchets";0,0635194139115
2022-03;"Auvergne-Rhône-Alpes";"Thermique renouvelable et déchets";0,0708316115215
2022-04;"Auvergne-Rhône-Alpes";"Thermique renouvelable et déchets";0,061598036711
2022-05;"Auvergne-Rhône-Alpes";"Thermique renouvelable et déchets";0,066262566922
2022-06;"Auvergne-Rhône-Alpes";"Thermique renouvelable et déchets";0,061103186748
2022-07;"Auvergne-Rhône-Alpes";"Thermique renouvelable et déchets";0,061292262087
2022-08;"Auvergne-Rhône-Alpes";"Thermique renouvelable et déchets";0,063543379351
2022-09;"Auvergne-Rhône-Alpes";"Thermique renouvelable et déchets";0,0630823119695
2022-10;"Auvergne-Rhône-Alpes";"Thermique renouvelable et déchets";0,057078279704
2022-11;"Auvergne-Rhône-Alpes";"Thermique renouvelable et déchets";0,0608095981575
2022-12;"Auvergne-Rhône-Alpes";"Thermique renouvelable et déchets";0,06156341277
2023-01;"Auvergne-Rhône-Alpes";"Thermique renouvelable et déchets";0,0592966633195
2023-02;"Auvergne-Rhône-Alpes";"Thermique renouvelable et déchets";0,054564202534
2023-03;"Auvergne-Rhône-Alpes";"Thermique renouvelable et déchets";0,057046991534
2023-04;"Auvergne-Rhône-Alpes";"Thermique renouvelable et déchets";0,0583593705955
2023-05;"Auvergne-Rhône-Alpes";"Thermique renouvelable et déchets";0,0630850912105
2023-06;"Auvergne-Rhône-Alpes";"Thermique renouvelable et déchets";0,063048844737
2023-07;"Auvergne-Rhône-Alpes";"Thermique renouvelable et déchets";0,0678149733435
2023-08;"Auvergne-Rhône-Alpes";"Thermique renouvelable et déchets";0,0617562134755
2023-09;"Auvergne-Rhône-Alpes";"Thermique renouvelable et déchets";0,061939895894
2023-10;"Auvergne-Rhône-Alpes";"Thermique renouvelable et déchets";0,0573901497285
2023-11;"Auvergne-Rhône-Alpes";"Thermique renouvelable et déchets";0,0636378412535
2023-12;"Auvergne-Rhône-Alpes";"Thermique renouvelable et déchets";0,0646788476085
2024-01;"Auvergne-Rhône-Alpes";"Thermique renouvelable et déchets";0,0660340715815
2024-02;"Auvergne-Rhône-Alpes";"Thermique renouvelable et déchets";0,0625335099675
2024-03;"Auvergne-Rhône-Alpes";"Thermique renouvelable et déchets";0,067914574465
2024-04;"Auvergne-Rhône-Alpes";"Thermique renouvelable et déchets";0,0585578250245
2024-05;"Auvergne-Rhône-Alpes";"Thermique renouvelable et déchets";0,068662180644
2024-06;"Auvergne-Rhône-Alpes";"Thermique renouvelable et déchets";0,0563676414535
2024-07;"Auvergne-Rhône-Alpes";"Thermique renouvelable et déchets";0,062495560983
2024-08;"Auvergne-Rhône-Alpes";"Thermique renouvelable et déchets";0,0652775270015
2024-09;"Auvergne-Rhône-Alpes";"Thermique renouvelable et déchets";0,063368202512
2024-10;"Auvergne-Rhône-Alpes";"Thermique renouvelable et déchets";0,063733943429
2024-11;"Auvergne-Rhône-Alpes";"Thermique renouvelable et déchets";0,057038665936
2024-12;"Auvergne-Rhône-Alpes";"Thermique renouvelable et déchets";0,056117070771
2025-01;"Auvergne-Rhône-Alpes";"Thermique renouvelable et déchets";0,056550737958
2025-02;"Auvergne-Rhône-Alpes";"Thermique renouvelable et déchets";0,0533558480165
2025-03;"Auvergne-Rhône-Alpes";"Thermique renouvelable et déchets";0,067049948669
2025-04;"Auvergne-Rhône-Alpes";"Thermique renouvelable et déchets";0,064234230706
2025-05;"Auvergne-Rhône-Alpes";"Thermique renouvelable et déchets";0,066416960878
2025-06;"Auvergne-Rhône-Alpes";"Thermique renouvelable et déchets";0,0595983928645
2025-07;"Auvergne-Rhône-Alpes";"Thermique renouvelable et déchets";0,066856958087
2025-08;"Auvergne-Rhône-Alpes";"Thermique renouvelable et déchets";0,0577603547085
2025-09;"Auvergne-Rhône-Alpes";"Thermique renouvelable et déchets";0,0503651629195
2025-10;"Auvergne-Rhône-Alpes";"Thermique renouvelable et déchets";0,0445028216365
2025-11;"Auvergne-Rhône-Alpes";"Thermique renouvelable et déchets";0,054867646376
2014-01;"Auvergne-Rhône-Alpes";"Éolien";0,075012417
2014-02;"Auvergne-Rhône-Alpes";"Éolien";0,080167994
2014-03;"Auvergne-Rhône-Alpes";"Éolien";0,070370689
2014-04;"Auvergne-Rhône-Alpes";"Éolien";0,057750235
2014-05;"Auvergne-Rhône-Alpes";"Éolien";0,089805356
2014-06;"Auvergne-Rhône-Alpes";"Éolien";0,055140116
2014-07;"Auvergne-Rhône-Alpes";"Éolien";0,053814022
2014-08;"Auvergne-Rhône-Alpes";"Éolien";0,038553293
2014-09;"Auvergne-Rhône-Alpes";"Éolien";0,048569763
2014-10;"Auvergne-Rhône-Alpes";"Éolien";0,052679536
2014-11;"Auvergne-Rhône-Alpes";"Éolien";0,06766869
2014-12;"Auvergne-Rhône-Alpes";"Éolien";0,074905682
2015-01;"Auvergne-Rhône-Alpes";"Éolien";0,070684359
2015-02;"Auvergne-Rhône-Alpes";"Éolien";0,06613687
2015-03;"Auvergne-Rhône-Alpes";"Éolien";0,074825897
2015-04;"Auvergne-Rhône-Alpes";"Éolien";0,066232188
2015-05;"Auvergne-Rhône-Alpes";"Éolien";0,086264374
2015-06;"Auvergne-Rhône-Alpes";"Éolien";0,044315513
2015-07;"Auvergne-Rhône-Alpes";"Éolien";0,057054997
2015-08;"Auvergne-Rhône-Alpes";"Éolien";0,055399367
2015-09;"Auvergne-Rhône-Alpes";"Éolien";0,070877824
2015-10;"Auvergne-Rhône-Alpes";"Éolien";0,062480556
2015-11;"Auvergne-Rhône-Alpes";"Éolien";0,075139982
2015-12;"Auvergne-Rhône-Alpes";"Éolien";0,069613506
2016-01;"Auvergne-Rhône-Alpes";"Éolien";0,085110492
2016-02;"Auvergne-Rhône-Alpes";"Éolien";0,090329576
2016-03;"Auvergne-Rhône-Alpes";"Éolien";0,090098016
2016-04;"Auvergne-Rhône-Alpes";"Éolien";0,084429171
2016-05;"Auvergne-Rhône-Alpes";"Éolien";0,096812077
2016-06;"Auvergne-Rhône-Alpes";"Éolien";0,045710957
2016-07;"Auvergne-Rhône-Alpes";"Éolien";0,053825328
2016-08;"Auvergne-Rhône-Alpes";"Éolien";0,050811533
2016-09;"Auvergne-Rhône-Alpes";"Éolien";0,050551319
2016-10;"Auvergne-Rhône-Alpes";"Éolien";0,064496853
2016-11;"Auvergne-Rhône-Alpes";"Éolien";0,084480497
2016-12;"Auvergne-Rhône-Alpes";"Éolien";0,060800108
2017-01;"Auvergne-Rhône-Alpes";"Éolien";0,088241436
2017-02;"Auvergne-Rhône-Alpes";"Éolien";0,101150223
2017-03;"Auvergne-Rhône-Alpes";"Éolien";0,089614039
2017-04;"Auvergne-Rhône-Alpes";"Éolien";0,091423474
2017-05;"Auvergne-Rhône-Alpes";"Éolien";0,074622862
2017-06;"Auvergne-Rhône-Alpes";"Éolien";0,056895511
2017-07;"Auvergne-Rhône-Alpes";"Éolien";0,069372419
2017-08;"Auvergne-Rhône-Alpes";"Éolien";0,055204311
2017-09;"Auvergne-Rhône-Alpes";"Éolien";0,054958068
2017-10;"Auvergne-Rhône-Alpes";"Éolien";0,086420256
2017-11;"Auvergne-Rhône-Alpes";"Éolien";0,111263715
2017-12;"Auvergne-Rhône-Alpes";"Éolien";0,128951731
2018-01;"Auvergne-Rhône-Alpes";"Éolien";0,139778426
2018-02;"Auvergne-Rhône-Alpes";"Éolien";0,087325938
2018-03;"Auvergne-Rhône-Alpes";"Éolien";0,122128345
2018-04;"Auvergne-Rhône-Alpes";"Éolien";0,102613294
2018-05;"Auvergne-Rhône-Alpes";"Éolien";0,066984144
2018-06;"Auvergne-Rhône-Alpes";"Éolien";0,061650387
2018-07;"Auvergne-Rhône-Alpes";"Éolien";0,048669765
2018-08;"Auvergne-Rhône-Alpes";"Éolien";0,064458825
2018-09;"Auvergne-Rhône-Alpes";"Éolien";0,057274565
2018-10;"Auvergne-Rhône-Alpes";"Éolien";0,11248805
2018-11;"Auvergne-Rhône-Alpes";"Éolien";0,098077076
2018-12;"Auvergne-Rhône-Alpes";"Éolien";0,120160275
2019-01;"Auvergne-Rhône-Alpes";"Éolien";0,114414966
2019-02;"Auvergne-Rhône-Alpes";"Éolien";0,089561329
2019-03;"Auvergne-Rhône-Alpes";"Éolien";0,140560789
2019-04;"Auvergne-Rhône-Alpes";"Éolien";0,103559594
2019-05;"Auvergne-Rhône-Alpes";"Éolien";0,119906022
2019-06;"Auvergne-Rhône-Alpes";"Éolien";0,070398774
2019-07;"Auvergne-Rhône-Alpes";"Éolien";0,058768975
2019-08;"Auvergne-Rhône-Alpes";"Éolien";0,05827828
2019-09;"Auvergne-Rhône-Alpes";"Éolien";0,075652985
2019-10;"Auvergne-Rhône-Alpes";"Éolien";0,117303922
2019-11;"Auvergne-Rhône-Alpes";"Éolien";0,106842394
2019-12;"Auvergne-Rhône-Alpes";"Éolien";0,137441409
2020-01;"Auvergne-Rhône-Alpes";"Éolien";0,121308128
2020-02;"Auvergne-Rhône-Alpes";"Éolien";0,1456192
2020-03;"Auvergne-Rhône-Alpes";"Éolien";0,095503436
2020-04;"Auvergne-Rhône-Alpes";"Éolien";0,067142076
2020-05;"Auvergne-Rhône-Alpes";"Éolien";0,096315568
2020-06;"Auvergne-Rhône-Alpes";"Éolien";0,065068741
2020-07;"Auvergne-Rhône-Alpes";"Éolien";0,061334154
2020-08;"Auvergne-Rhône-Alpes";"Éolien";0,064822413
2020-09;"Auvergne-Rhône-Alpes";"Éolien";0,066904528
2020-10;"Auvergne-Rhône-Alpes";"Éolien";0,123532413
2020-11;"Auvergne-Rhône-Alpes";"Éolien";0,095617176
2020-12;"Auvergne-Rhône-Alpes";"Éolien";0,14080899
2021-01;"Auvergne-Rhône-Alpes";"Éolien";0,129269219
2021-02;"Auvergne-Rhône-Alpes";"Éolien";0,144730318
2021-03;"Auvergne-Rhône-Alpes";"Éolien";0,128169264
2021-04;"Auvergne-Rhône-Alpes";"Éolien";0,113132823
2021-05;"Auvergne-Rhône-Alpes";"Éolien";0,107410174
2021-06;"Auvergne-Rhône-Alpes";"Éolien";0,091881147
2021-07;"Auvergne-Rhône-Alpes";"Éolien";0,081958305
2021-08;"Auvergne-Rhône-Alpes";"Éolien";0,082869844
2021-09;"Auvergne-Rhône-Alpes";"Éolien";0,063995712
2021-10;"Auvergne-Rhône-Alpes";"Éolien";0,155132352
2021-11;"Auvergne-Rhône-Alpes";"Éolien";0,110210573
2021-12;"Auvergne-Rhône-Alpes";"Éolien";0,141366843
2022-01;"Auvergne-Rhône-Alpes";"Éolien";0,144034770103
2022-02;"Auvergne-Rhône-Alpes";"Éolien";0,160340136572
2022-03;"Auvergne-Rhône-Alpes";"Éolien";0,131829650002
2022-04;"Auvergne-Rhône-Alpes";"Éolien";0,129546047959
2022-05;"Auvergne-Rhône-Alpes";"Éolien";0,108496361684
2022-06;"Auvergne-Rhône-Alpes";"Éolien";0,092062980284
2022-07;"Auvergne-Rhône-Alpes";"Éolien";0,095009503651
2022-08;"Auvergne-Rhône-Alpes";"Éolien";0,078029201488
2022-09;"Auvergne-Rhône-Alpes";"Éolien";0,096742695038
2022-10;"Auvergne-Rhône-Alpes";"Éolien";0,133033890588
2022-11;"Auvergne-Rhône-Alpes";"Éolien";0,137221032647
2022-12;"Auvergne-Rhône-Alpes";"Éolien";0,130471479993
2023-01;"Auvergne-Rhône-Alpes";"Éolien";0,154252203814
2023-02;"Auvergne-Rhône-Alpes";"Éolien";0,101384704514
2023-03;"Auvergne-Rhône-Alpes";"Éolien";0,155687977816
2023-04;"Auvergne-Rhône-Alpes";"Éolien";0,12512184477
2023-05;"Auvergne-Rhône-Alpes";"Éolien";0,10893499988
2023-06;"Auvergne-Rhône-Alpes";"Éolien";0,071284374581
2023-07;"Auvergne-Rhône-Alpes";"Éolien";0,084100000464
2023-08;"Auvergne-Rhône-Alpes";"Éolien";0,105132222058
2023-09;"Auvergne-Rhône-Alpes";"Éolien";0,076012991268
2023-10;"Auvergne-Rhône-Alpes";"Éolien";0,146691144313
2023-11;"Auvergne-Rhône-Alpes";"Éolien";0,175652407882
2023-12;"Auvergne-Rhône-Alpes";"Éolien";0,174655940208
2024-01;"Auvergne-Rhône-Alpes";"Éolien";0,148959335125
2024-02;"Auvergne-Rhône-Alpes";"Éolien";0,150314351922
2024-03;"Auvergne-Rhône-Alpes";"Éolien";0,16709902937
2024-04;"Auvergne-Rhône-Alpes";"Éolien";0,181889267223
2024-05;"Auvergne-Rhône-Alpes";"Éolien";0,086595695441
2024-06;"Auvergne-Rhône-Alpes";"Éolien";0,095669755286
2024-07;"Auvergne-Rhône-Alpes";"Éolien";0,074133987806
2024-08;"Auvergne-Rhône-Alpes";"Éolien";0,074543524396
2024-09;"Auvergne-Rhône-Alpes";"Éolien";0,14304340622
2024-10;"Auvergne-Rhône-Alpes";"Éolien";0,125080117363
2024-11;"Auvergne-Rhône-Alpes";"Éolien";0,116543953814
2024-12;"Auvergne-Rhône-Alpes";"Éolien";0,124763882817
2025-01;"Auvergne-Rhône-Alpes";"Éolien";0,176942938891
2025-02;"Auvergne-Rhône-Alpes";"Éolien";0,11761601613
2025-03;"Auvergne-Rhône-Alpes";"Éolien";0,157506330148
2025-04;"Auvergne-Rhône-Alpes";"Éolien";0,110992967291
2025-05;"Auvergne-Rhône-Alpes";"Éolien";0,100757791069
2025-06;"Auvergne-Rhône-Alpes";"Éolien";0,070858718188
2025-07;"Auvergne-Rhône-Alpes";"Éolien";0,097539688866
2025-08;"Auvergne-Rhône-Alpes";"Éolien";0,074326476752
2025-09;"Auvergne-Rhône-Alpes";"Éolien";0,076999200771
2025-10;"Auvergne-Rhône-Alpes";"Éolien";0,125671852314
2025-11;"Auvergne-Rhône-Alpes";"Éolien";0,159861139058
2014-01;"Auvergne-Rhône-Alpes";"Solaire";0,018382434
2014-02;"Auvergne-Rhône-Alpes";"Solaire";0,02650491
2014-03;"Auvergne-Rhône-Alpes";"Solaire";0,059122723
2014-04;"Auvergne-Rhône-Alpes";"Solaire";0,064638153
2014-05;"Auvergne-Rhône-Alpes";"Solaire";0,072585388
2014-06;"Auvergne-Rhône-Alpes";"Solaire";0,085586969
2014-07;"Auvergne-Rhône-Alpes";"Solaire";0,067934649
2014-08;"Auvergne-Rhône-Alpes";"Solaire";0,075833261
2014-09;"Auvergne-Rhône-Alpes";"Solaire";0,067983852
2014-10;"Auvergne-Rhône-Alpes";"Solaire";0,050813964
2014-11;"Auvergne-Rhône-Alpes";"Solaire";0,025123867
2014-12;"Auvergne-Rhône-Alpes";"Solaire";0,017776841
2015-01;"Auvergne-Rhône-Alpes";"Solaire";0,024741909
2015-02;"Auvergne-Rhône-Alpes";"Solaire";0,032883173
2015-03;"Auvergne-Rhône-Alpes";"Solaire";0,057232261
2015-04;"Auvergne-Rhône-Alpes";"Solaire";0,081302533
2015-05;"Auvergne-Rhône-Alpes";"Solaire";0,09117205
2015-06;"Auvergne-Rhône-Alpes";"Solaire";0,100632612
2015-07;"Auvergne-Rhône-Alpes";"Solaire";0,105848549
2015-08;"Auvergne-Rhône-Alpes";"Solaire";0,091235078
2015-09;"Auvergne-Rhône-Alpes";"Solaire";0,073074416
2015-10;"Auvergne-Rhône-Alpes";"Solaire";0,048705895
2015-11;"Auvergne-Rhône-Alpes";"Solaire";0,039907545
2015-12;"Auvergne-Rhône-Alpes";"Solaire";0,033567655
2016-01;"Auvergne-Rhône-Alpes";"Solaire";0,026301794
2016-02;"Auvergne-Rhône-Alpes";"Solaire";0,03311408
2016-03;"Auvergne-Rhône-Alpes";"Solaire";0,063161796
2016-04;"Auvergne-Rhône-Alpes";"Solaire";0,075103901
2016-05;"Auvergne-Rhône-Alpes";"Solaire";0,090393294
2016-06;"Auvergne-Rhône-Alpes";"Solaire";0,094050761
2016-07;"Auvergne-Rhône-Alpes";"Solaire";0,106913711
2016-08;"Auvergne-Rhône-Alpes";"Solaire";0,107218671
2016-09;"Auvergne-Rhône-Alpes";"Solaire";0,081051376
2016-10;"Auvergne-Rhône-Alpes";"Solaire";0,071931528
2016-11;"Auvergne-Rhône-Alpes";"Solaire";0,032988031
2016-12;"Auvergne-Rhône-Alpes";"Solaire";0,037167271
2017-01;"Auvergne-Rhône-Alpes";"Solaire";0,030913988
2017-02;"Auvergne-Rhône-Alpes";"Solaire";0,044161931
2017-03;"Auvergne-Rhône-Alpes";"Solaire";0,070335078
2017-04;"Auvergne-Rhône-Alpes";"Solaire";0,100527352
2017-05;"Auvergne-Rhône-Alpes";"Solaire";0,105579802
2017-06;"Auvergne-Rhône-Alpes";"Solaire";0,112221024
2017-07;"Auvergne-Rhône-Alpes";"Solaire";0,108084612
2017-08;"Auvergne-Rhône-Alpes";"Solaire";0,10490053
2017-09;"Auvergne-Rhône-Alpes";"Solaire";0,078447046
2017-10;"Auvergne-Rhône-Alpes";"Solaire";0,071695664
2017-11;"Auvergne-Rhône-Alpes";"Solaire";0,037871688
2017-12;"Auvergne-Rhône-Alpes";"Solaire";0,021063338
2018-01;"Auvergne-Rhône-Alpes";"Solaire";0,021844258
2018-02;"Auvergne-Rhône-Alpes";"Solaire";0,040544613
2018-03;"Auvergne-Rhône-Alpes";"Solaire";0,071644506
2018-04;"Auvergne-Rhône-Alpes";"Solaire";0,101103839
2018-05;"Auvergne-Rhône-Alpes";"Solaire";0,105244817
2018-06;"Auvergne-Rhône-Alpes";"Solaire";0,13356411
2018-07;"Auvergne-Rhône-Alpes";"Solaire";0,14608768
2018-08;"Auvergne-Rhône-Alpes";"Solaire";0,132256773
2018-09;"Auvergne-Rhône-Alpes";"Solaire";0,119877672
2018-10;"Auvergne-Rhône-Alpes";"Solaire";0,084488613
2018-11;"Auvergne-Rhône-Alpes";"Solaire";0,046600145
2018-12;"Auvergne-Rhône-Alpes";"Solaire";0,025502391
2019-01;"Auvergne-Rhône-Alpes";"Solaire";0,038559892
2019-02;"Auvergne-Rhône-Alpes";"Solaire";0,07815994
2019-03;"Auvergne-Rhône-Alpes";"Solaire";0,111254459
2019-04;"Auvergne-Rhône-Alpes";"Solaire";0,113607622
2019-05;"Auvergne-Rhône-Alpes";"Solaire";0,138535398
2019-06;"Auvergne-Rhône-Alpes";"Solaire";0,149018255
2019-07;"Auvergne-Rhône-Alpes";"Solaire";0,164406702
2019-08;"Auvergne-Rhône-Alpes";"Solaire";0,150778296
2019-09;"Auvergne-Rhône-Alpes";"Solaire";0,127841221333
2019-10;"Auvergne-Rhône-Alpes";"Solaire";0,079725169999
2019-11;"Auvergne-Rhône-Alpes";"Solaire";0,046105533669
2019-12;"Auvergne-Rhône-Alpes";"Solaire";0,046621365
2020-01;"Auvergne-Rhône-Alpes";"Solaire";0,050745332
2020-02;"Auvergne-Rhône-Alpes";"Solaire";0,075126308166
2020-03;"Auvergne-Rhône-Alpes";"Solaire";0,112562710831
2020-04;"Auvergne-Rhône-Alpes";"Solaire";0,141813578334
2020-05;"Auvergne-Rhône-Alpes";"Solaire";0,165428422668
2020-06;"Auvergne-Rhône-Alpes";"Solaire";0,154947306167
2020-07;"Auvergne-Rhône-Alpes";"Solaire";0,184689269003
2020-08;"Auvergne-Rhône-Alpes";"Solaire";0,161957600332
2020-09;"Auvergne-Rhône-Alpes";"Solaire";0,133675784498
2020-10;"Auvergne-Rhône-Alpes";"Solaire";0,076363780168
2020-11;"Auvergne-Rhône-Alpes";"Solaire";0,069894956166
2020-12;"Auvergne-Rhône-Alpes";"Solaire";0,034571944667
2021-01;"Auvergne-Rhône-Alpes";"Solaire";0,037037127
2021-02;"Auvergne-Rhône-Alpes";"Solaire";0,068299588
2021-03;"Auvergne-Rhône-Alpes";"Solaire";0,126148425
2021-04;"Auvergne-Rhône-Alpes";"Solaire";0,162713
2021-05;"Auvergne-Rhône-Alpes";"Solaire";0,161271012
2021-06;"Auvergne-Rhône-Alpes";"Solaire";0,173320245
2021-07;"Auvergne-Rhône-Alpes";"Solaire";0,171523999
2021-08;"Auvergne-Rhône-Alpes";"Solaire";0,179089229
2021-09;"Auvergne-Rhône-Alpes";"Solaire";0,151002384
2021-10;"Auvergne-Rhône-Alpes";"Solaire";0,12618153
2021-11;"Auvergne-Rhône-Alpes";"Solaire";0,06647902
2021-12;"Auvergne-Rhône-Alpes";"Solaire";0,050143526
2022-01;"Auvergne-Rhône-Alpes";"Solaire";0,083795886422
2022-02;"Auvergne-Rhône-Alpes";"Solaire";0,121378437663
2022-03;"Auvergne-Rhône-Alpes";"Solaire";0,166504277324
2022-04;"Auvergne-Rhône-Alpes";"Solaire";0,199617986198
2022-05;"Auvergne-Rhône-Alpes";"Solaire";0,266101330277
2022-06;"Auvergne-Rhône-Alpes";"Solaire";0,259884212195
2022-07;"Auvergne-Rhône-Alpes";"Solaire";0,307087693897
2022-08;"Auvergne-Rhône-Alpes";"Solaire";0,268896506414
2022-09;"Auvergne-Rhône-Alpes";"Solaire";0,212322392637
2022-10;"Auvergne-Rhône-Alpes";"Solaire";0,154415552676
2022-11;"Auvergne-Rhône-Alpes";"Solaire";0,09138679046
2022-12;"Auvergne-Rhône-Alpes";"Solaire";0,045077374783
2023-01;"Auvergne-Rhône-Alpes";"Solaire";0,060548009112
2023-02;"Auvergne-Rhône-Alpes";"Solaire";0,141869473635
2023-03;"Auvergne-Rhône-Alpes";"Solaire";0,192376122998
2023-04;"Auvergne-Rhône-Alpes";"Solaire";0,23679655483
2023-05;"Auvergne-Rhône-Alpes";"Solaire";0,269172175286
2023-06;"Auvergne-Rhône-Alpes";"Solaire";0,314003320127
2023-07;"Auvergne-Rhône-Alpes";"Solaire";0,330654755582
2023-08;"Auvergne-Rhône-Alpes";"Solaire";0,314033468929
2023-09;"Auvergne-Rhône-Alpes";"Solaire";0,282465306297
2023-10;"Auvergne-Rhône-Alpes";"Solaire";0,198620132017
2023-11;"Auvergne-Rhône-Alpes";"Solaire";0,103979846032
2023-12;"Auvergne-Rhône-Alpes";"Solaire";0,085513252372
2024-01;"Auvergne-Rhône-Alpes";"Solaire";0,092148232995
2024-02;"Auvergne-Rhône-Alpes";"Solaire";0,131715030763
2024-03;"Auvergne-Rhône-Alpes";"Solaire";0,22556489131
2024-04;"Auvergne-Rhône-Alpes";"Solaire";0,268648404087
2024-05;"Auvergne-Rhône-Alpes";"Solaire";0,302009591729
2024-06;"Auvergne-Rhône-Alpes";"Solaire";0,322508545404
2024-07;"Auvergne-Rhône-Alpes";"Solaire";0,401334648033
2024-08;"Auvergne-Rhône-Alpes";"Solaire";0,41473940099
2024-09;"Auvergne-Rhône-Alpes";"Solaire";0,271630384269
2024-10;"Auvergne-Rhône-Alpes";"Solaire";0,20937381172
2024-11;"Auvergne-Rhône-Alpes";"Solaire";0,148478958079
2024-12;"Auvergne-Rhône-Alpes";"Solaire";0,105230089106
2025-01;"Auvergne-Rhône-Alpes";"Solaire";0,10770548693
2025-02;"Auvergne-Rhône-Alpes";"Solaire";0,168920078247
2025-03;"Auvergne-Rhône-Alpes";"Solaire";0,274926795529
2025-04;"Auvergne-Rhône-Alpes";"Solaire";0,355086977737
2025-05;"Auvergne-Rhône-Alpes";"Solaire";0,413577483629
2025-06;"Auvergne-Rhône-Alpes";"Solaire";0,46058163205
2025-07;"Auvergne-Rhône-Alpes";"Solaire";0,515295112908
2025-08;"Auvergne-Rhône-Alpes";"Solaire";0,484576165011
2025-09;"Auvergne-Rhône-Alpes";"Solaire";0,349901491873
2025-10;"Auvergne-Rhône-Alpes";"Solaire";0,255915722372
2025-11;"Auvergne-Rhône-Alpes";"Solaire";0,161032529257
2014-01;"Auvergne-Rhône-Alpes";"Nucléaire";9,578044203
2014-02;"Auvergne-Rhône-Alpes";"Nucléaire";8,105587206
2014-03;"Auvergne-Rhône-Alpes";"Nucléaire";7,700958149
2014-04;"Auvergne-Rhône-Alpes";"Nucléaire";6,649728155
2014-05;"Auvergne-Rhône-Alpes";"Nucléaire";6,670370555
2014-06;"Auvergne-Rhône-Alpes";"Nucléaire";6,302013506
2014-07;"Auvergne-Rhône-Alpes";"Nucléaire";6,377779304
2014-08;"Auvergne-Rhône-Alpes";"Nucléaire";6,349763146
2014-09;"Auvergne-Rhône-Alpes";"Nucléaire";7,441898784
2014-10;"Auvergne-Rhône-Alpes";"Nucléaire";7,349015223
2014-11;"Auvergne-Rhône-Alpes";"Nucléaire";7,339914989
2014-12;"Auvergne-Rhône-Alpes";"Nucléaire";8,000739681
2015-01;"Auvergne-Rhône-Alpes";"Nucléaire";9,616968301
2015-02;"Auvergne-Rhône-Alpes";"Nucléaire";8,451816356
2015-03;"Auvergne-Rhône-Alpes";"Nucléaire";8,230613
2015-04;"Auvergne-Rhône-Alpes";"Nucléaire";7,275996003
2015-05;"Auvergne-Rhône-Alpes";"Nucléaire";6,96068027
2015-06;"Auvergne-Rhône-Alpes";"Nucléaire";7,200136508
2015-07;"Auvergne-Rhône-Alpes";"Nucléaire";7,398047448
2015-08;"Auvergne-Rhône-Alpes";"Nucléaire";7,848772306
2015-09;"Auvergne-Rhône-Alpes";"Nucléaire";6,158358878
2015-10;"Auvergne-Rhône-Alpes";"Nucléaire";6,643985853
2015-11;"Auvergne-Rhône-Alpes";"Nucléaire";7,191907867
2015-12;"Auvergne-Rhône-Alpes";"Nucléaire";7,876012091
2016-01;"Auvergne-Rhône-Alpes";"Nucléaire";8,770271647
2016-02;"Auvergne-Rhône-Alpes";"Nucléaire";8,217260028
2016-03;"Auvergne-Rhône-Alpes";"Nucléaire";7,630304452
2016-04;"Auvergne-Rhône-Alpes";"Nucléaire";6,610487
2016-05;"Auvergne-Rhône-Alpes";"Nucléaire";6,656285654
2016-06;"Auvergne-Rhône-Alpes";"Nucléaire";5,05274178
2016-07;"Auvergne-Rhône-Alpes";"Nucléaire";5,216540204
2016-08;"Auvergne-Rhône-Alpes";"Nucléaire";4,660456051
2016-09;"Auvergne-Rhône-Alpes";"Nucléaire";4,86038486
2016-10;"Auvergne-Rhône-Alpes";"Nucléaire";5,771019446
2016-11;"Auvergne-Rhône-Alpes";"Nucléaire";5,068407956
2016-12;"Auvergne-Rhône-Alpes";"Nucléaire";6,467661032
2017-01;"Auvergne-Rhône-Alpes";"Nucléaire";8,19129833
2017-02;"Auvergne-Rhône-Alpes";"Nucléaire";7,26609982
2017-03;"Auvergne-Rhône-Alpes";"Nucléaire";7,941611632
2017-04;"Auvergne-Rhône-Alpes";"Nucléaire";7,120949648
2017-05;"Auvergne-Rhône-Alpes";"Nucléaire";5,776731356
2017-06;"Auvergne-Rhône-Alpes";"Nucléaire";5,376830781
2017-07;"Auvergne-Rhône-Alpes";"Nucléaire";6,592136966
2017-08;"Auvergne-Rhône-Alpes";"Nucléaire";7,176971791
2017-09;"Auvergne-Rhône-Alpes";"Nucléaire";8,249836228
2017-10;"Auvergne-Rhône-Alpes";"Nucléaire";5,58292915
2017-11;"Auvergne-Rhône-Alpes";"Nucléaire";4,27762912
2017-12;"Auvergne-Rhône-Alpes";"Nucléaire";6,437611993
2018-01;"Auvergne-Rhône-Alpes";"Nucléaire";8,512849379
2018-02;"Auvergne-Rhône-Alpes";"Nucléaire";7,115832975
2018-03;"Auvergne-Rhône-Alpes";"Nucléaire";7,256741203
2018-04;"Auvergne-Rhône-Alpes";"Nucléaire";6,338628606
2018-05;"Auvergne-Rhône-Alpes";"Nucléaire";6,387591244
2018-06;"Auvergne-Rhône-Alpes";"Nucléaire";6,146535829
2018-07;"Auvergne-Rhône-Alpes";"Nucléaire";5,946085967
2018-08;"Auvergne-Rhône-Alpes";"Nucléaire";5,791229222
2018-09;"Auvergne-Rhône-Alpes";"Nucléaire";6,285088261
2018-10;"Auvergne-Rhône-Alpes";"Nucléaire";6,149565694
2018-11;"Auvergne-Rhône-Alpes";"Nucléaire";5,924065676
2018-12;"Auvergne-Rhône-Alpes";"Nucléaire";8,345203544
2019-01;"Auvergne-Rhône-Alpes";"Nucléaire";9,036324188
2019-02;"Auvergne-Rhône-Alpes";"Nucléaire";8,160050051
2019-03;"Auvergne-Rhône-Alpes";"Nucléaire";7,488896437
2019-04;"Auvergne-Rhône-Alpes";"Nucléaire";5,92041302
2019-05;"Auvergne-Rhône-Alpes";"Nucléaire";6,544070482
2019-06;"Auvergne-Rhône-Alpes";"Nucléaire";6,593557372
2019-07;"Auvergne-Rhône-Alpes";"Nucléaire";7,556704062
2019-08;"Auvergne-Rhône-Alpes";"Nucléaire";6,944553161
2019-09;"Auvergne-Rhône-Alpes";"Nucléaire";6,886695673
2019-10;"Auvergne-Rhône-Alpes";"Nucléaire";7,262111592
2019-11;"Auvergne-Rhône-Alpes";"Nucléaire";5,97159667
2019-12;"Auvergne-Rhône-Alpes";"Nucléaire";7,464767135
2020-01;"Auvergne-Rhône-Alpes";"Nucléaire";8,382942264
2020-02;"Auvergne-Rhône-Alpes";"Nucléaire";7,646852212
2020-03;"Auvergne-Rhône-Alpes";"Nucléaire";6,369252785
2020-04;"Auvergne-Rhône-Alpes";"Nucléaire";5,387431749
2020-05;"Auvergne-Rhône-Alpes";"Nucléaire";5,388745138
2020-06;"Auvergne-Rhône-Alpes";"Nucléaire";4,978228676
2020-07;"Auvergne-Rhône-Alpes";"Nucléaire";5,463415827
2020-08;"Auvergne-Rhône-Alpes";"Nucléaire";5,669207026
2020-09;"Auvergne-Rhône-Alpes";"Nucléaire";6,43645723
2020-10;"Auvergne-Rhône-Alpes";"Nucléaire";7,053950016
2020-11;"Auvergne-Rhône-Alpes";"Nucléaire";6,756107222
2020-12;"Auvergne-Rhône-Alpes";"Nucléaire";7,666658465
2021-01;"Auvergne-Rhône-Alpes";"Nucléaire";7,838720892
2021-02;"Auvergne-Rhône-Alpes";"Nucléaire";6,338571643
2021-03;"Auvergne-Rhône-Alpes";"Nucléaire";7,166376594
2021-04;"Auvergne-Rhône-Alpes";"Nucléaire";5,635359266
2021-05;"Auvergne-Rhône-Alpes";"Nucléaire";6,556919865
2021-06;"Auvergne-Rhône-Alpes";"Nucléaire";6,448885646
2021-07;"Auvergne-Rhône-Alpes";"Nucléaire";6,483959263
2021-08;"Auvergne-Rhône-Alpes";"Nucléaire";6,616767633
2021-09;"Auvergne-Rhône-Alpes";"Nucléaire";6,452994762
2021-10;"Auvergne-Rhône-Alpes";"Nucléaire";8,070514305
2021-11;"Auvergne-Rhône-Alpes";"Nucléaire";7,873126149
2021-12;"Auvergne-Rhône-Alpes";"Nucléaire";8,838066953166
2022-01;"Auvergne-Rhône-Alpes";"Nucléaire";9,02107354
2022-02;"Auvergne-Rhône-Alpes";"Nucléaire";7,282007515
2022-03;"Auvergne-Rhône-Alpes";"Nucléaire";7,40390485
2022-04;"Auvergne-Rhône-Alpes";"Nucléaire";5,990624374
2022-05;"Auvergne-Rhône-Alpes";"Nucléaire";5,139355298
2022-06;"Auvergne-Rhône-Alpes";"Nucléaire";5,776336728334
2022-07;"Auvergne-Rhône-Alpes";"Nucléaire";5,535490356005
2022-08;"Auvergne-Rhône-Alpes";"Nucléaire";5,035186589171
2022-09;"Auvergne-Rhône-Alpes";"Nucléaire";4,504051028503
2022-10;"Auvergne-Rhône-Alpes";"Nucléaire";4,551846076
2022-11;"Auvergne-Rhône-Alpes";"Nucléaire";5,26101148832
2022-12;"Auvergne-Rhône-Alpes";"Nucléaire";7,621233308829
2023-01;"Auvergne-Rhône-Alpes";"Nucléaire";9,197036903164
2023-02;"Auvergne-Rhône-Alpes";"Nucléaire";8,698067663658
2023-03;"Auvergne-Rhône-Alpes";"Nucléaire";8,286272885337
2023-04;"Auvergne-Rhône-Alpes";"Nucléaire";7,971683785166
2023-05;"Auvergne-Rhône-Alpes";"Nucléaire";6,732217739487
2023-06;"Auvergne-Rhône-Alpes";"Nucléaire";5,55048242616
2023-07;"Auvergne-Rhône-Alpes";"Nucléaire";5,93800816917
2023-08;"Auvergne-Rhône-Alpes";"Nucléaire";5,138006459497
2023-09;"Auvergne-Rhône-Alpes";"Nucléaire";6,115442770337
2023-10;"Auvergne-Rhône-Alpes";"Nucléaire";6,224893254004
2023-11;"Auvergne-Rhône-Alpes";"Nucléaire";6,241467917917
2023-12;"Auvergne-Rhône-Alpes";"Nucléaire";7,513789140171
2024-01;"Auvergne-Rhône-Alpes";"Nucléaire";7,391333273415
2024-02;"Auvergne-Rhône-Alpes";"Nucléaire";7,492986084253
2024-03;"Auvergne-Rhône-Alpes";"Nucléaire";6,923386629085
2024-04;"Auvergne-Rhône-Alpes";"Nucléaire";5,480251034082
2024-05;"Auvergne-Rhône-Alpes";"Nucléaire";5,849496167663
2024-06;"Auvergne-Rhône-Alpes";"Nucléaire";5,613192870007
2024-07;"Auvergne-Rhône-Alpes";"Nucléaire";7,189459656996
2024-08;"Auvergne-Rhône-Alpes";"Nucléaire";6,337267535082
2024-09;"Auvergne-Rhône-Alpes";"Nucléaire";5,084816243743
2024-10;"Auvergne-Rhône-Alpes";"Nucléaire";6,382708699668
2024-11;"Auvergne-Rhône-Alpes";"Nucléaire";7,889092716587
2024-12;"Auvergne-Rhône-Alpes";"Nucléaire";8,56782035717
2025-01;"Auvergne-Rhône-Alpes";"Nucléaire";8,548727783
2025-02;"Auvergne-Rhône-Alpes";"Nucléaire";6,923593866585
2025-03;"Auvergne-Rhône-Alpes";"Nucléaire";7,129201505834
2025-04;"Auvergne-Rhône-Alpes";"Nucléaire";6,952073586912
2025-05;"Auvergne-Rhône-Alpes";"Nucléaire";7,172354125746
2025-06;"Auvergne-Rhône-Alpes";"Nucléaire";6,752138859168
2025-07;"Auvergne-Rhône-Alpes";"Nucléaire";6,162137248417
2025-08;"Auvergne-Rhône-Alpes";"Nucléaire";5,775166263413
2025-09;"Auvergne-Rhône-Alpes";"Nucléaire";6,116952330833
2025-10;"Auvergne-Rhône-Alpes";"Nucléaire";6,448418794502
2025-11;"Auvergne-Rhône-Alpes";"Nucléaire";7,591548440497
2014-01;"Auvergne-Rhône-Alpes";"Hydraulique";2,725473551443
2014-02;"Auvergne-Rhône-Alpes";"Hydraulique";2,559099785061
2014-03;"Auvergne-Rhône-Alpes";"Hydraulique";2,455866575727
2014-04;"Auvergne-Rhône-Alpes";"Hydraulique";2,040378586506
2014-05;"Auvergne-Rhône-Alpes";"Hydraulique";2,218327339868
2014-06;"Auvergne-Rhône-Alpes";"Hydraulique";1,937983303591
2014-07;"Auvergne-Rhône-Alpes";"Hydraulique";2,598871350671
2014-08;"Auvergne-Rhône-Alpes";"Hydraulique";2,223431522709
2014-09;"Auvergne-Rhône-Alpes";"Hydraulique";1,313847862299
2014-10;"Auvergne-Rhône-Alpes";"Hydraulique";1,336633997617
2014-11;"Auvergne-Rhône-Alpes";"Hydraulique";1,896085551721
2014-12;"Auvergne-Rhône-Alpes";"Hydraulique";1,970007133937
2015-01;"Auvergne-Rhône-Alpes";"Hydraulique";2,371784336594
2015-02;"Auvergne-Rhône-Alpes";"Hydraulique";2,557655914116
2015-03;"Auvergne-Rhône-Alpes";"Hydraulique";2,401941178943
2015-04;"Auvergne-Rhône-Alpes";"Hydraulique";2,18007409885
2015-05;"Auvergne-Rhône-Alpes";"Hydraulique";2,586208835178
2015-06;"Auvergne-Rhône-Alpes";"Hydraulique";2,345844786063
2015-07;"Auvergne-Rhône-Alpes";"Hydraulique";1,761759953755
2015-08;"Auvergne-Rhône-Alpes";"Hydraulique";1,439013577018
2015-09;"Auvergne-Rhône-Alpes";"Hydraulique";1,313363395993
2015-10;"Auvergne-Rhône-Alpes";"Hydraulique";1,55296652635
2015-11;"Auvergne-Rhône-Alpes";"Hydraulique";1,34521065088
2015-12;"Auvergne-Rhône-Alpes";"Hydraulique";1,352745764755
2016-01;"Auvergne-Rhône-Alpes";"Hydraulique";2,20316931464
2016-02;"Auvergne-Rhône-Alpes";"Hydraulique";2,695278772444
2016-03;"Auvergne-Rhône-Alpes";"Hydraulique";2,37969122008
2016-04;"Auvergne-Rhône-Alpes";"Hydraulique";2,423951675832
2016-05;"Auvergne-Rhône-Alpes";"Hydraulique";2,537058122859
2016-06;"Auvergne-Rhône-Alpes";"Hydraulique";2,963201595012
2016-07;"Auvergne-Rhône-Alpes";"Hydraulique";2,4035405103
2016-08;"Auvergne-Rhône-Alpes";"Hydraulique";1,588637971518
2016-09;"Auvergne-Rhône-Alpes";"Hydraulique";1,281418456299
2016-10;"Auvergne-Rhône-Alpes";"Hydraulique";1,149229307058
2016-11;"Auvergne-Rhône-Alpes";"Hydraulique";1,69696132434
2016-12;"Auvergne-Rhône-Alpes";"Hydraulique";1,6452620167
2017-01;"Auvergne-Rhône-Alpes";"Hydraulique";1,942325490064
2017-02;"Auvergne-Rhône-Alpes";"Hydraulique";1,624602618729
2017-03;"Auvergne-Rhône-Alpes";"Hydraulique";2,346085047664
2017-04;"Auvergne-Rhône-Alpes";"Hydraulique";1,44930988754
2017-05;"Auvergne-Rhône-Alpes";"Hydraulique";2,150178833228
2017-06;"Auvergne-Rhône-Alpes";"Hydraulique";2,185095852172
2017-07;"Auvergne-Rhône-Alpes";"Hydraulique";1,666255280442
2017-08;"Auvergne-Rhône-Alpes";"Hydraulique";1,435523340192
2017-09;"Auvergne-Rhône-Alpes";"Hydraulique";1,052731213698
2017-10;"Auvergne-Rhône-Alpes";"Hydraulique";0,836654612351
2017-11;"Auvergne-Rhône-Alpes";"Hydraulique";1,480311920409
2017-12;"Auvergne-Rhône-Alpes";"Hydraulique";2,021685581859
2018-01;"Auvergne-Rhône-Alpes";"Hydraulique";2,497515187892
2018-02;"Auvergne-Rhône-Alpes";"Hydraulique";2,619677466238
2018-03;"Auvergne-Rhône-Alpes";"Hydraulique";2,478579403946
2018-04;"Auvergne-Rhône-Alpes";"Hydraulique";2,442945958566
2018-05;"Auvergne-Rhône-Alpes";"Hydraulique";3,149551829129
2018-06;"Auvergne-Rhône-Alpes";"Hydraulique";3,181859845473
2018-07;"Auvergne-Rhône-Alpes";"Hydraulique";2,43979213241
2018-08;"Auvergne-Rhône-Alpes";"Hydraulique";1,889551275346
2018-09;"Auvergne-Rhône-Alpes";"Hydraulique";1,10426600521
2018-10;"Auvergne-Rhône-Alpes";"Hydraulique";0,973931564889
2018-11;"Auvergne-Rhône-Alpes";"Hydraulique";1,341728820494
2018-12;"Auvergne-Rhône-Alpes";"Hydraulique";2,143623141053
2019-01;"Auvergne-Rhône-Alpes";"Hydraulique";2,012631818905
2019-02;"Auvergne-Rhône-Alpes";"Hydraulique";1,997539622972
2019-03;"Auvergne-Rhône-Alpes";"Hydraulique";2,091360720051
2019-04;"Auvergne-Rhône-Alpes";"Hydraulique";1,728849980056
2019-05;"Auvergne-Rhône-Alpes";"Hydraulique";2,221231754868
2019-06;"Auvergne-Rhône-Alpes";"Hydraulique";2,627682626257
2019-07;"Auvergne-Rhône-Alpes";"Hydraulique";2,124949661486
2019-08;"Auvergne-Rhône-Alpes";"Hydraulique";1,546017977482
2019-09;"Auvergne-Rhône-Alpes";"Hydraulique";0,864836608396
2019-10;"Auvergne-Rhône-Alpes";"Hydraulique";1,539244104639
2019-11;"Auvergne-Rhône-Alpes";"Hydraulique";2,484105867723
2019-12;"Auvergne-Rhône-Alpes";"Hydraulique";2,785131017101
2020-01;"Auvergne-Rhône-Alpes";"Hydraulique";2,335909990971
2020-02;"Auvergne-Rhône-Alpes";"Hydraulique";2,303004983299
2020-03;"Auvergne-Rhône-Alpes";"Hydraulique";2,688507446891
2020-04;"Auvergne-Rhône-Alpes";"Hydraulique";2,058473638722
2020-05;"Auvergne-Rhône-Alpes";"Hydraulique";2,665317047793
2020-06;"Auvergne-Rhône-Alpes";"Hydraulique";2,704703212111
2020-07;"Auvergne-Rhône-Alpes";"Hydraulique";2,273905990638
2020-08;"Auvergne-Rhône-Alpes";"Hydraulique";1,716010710626
2020-09;"Auvergne-Rhône-Alpes";"Hydraulique";1,399777037266
2020-10;"Auvergne-Rhône-Alpes";"Hydraulique";1,948918325533
2020-11;"Auvergne-Rhône-Alpes";"Hydraulique";1,693775201505
2020-12;"Auvergne-Rhône-Alpes";"Hydraulique";2,144602243094
2021-01;"Auvergne-Rhône-Alpes";"Hydraulique";2,814795889037
2021-02;"Auvergne-Rhône-Alpes";"Hydraulique";2,539519345651
2021-03;"Auvergne-Rhône-Alpes";"Hydraulique";2,318454645424
2021-04;"Auvergne-Rhône-Alpes";"Hydraulique";1,512003782234
2021-05;"Auvergne-Rhône-Alpes";"Hydraulique";2,573419031854
2021-06;"Auvergne-Rhône-Alpes";"Hydraulique";2,817651035303
2021-07;"Auvergne-Rhône-Alpes";"Hydraulique";2,72020310817
2021-08;"Auvergne-Rhône-Alpes";"Hydraulique";1,992193849429
2021-09;"Auvergne-Rhône-Alpes";"Hydraulique";1,3002304738
2021-10;"Auvergne-Rhône-Alpes";"Hydraulique";1,108432076065
2021-11;"Auvergne-Rhône-Alpes";"Hydraulique";1,508099771529
2021-12;"Auvergne-Rhône-Alpes";"Hydraulique";1,831979787073
2022-01;"Auvergne-Rhône-Alpes";"Hydraulique";2,1938502544369
2022-02;"Auvergne-Rhône-Alpes";"Hydraulique";1,7251452133843
2022-03;"Auvergne-Rhône-Alpes";"Hydraulique";1,6904257937689
2022-04;"Auvergne-Rhône-Alpes";"Hydraulique";1,8979060750412
2022-05;"Auvergne-Rhône-Alpes";"Hydraulique";2,0565227297799
2022-06;"Auvergne-Rhône-Alpes";"Hydraulique";1,8498641398606
2022-07;"Auvergne-Rhône-Alpes";"Hydraulique";1,6068119088355
2022-08;"Auvergne-Rhône-Alpes";"Hydraulique";1,0954523831528
2022-09;"Auvergne-Rhône-Alpes";"Hydraulique";0,8913997922233
2022-10;"Auvergne-Rhône-Alpes";"Hydraulique";1,1142680336743
2022-11;"Auvergne-Rhône-Alpes";"Hydraulique";1,6595662452592
2022-12;"Auvergne-Rhône-Alpes";"Hydraulique";2,1197046369011
2023-01;"Auvergne-Rhône-Alpes";"Hydraulique";2,5382018702072
2023-02;"Auvergne-Rhône-Alpes";"Hydraulique";1,4873154531495
2023-03;"Auvergne-Rhône-Alpes";"Hydraulique";1,7729629990993
2023-04;"Auvergne-Rhône-Alpes";"Hydraulique";1,7993825375095
2023-05;"Auvergne-Rhône-Alpes";"Hydraulique";2,3169965913315
2023-06;"Auvergne-Rhône-Alpes";"Hydraulique";2,709782042468
2023-07;"Auvergne-Rhône-Alpes";"Hydraulique";2,0278307365705
2023-08;"Auvergne-Rhône-Alpes";"Hydraulique";1,6640531171007
2023-09;"Auvergne-Rhône-Alpes";"Hydraulique";1,3624916203086
2023-10;"Auvergne-Rhône-Alpes";"Hydraulique";1,4486458483907
2023-11;"Auvergne-Rhône-Alpes";"Hydraulique";2,5622403854976
2023-12;"Auvergne-Rhône-Alpes";"Hydraulique";2,7319579782875
2024-01;"Auvergne-Rhône-Alpes";"Hydraulique";3,1699670574643
2024-02;"Auvergne-Rhône-Alpes";"Hydraulique";2,6025442791803
2024-03;"Auvergne-Rhône-Alpes";"Hydraulique";2,6276396366645
2024-04;"Auvergne-Rhône-Alpes";"Hydraulique";2,2665949127247
2024-05;"Auvergne-Rhône-Alpes";"Hydraulique";2,8687590511144
2024-06;"Auvergne-Rhône-Alpes";"Hydraulique";2,7821490586951
2024-07;"Auvergne-Rhône-Alpes";"Hydraulique";2,907243926162
2024-08;"Auvergne-Rhône-Alpes";"Hydraulique";1,9885093930949
2024-09;"Auvergne-Rhône-Alpes";"Hydraulique";1,589961818281
2024-10;"Auvergne-Rhône-Alpes";"Hydraulique";2,5456172651713
2024-11;"Auvergne-Rhône-Alpes";"Hydraulique";1,8467148837189
2024-12;"Auvergne-Rhône-Alpes";"Hydraulique";2,6311078649855
2025-01;"Auvergne-Rhône-Alpes";"Hydraulique";2,8174779522105
2025-02;"Auvergne-Rhône-Alpes";"Hydraulique";2,5799738414561
2025-03;"Auvergne-Rhône-Alpes";"Hydraulique";2,0096839058199
2025-04;"Auvergne-Rhône-Alpes";"Hydraulique";1,8256061085274
2025-05;"Auvergne-Rhône-Alpes";"Hydraulique";2,0858286523684
2025-06;"Auvergne-Rhône-Alpes";"Hydraulique";2,3411567666117
2025-07;"Auvergne-Rhône-Alpes";"Hydraulique";1,6593117705563
2025-08;"Auvergne-Rhône-Alpes";"Hydraulique";1,2891486207086
2025-09;"Auvergne-Rhône-Alpes";"Hydraulique";1,292739524187
2025-10;"Auvergne-Rhône-Alpes";"Hydraulique";1,4756449109912
2025-11;"Auvergne-Rhône-Alpes";"Hydraulique";2,3125426222041
2014-01;"Auvergne-Rhône-Alpes";"Autre";6,9329177815325E-19
2014-02;"Auvergne-Rhône-Alpes";"Autre";6,29024610177E-19
2014-03;"Auvergne-Rhône-Alpes";"Autre";2,3430710496819E-18
2014-04;"Auvergne-Rhône-Alpes";"Autre";8,9750516046871E-19
2014-05;"Auvergne-Rhône-Alpes";"Autre";9,6117818565444E-19
2014-06;"Auvergne-Rhône-Alpes";"Autre";1,0367644243114E-18
2014-07;"Auvergne-Rhône-Alpes";"Autre";-3,4412698385333E-18
2014-08;"Auvergne-Rhône-Alpes";"Autre";3,8286561421241E-19
2014-09;"Auvergne-Rhône-Alpes";"Autre";-4,0359122294165E-19
2014-10;"Auvergne-Rhône-Alpes";"Autre";-7,8718889046092E-19
2014-11;"Auvergne-Rhône-Alpes";"Autre";-2,0340742978853E-18
2014-12;"Auvergne-Rhône-Alpes";"Autre";-1,1765302274092E-18
2015-01;"Auvergne-Rhône-Alpes";"Autre";5,1425530500637E-19
2015-02;"Auvergne-Rhône-Alpes";"Autre";4,3296963236905E-19
2015-03;"Auvergne-Rhône-Alpes";"Autre";-2,1317643830732E-18
2015-04;"Auvergne-Rhône-Alpes";"Autre";-1,7486862652349E-18
2015-05;"Auvergne-Rhône-Alpes";"Autre";2,9878877150225E-18
2015-06;"Auvergne-Rhône-Alpes";"Autre";-4,0934755585198E-18
2015-07;"Auvergne-Rhône-Alpes";"Autre";-6,9169756727883E-19
2015-08;"Auvergne-Rhône-Alpes";"Autre";-6,3064831135051E-19
2015-09;"Auvergne-Rhône-Alpes";"Autre";-9,3008586943277E-19
2015-10;"Auvergne-Rhône-Alpes";"Autre";-3,5024760869362E-19
2015-11;"Auvergne-Rhône-Alpes";"Autre";9,2455210154441E-19
2015-12;"Auvergne-Rhône-Alpes";"Autre";3,8308592409386E-19
2016-01;"Auvergne-Rhône-Alpes";"Autre";-1,8896620379571E-18
2016-02;"Auvergne-Rhône-Alpes";"Autre";8,0854420381193E-19
2016-03;"Auvergne-Rhône-Alpes";"Autre";-1,5127716787577E-18
2016-04;"Auvergne-Rhône-Alpes";"Autre";7,7879369619893E-19
2016-05;"Auvergne-Rhône-Alpes";"Autre";2,0356372837371E-18
2016-06;"Auvergne-Rhône-Alpes";"Autre";-8,2061354239604E-19
2016-07;"Auvergne-Rhône-Alpes";"Autre";7,0586592126887E-19
2016-08;"Auvergne-Rhône-Alpes";"Autre";3,323483849238E-18
2016-09;"Auvergne-Rhône-Alpes";"Autre";5,2451792909025E-19
2016-10;"Auvergne-Rhône-Alpes";"Autre";-1,6441709105308E-19
2016-11;"Auvergne-Rhône-Alpes";"Autre";1,1982706493718E-18
2016-12;"Auvergne-Rhône-Alpes";"Autre";6,2727600891321E-21
2017-01;"Auvergne-Rhône-Alpes";"Autre";0,001442864
2017-02;"Auvergne-Rhône-Alpes";"Autre";0,001303232
2017-03;"Auvergne-Rhône-Alpes";"Autre";0,001553583
2017-04;"Auvergne-Rhône-Alpes";"Autre";0,001541206
2017-05;"Auvergne-Rhône-Alpes";"Autre";0,001591086
2017-06;"Auvergne-Rhône-Alpes";"Autre";0,001545591
2017-07;"Auvergne-Rhône-Alpes";"Autre";0,001601411
2017-08;"Auvergne-Rhône-Alpes";"Autre";0,001584973
2017-09;"Auvergne-Rhône-Alpes";"Autre";0,001514668
2017-10;"Auvergne-Rhône-Alpes";"Autre";0,001553821
2017-11;"Auvergne-Rhône-Alpes";"Autre";0,001469507
2017-12;"Auvergne-Rhône-Alpes";"Autre";0,001491508
2018-01;"Auvergne-Rhône-Alpes";"Autre";0,001789897
2018-02;"Auvergne-Rhône-Alpes";"Autre";0,001650466
2018-03;"Auvergne-Rhône-Alpes";"Autre";0,001827593
2018-04;"Auvergne-Rhône-Alpes";"Autre";0,001799406
2018-05;"Auvergne-Rhône-Alpes";"Autre";0,001865291
2018-06;"Auvergne-Rhône-Alpes";"Autre";0,001834989
2018-07;"Auvergne-Rhône-Alpes";"Autre";0,001901333
2018-08;"Auvergne-Rhône-Alpes";"Autre";0,001888331
2018-09;"Auvergne-Rhône-Alpes";"Autre";0,001821871
2018-10;"Auvergne-Rhône-Alpes";"Autre";0,001826215
2018-11;"Auvergne-Rhône-Alpes";"Autre";0,001727082
2018-12;"Auvergne-Rhône-Alpes";"Autre";0,001802078
2019-01;"Auvergne-Rhône-Alpes";"Autre";0,001068188
2019-02;"Auvergne-Rhône-Alpes";"Autre";0,000989121
2019-03;"Auvergne-Rhône-Alpes";"Autre";0,001120576
2019-04;"Auvergne-Rhône-Alpes";"Autre";0,001076279
2019-05;"Auvergne-Rhône-Alpes";"Autre";0,001145216
2019-06;"Auvergne-Rhône-Alpes";"Autre";0,001113964
2019-07;"Auvergne-Rhône-Alpes";"Autre";0,001147061
2019-08;"Auvergne-Rhône-Alpes";"Autre";0,001145702
2019-09;"Auvergne-Rhône-Alpes";"Autre";0,001090345
2019-10;"Auvergne-Rhône-Alpes";"Autre";0,001071936
2019-11;"Auvergne-Rhône-Alpes";"Autre";0,001013543
2019-12;"Auvergne-Rhône-Alpes";"Autre";0,001048403
2020-01;"Auvergne-Rhône-Alpes";"Autre";0,001048078
2020-02;"Auvergne-Rhône-Alpes";"Autre";0,000973032
2020-03;"Auvergne-Rhône-Alpes";"Autre";0,001116956
2020-04;"Auvergne-Rhône-Alpes";"Autre";0,001099278
2020-05;"Auvergne-Rhône-Alpes";"Autre";0,001156591
2020-06;"Auvergne-Rhône-Alpes";"Autre";0,001114401
2020-07;"Auvergne-Rhône-Alpes";"Autre";0,001165343
2020-08;"Auvergne-Rhône-Alpes";"Autre";0,001140091
2020-09;"Auvergne-Rhône-Alpes";"Autre";0,00107747
2020-10;"Auvergne-Rhône-Alpes";"Autre";0,001064662
2020-11;"Auvergne-Rhône-Alpes";"Autre";0,000996922
2020-12;"Auvergne-Rhône-Alpes";"Autre";0,000990753
2021-01;"Auvergne-Rhône-Alpes";"Autre";0,000990326
2021-02;"Auvergne-Rhône-Alpes";"Autre";0,000894488
2021-03;"Auvergne-Rhône-Alpes";"Autre";0,000990295
2021-04;"Auvergne-Rhône-Alpes";"Autre";0,00095838
2021-05;"Auvergne-Rhône-Alpes";"Autre";0,000990326
2021-06;"Auvergne-Rhône-Alpes";"Autre";0,00097259999999999
2021-07;"Auvergne-Rhône-Alpes";"Autre";0,001003067
2021-08;"Auvergne-Rhône-Alpes";"Autre";0,001002757
2021-09;"Auvergne-Rhône-Alpes";"Autre";0,00096726
2021-10;"Auvergne-Rhône-Alpes";"Autre";0,000996872
2021-11;"Auvergne-Rhône-Alpes";"Autre";0,00096093
2021-12;"Auvergne-Rhône-Alpes";"Autre";0,000992248
2022-01;"Auvergne-Rhône-Alpes";"Autre";0,001018806334
2022-02;"Auvergne-Rhône-Alpes";"Autre";0,000924337856
2022-03;"Auvergne-Rhône-Alpes";"Autre";0,001021280471
2022-04;"Auvergne-Rhône-Alpes";"Autre";0,000990973807
2022-05;"Auvergne-Rhône-Alpes";"Autre";0,001024972744
2022-06;"Auvergne-Rhône-Alpes";"Autre";0,000992489255
2022-07;"Auvergne-Rhône-Alpes";"Autre";0,001025820762
2022-08;"Auvergne-Rhône-Alpes";"Autre";0,001023511221
2022-09;"Auvergne-Rhône-Alpes";"Autre";0,00098525475
2022-10;"Auvergne-Rhône-Alpes";"Autre";0,000998809305
2022-11;"Auvergne-Rhône-Alpes";"Autre";0,00099825822
2022-12;"Auvergne-Rhône-Alpes";"Autre";0,000998539295
2023-01;"Auvergne-Rhône-Alpes";"Autre";0,000996214388
2023-02;"Auvergne-Rhône-Alpes";"Autre";0,000995121462
2023-03;"Auvergne-Rhône-Alpes";"Autre";0,000996443666
2023-04;"Auvergne-Rhône-Alpes";"Autre";0,000996144118
2023-05;"Auvergne-Rhône-Alpes";"Autre";0,00099664486799999
2023-06;"Auvergne-Rhône-Alpes";"Autre";0,000996384939
2023-07;"Auvergne-Rhône-Alpes";"Autre";0,000996855573
2023-08;"Auvergne-Rhône-Alpes";"Autre";0,000996807748
2023-09;"Auvergne-Rhône-Alpes";"Autre";0,000996307415
2023-10;"Auvergne-Rhône-Alpes";"Autre";0,000996656485
2023-11;"Auvergne-Rhône-Alpes";"Autre";0,000995895653
2023-12;"Auvergne-Rhône-Alpes";"Autre";0,000996261635
2024-01;"Auvergne-Rhône-Alpes";"Autre";0,000994739494
2024-02;"Auvergne-Rhône-Alpes";"Autre";0,00099406935
2024-03;"Auvergne-Rhône-Alpes";"Autre";0,000996209133
2024-04;"Auvergne-Rhône-Alpes";"Autre";0,000996370022
2024-05;"Auvergne-Rhône-Alpes";"Autre";0,00099771120099999
2024-06;"Auvergne-Rhône-Alpes";"Autre";0,000997700696
2024-07;"Auvergne-Rhône-Alpes";"Autre";0,00099845934699999
2024-08;"Auvergne-Rhône-Alpes";"Autre";0,00099898144899999
2024-09;"Auvergne-Rhône-Alpes";"Autre";0,000996634089
2024-10;"Auvergne-Rhône-Alpes";"Autre";0,000995889729
2024-11;"Auvergne-Rhône-Alpes";"Autre";0,000994596125
2024-12;"Auvergne-Rhône-Alpes";"Autre";0,000994814511
2025-01;"Auvergne-Rhône-Alpes";"Autre";0,000994803514
2025-02;"Auvergne-Rhône-Alpes";"Autre";0,000993835372
2025-03;"Auvergne-Rhône-Alpes";"Autre";0,000995024496
2025-04;"Auvergne-Rhône-Alpes";"Autre";0,000999065062
2025-05;"Auvergne-Rhône-Alpes";"Autre";0,00099966136
2025-06;"Auvergne-Rhône-Alpes";"Autre";0,001001052033
2025-07;"Auvergne-Rhône-Alpes";"Autre";0,001243213118
2025-08;"Auvergne-Rhône-Alpes";"Autre";0,00098383676
2025-09;"Auvergne-Rhône-Alpes";"Autre";0,000982903539
2025-10;"Auvergne-Rhône-Alpes";"Autre";0,000982481357
2025-11;"Auvergne-Rhône-Alpes";"Autre";0,00098248131
2014-01;"Auvergne-Rhône-Alpes";"Production décarbonée";12,444076822443
2014-02;"Auvergne-Rhône-Alpes";"Production décarbonée";10,815780301061
2014-03;"Auvergne-Rhône-Alpes";"Production décarbonée";10,335043689727
2014-04;"Auvergne-Rhône-Alpes";"Production décarbonée";8,852458024506
2014-05;"Auvergne-Rhône-Alpes";"Production décarbonée";9,095847359868
2014-06;"Auvergne-Rhône-Alpes";"Production décarbonée";8,417192929591
2014-07;"Auvergne-Rhône-Alpes";"Production décarbonée";9,140618296171
2014-08;"Auvergne-Rhône-Alpes";"Production décarbonée";8,732024816709
2014-09;"Auvergne-Rhône-Alpes";"Production décarbonée";8,916522696799
2014-10;"Auvergne-Rhône-Alpes";"Production décarbonée";8,830671939617
2014-11;"Auvergne-Rhône-Alpes";"Production décarbonée";9,380012802721
2014-12;"Auvergne-Rhône-Alpes";"Production décarbonée";10,114392343437
2015-01;"Auvergne-Rhône-Alpes";"Production décarbonée";12,132177342094
2015-02;"Auvergne-Rhône-Alpes";"Production décarbonée";11,151322382616
2015-03;"Auvergne-Rhône-Alpes";"Production décarbonée";10,812736020943
2015-04;"Auvergne-Rhône-Alpes";"Production décarbonée";9,64578875035
2015-05;"Auvergne-Rhône-Alpes";"Production décarbonée";9,768191351178
2015-06;"Auvergne-Rhône-Alpes";"Production décarbonée";9,728490687063
2015-07;"Auvergne-Rhône-Alpes";"Production décarbonée";9,368260672255
2015-08;"Auvergne-Rhône-Alpes";"Production décarbonée";9,479271554018
2015-09;"Auvergne-Rhône-Alpes";"Production décarbonée";7,662214862993
2015-10;"Auvergne-Rhône-Alpes";"Production décarbonée";8,35120727185
2015-11;"Auvergne-Rhône-Alpes";"Production décarbonée";8,70455333988
2015-12;"Auvergne-Rhône-Alpes";"Production décarbonée";9,386392693255
2016-01;"Auvergne-Rhône-Alpes";"Production décarbonée";11,14002161914
2016-02;"Auvergne-Rhône-Alpes";"Production décarbonée";11,089023768444
2016-03;"Auvergne-Rhône-Alpes";"Production décarbonée";10,22026262508
2016-04;"Auvergne-Rhône-Alpes";"Production décarbonée";9,248941422331
2016-05;"Auvergne-Rhône-Alpes";"Production décarbonée";9,432167166025
2016-06;"Auvergne-Rhône-Alpes";"Production décarbonée";8,20432143718
2016-07;"Auvergne-Rhône-Alpes";"Production décarbonée";7,8321695248
2016-08;"Auvergne-Rhône-Alpes";"Production décarbonée";6,461625232018
2016-09;"Auvergne-Rhône-Alpes";"Production décarbonée";6,321676938465
2016-10;"Auvergne-Rhône-Alpes";"Production décarbonée";7,101760500058
2016-11;"Auvergne-Rhône-Alpes";"Production décarbonée";6,94201321834
2016-12;"Auvergne-Rhône-Alpes";"Production décarbonée";8,2690741597
2017-01;"Auvergne-Rhône-Alpes";"Production décarbonée";10,306987779564
2017-02;"Auvergne-Rhône-Alpes";"Production décarbonée";9,084982978729
2017-03;"Auvergne-Rhône-Alpes";"Production décarbonée";10,500239885664
2017-04;"Auvergne-Rhône-Alpes";"Production décarbonée";8,809140454374
2017-05;"Auvergne-Rhône-Alpes";"Production décarbonée";8,152661127228
2017-06;"Auvergne-Rhône-Alpes";"Production décarbonée";7,776573638173
2017-07;"Auvergne-Rhône-Alpes";"Production décarbonée";8,494509815109
2017-08;"Auvergne-Rhône-Alpes";"Production décarbonée";8,820886786192
2017-09;"Auvergne-Rhône-Alpes";"Production décarbonée";9,483641230031
2017-10;"Auvergne-Rhône-Alpes";"Production décarbonée";6,636092246519
2017-11;"Auvergne-Rhône-Alpes";"Production décarbonée";5,967752240909
2017-12;"Auvergne-Rhône-Alpes";"Production décarbonée";8,673030426359
2018-01;"Auvergne-Rhône-Alpes";"Production décarbonée";11,236205704559
2018-02;"Auvergne-Rhône-Alpes";"Production décarbonée";9,921539630401
2018-03;"Auvergne-Rhône-Alpes";"Production décarbonée";9,990139376113
2018-04;"Auvergne-Rhône-Alpes";"Production décarbonée";9,042281177232
2018-05;"Auvergne-Rhône-Alpes";"Production décarbonée";9,772963812461
2018-06;"Auvergne-Rhône-Alpes";"Production décarbonée";9,581258423805
2018-07;"Auvergne-Rhône-Alpes";"Production décarbonée";8,640680800077
2018-08;"Auvergne-Rhône-Alpes";"Production décarbonée";7,934178282011
2018-09;"Auvergne-Rhône-Alpes";"Production décarbonée";7,624178170377
2018-10;"Auvergne-Rhône-Alpes";"Production décarbonée";7,384129342387
2018-11;"Auvergne-Rhône-Alpes";"Production décarbonée";7,470680493829
2018-12;"Auvergne-Rhône-Alpes";"Production décarbonée";10,703485613054
2019-01;"Auvergne-Rhône-Alpes";"Production décarbonée";11,267857021403
2019-02;"Auvergne-Rhône-Alpes";"Production décarbonée";10,383904014303
2019-03;"Auvergne-Rhône-Alpes";"Production décarbonée";9,895883196218
2019-04;"Auvergne-Rhône-Alpes";"Production décarbonée";7,924612737892
2019-05;"Auvergne-Rhône-Alpes";"Production décarbonée";9,089245913035
2019-06;"Auvergne-Rhône-Alpes";"Production décarbonée";9,490538487422
2019-07;"Auvergne-Rhône-Alpes";"Production décarbonée";9,961443065319
2019-08;"Auvergne-Rhône-Alpes";"Production décarbonée";8,760884255648
2019-09;"Auvergne-Rhône-Alpes";"Production décarbonée";8,013844531898
2019-10;"Auvergne-Rhône-Alpes";"Production décarbonée";9,053045335137
2019-11;"Auvergne-Rhône-Alpes";"Production décarbonée";8,667184471559
2019-12;"Auvergne-Rhône-Alpes";"Production décarbonée";10,500838313435
2020-01;"Auvergne-Rhône-Alpes";"Production décarbonée";10,958391446973
2020-02;"Auvergne-Rhône-Alpes";"Production décarbonée";10,230240425631
2020-03;"Auvergne-Rhône-Alpes";"Production décarbonée";9,328164281885
2020-04;"Auvergne-Rhône-Alpes";"Production décarbonée";7,712176217891
2020-05;"Auvergne-Rhône-Alpes";"Production décarbonée";8,378209081795
2020-06;"Auvergne-Rhône-Alpes";"Production décarbonée";7,961385306777
2020-07;"Auvergne-Rhône-Alpes";"Production décarbonée";8,038722137474
2020-08;"Auvergne-Rhône-Alpes";"Production décarbonée";7,662690870289
2020-09;"Auvergne-Rhône-Alpes";"Production décarbonée";8,093024045098
2020-10;"Auvergne-Rhône-Alpes";"Production décarbonée";9,2604316367
2020-11;"Auvergne-Rhône-Alpes";"Production décarbonée";8,678307550339
2020-12;"Auvergne-Rhône-Alpes";"Production décarbonée";10,049144015093
2021-01;"Auvergne-Rhône-Alpes";"Production décarbonée";10,881131908702
2021-02;"Auvergne-Rhône-Alpes";"Production décarbonée";9,149080071819
2021-03;"Auvergne-Rhône-Alpes";"Production décarbonée";9,803780834424
2021-04;"Auvergne-Rhône-Alpes";"Production décarbonée";7,479584331233
2021-05;"Auvergne-Rhône-Alpes";"Production décarbonée";9,458794856686
2021-06;"Auvergne-Rhône-Alpes";"Production décarbonée";9,587145648304
2021-07;"Auvergne-Rhône-Alpes";"Production décarbonée";9,523597564502
2021-08;"Auvergne-Rhône-Alpes";"Production décarbonée";8,934257744262
2021-09;"Auvergne-Rhône-Alpes";"Production décarbonée";8,025787508635
2021-10;"Auvergne-Rhône-Alpes";"Production décarbonée";9,520124044063
2021-11;"Auvergne-Rhône-Alpes";"Production décarbonée";9,619817984697
2021-12;"Auvergne-Rhône-Alpes";"Production décarbonée";10,926314935909
2022-01;"Auvergne-Rhône-Alpes";"Production décarbonée";11,508151847769
2022-02;"Auvergne-Rhône-Alpes";"Production décarbonée";9,3533150543868
2022-03;"Auvergne-Rhône-Alpes";"Production décarbonée";9,4645174630874
2022-04;"Auvergne-Rhône-Alpes";"Production décarbonée";8,2802834937162
2022-05;"Auvergne-Rhône-Alpes";"Production décarbonée";7,6377632594069
2022-06;"Auvergne-Rhône-Alpes";"Production décarbonée";8,0402437366766
2022-07;"Auvergne-Rhône-Alpes";"Production décarbonée";7,6067175452375
2022-08;"Auvergne-Rhône-Alpes";"Production décarbonée";6,5421315707978
2022-09;"Auvergne-Rhône-Alpes";"Production décarbonée";5,7685834751208
2022-10;"Auvergne-Rhône-Alpes";"Production décarbonée";6,0116406419473
2022-11;"Auvergne-Rhône-Alpes";"Production décarbonée";7,2109934130637
2022-12;"Auvergne-Rhône-Alpes";"Production décarbonée";9,9790487525711
2023-01;"Auvergne-Rhône-Alpes";"Production décarbonée";12,010331864005
2023-02;"Auvergne-Rhône-Alpes";"Production décarbonée";10,484196618952
2023-03;"Auvergne-Rhône-Alpes";"Production décarbonée";10,46534342045
2023-04;"Auvergne-Rhône-Alpes";"Production décarbonée";10,192340236989
2023-05;"Auvergne-Rhône-Alpes";"Production décarbonée";9,491403242063
2023-06;"Auvergne-Rhône-Alpes";"Production décarbonée";8,709597393012
2023-07;"Auvergne-Rhône-Alpes";"Production décarbonée";8,449405490703
2023-08;"Auvergne-Rhône-Alpes";"Production décarbonée";7,2839782888082
2023-09;"Auvergne-Rhône-Alpes";"Production décarbonée";7,8993488915196
2023-10;"Auvergne-Rhône-Alpes";"Production décarbonée";8,0772371849382
2023-11;"Auvergne-Rhône-Alpes";"Production décarbonée";9,1479742942351
2023-12;"Auvergne-Rhône-Alpes";"Production décarbonée";10,571591420282
2024-01;"Auvergne-Rhône-Alpes";"Production décarbonée";10,869436710075
2024-02;"Auvergne-Rhône-Alpes";"Production décarbonée";10,441087325436
2024-03;"Auvergne-Rhône-Alpes";"Production décarbonée";10,012600970027
2024-04;"Auvergne-Rhône-Alpes";"Production décarbonée";8,2569378131632
2024-05;"Auvergne-Rhône-Alpes";"Production décarbonée";9,1765203977924
2024-06;"Auvergne-Rhône-Alpes";"Production décarbonée";8,8708855715416
2024-07;"Auvergne-Rhône-Alpes";"Production décarbonée";10,635666239327
2024-08;"Auvergne-Rhône-Alpes";"Production décarbonée";8,8813363620134
2024-09;"Auvergne-Rhône-Alpes";"Production décarbonée";7,153816689114
2024-10;"Auvergne-Rhône-Alpes";"Production décarbonée";9,3275097270803
2024-11;"Auvergne-Rhône-Alpes";"Production décarbonée";10,05886377426
2024-12;"Auvergne-Rhône-Alpes";"Production décarbonée";11,48603407936
2025-01;"Auvergne-Rhône-Alpes";"Production décarbonée";11,708399702503
2025-02;"Auvergne-Rhône-Alpes";"Production décarbonée";9,8444534858066
2025-03;"Auvergne-Rhône-Alpes";"Production décarbonée";9,6393635104959
2025-04;"Auvergne-Rhône-Alpes";"Production décarbonée";9,3089929362354
2025-05;"Auvergne-Rhône-Alpes";"Production décarbonée";9,8399346750504
2025-06;"Auvergne-Rhône-Alpes";"Production décarbonée";9,6853354209152
2025-07;"Auvergne-Rhône-Alpes";"Production décarbonée";8,5023839919523
2025-08;"Auvergne-Rhône-Alpes";"Production décarbonée";7,6819617173531
2025-09;"Auvergne-Rhône-Alpes";"Production décarbonée";7,8879406141225
2025-10;"Auvergne-Rhône-Alpes";"Production décarbonée";8,3511365831727
2025-11;"Auvergne-Rhône-Alpes";"Production décarbonée";10,280834858702
2014-01;"Provence-Alpes-Côte d'Azur";"Thermique renouvelable et déchets";0,032741128
2014-02;"Provence-Alpes-Côte d'Azur";"Thermique renouvelable et déchets";0,025628699
2014-03;"Provence-Alpes-Côte d'Azur";"Thermique renouvelable et déchets";0,0325480365
2014-04;"Provence-Alpes-Côte d'Azur";"Thermique renouvelable et déchets";0,032849544
2014-05;"Provence-Alpes-Côte d'Azur";"Thermique renouvelable et déchets";0,0314228475
2014-06;"Provence-Alpes-Côte d'Azur";"Thermique renouvelable et déchets";0,0266954925
2014-07;"Provence-Alpes-Côte d'Azur";"Thermique renouvelable et déchets";0,0352403785
2014-08;"Provence-Alpes-Côte d'Azur";"Thermique renouvelable et déchets";0,034936824
2014-09;"Provence-Alpes-Côte d'Azur";"Thermique renouvelable et déchets";0,026878457
2014-10;"Provence-Alpes-Côte d'Azur";"Thermique renouvelable et déchets";0,032305473
2014-11;"Provence-Alpes-Côte d'Azur";"Thermique renouvelable et déchets";0,0339532455
2014-12;"Provence-Alpes-Côte d'Azur";"Thermique renouvelable et déchets";0,0356274025
2015-01;"Provence-Alpes-Côte d'Azur";"Thermique renouvelable et déchets";0,034347879
2015-02;"Provence-Alpes-Côte d'Azur";"Thermique renouvelable et déchets";0,0317796845
2015-03;"Provence-Alpes-Côte d'Azur";"Thermique renouvelable et déchets";0,036317486
2015-04;"Provence-Alpes-Côte d'Azur";"Thermique renouvelable et déchets";0,032667183
2015-05;"Provence-Alpes-Côte d'Azur";"Thermique renouvelable et déchets";0,0340181755
2015-06;"Provence-Alpes-Côte d'Azur";"Thermique renouvelable et déchets";0,0339793805
2015-07;"Provence-Alpes-Côte d'Azur";"Thermique renouvelable et déchets";0,0374703025
2015-08;"Provence-Alpes-Côte d'Azur";"Thermique renouvelable et déchets";0,040268846
2015-09;"Provence-Alpes-Côte d'Azur";"Thermique renouvelable et déchets";0,034355665
2015-10;"Provence-Alpes-Côte d'Azur";"Thermique renouvelable et déchets";0,0355492325
2015-11;"Provence-Alpes-Côte d'Azur";"Thermique renouvelable et déchets";0,039869055
2015-12;"Provence-Alpes-Côte d'Azur";"Thermique renouvelable et déchets";0,041956543
2016-01;"Provence-Alpes-Côte d'Azur";"Thermique renouvelable et déchets";0,051155383
2016-02;"Provence-Alpes-Côte d'Azur";"Thermique renouvelable et déchets";0,0589737175
2016-03;"Provence-Alpes-Côte d'Azur";"Thermique renouvelable et déchets";0,061731279
2016-04;"Provence-Alpes-Côte d'Azur";"Thermique renouvelable et déchets";0,0575987655
2016-05;"Provence-Alpes-Côte d'Azur";"Thermique renouvelable et déchets";0,05879128
2016-06;"Provence-Alpes-Côte d'Azur";"Thermique renouvelable et déchets";0,044653063
2016-07;"Provence-Alpes-Côte d'Azur";"Thermique renouvelable et déchets";0,0537156775
2016-08;"Provence-Alpes-Côte d'Azur";"Thermique renouvelable et déchets";0,055141378
2016-09;"Provence-Alpes-Côte d'Azur";"Thermique renouvelable et déchets";0,0512640805
2016-10;"Provence-Alpes-Côte d'Azur";"Thermique renouvelable et déchets";0,0563185265
2016-11;"Provence-Alpes-Côte d'Azur";"Thermique renouvelable et déchets";0,060043802
2016-12;"Provence-Alpes-Côte d'Azur";"Thermique renouvelable et déchets";0,0683632695
2017-01;"Provence-Alpes-Côte d'Azur";"Thermique renouvelable et déchets";0,08029585725
2017-02;"Provence-Alpes-Côte d'Azur";"Thermique renouvelable et déchets";0,054635337583
2017-03;"Provence-Alpes-Côte d'Azur";"Thermique renouvelable et déchets";0,0604149127495
2017-04;"Provence-Alpes-Côte d'Azur";"Thermique renouvelable et déchets";0,0738828142505
2017-05;"Provence-Alpes-Côte d'Azur";"Thermique renouvelable et déchets";0,0694468387505
2017-06;"Provence-Alpes-Côte d'Azur";"Thermique renouvelable et déchets";0,093543279834
2017-07;"Provence-Alpes-Côte d'Azur";"Thermique renouvelable et déchets";0,0848238288345
2017-08;"Provence-Alpes-Côte d'Azur";"Thermique renouvelable et déchets";0,0766669569185
2017-09;"Provence-Alpes-Côte d'Azur";"Thermique renouvelable et déchets";0,075812863333
2017-10;"Provence-Alpes-Côte d'Azur";"Thermique renouvelable et déchets";0,0672977628325
2017-11;"Provence-Alpes-Côte d'Azur";"Thermique renouvelable et déchets";0,0998030705
2017-12;"Provence-Alpes-Côte d'Azur";"Thermique renouvelable et déchets";0,060003988832
2018-01;"Provence-Alpes-Côte d'Azur";"Thermique renouvelable et déchets";0,0509951005
2018-02;"Provence-Alpes-Côte d'Azur";"Thermique renouvelable et déchets";0,098846464167
2018-03;"Provence-Alpes-Côte d'Azur";"Thermique renouvelable et déchets";0,099006685667
2018-04;"Provence-Alpes-Côte d'Azur";"Thermique renouvelable et déchets";0,125878089666
2018-05;"Provence-Alpes-Côte d'Azur";"Thermique renouvelable et déchets";0,0684919705835
2018-06;"Provence-Alpes-Côte d'Azur";"Thermique renouvelable et déchets";0,0319393344995
2018-07;"Provence-Alpes-Côte d'Azur";"Thermique renouvelable et déchets";0,0563034938335
2018-08;"Provence-Alpes-Côte d'Azur";"Thermique renouvelable et déchets";0,0562032123335
2018-09;"Provence-Alpes-Côte d'Azur";"Thermique renouvelable et déchets";0,086590697833
2018-10;"Provence-Alpes-Côte d'Azur";"Thermique renouvelable et déchets";0,0561541275
2018-11;"Provence-Alpes-Côte d'Azur";"Thermique renouvelable et déchets";0,0461711139155
2018-12;"Provence-Alpes-Côte d'Azur";"Thermique renouvelable et déchets";0,054696503833
2019-01;"Provence-Alpes-Côte d'Azur";"Thermique renouvelable et déchets";0,053872935668
2019-02;"Provence-Alpes-Côte d'Azur";"Thermique renouvelable et déchets";0,0541718213335
2019-03;"Provence-Alpes-Côte d'Azur";"Thermique renouvelable et déchets";0,0558194649165
2019-04;"Provence-Alpes-Côte d'Azur";"Thermique renouvelable et déchets";0,041880355749
2019-05;"Provence-Alpes-Côte d'Azur";"Thermique renouvelable et déchets";0,051963567832
2019-06;"Provence-Alpes-Côte d'Azur";"Thermique renouvelable et déchets";0,0358072259995
2019-07;"Provence-Alpes-Côte d'Azur";"Thermique renouvelable et déchets";0,0407497370005
2019-08;"Provence-Alpes-Côte d'Azur";"Thermique renouvelable et déchets";0,09560574025
2019-09;"Provence-Alpes-Côte d'Azur";"Thermique renouvelable et déchets";0,0564795226675
2019-10;"Provence-Alpes-Côte d'Azur";"Thermique renouvelable et déchets";0,0436444949175
2019-11;"Provence-Alpes-Côte d'Azur";"Thermique renouvelable et déchets";0,0482934725835
2019-12;"Provence-Alpes-Côte d'Azur";"Thermique renouvelable et déchets";0,049841754166
2020-01;"Provence-Alpes-Côte d'Azur";"Thermique renouvelable et déchets";0,0524506368335
2020-02;"Provence-Alpes-Côte d'Azur";"Thermique renouvelable et déchets";0,0461708181665
2020-03;"Provence-Alpes-Côte d'Azur";"Thermique renouvelable et déchets";0,052122591916
2020-04;"Provence-Alpes-Côte d'Azur";"Thermique renouvelable et déchets";0,049564691832
2020-05;"Provence-Alpes-Côte d'Azur";"Thermique renouvelable et déchets";0,0521004998335
2020-06;"Provence-Alpes-Côte d'Azur";"Thermique renouvelable et déchets";0,0406915525015
2020-07;"Provence-Alpes-Côte d'Azur";"Thermique renouvelable et déchets";0,0410197655
2020-08;"Provence-Alpes-Côte d'Azur";"Thermique renouvelable et déchets";0,0428179654165
2020-09;"Provence-Alpes-Côte d'Azur";"Thermique renouvelable et déchets";0,0364057136665
2020-10;"Provence-Alpes-Côte d'Azur";"Thermique renouvelable et déchets";0,048839491418
2020-11;"Provence-Alpes-Côte d'Azur";"Thermique renouvelable et déchets";0,047201509417
2020-12;"Provence-Alpes-Côte d'Azur";"Thermique renouvelable et déchets";0,0557509002495
2021-01;"Provence-Alpes-Côte d'Azur";"Thermique renouvelable et déchets";0,0488643594175
2021-02;"Provence-Alpes-Côte d'Azur";"Thermique renouvelable et déchets";0,043555715084
2021-03;"Provence-Alpes-Côte d'Azur";"Thermique renouvelable et déchets";0,0494501219175
2021-04;"Provence-Alpes-Côte d'Azur";"Thermique renouvelable et déchets";0,03928320925
2021-05;"Provence-Alpes-Côte d'Azur";"Thermique renouvelable et déchets";0,043819642833
2021-06;"Provence-Alpes-Côte d'Azur";"Thermique renouvelable et déchets";0,0353133201665
2021-07;"Provence-Alpes-Côte d'Azur";"Thermique renouvelable et déchets";0,060076866
2021-08;"Provence-Alpes-Côte d'Azur";"Thermique renouvelable et déchets";0,0569247047505
2021-09;"Provence-Alpes-Côte d'Azur";"Thermique renouvelable et déchets";0,040025168334
2021-10;"Provence-Alpes-Côte d'Azur";"Thermique renouvelable et déchets";0,0414211568335
2021-11;"Provence-Alpes-Côte d'Azur";"Thermique renouvelable et déchets";0,044313960083
2021-12;"Provence-Alpes-Côte d'Azur";"Thermique renouvelable et déchets";0,0433912175
2022-01;"Provence-Alpes-Côte d'Azur";"Thermique renouvelable et déchets";0,0458863787455
2022-02;"Provence-Alpes-Côte d'Azur";"Thermique renouvelable et déchets";0,073694191459
2022-03;"Provence-Alpes-Côte d'Azur";"Thermique renouvelable et déchets";0,061703513221
2022-04;"Provence-Alpes-Côte d'Azur";"Thermique renouvelable et déchets";0,084214720784
2022-05;"Provence-Alpes-Côte d'Azur";"Thermique renouvelable et déchets";0,126079952976
2022-06;"Provence-Alpes-Côte d'Azur";"Thermique renouvelable et déchets";0,067586640169
2022-07;"Provence-Alpes-Côte d'Azur";"Thermique renouvelable et déchets";0,0428891124155
2022-08;"Provence-Alpes-Côte d'Azur";"Thermique renouvelable et déchets";0,0437467889735
2022-09;"Provence-Alpes-Côte d'Azur";"Thermique renouvelable et déchets";0,103776289256
2022-10;"Provence-Alpes-Côte d'Azur";"Thermique renouvelable et déchets";0,0356599383895
2022-11;"Provence-Alpes-Côte d'Azur";"Thermique renouvelable et déchets";0,069794445339
2022-12;"Provence-Alpes-Côte d'Azur";"Thermique renouvelable et déchets";0,113756555663
2023-01;"Provence-Alpes-Côte d'Azur";"Thermique renouvelable et déchets";0,0810832639565
2023-02;"Provence-Alpes-Côte d'Azur";"Thermique renouvelable et déchets";0,0633467554235
2023-03;"Provence-Alpes-Côte d'Azur";"Thermique renouvelable et déchets";0,081952716056
2023-04;"Provence-Alpes-Côte d'Azur";"Thermique renouvelable et déchets";0,071468290472
2023-05;"Provence-Alpes-Côte d'Azur";"Thermique renouvelable et déchets";0,076003299279
2023-06;"Provence-Alpes-Côte d'Azur";"Thermique renouvelable et déchets";0,058380125008
2023-07;"Provence-Alpes-Côte d'Azur";"Thermique renouvelable et déchets";0,056431852492
2023-08;"Provence-Alpes-Côte d'Azur";"Thermique renouvelable et déchets";0,0611296286525
2023-09;"Provence-Alpes-Côte d'Azur";"Thermique renouvelable et déchets";0,062697509002
2023-10;"Provence-Alpes-Côte d'Azur";"Thermique renouvelable et déchets";0,04135696158
2023-11;"Provence-Alpes-Côte d'Azur";"Thermique renouvelable et déchets";0,0498656678735
2023-12;"Provence-Alpes-Côte d'Azur";"Thermique renouvelable et déchets";0,0761557062175
2024-01;"Provence-Alpes-Côte d'Azur";"Thermique renouvelable et déchets";0,0496133785285
2024-02;"Provence-Alpes-Côte d'Azur";"Thermique renouvelable et déchets";0,0559801469765
2024-03;"Provence-Alpes-Côte d'Azur";"Thermique renouvelable et déchets";0,05373343454
2024-04;"Provence-Alpes-Côte d'Azur";"Thermique renouvelable et déchets";0,055380256261
2024-05;"Provence-Alpes-Côte d'Azur";"Thermique renouvelable et déchets";0,0579572010245
2024-06;"Provence-Alpes-Côte d'Azur";"Thermique renouvelable et déchets";0,0633463381355
2024-07;"Provence-Alpes-Côte d'Azur";"Thermique renouvelable et déchets";0,0641282983435
2024-08;"Provence-Alpes-Côte d'Azur";"Thermique renouvelable et déchets";0,0615167034355
2024-09;"Provence-Alpes-Côte d'Azur";"Thermique renouvelable et déchets";0,061236773946
2024-10;"Provence-Alpes-Côte d'Azur";"Thermique renouvelable et déchets";0,0514726885895
2024-11;"Provence-Alpes-Côte d'Azur";"Thermique renouvelable et déchets";0,0619246252185
2024-12;"Provence-Alpes-Côte d'Azur";"Thermique renouvelable et déchets";0,0674047151755
2025-01;"Provence-Alpes-Côte d'Azur";"Thermique renouvelable et déchets";0,0986175507685
2025-02;"Provence-Alpes-Côte d'Azur";"Thermique renouvelable et déchets";0,1259234584895
2025-03;"Provence-Alpes-Côte d'Azur";"Thermique renouvelable et déchets";0,1445131628915
2025-04;"Provence-Alpes-Côte d'Azur";"Thermique renouvelable et déchets";0,1419983960855
2025-05;"Provence-Alpes-Côte d'Azur";"Thermique renouvelable et déchets";0,147679123172
2025-06;"Provence-Alpes-Côte d'Azur";"Thermique renouvelable et déchets";0,121581692089
2025-07;"Provence-Alpes-Côte d'Azur";"Thermique renouvelable et déchets";0,0702330500465
2025-08;"Provence-Alpes-Côte d'Azur";"Thermique renouvelable et déchets";0,0659323332845
2025-09;"Provence-Alpes-Côte d'Azur";"Thermique renouvelable et déchets";0,0568009029625
2025-10;"Provence-Alpes-Côte d'Azur";"Thermique renouvelable et déchets";0,068301868257
2025-11;"Provence-Alpes-Côte d'Azur";"Thermique renouvelable et déchets";0,107236514257
2014-01;"Provence-Alpes-Côte d'Azur";"Éolien";0,008226254
2014-02;"Provence-Alpes-Côte d'Azur";"Éolien";0,008280593
2014-03;"Provence-Alpes-Côte d'Azur";"Éolien";0,008544441
2014-04;"Provence-Alpes-Côte d'Azur";"Éolien";0,0096717
2014-05;"Provence-Alpes-Côte d'Azur";"Éolien";0,011740179
2014-06;"Provence-Alpes-Côte d'Azur";"Éolien";0,005512295
2014-07;"Provence-Alpes-Côte d'Azur";"Éolien";0,009162485
2014-08;"Provence-Alpes-Côte d'Azur";"Éolien";0,00573922
2014-09;"Provence-Alpes-Côte d'Azur";"Éolien";0,00782583
2014-10;"Provence-Alpes-Côte d'Azur";"Éolien";0,008039188
2014-11;"Provence-Alpes-Côte d'Azur";"Éolien";0,007434421
2014-12;"Provence-Alpes-Côte d'Azur";"Éolien";0,015684103
2015-01;"Provence-Alpes-Côte d'Azur";"Éolien";0,012261025
2015-02;"Provence-Alpes-Côte d'Azur";"Éolien";0,011784671
2015-03;"Provence-Alpes-Côte d'Azur";"Éolien";0,010023882
2015-04;"Provence-Alpes-Côte d'Azur";"Éolien";0,008686235
2015-05;"Provence-Alpes-Côte d'Azur";"Éolien";0,011226829
2015-06;"Provence-Alpes-Côte d'Azur";"Éolien";0,006622559
2015-07;"Provence-Alpes-Côte d'Azur";"Éolien";0,006949172
2015-08;"Provence-Alpes-Côte d'Azur";"Éolien";0,005248003
2015-09;"Provence-Alpes-Côte d'Azur";"Éolien";0,01008479
2015-10;"Provence-Alpes-Côte d'Azur";"Éolien";0,008775841
2015-11;"Provence-Alpes-Côte d'Azur";"Éolien";0,010178324
2015-12;"Provence-Alpes-Côte d'Azur";"Éolien";0,00351542
2016-01;"Provence-Alpes-Côte d'Azur";"Éolien";0,005996959
2016-02;"Provence-Alpes-Côte d'Azur";"Éolien";0,011122043
2016-03;"Provence-Alpes-Côte d'Azur";"Éolien";0,011889254
2016-04;"Provence-Alpes-Côte d'Azur";"Éolien";0,012518396
2016-05;"Provence-Alpes-Côte d'Azur";"Éolien";0,013211458
2016-06;"Provence-Alpes-Côte d'Azur";"Éolien";0,006847239
2016-07;"Provence-Alpes-Côte d'Azur";"Éolien";0,008334349
2016-08;"Provence-Alpes-Côte d'Azur";"Éolien";0,007545
2016-09;"Provence-Alpes-Côte d'Azur";"Éolien";0,0054594
2016-10;"Provence-Alpes-Côte d'Azur";"Éolien";0,009436674
2016-11;"Provence-Alpes-Côte d'Azur";"Éolien";0,009184916
2016-12;"Provence-Alpes-Côte d'Azur";"Éolien";0,007070978
2017-01;"Provence-Alpes-Côte d'Azur";"Éolien";0,015452922
2017-02;"Provence-Alpes-Côte d'Azur";"Éolien";0,010184633
2017-03;"Provence-Alpes-Côte d'Azur";"Éolien";0,008435487
2017-04;"Provence-Alpes-Côte d'Azur";"Éolien";0,01361332
2017-05;"Provence-Alpes-Côte d'Azur";"Éolien";0,006394893
2017-06;"Provence-Alpes-Côte d'Azur";"Éolien";0,005624481
2017-07;"Provence-Alpes-Côte d'Azur";"Éolien";0,009022428
2017-08;"Provence-Alpes-Côte d'Azur";"Éolien";0,006939917
2017-09;"Provence-Alpes-Côte d'Azur";"Éolien";0,006762347
2017-10;"Provence-Alpes-Côte d'Azur";"Éolien";0,009388579
2017-11;"Provence-Alpes-Côte d'Azur";"Éolien";0,013371282
2017-12;"Provence-Alpes-Côte d'Azur";"Éolien";0,012370602
2018-01;"Provence-Alpes-Côte d'Azur";"Éolien";0,010978313
2018-02;"Provence-Alpes-Côte d'Azur";"Éolien";0,012334558
2018-03;"Provence-Alpes-Côte d'Azur";"Éolien";0,012406002
2018-04;"Provence-Alpes-Côte d'Azur";"Éolien";0,008545097
2018-05;"Provence-Alpes-Côte d'Azur";"Éolien";0,005662772
2018-06;"Provence-Alpes-Côte d'Azur";"Éolien";0,007290061
2018-07;"Provence-Alpes-Côte d'Azur";"Éolien";0,004974121
2018-08;"Provence-Alpes-Côte d'Azur";"Éolien";0,005610687
2018-09;"Provence-Alpes-Côte d'Azur";"Éolien";0,005007982
2018-10;"Provence-Alpes-Côte d'Azur";"Éolien";0,011013259
2018-11;"Provence-Alpes-Côte d'Azur";"Éolien";0,008311052
2018-12;"Provence-Alpes-Côte d'Azur";"Éolien";0,007860355
2019-01;"Provence-Alpes-Côte d'Azur";"Éolien";0,017952854
2019-02;"Provence-Alpes-Côte d'Azur";"Éolien";0,006404922
2019-03;"Provence-Alpes-Côte d'Azur";"Éolien";0,010359076
2019-04;"Provence-Alpes-Côte d'Azur";"Éolien";0,009932287
2019-05;"Provence-Alpes-Côte d'Azur";"Éolien";0,01198372
2019-06;"Provence-Alpes-Côte d'Azur";"Éolien";0,005059077
2019-07;"Provence-Alpes-Côte d'Azur";"Éolien";0,004967932
2019-08;"Provence-Alpes-Côte d'Azur";"Éolien";0,005639835
2019-09;"Provence-Alpes-Côte d'Azur";"Éolien";0,006836348
2019-10;"Provence-Alpes-Côte d'Azur";"Éolien";0,00821643
2019-11;"Provence-Alpes-Côte d'Azur";"Éolien";0,007158652
2019-12;"Provence-Alpes-Côte d'Azur";"Éolien";0,009233336
2020-01;"Provence-Alpes-Côte d'Azur";"Éolien";0,007145581
2020-02;"Provence-Alpes-Côte d'Azur";"Éolien";0,007970113
2020-03;"Provence-Alpes-Côte d'Azur";"Éolien";0,009189434
2020-04;"Provence-Alpes-Côte d'Azur";"Éolien";0,002640958
2020-05;"Provence-Alpes-Côte d'Azur";"Éolien";0,007974876
2020-06;"Provence-Alpes-Côte d'Azur";"Éolien";0,008029723
2020-07;"Provence-Alpes-Côte d'Azur";"Éolien";0,00707169
2020-08;"Provence-Alpes-Côte d'Azur";"Éolien";0,006016992
2020-09;"Provence-Alpes-Côte d'Azur";"Éolien";0,005274562
2020-10;"Provence-Alpes-Côte d'Azur";"Éolien";0,01039555
2020-11;"Provence-Alpes-Côte d'Azur";"Éolien";0,01220411
2020-12;"Provence-Alpes-Côte d'Azur";"Éolien";0,01124896
2021-01;"Provence-Alpes-Côte d'Azur";"Éolien";0,027761501506
2021-02;"Provence-Alpes-Côte d'Azur";"Éolien";0,018893593003
2021-03;"Provence-Alpes-Côte d'Azur";"Éolien";0,019139105501
2021-04;"Provence-Alpes-Côte d'Azur";"Éolien";0,015004133499
2021-05;"Provence-Alpes-Côte d'Azur";"Éolien";0,018054797165
2021-06;"Provence-Alpes-Côte d'Azur";"Éolien";0,011767012662
2021-07;"Provence-Alpes-Côte d'Azur";"Éolien";0,013927800669
2021-08;"Provence-Alpes-Côte d'Azur";"Éolien";0,013581883664
2021-09;"Provence-Alpes-Côte d'Azur";"Éolien";0,011915417666
2021-10;"Provence-Alpes-Côte d'Azur";"Éolien";0,017336438833
2021-11;"Provence-Alpes-Côte d'Azur";"Éolien";0,015141089503
2021-12;"Provence-Alpes-Côte d'Azur";"Éolien";0,01832480284
2022-01;"Provence-Alpes-Côte d'Azur";"Éolien";0,017947386584
2022-02;"Provence-Alpes-Côte d'Azur";"Éolien";0,02370046648
2022-03;"Provence-Alpes-Côte d'Azur";"Éolien";0,015536365692
2022-04;"Provence-Alpes-Côte d'Azur";"Éolien";0,015684564067
2022-05;"Provence-Alpes-Côte d'Azur";"Éolien";0,009755496378
2022-06;"Provence-Alpes-Côte d'Azur";"Éolien";0,012439843681
2022-07;"Provence-Alpes-Côte d'Azur";"Éolien";0,010072323499
2022-08;"Provence-Alpes-Côte d'Azur";"Éolien";0,010396054632
2022-09;"Provence-Alpes-Côte d'Azur";"Éolien";0,017199708827
2022-10;"Provence-Alpes-Côte d'Azur";"Éolien";0,012445810841
2022-11;"Provence-Alpes-Côte d'Azur";"Éolien";0,01466088701
2022-12;"Provence-Alpes-Côte d'Azur";"Éolien";0,017305708402
2023-01;"Provence-Alpes-Côte d'Azur";"Éolien";0,023977106401
2023-02;"Provence-Alpes-Côte d'Azur";"Éolien";0,014550341865
2023-03;"Provence-Alpes-Côte d'Azur";"Éolien";0,020100307549
2023-04;"Provence-Alpes-Côte d'Azur";"Éolien";0,020326032938
2023-05;"Provence-Alpes-Côte d'Azur";"Éolien";0,011445450523
2023-06;"Provence-Alpes-Côte d'Azur";"Éolien";0,006162468279
2023-07;"Provence-Alpes-Côte d'Azur";"Éolien";0,013013339365
2023-08;"Provence-Alpes-Côte d'Azur";"Éolien";0,014334659376
2023-09;"Provence-Alpes-Côte d'Azur";"Éolien";0,009555034415
2023-10;"Provence-Alpes-Côte d'Azur";"Éolien";0,015622441137
2023-11;"Provence-Alpes-Côte d'Azur";"Éolien";0,021738684592
2023-12;"Provence-Alpes-Côte d'Azur";"Éolien";0,021570989052
2024-01;"Provence-Alpes-Côte d'Azur";"Éolien";0,020888969292
2024-02;"Provence-Alpes-Côte d'Azur";"Éolien";0,016680535057
2024-03;"Provence-Alpes-Côte d'Azur";"Éolien";0,02656958596
2024-04;"Provence-Alpes-Côte d'Azur";"Éolien";0,024880033096
2024-05;"Provence-Alpes-Côte d'Azur";"Éolien";0,012649278456
2024-06;"Provence-Alpes-Côte d'Azur";"Éolien";0,012328685492
2024-07;"Provence-Alpes-Côte d'Azur";"Éolien";0,010880158123
2024-08;"Provence-Alpes-Côte d'Azur";"Éolien";0,008551027036
2024-09;"Provence-Alpes-Côte d'Azur";"Éolien";0,01909360926
2024-10;"Provence-Alpes-Côte d'Azur";"Éolien";0,016796976791
2024-11;"Provence-Alpes-Côte d'Azur";"Éolien";0,015032117499
2024-12;"Provence-Alpes-Côte d'Azur";"Éolien";0,022902675539
2025-01;"Provence-Alpes-Côte d'Azur";"Éolien";0,027851301443
2025-02;"Provence-Alpes-Côte d'Azur";"Éolien";0,017405557269
2025-03;"Provence-Alpes-Côte d'Azur";"Éolien";0,028851623571
2025-04;"Provence-Alpes-Côte d'Azur";"Éolien";0,018597976233
2025-05;"Provence-Alpes-Côte d'Azur";"Éolien";0,018455120179
2025-06;"Provence-Alpes-Côte d'Azur";"Éolien";0,009061835406
2025-07;"Provence-Alpes-Côte d'Azur";"Éolien";0,027631730597
2025-08;"Provence-Alpes-Côte d'Azur";"Éolien";0,016864376156
2025-09;"Provence-Alpes-Côte d'Azur";"Éolien";0,014377890162
2025-10;"Provence-Alpes-Côte d'Azur";"Éolien";0,018510826994
2025-11;"Provence-Alpes-Côte d'Azur";"Éolien";0,031148217575
2014-01;"Provence-Alpes-Côte d'Azur";"Solaire";0,034546662
2014-02;"Provence-Alpes-Côte d'Azur";"Solaire";0,044027468
2014-03;"Provence-Alpes-Côte d'Azur";"Solaire";0,091550229
2014-04;"Provence-Alpes-Côte d'Azur";"Solaire";0,098830492
2014-05;"Provence-Alpes-Côte d'Azur";"Solaire";0,118788242
2014-06;"Provence-Alpes-Côte d'Azur";"Solaire";0,116684456
2014-07;"Provence-Alpes-Côte d'Azur";"Solaire";0,117815965
2014-08;"Provence-Alpes-Côte d'Azur";"Solaire";0,128292242
2014-09;"Provence-Alpes-Côte d'Azur";"Solaire";0,097896428
2014-10;"Provence-Alpes-Côte d'Azur";"Solaire";0,07944522
2014-11;"Provence-Alpes-Côte d'Azur";"Solaire";0,040030514
2014-12;"Provence-Alpes-Côte d'Azur";"Solaire";0,042233693
2015-01;"Provence-Alpes-Côte d'Azur";"Solaire";0,054710292
2015-02;"Provence-Alpes-Côte d'Azur";"Solaire";0,064491418
2015-03;"Provence-Alpes-Côte d'Azur";"Solaire";0,09087641
2015-04;"Provence-Alpes-Côte d'Azur";"Solaire";0,120684454
2015-05;"Provence-Alpes-Côte d'Azur";"Solaire";0,139598583
2015-06;"Provence-Alpes-Côte d'Azur";"Solaire";0,139493452
2015-07;"Provence-Alpes-Côte d'Azur";"Solaire";0,149273669
2015-08;"Provence-Alpes-Côte d'Azur";"Solaire";0,134110973
2015-09;"Provence-Alpes-Côte d'Azur";"Solaire";0,113588382
2015-10;"Provence-Alpes-Côte d'Azur";"Solaire";0,082179322
2015-11;"Provence-Alpes-Côte d'Azur";"Solaire";0,07484596
2015-12;"Provence-Alpes-Côte d'Azur";"Solaire";0,040981689
2016-01;"Provence-Alpes-Côte d'Azur";"Solaire";0,049634743
2016-02;"Provence-Alpes-Côte d'Azur";"Solaire";0,070526278
2016-03;"Provence-Alpes-Côte d'Azur";"Solaire";0,108678986
2016-04;"Provence-Alpes-Côte d'Azur";"Solaire";0,125677947
2016-05;"Provence-Alpes-Côte d'Azur";"Solaire";0,149495562
2016-06;"Provence-Alpes-Côte d'Azur";"Solaire";0,15329213
2016-07;"Provence-Alpes-Côte d'Azur";"Solaire";0,165771609
2016-08;"Provence-Alpes-Côte d'Azur";"Solaire";0,160514131
2016-09;"Provence-Alpes-Côte d'Azur";"Solaire";0,129305656
2016-10;"Provence-Alpes-Côte d'Azur";"Solaire";0,102132199
2016-11;"Provence-Alpes-Côte d'Azur";"Solaire";0,063605771
2016-12;"Provence-Alpes-Côte d'Azur";"Solaire";0,064006311
2017-01;"Provence-Alpes-Côte d'Azur";"Solaire";0,064101224
2017-02;"Provence-Alpes-Côte d'Azur";"Solaire";0,069827664
2017-03;"Provence-Alpes-Côte d'Azur";"Solaire";0,117734367
2017-04;"Provence-Alpes-Côte d'Azur";"Solaire";0,151605754
2017-05;"Provence-Alpes-Côte d'Azur";"Solaire";0,165559597
2017-06;"Provence-Alpes-Côte d'Azur";"Solaire";0,174400234
2017-07;"Provence-Alpes-Côte d'Azur";"Solaire";0,192283504
2017-08;"Provence-Alpes-Côte d'Azur";"Solaire";0,168244587
2017-09;"Provence-Alpes-Côte d'Azur";"Solaire";0,141695791
2017-10;"Provence-Alpes-Côte d'Azur";"Solaire";0,132098503
2017-11;"Provence-Alpes-Côte d'Azur";"Solaire";0,088262651
2017-12;"Provence-Alpes-Côte d'Azur";"Solaire";0,059735323
2018-01;"Provence-Alpes-Côte d'Azur";"Solaire";0,065411997
2018-02;"Provence-Alpes-Côte d'Azur";"Solaire";0,088981707
2018-03;"Provence-Alpes-Côte d'Azur";"Solaire";0,127396101
2018-04;"Provence-Alpes-Côte d'Azur";"Solaire";0,158070808
2018-05;"Provence-Alpes-Côte d'Azur";"Solaire";0,159512038
2018-06;"Provence-Alpes-Côte d'Azur";"Solaire";0,189574108
2018-07;"Provence-Alpes-Côte d'Azur";"Solaire";0,216725167
2018-08;"Provence-Alpes-Côte d'Azur";"Solaire";0,194900757
2018-09;"Provence-Alpes-Côte d'Azur";"Solaire";0,175931435
2018-10;"Provence-Alpes-Côte d'Azur";"Solaire";0,112215314
2018-11;"Provence-Alpes-Côte d'Azur";"Solaire";0,062152049163
2018-12;"Provence-Alpes-Côte d'Azur";"Solaire";0,0719359405
2019-01;"Provence-Alpes-Côte d'Azur";"Solaire";0,097305371
2019-02;"Provence-Alpes-Côte d'Azur";"Solaire";0,129227151668
2019-03;"Provence-Alpes-Côte d'Azur";"Solaire";0,189698430833
2019-04;"Provence-Alpes-Côte d'Azur";"Solaire";0,171729131168
2019-05;"Provence-Alpes-Côte d'Azur";"Solaire";0,213510910499
2019-06;"Provence-Alpes-Côte d'Azur";"Solaire";0,225606549501
2019-07;"Provence-Alpes-Côte d'Azur";"Solaire";0,227129040333
2019-08;"Provence-Alpes-Côte d'Azur";"Solaire";0,209465225
2019-09;"Provence-Alpes-Côte d'Azur";"Solaire";0,177265184333
2019-10;"Provence-Alpes-Côte d'Azur";"Solaire";0,125393247332
2019-11;"Provence-Alpes-Côte d'Azur";"Solaire";0,073468785332
2019-12;"Provence-Alpes-Côte d'Azur";"Solaire";0,078700179166
2020-01;"Provence-Alpes-Côte d'Azur";"Solaire";0,077140414834
2020-02;"Provence-Alpes-Côte d'Azur";"Solaire";0,122201181501
2020-03;"Provence-Alpes-Côte d'Azur";"Solaire";0,165226416
2020-04;"Provence-Alpes-Côte d'Azur";"Solaire";0,194233072998
2020-05;"Provence-Alpes-Côte d'Azur";"Solaire";0,222007508332
2020-06;"Provence-Alpes-Côte d'Azur";"Solaire";0,234224598834
2020-07;"Provence-Alpes-Côte d'Azur";"Solaire";0,2524708585
2020-08;"Provence-Alpes-Côte d'Azur";"Solaire";0,235255726001
2020-09;"Provence-Alpes-Côte d'Azur";"Solaire";0,180330737167
2020-10;"Provence-Alpes-Côte d'Azur";"Solaire";0,143035372
2020-11;"Provence-Alpes-Côte d'Azur";"Solaire";0,103751146167
2020-12;"Provence-Alpes-Côte d'Azur";"Solaire";0,064351409667
2021-01;"Provence-Alpes-Côte d'Azur";"Solaire";0,087135512001
2021-02;"Provence-Alpes-Côte d'Azur";"Solaire";0,104001614832
2021-03;"Provence-Alpes-Côte d'Azur";"Solaire";0,190217904167
2021-04;"Provence-Alpes-Côte d'Azur";"Solaire";0,194328152002
2021-05;"Provence-Alpes-Côte d'Azur";"Solaire";0,232483286499
2021-06;"Provence-Alpes-Côte d'Azur";"Solaire";0,239049154167
2021-07;"Provence-Alpes-Côte d'Azur";"Solaire";0,255590475165
2021-08;"Provence-Alpes-Côte d'Azur";"Solaire";0,256830585666
2021-09;"Provence-Alpes-Côte d'Azur";"Solaire";0,190014318998
2021-10;"Provence-Alpes-Côte d'Azur";"Solaire";0,170332112334
2021-11;"Provence-Alpes-Côte d'Azur";"Solaire";0,110014925501
2021-12;"Provence-Alpes-Côte d'Azur";"Solaire";0,096829774668
2022-01;"Provence-Alpes-Côte d'Azur";"Solaire";0,147904171638
2022-02;"Provence-Alpes-Côte d'Azur";"Solaire";0,166732039135
2022-03;"Provence-Alpes-Côte d'Azur";"Solaire";0,185495813423
2022-04;"Provence-Alpes-Côte d'Azur";"Solaire";0,257496832214
2022-05;"Provence-Alpes-Côte d'Azur";"Solaire";0,305303514886
2022-06;"Provence-Alpes-Côte d'Azur";"Solaire";0,308293450722
2022-07;"Provence-Alpes-Côte d'Azur";"Solaire";0,336966679992
2022-08;"Provence-Alpes-Côte d'Azur";"Solaire";0,302950980247
2022-09;"Provence-Alpes-Côte d'Azur";"Solaire";0,243567133463
2022-10;"Provence-Alpes-Côte d'Azur";"Solaire";0,182123459053
2022-11;"Provence-Alpes-Côte d'Azur";"Solaire";0,13002809163
2022-12;"Provence-Alpes-Côte d'Azur";"Solaire";0,087815582248
2023-01;"Provence-Alpes-Côte d'Azur";"Solaire";0,134168306333
2023-02;"Provence-Alpes-Côte d'Azur";"Solaire";0,182716780686
2023-03;"Provence-Alpes-Côte d'Azur";"Solaire";0,263674899547
2023-04;"Provence-Alpes-Côte d'Azur";"Solaire";0,31609774453
2023-05;"Provence-Alpes-Côte d'Azur";"Solaire";0,316727019546
2023-06;"Provence-Alpes-Côte d'Azur";"Solaire";0,327729217729
2023-07;"Provence-Alpes-Côte d'Azur";"Solaire";0,397153056998
2023-08;"Provence-Alpes-Côte d'Azur";"Solaire";0,380848736703
2023-09;"Provence-Alpes-Côte d'Azur";"Solaire";0,314051137055
2023-10;"Provence-Alpes-Côte d'Azur";"Solaire";0,226351104253
2023-11;"Provence-Alpes-Côte d'Azur";"Solaire";0,161842108787
2023-12;"Provence-Alpes-Côte d'Azur";"Solaire";0,132607823014
2024-01;"Provence-Alpes-Côte d'Azur";"Solaire";0,144981395494
2024-02;"Provence-Alpes-Côte d'Azur";"Solaire";0,193688649187
2024-03;"Provence-Alpes-Côte d'Azur";"Solaire";0,272219591869
2024-04;"Provence-Alpes-Côte d'Azur";"Solaire";0,326901882372
2024-05;"Provence-Alpes-Côte d'Azur";"Solaire";0,355109121413
2024-06;"Provence-Alpes-Côte d'Azur";"Solaire";0,356539302406
2024-07;"Provence-Alpes-Côte d'Azur";"Solaire";0,400711485517
2024-08;"Provence-Alpes-Côte d'Azur";"Solaire";0,392823875805
2024-09;"Provence-Alpes-Côte d'Azur";"Solaire";0,299858771781
2024-10;"Provence-Alpes-Côte d'Azur";"Solaire";0,209620320573
2024-11;"Provence-Alpes-Côte d'Azur";"Solaire";0,178622905804
2024-12;"Provence-Alpes-Côte d'Azur";"Solaire";0,162105029306
2025-01;"Provence-Alpes-Côte d'Azur";"Solaire";0,140764135751
2025-02;"Provence-Alpes-Côte d'Azur";"Solaire";0,169467770742
2025-03;"Provence-Alpes-Côte d'Azur";"Solaire";0,269871610852
2025-04;"Provence-Alpes-Côte d'Azur";"Solaire";0,302218235232
2025-05;"Provence-Alpes-Côte d'Azur";"Solaire";0,373979392749
2025-06;"Provence-Alpes-Côte d'Azur";"Solaire";0,382384979414
2025-07;"Provence-Alpes-Côte d'Azur";"Solaire";0,451855464673
2025-08;"Provence-Alpes-Côte d'Azur";"Solaire";0,39947298271
2025-09;"Provence-Alpes-Côte d'Azur";"Solaire";0,336568238748
2025-10;"Provence-Alpes-Côte d'Azur";"Solaire";0,26506409468
2025-11;"Provence-Alpes-Côte d'Azur";"Solaire";0,179570289002
2014-01;"Provence-Alpes-Côte d'Azur";"Hydraulique";0,950351746842
2014-02;"Provence-Alpes-Côte d'Azur";"Hydraulique";0,965245212876
2014-03;"Provence-Alpes-Côte d'Azur";"Hydraulique";1,06262769583
2014-04;"Provence-Alpes-Côte d'Azur";"Hydraulique";1,115448934681
2014-05;"Provence-Alpes-Côte d'Azur";"Hydraulique";1,03498971776
2014-06;"Provence-Alpes-Côte d'Azur";"Hydraulique";0,736726073961
2014-07;"Provence-Alpes-Côte d'Azur";"Hydraulique";0,982360325766
2014-08;"Provence-Alpes-Côte d'Azur";"Hydraulique";0,750624601265
2014-09;"Provence-Alpes-Côte d'Azur";"Hydraulique";0,581785465177
2014-10;"Provence-Alpes-Côte d'Azur";"Hydraulique";0,548674825945
2014-11;"Provence-Alpes-Côte d'Azur";"Hydraulique";0,787783757705
2014-12;"Provence-Alpes-Côte d'Azur";"Hydraulique";0,981743234253
2015-01;"Provence-Alpes-Côte d'Azur";"Hydraulique";0,996007291912
2015-02;"Provence-Alpes-Côte d'Azur";"Hydraulique";0,934430301301
2015-03;"Provence-Alpes-Côte d'Azur";"Hydraulique";0,78350114682
2015-04;"Provence-Alpes-Côte d'Azur";"Hydraulique";0,63278428057
2015-05;"Provence-Alpes-Côte d'Azur";"Hydraulique";0,834698740724
2015-06;"Provence-Alpes-Côte d'Azur";"Hydraulique";0,862140998775
2015-07;"Provence-Alpes-Côte d'Azur";"Hydraulique";0,563720960386
2015-08;"Provence-Alpes-Côte d'Azur";"Hydraulique";0,556411016597
2015-09;"Provence-Alpes-Côte d'Azur";"Hydraulique";0,667597738621
2015-10;"Provence-Alpes-Côte d'Azur";"Hydraulique";0,774372662827
2015-11;"Provence-Alpes-Côte d'Azur";"Hydraulique";0,629628687141
2015-12;"Provence-Alpes-Côte d'Azur";"Hydraulique";0,457412678137
2016-01;"Provence-Alpes-Côte d'Azur";"Hydraulique";0,540912487193
2016-02;"Provence-Alpes-Côte d'Azur";"Hydraulique";0,774451381547
2016-03;"Provence-Alpes-Côte d'Azur";"Hydraulique";0,907634109383
2016-04;"Provence-Alpes-Côte d'Azur";"Hydraulique";0,904586919746
2016-05;"Provence-Alpes-Côte d'Azur";"Hydraulique";0,803626263558
2016-06;"Provence-Alpes-Côte d'Azur";"Hydraulique";1,072530019871
2016-07;"Provence-Alpes-Côte d'Azur";"Hydraulique";0,721945558859
2016-08;"Provence-Alpes-Côte d'Azur";"Hydraulique";0,538503613098
2016-09;"Provence-Alpes-Côte d'Azur";"Hydraulique";0,536165719123
2016-10;"Provence-Alpes-Côte d'Azur";"Hydraulique";0,456817062395
2016-11;"Provence-Alpes-Côte d'Azur";"Hydraulique";0,654704774837
2016-12;"Provence-Alpes-Côte d'Azur";"Hydraulique";0,903715473166
2017-01;"Provence-Alpes-Côte d'Azur";"Hydraulique";1,075421329163
2017-02;"Provence-Alpes-Côte d'Azur";"Hydraulique";0,560270163611
2017-03;"Provence-Alpes-Côte d'Azur";"Hydraulique";0,75129649032
2017-04;"Provence-Alpes-Côte d'Azur";"Hydraulique";0,499322129043
2017-05;"Provence-Alpes-Côte d'Azur";"Hydraulique";0,982382385088
2017-06;"Provence-Alpes-Côte d'Azur";"Hydraulique";0,858291699462
2017-07;"Provence-Alpes-Côte d'Azur";"Hydraulique";0,555502551968
2017-08;"Provence-Alpes-Côte d'Azur";"Hydraulique";0,472305061796
2017-09;"Provence-Alpes-Côte d'Azur";"Hydraulique";0,408818980649
2017-10;"Provence-Alpes-Côte d'Azur";"Hydraulique";0,352622710974
2017-11;"Provence-Alpes-Côte d'Azur";"Hydraulique";0,515335935352
2017-12;"Provence-Alpes-Côte d'Azur";"Hydraulique";0,595329816308
2018-01;"Provence-Alpes-Côte d'Azur";"Hydraulique";0,72106846534
2018-02;"Provence-Alpes-Côte d'Azur";"Hydraulique";1,016345974925
2018-03;"Provence-Alpes-Côte d'Azur";"Hydraulique";1,023807002238
2018-04;"Provence-Alpes-Côte d'Azur";"Hydraulique";1,198967333988
2018-05;"Provence-Alpes-Côte d'Azur";"Hydraulique";1,300184180789
2018-06;"Provence-Alpes-Côte d'Azur";"Hydraulique";1,291030199958
2018-07;"Provence-Alpes-Côte d'Azur";"Hydraulique";0,801235714984
2018-08;"Provence-Alpes-Côte d'Azur";"Hydraulique";0,549150914225
2018-09;"Provence-Alpes-Côte d'Azur";"Hydraulique";0,487322230933
2018-10;"Provence-Alpes-Côte d'Azur";"Hydraulique";0,505872378625
2018-11;"Provence-Alpes-Côte d'Azur";"Hydraulique";0,809502205237
2018-12;"Provence-Alpes-Côte d'Azur";"Hydraulique";0,796021728996
2019-01;"Provence-Alpes-Côte d'Azur";"Hydraulique";0,833598721291
2019-02;"Provence-Alpes-Côte d'Azur";"Hydraulique";0,777695654417
2019-03;"Provence-Alpes-Côte d'Azur";"Hydraulique";0,63184239719
2019-04;"Provence-Alpes-Côte d'Azur";"Hydraulique";0,618221220123
2019-05;"Provence-Alpes-Côte d'Azur";"Hydraulique";0,753321715155
2019-06;"Provence-Alpes-Côte d'Azur";"Hydraulique";0,795668748511
2019-07;"Provence-Alpes-Côte d'Azur";"Hydraulique";0,609383736995
2019-08;"Provence-Alpes-Côte d'Azur";"Hydraulique";0,525266270846
2019-09;"Provence-Alpes-Côte d'Azur";"Hydraulique";0,308752254609
2019-10;"Provence-Alpes-Côte d'Azur";"Hydraulique";0,497745384787
2019-11;"Provence-Alpes-Côte d'Azur";"Hydraulique";0,937451806243
2019-12;"Provence-Alpes-Côte d'Azur";"Hydraulique";1,101991241678
2020-01;"Provence-Alpes-Côte d'Azur";"Hydraulique";1,134173552234
2020-02;"Provence-Alpes-Côte d'Azur";"Hydraulique";1,226055807131
2020-03;"Provence-Alpes-Côte d'Azur";"Hydraulique";1,244511563131
2020-04;"Provence-Alpes-Côte d'Azur";"Hydraulique";0,718705865838
2020-05;"Provence-Alpes-Côte d'Azur";"Hydraulique";1,244578025832
2020-06;"Provence-Alpes-Côte d'Azur";"Hydraulique";1,331414459838
2020-07;"Provence-Alpes-Côte d'Azur";"Hydraulique";0,74658829627
2020-08;"Provence-Alpes-Côte d'Azur";"Hydraulique";0,511329890465
2020-09;"Provence-Alpes-Côte d'Azur";"Hydraulique";0,459264543596
2020-10;"Provence-Alpes-Côte d'Azur";"Hydraulique";0,778725776668
2020-11;"Provence-Alpes-Côte d'Azur";"Hydraulique";0,656199629432
2020-12;"Provence-Alpes-Côte d'Azur";"Hydraulique";0,706487593096
2021-01;"Provence-Alpes-Côte d'Azur";"Hydraulique";0,874274479031
2021-02;"Provence-Alpes-Côte d'Azur";"Hydraulique";0,827769269369
2021-03;"Provence-Alpes-Côte d'Azur";"Hydraulique";0,632667704331
2021-04;"Provence-Alpes-Côte d'Azur";"Hydraulique";0,49636287133
2021-05;"Provence-Alpes-Côte d'Azur";"Hydraulique";1,075520365068
2021-06;"Provence-Alpes-Côte d'Azur";"Hydraulique";1,177466797903
2021-07;"Provence-Alpes-Côte d'Azur";"Hydraulique";0,721581599333
2021-08;"Provence-Alpes-Côte d'Azur";"Hydraulique";0,542423657896
2021-09;"Provence-Alpes-Côte d'Azur";"Hydraulique";0,469298976035
2021-10;"Provence-Alpes-Côte d'Azur";"Hydraulique";0,395588190038
2021-11;"Provence-Alpes-Côte d'Azur";"Hydraulique";0,689944980369
2021-12;"Provence-Alpes-Côte d'Azur";"Hydraulique";0,652661372832
2022-01;"Provence-Alpes-Côte d'Azur";"Hydraulique";0,588447717283
2022-02;"Provence-Alpes-Côte d'Azur";"Hydraulique";0,374508743594
2022-03;"Provence-Alpes-Côte d'Azur";"Hydraulique";0,366069261125
2022-04;"Provence-Alpes-Côte d'Azur";"Hydraulique";0,532677279993
2022-05;"Provence-Alpes-Côte d'Azur";"Hydraulique";0,589128909647
2022-06;"Provence-Alpes-Côte d'Azur";"Hydraulique";0,534851418263
2022-07;"Provence-Alpes-Côte d'Azur";"Hydraulique";0,448389347946
2022-08;"Provence-Alpes-Côte d'Azur";"Hydraulique";0,37590658881
2022-09;"Provence-Alpes-Côte d'Azur";"Hydraulique";0,265038765941
2022-10;"Provence-Alpes-Côte d'Azur";"Hydraulique";0,338782007325
2022-11;"Provence-Alpes-Côte d'Azur";"Hydraulique";0,442957667368
2022-12;"Provence-Alpes-Côte d'Azur";"Hydraulique";0,643105423483
2023-01;"Provence-Alpes-Côte d'Azur";"Hydraulique";0,974797547104
2023-02;"Provence-Alpes-Côte d'Azur";"Hydraulique";0,431819106965
2023-03;"Provence-Alpes-Côte d'Azur";"Hydraulique";0,415036911456
2023-04;"Provence-Alpes-Côte d'Azur";"Hydraulique";0,563551299771
2023-05;"Provence-Alpes-Côte d'Azur";"Hydraulique";0,652114215837
2023-06;"Provence-Alpes-Côte d'Azur";"Hydraulique";0,930556893478
2023-07;"Provence-Alpes-Côte d'Azur";"Hydraulique";0,570734524176
2023-08;"Provence-Alpes-Côte d'Azur";"Hydraulique";0,459953737047
2023-09;"Provence-Alpes-Côte d'Azur";"Hydraulique";0,444560211724
2023-10;"Provence-Alpes-Côte d'Azur";"Hydraulique";0,629487535205
2023-11;"Provence-Alpes-Côte d'Azur";"Hydraulique";1,1446885542
2023-12;"Provence-Alpes-Côte d'Azur";"Hydraulique";1,164997510398
2024-01;"Provence-Alpes-Côte d'Azur";"Hydraulique";1,309674776953
2024-02;"Provence-Alpes-Côte d'Azur";"Hydraulique";1,066753654434
2024-03;"Provence-Alpes-Côte d'Azur";"Hydraulique";1,261902423037
2024-04;"Provence-Alpes-Côte d'Azur";"Hydraulique";1,032834524341
2024-05;"Provence-Alpes-Côte d'Azur";"Hydraulique";1,231017871932
2024-06;"Provence-Alpes-Côte d'Azur";"Hydraulique";1,24692442788
2024-07;"Provence-Alpes-Côte d'Azur";"Hydraulique";0,901491639132
2024-08;"Provence-Alpes-Côte d'Azur";"Hydraulique";0,58178916642
2024-09;"Provence-Alpes-Côte d'Azur";"Hydraulique";0,565736860232
2024-10;"Provence-Alpes-Côte d'Azur";"Hydraulique";1,047362436918
2024-11;"Provence-Alpes-Côte d'Azur";"Hydraulique";0,909944611243
2024-12;"Provence-Alpes-Côte d'Azur";"Hydraulique";0,894534570167
2025-01;"Provence-Alpes-Côte d'Azur";"Hydraulique";1,070334946182
2025-02;"Provence-Alpes-Côte d'Azur";"Hydraulique";1,024055803621
2025-03;"Provence-Alpes-Côte d'Azur";"Hydraulique";0,787133281165
2025-04;"Provence-Alpes-Côte d'Azur";"Hydraulique";0,802721136029
2025-05;"Provence-Alpes-Côte d'Azur";"Hydraulique";1,009198132404
2025-06;"Provence-Alpes-Côte d'Azur";"Hydraulique";0,926751986583
2025-07;"Provence-Alpes-Côte d'Azur";"Hydraulique";0,564748548013
2025-08;"Provence-Alpes-Côte d'Azur";"Hydraulique";0,443111247126
2025-09;"Provence-Alpes-Côte d'Azur";"Hydraulique";0,519975496937
2025-10;"Provence-Alpes-Côte d'Azur";"Hydraulique";0,655718879779
2025-11;"Provence-Alpes-Côte d'Azur";"Hydraulique";0,834534171575
2014-01;"Provence-Alpes-Côte d'Azur";"Autre";1,0015079043857E-19
2014-02;"Provence-Alpes-Côte d'Azur";"Autre";-6,0583135730319E-19
2014-03;"Provence-Alpes-Côte d'Azur";"Autre";4,3100245594729E-19
2014-04;"Provence-Alpes-Côte d'Azur";"Autre";-1,8980641711131E-18
2014-05;"Provence-Alpes-Côte d'Azur";"Autre";4,685479434996E-19
2014-06;"Provence-Alpes-Côte d'Azur";"Autre";-9,0191222545943E-19
2014-07;"Provence-Alpes-Côte d'Azur";"Autre";-7,3079823442734E-19
2014-08;"Provence-Alpes-Côte d'Azur";"Autre";1,3441869145536E-18
2014-09;"Provence-Alpes-Côte d'Azur";"Autre";9,8559615330229E-19
2014-10;"Provence-Alpes-Côte d'Azur";"Autre";-4,5486184263588E-19
2014-11;"Provence-Alpes-Côte d'Azur";"Autre";-1,1138529334986E-18
2014-12;"Provence-Alpes-Côte d'Azur";"Autre";1,5644950612792E-19
2015-01;"Provence-Alpes-Côte d'Azur";"Autre";-2,6185997814565E-19
2015-02;"Provence-Alpes-Côte d'Azur";"Autre";1,4123147096257E-18
2015-03;"Provence-Alpes-Côte d'Azur";"Autre";6,3968014912819E-19
2015-04;"Provence-Alpes-Côte d'Azur";"Autre";9,0533830432449E-19
2015-05;"Provence-Alpes-Côte d'Azur";"Autre";-2,5200258546576E-18
2015-06;"Provence-Alpes-Côte d'Azur";"Autre";3,7037361025338E-18
2015-07;"Provence-Alpes-Côte d'Azur";"Autre";-5,6701180209395E-18
2015-08;"Provence-Alpes-Côte d'Azur";"Autre";7,0347633968071E-19
2015-09;"Provence-Alpes-Côte d'Azur";"Autre";-1,2979010227676E-18
2015-10;"Provence-Alpes-Côte d'Azur";"Autre";1,9211299218114E-18
2015-11;"Provence-Alpes-Côte d'Azur";"Autre";-2,9152374958485E-19
2015-12;"Provence-Alpes-Côte d'Azur";"Autre";2,1207601647033E-19
2016-01;"Provence-Alpes-Côte d'Azur";"Autre";-1,0022260799047E-18
2016-02;"Provence-Alpes-Côte d'Azur";"Autre";2,7538735181132E-19
2016-03;"Provence-Alpes-Côte d'Azur";"Autre";9,0572167821268E-19
2016-04;"Provence-Alpes-Côte d'Azur";"Autre";-3,9842478274932E-18
2016-05;"Provence-Alpes-Côte d'Azur";"Autre";-7,05206726348E-19
2016-06;"Provence-Alpes-Côte d'Azur";"Autre";-8,840246243369E-19
2016-07;"Provence-Alpes-Côte d'Azur";"Autre";-1,5656226315386E-18
2016-08;"Provence-Alpes-Côte d'Azur";"Autre";-3,0552851915111E-18
2016-09;"Provence-Alpes-Côte d'Azur";"Autre";-4,1723013932682E-18
2016-10;"Provence-Alpes-Côte d'Azur";"Autre";1,0012182055652E-18
2016-11;"Provence-Alpes-Côte d'Azur";"Autre";-1,3720830027708E-18
2016-12;"Provence-Alpes-Côte d'Azur";"Autre";2,493534892456E-19
2017-01;"Provence-Alpes-Côte d'Azur";"Autre";0,000851911
2017-02;"Provence-Alpes-Côte d'Azur";"Autre";0,001277864
2017-03;"Provence-Alpes-Côte d'Azur";"Autre";0,000425956
2017-04;"Provence-Alpes-Côte d'Azur";"Autre";-1,0870072203462E-18
2017-05;"Provence-Alpes-Côte d'Azur";"Autre";1,1551593015469E-18
2017-06;"Provence-Alpes-Côte d'Azur";"Autre";6,9424327397982E-19
2017-07;"Provence-Alpes-Côte d'Azur";"Autre";2,0509288711779E-19
2017-08;"Provence-Alpes-Côte d'Azur";"Autre";-9,615606921809E-19
2017-09;"Provence-Alpes-Côte d'Azur";"Autre";4,8302854771531E-19
2017-10;"Provence-Alpes-Côte d'Azur";"Autre";0,000425954
2017-11;"Provence-Alpes-Côte d'Azur";"Autre";0,00085191
2017-12;"Provence-Alpes-Côte d'Azur";"Autre";0,000425971
2018-01;"Provence-Alpes-Côte d'Azur";"Autre";0,000314278
2018-02;"Provence-Alpes-Côte d'Azur";"Autre";0,000283864
2018-03;"Provence-Alpes-Côte d'Azur";"Autre";0,000314289
2018-04;"Provence-Alpes-Côte d'Azur";"Autre";0,00030414
2018-05;"Provence-Alpes-Côte d'Azur";"Autre";0,000314278
2018-06;"Provence-Alpes-Côte d'Azur";"Autre";0,00030414
2018-07;"Provence-Alpes-Côte d'Azur";"Autre";0,000314278
2018-08;"Provence-Alpes-Côte d'Azur";"Autre";0,000314278
2018-09;"Provence-Alpes-Côte d'Azur";"Autre";0,00030414
2018-10;"Provence-Alpes-Côte d'Azur";"Autre";0,000314297
2018-11;"Provence-Alpes-Côte d'Azur";"Autre";0,00030414
2018-12;"Provence-Alpes-Côte d'Azur";"Autre";0,000314278
2019-01;"Provence-Alpes-Côte d'Azur";"Autre";0,000574027
2019-02;"Provence-Alpes-Côte d'Azur";"Autre";0,000518476
2019-03;"Provence-Alpes-Côte d'Azur";"Autre";0,00057406
2019-04;"Provence-Alpes-Côte d'Azur";"Autre";0,00055551
2019-05;"Provence-Alpes-Côte d'Azur";"Autre";0,000666376
2019-06;"Provence-Alpes-Côte d'Azur";"Autre";0,000651526
2019-07;"Provence-Alpes-Côte d'Azur";"Autre";0,000664369
2019-08;"Provence-Alpes-Côte d'Azur";"Autre";0,000650106
2019-09;"Provence-Alpes-Côte d'Azur";"Autre";0,00061371
2019-10;"Provence-Alpes-Côte d'Azur";"Autre";0,000608075
2019-11;"Provence-Alpes-Côte d'Azur";"Autre";0,00057117
2019-12;"Provence-Alpes-Côte d'Azur";"Autre";0,000585001
2020-01;"Provence-Alpes-Côte d'Azur";"Autre";0,000584784
2020-02;"Provence-Alpes-Côte d'Azur";"Autre";0,00054433
2020-03;"Provence-Alpes-Côte d'Azur";"Autre";0,000624646
2020-04;"Provence-Alpes-Côte d'Azur";"Autre";0,00063582
2020-05;"Provence-Alpes-Côte d'Azur";"Autre";0,000666624
2020-06;"Provence-Alpes-Côte d'Azur";"Autre";0,00064767
2020-07;"Provence-Alpes-Côte d'Azur";"Autre";0,000661819
2020-08;"Provence-Alpes-Côte d'Azur";"Autre";0,000648272
2020-09;"Provence-Alpes-Côte d'Azur";"Autre";0,00061137
2020-10;"Provence-Alpes-Côte d'Azur";"Autre";0,000574023
2020-11;"Provence-Alpes-Côte d'Azur";"Autre";0,00055551
2020-12;"Provence-Alpes-Côte d'Azur";"Autre";0,000574027
2021-01;"Provence-Alpes-Côte d'Azur";"Autre";0,000574027
2021-02;"Provence-Alpes-Côte d'Azur";"Autre";0,000518476
2021-03;"Provence-Alpes-Côte d'Azur";"Autre";0,00057406
2021-04;"Provence-Alpes-Côte d'Azur";"Autre";0,00055550999999999
2021-05;"Provence-Alpes-Côte d'Azur";"Autre";0,000574027
2021-06;"Provence-Alpes-Côte d'Azur";"Autre";0,00055551
2021-07;"Provence-Alpes-Côte d'Azur";"Autre";0,000574027
2021-08;"Provence-Alpes-Côte d'Azur";"Autre";0,000574027
2021-09;"Provence-Alpes-Côte d'Azur";"Autre";0,00055551
2021-10;"Provence-Alpes-Côte d'Azur";"Autre";0,000574023
2021-11;"Provence-Alpes-Côte d'Azur";"Autre";0,00055551
2021-12;"Provence-Alpes-Côte d'Azur";"Autre";0,000574027
2022-01;"Provence-Alpes-Côte d'Azur";"Autre";0,000654177455
2022-02;"Provence-Alpes-Côte d'Azur";"Autre";0,00051878266
2022-03;"Provence-Alpes-Côte d'Azur";"Autre";0,000574554926
2022-04;"Provence-Alpes-Côte d'Azur";"Autre";0,000555911852
2022-05;"Provence-Alpes-Côte d'Azur";"Autre";0,000574477607
2022-06;"Provence-Alpes-Côte d'Azur";"Autre";0,000556019849
2022-07;"Provence-Alpes-Côte d'Azur";"Autre";0,000574573141
2022-08;"Provence-Alpes-Côte d'Azur";"Autre";0,000574338443
2022-09;"Provence-Alpes-Côte d'Azur";"Autre";0,00055588985
2022-10;"Provence-Alpes-Côte d'Azur";"Autre";0,000555885459
2022-11;"Provence-Alpes-Côte d'Azur";"Autre";0,000848942949
2022-12;"Provence-Alpes-Côte d'Azur";"Autre";0,000555868463
2023-01;"Provence-Alpes-Côte d'Azur";"Autre";0,000555873458
2023-02;"Provence-Alpes-Côte d'Azur";"Autre";0,00056969339
2023-03;"Provence-Alpes-Côte d'Azur";"Autre";0,000556121461
2023-04;"Provence-Alpes-Côte d'Azur";"Autre";0,000556472853
2023-05;"Provence-Alpes-Côte d'Azur";"Autre";0,000556410463
2023-06;"Provence-Alpes-Côte d'Azur";"Autre";0,000555989178
2023-07;"Provence-Alpes-Côte d'Azur";"Autre";0,000556001133
2023-08;"Provence-Alpes-Côte d'Azur";"Autre";0,00055644346100001
2023-09;"Provence-Alpes-Côte d'Azur";"Autre";0,000556459048
2023-10;"Provence-Alpes-Côte d'Azur";"Autre";0,000557400685
2023-11;"Provence-Alpes-Côte d'Azur";"Autre";0,000582080601
2023-12;"Provence-Alpes-Côte d'Azur";"Autre";0,001530636298
2024-01;"Provence-Alpes-Côte d'Azur";"Autre";0,001467991748
2024-02;"Provence-Alpes-Côte d'Azur";"Autre";0,001458870918
2024-03;"Provence-Alpes-Côte d'Azur";"Autre";0,000591001481
2024-04;"Provence-Alpes-Côte d'Azur";"Autre";0,000585104367
2024-05;"Provence-Alpes-Côte d'Azur";"Autre";0,000587346356
2024-06;"Provence-Alpes-Côte d'Azur";"Autre";0,000587050104
2024-07;"Provence-Alpes-Côte d'Azur";"Autre";0,00059181562800001
2024-08;"Provence-Alpes-Côte d'Azur";"Autre";0,000588195971
2024-09;"Provence-Alpes-Côte d'Azur";"Autre";0,000596786455
2024-10;"Provence-Alpes-Côte d'Azur";"Autre";0,000584969522
2024-11;"Provence-Alpes-Côte d'Azur";"Autre";0,0005766915
2024-12;"Provence-Alpes-Côte d'Azur";"Autre";0,000580579265
2025-01;"Provence-Alpes-Côte d'Azur";"Autre";0,00058209142
2025-02;"Provence-Alpes-Côte d'Azur";"Autre";0,000594498601
2025-03;"Provence-Alpes-Côte d'Azur";"Autre";0,000636808782
2025-04;"Provence-Alpes-Côte d'Azur";"Autre";0,000645603583
2025-05;"Provence-Alpes-Côte d'Azur";"Autre";0,000652949206
2025-06;"Provence-Alpes-Côte d'Azur";"Autre";0,000615716718
2025-07;"Provence-Alpes-Côte d'Azur";"Autre";0,00063952202399999
2025-08;"Provence-Alpes-Côte d'Azur";"Autre";0,00061892187
2025-09;"Provence-Alpes-Côte d'Azur";"Autre";0,000620082364
2025-10;"Provence-Alpes-Côte d'Azur";"Autre";0,00060328595399999
2025-11;"Provence-Alpes-Côte d'Azur";"Autre";0,000584796153
2014-01;"Provence-Alpes-Côte d'Azur";"Production décarbonée";1,025865790842
2014-02;"Provence-Alpes-Côte d'Azur";"Production décarbonée";1,043181972876
2014-03;"Provence-Alpes-Côte d'Azur";"Production décarbonée";1,19527040233
2014-04;"Provence-Alpes-Côte d'Azur";"Production décarbonée";1,256800670681
2014-05;"Provence-Alpes-Côte d'Azur";"Production décarbonée";1,19694098626
2014-06;"Provence-Alpes-Côte d'Azur";"Production décarbonée";0,885618317461
2014-07;"Provence-Alpes-Côte d'Azur";"Production décarbonée";1,144579154266
2014-08;"Provence-Alpes-Côte d'Azur";"Production décarbonée";0,919592887265
2014-09;"Provence-Alpes-Côte d'Azur";"Production décarbonée";0,714386180177
2014-10;"Provence-Alpes-Côte d'Azur";"Production décarbonée";0,668464706945
2014-11;"Provence-Alpes-Côte d'Azur";"Production décarbonée";0,869201938205
2014-12;"Provence-Alpes-Côte d'Azur";"Production décarbonée";1,075288432753
2015-01;"Provence-Alpes-Côte d'Azur";"Production décarbonée";1,097326487912
2015-02;"Provence-Alpes-Côte d'Azur";"Production décarbonée";1,042486074801
2015-03;"Provence-Alpes-Côte d'Azur";"Production décarbonée";0,92071892482
2015-04;"Provence-Alpes-Côte d'Azur";"Production décarbonée";0,79482215257
2015-05;"Provence-Alpes-Côte d'Azur";"Production décarbonée";1,019542328224
2015-06;"Provence-Alpes-Côte d'Azur";"Production décarbonée";1,042236390275
2015-07;"Provence-Alpes-Côte d'Azur";"Production décarbonée";0,757414103886
2015-08;"Provence-Alpes-Côte d'Azur";"Production décarbonée";0,736038838597
2015-09;"Provence-Alpes-Côte d'Azur";"Production décarbonée";0,825626575621
2015-10;"Provence-Alpes-Côte d'Azur";"Production décarbonée";0,900877058327
2015-11;"Provence-Alpes-Côte d'Azur";"Production décarbonée";0,754522026141
2015-12;"Provence-Alpes-Côte d'Azur";"Production décarbonée";0,543866330137
2016-01;"Provence-Alpes-Côte d'Azur";"Production décarbonée";0,647699572193
2016-02;"Provence-Alpes-Côte d'Azur";"Production décarbonée";0,915073420047
2016-03;"Provence-Alpes-Côte d'Azur";"Production décarbonée";1,089933628383
2016-04;"Provence-Alpes-Côte d'Azur";"Production décarbonée";1,100382028246
2016-05;"Provence-Alpes-Côte d'Azur";"Production décarbonée";1,025124563558
2016-06;"Provence-Alpes-Côte d'Azur";"Production décarbonée";1,277322451871
2016-07;"Provence-Alpes-Côte d'Azur";"Production décarbonée";0,949767194359
2016-08;"Provence-Alpes-Côte d'Azur";"Production décarbonée";0,761704122098
2016-09;"Provence-Alpes-Côte d'Azur";"Production décarbonée";0,722194855623
2016-10;"Provence-Alpes-Côte d'Azur";"Production décarbonée";0,624704461895
2016-11;"Provence-Alpes-Côte d'Azur";"Production décarbonée";0,787539263837
2016-12;"Provence-Alpes-Côte d'Azur";"Production décarbonée";1,043156031666
2017-01;"Provence-Alpes-Côte d'Azur";"Production décarbonée";1,236123243413
2017-02;"Provence-Alpes-Côte d'Azur";"Production décarbonée";0,696195662194
2017-03;"Provence-Alpes-Côte d'Azur";"Production décarbonée";0,9383072130695
2017-04;"Provence-Alpes-Côte d'Azur";"Production décarbonée";0,7384240172935
2017-05;"Provence-Alpes-Côte d'Azur";"Production décarbonée";1,2237837138385
2017-06;"Provence-Alpes-Côte d'Azur";"Production décarbonée";1,131859694296
2017-07;"Provence-Alpes-Côte d'Azur";"Production décarbonée";0,8416323128025
2017-08;"Provence-Alpes-Côte d'Azur";"Production décarbonée";0,7241565227145
2017-09;"Provence-Alpes-Côte d'Azur";"Production décarbonée";0,633089981982
2017-10;"Provence-Alpes-Côte d'Azur";"Production décarbonée";0,5618335098065
2017-11;"Provence-Alpes-Côte d'Azur";"Production décarbonée";0,717624848852
2017-12;"Provence-Alpes-Côte d'Azur";"Production décarbonée";0,72786570114
2018-01;"Provence-Alpes-Côte d'Azur";"Production décarbonée";0,84876815384
2018-02;"Provence-Alpes-Côte d'Azur";"Production décarbonée";1,216792568092
2018-03;"Provence-Alpes-Côte d'Azur";"Production décarbonée";1,262930079905
2018-04;"Provence-Alpes-Côte d'Azur";"Production décarbonée";1,491765468654
2018-05;"Provence-Alpes-Côte d'Azur";"Production décarbonée";1,5341652393725
2018-06;"Provence-Alpes-Côte d'Azur";"Production décarbonée";1,5201378434575
2018-07;"Provence-Alpes-Côte d'Azur";"Production décarbonée";1,0795527748175
2018-08;"Provence-Alpes-Côte d'Azur";"Production décarbonée";0,8061798485585
2018-09;"Provence-Alpes-Côte d'Azur";"Production décarbonée";0,755156485766
2018-10;"Provence-Alpes-Côte d'Azur";"Production décarbonée";0,685569376125
2018-11;"Provence-Alpes-Côte d'Azur";"Production décarbonée";0,9264405603155
2018-12;"Provence-Alpes-Côte d'Azur";"Production décarbonée";0,930828806329
2019-01;"Provence-Alpes-Côte d'Azur";"Production décarbonée";1,003303908959
2019-02;"Provence-Alpes-Côte d'Azur";"Production décarbonée";0,9680180254185
2019-03;"Provence-Alpes-Côte d'Azur";"Production décarbonée";0,8882934289395
2019-04;"Provence-Alpes-Côte d'Azur";"Production décarbonée";0,84231850404
2019-05;"Provence-Alpes-Côte d'Azur";"Production décarbonée";1,031446289486
2019-06;"Provence-Alpes-Côte d'Azur";"Production décarbonée";1,0627931270115
2019-07;"Provence-Alpes-Côte d'Azur";"Production décarbonée";0,8828948153285
2019-08;"Provence-Alpes-Côte d'Azur";"Production décarbonée";0,836627177096
2019-09;"Provence-Alpes-Côte d'Azur";"Production décarbonée";0,5499470196095
2019-10;"Provence-Alpes-Côte d'Azur";"Production décarbonée";0,6756076320365
2019-11;"Provence-Alpes-Côte d'Azur";"Production décarbonée";1,0669438861585
2019-12;"Provence-Alpes-Côte d'Azur";"Production décarbonée";1,24035151201
2020-01;"Provence-Alpes-Côte d'Azur";"Production décarbonée";1,2714949689015
2020-02;"Provence-Alpes-Côte d'Azur";"Production décarbonée";1,4029422497985
2020-03;"Provence-Alpes-Côte d'Azur";"Production décarbonée";1,471674651047
2020-04;"Provence-Alpes-Côte d'Azur";"Production décarbonée";0,965780408668
2020-05;"Provence-Alpes-Côte d'Azur";"Production décarbonée";1,5273275339975
2020-06;"Provence-Alpes-Côte d'Azur";"Production décarbonée";1,6150080041735
2020-07;"Provence-Alpes-Côte d'Azur";"Production décarbonée";1,04781242927
2020-08;"Provence-Alpes-Côte d'Azur";"Production décarbonée";0,7960688458825
2020-09;"Provence-Alpes-Côte d'Azur";"Production décarbonée";0,6818869264295
2020-10;"Provence-Alpes-Côte d'Azur";"Production décarbonée";0,981570213086
2020-11;"Provence-Alpes-Côte d'Azur";"Production décarbonée";0,819911905016
2020-12;"Provence-Alpes-Côte d'Azur";"Production décarbonée";0,8384128900125
2021-01;"Provence-Alpes-Côte d'Azur";"Production décarbonée";1,0386098789555
2021-02;"Provence-Alpes-Côte d'Azur";"Production décarbonée";0,994738668288
2021-03;"Provence-Alpes-Côte d'Azur";"Production décarbonée";0,8920488959165
2021-04;"Provence-Alpes-Côte d'Azur";"Production décarbonée";0,745533876081
2021-05;"Provence-Alpes-Côte d'Azur";"Production décarbonée";1,370452118565
2021-06;"Provence-Alpes-Côte d'Azur";"Production décarbonée";1,4641517948985
2021-07;"Provence-Alpes-Côte d'Azur";"Production décarbonée";1,051750768167
2021-08;"Provence-Alpes-Côte d'Azur";"Production décarbonée";0,8703348589765
2021-09;"Provence-Alpes-Côte d'Azur";"Production décarbonée";0,711809391033
2021-10;"Provence-Alpes-Côte d'Azur";"Production décarbonée";0,6252519210385
2021-11;"Provence-Alpes-Côte d'Azur";"Production décarbonée";0,859970465456
2021-12;"Provence-Alpes-Côte d'Azur";"Production décarbonée";0,81178119484
2022-01;"Provence-Alpes-Côte d'Azur";"Production décarbonée";0,8008398317055
2022-02;"Provence-Alpes-Côte d'Azur";"Production décarbonée";0,639154223328
2022-03;"Provence-Alpes-Côte d'Azur";"Production décarbonée";0,629379508387
2022-04;"Provence-Alpes-Côte d'Azur";"Production décarbonée";0,89062930891
2022-05;"Provence-Alpes-Côte d'Azur";"Production décarbonée";1,030842351494
2022-06;"Provence-Alpes-Côte d'Azur";"Production décarbonée";0,923727372684
2022-07;"Provence-Alpes-Côte d'Azur";"Production décarbonée";0,8388920369935
2022-08;"Provence-Alpes-Côte d'Azur";"Production décarbonée";0,7335747511055
2022-09;"Provence-Alpes-Côte d'Azur";"Production décarbonée";0,630137787337
2022-10;"Provence-Alpes-Côte d'Azur";"Production décarbonée";0,5695671010675
2022-11;"Provence-Alpes-Côte d'Azur";"Production décarbonée";0,658290034296
2022-12;"Provence-Alpes-Côte d'Azur";"Production décarbonée";0,862539138259
2023-01;"Provence-Alpes-Côte d'Azur";"Production décarbonée";1,2145820972525
2023-02;"Provence-Alpes-Côte d'Azur";"Production décarbonée";0,6930026783295
2023-03;"Provence-Alpes-Côte d'Azur";"Production décarbonée";0,781320956069
2023-04;"Provence-Alpes-Côte d'Azur";"Production décarbonée";0,971999840564
2023-05;"Provence-Alpes-Côte d'Azur";"Production décarbonée";1,056846395648
2023-06;"Provence-Alpes-Côte d'Azur";"Production décarbonée";1,323384693672
2023-07;"Provence-Alpes-Côte d'Azur";"Production décarbonée";1,037888774164
2023-08;"Provence-Alpes-Côte d'Azur";"Production décarbonée";0,9168232052395
2023-09;"Provence-Alpes-Côte d'Azur";"Production décarbonée";0,831420351244
2023-10;"Provence-Alpes-Côte d'Azur";"Production décarbonée";0,91337544286
2023-11;"Provence-Alpes-Côte d'Azur";"Production décarbonée";1,3787170960535
2023-12;"Provence-Alpes-Côte d'Azur";"Production décarbonée";1,3968626649795
2024-01;"Provence-Alpes-Côte d'Azur";"Production décarbonée";1,5266265120155
2024-02;"Provence-Alpes-Côte d'Azur";"Production décarbonée";1,3345618565725
2024-03;"Provence-Alpes-Côte d'Azur";"Production décarbonée";1,615016036887
2024-04;"Provence-Alpes-Côte d'Azur";"Production décarbonée";1,440581800437
2024-05;"Provence-Alpes-Côte d'Azur";"Production décarbonée";1,6573208191815
2024-06;"Provence-Alpes-Côte d'Azur";"Production décarbonée";1,6797258040175
2024-07;"Provence-Alpes-Côte d'Azur";"Production décarbonée";1,3778033967435
2024-08;"Provence-Alpes-Côte d'Azur";"Production décarbonée";1,0452689686675
2024-09;"Provence-Alpes-Côte d'Azur";"Production décarbonée";0,946522801674
2024-10;"Provence-Alpes-Côte d'Azur";"Production décarbonée";1,3258373923935
2024-11;"Provence-Alpes-Côte d'Azur";"Production décarbonée";1,1661009512645
2024-12;"Provence-Alpes-Côte d'Azur";"Production décarbonée";1,1475275694525
2025-01;"Provence-Alpes-Côte d'Azur";"Production décarbonée";1,3381500255645
2025-02;"Provence-Alpes-Côte d'Azur";"Production décarbonée";1,3374470887225
2025-03;"Provence-Alpes-Côte d'Azur";"Production décarbonée";1,2310064872615
2025-04;"Provence-Alpes-Côte d'Azur";"Production décarbonée";1,2661813471625
2025-05;"Provence-Alpes-Côte d'Azur";"Production décarbonée";1,54996471771
2025-06;"Provence-Alpes-Côte d'Azur";"Production décarbonée";1,44039621021
2025-07;"Provence-Alpes-Côte d'Azur";"Production décarbonée";1,1151083153535
2025-08;"Provence-Alpes-Côte d'Azur";"Production décarbonée";0,9259998611465
2025-09;"Provence-Alpes-Côte d'Azur";"Production décarbonée";0,9283426111735
2025-10;"Provence-Alpes-Côte d'Azur";"Production décarbonée";1,008198955664
2025-11;"Provence-Alpes-Côte d'Azur";"Production décarbonée";1,153073988562
2014-01;"Corse";"Thermique renouvelable et déchets";0,001024116
2014-02;"Corse";"Thermique renouvelable et déchets";0,001066184
2014-03;"Corse";"Thermique renouvelable et déchets";0,001147378
2014-04;"Corse";"Thermique renouvelable et déchets";0,0008547
2014-05;"Corse";"Thermique renouvelable et déchets";0,001052605
2014-06;"Corse";"Thermique renouvelable et déchets";0,00080754
2014-07;"Corse";"Thermique renouvelable et déchets";0,001018753
2014-08;"Corse";"Thermique renouvelable et déchets";0,001119193
2014-09;"Corse";"Thermique renouvelable et déchets";0,00087333
2014-10;"Corse";"Thermique renouvelable et déchets";0,000533886
2014-11;"Corse";"Thermique renouvelable et déchets";0,00084459
2014-12;"Corse";"Thermique renouvelable et déchets";0,001048823
2015-01;"Corse";"Thermique renouvelable et déchets";0,001081683
2015-02;"Corse";"Thermique renouvelable et déchets";0,0009723
2015-03;"Corse";"Thermique renouvelable et déchets";0,000397536
2015-04;"Corse";"Thermique renouvelable et déchets";0,00088386
2015-05;"Corse";"Thermique renouvelable et déchets";0,000872991
2015-06;"Corse";"Thermique renouvelable et déchets";0,00088956
2015-07;"Corse";"Thermique renouvelable et déchets";0,000985118
2015-08;"Corse";"Thermique renouvelable et déchets";0,001020024
2015-09;"Corse";"Thermique renouvelable et déchets";0,00040353
2015-10;"Corse";"Thermique renouvelable et déchets";0,001098999
2015-11;"Corse";"Thermique renouvelable et déchets";0,00092409
2015-12;"Corse";"Thermique renouvelable et déchets";0,000626355
2016-01;"Corse";"Thermique renouvelable et déchets";0,001281819
2016-02;"Corse";"Thermique renouvelable et déchets";0,000751158
2016-03;"Corse";"Thermique renouvelable et déchets";0,000950266
2016-04;"Corse";"Thermique renouvelable et déchets";0,00091275
2016-05;"Corse";"Thermique renouvelable et déchets";0,000920483
2016-06;"Corse";"Thermique renouvelable et déchets";0,0008568
2016-07;"Corse";"Thermique renouvelable et déchets";0,00090861
2016-08;"Corse";"Thermique renouvelable et déchets";0,000541663
2016-09;"Corse";"Thermique renouvelable et déchets";0,00055677
2016-10;"Corse";"Thermique renouvelable et déchets";0,000833748
2016-11;"Corse";"Thermique renouvelable et déchets";0,00053298
2016-12;"Corse";"Thermique renouvelable et déchets";0,00011222
2017-01;"Corse";"Thermique renouvelable et déchets";0,000630075
2017-02;"Corse";"Thermique renouvelable et déchets";0,000430136
2017-03;"Corse";"Thermique renouvelable et déchets";0,000593192
2017-04;"Corse";"Thermique renouvelable et déchets";0,00061464
2017-05;"Corse";"Thermique renouvelable et déchets";0,000800606
2017-06;"Corse";"Thermique renouvelable et déchets";0,00057927
2017-07;"Corse";"Thermique renouvelable et déchets";0,000674653
2017-08;"Corse";"Thermique renouvelable et déchets";0,000834055
2017-09;"Corse";"Thermique renouvelable et déchets";0,00078441
2017-10;"Corse";"Thermique renouvelable et déchets";0,000857619
2017-11;"Corse";"Thermique renouvelable et déchets";0,0007212
2017-12;"Corse";"Thermique renouvelable et déchets";0,000733987
2018-01;"Corse";"Thermique renouvelable et déchets";0,000639561
2018-02;"Corse";"Thermique renouvelable et déchets";0,000646128
2018-03;"Corse";"Thermique renouvelable et déchets";0,000838166
2018-04;"Corse";"Thermique renouvelable et déchets";0,00075114
2018-05;"Corse";"Thermique renouvelable et déchets";0,000822368
2018-06;"Corse";"Thermique renouvelable et déchets";0,0008532
2018-07;"Corse";"Thermique renouvelable et déchets";0,000803365
2018-08;"Corse";"Thermique renouvelable et déchets";0,000766444
2018-09;"Corse";"Thermique renouvelable et déchets";0,00076755
2018-10;"Corse";"Thermique renouvelable et déchets";0,000621827
2018-11;"Corse";"Thermique renouvelable et déchets";0,00052941
2018-12;"Corse";"Thermique renouvelable et déchets";0,000549196
2019-01;"Corse";"Thermique renouvelable et déchets";0,0007254
2019-02;"Corse";"Thermique renouvelable et déchets";0,000641564
2019-03;"Corse";"Thermique renouvelable et déchets";0,000688885
2019-04;"Corse";"Thermique renouvelable et déchets";0,0006585
2019-05;"Corse";"Thermique renouvelable et déchets";0,00068355
2019-06;"Corse";"Thermique renouvelable et déchets";0,00067854
2019-07;"Corse";"Thermique renouvelable et déchets";0,0006386
2019-08;"Corse";"Thermique renouvelable et déchets";0,000639995
2019-09;"Corse";"Thermique renouvelable et déchets";0,00054723
2019-10;"Corse";"Thermique renouvelable et déchets";0,000503931
2019-11;"Corse";"Thermique renouvelable et déchets";0,00044772
2019-12;"Corse";"Thermique renouvelable et déchets";0,000489521
2020-01;"Corse";"Thermique renouvelable et déchets";0,000614017
2020-02;"Corse";"Thermique renouvelable et déchets";0,000464725
2020-03;"Corse";"Thermique renouvelable et déchets";0,000543349
2020-04;"Corse";"Thermique renouvelable et déchets";0,00054384
2020-05;"Corse";"Thermique renouvelable et déchets";0,000593743
2020-06;"Corse";"Thermique renouvelable et déchets";0,00047484
2020-07;"Corse";"Thermique renouvelable et déchets";0,000501549
2020-08;"Corse";"Thermique renouvelable et déchets";0,00055862
2020-09;"Corse";"Thermique renouvelable et déchets";0,00056919
2020-10;"Corse";"Thermique renouvelable et déchets";0,000606772
2020-11;"Corse";"Thermique renouvelable et déchets";0,00041358
2020-12;"Corse";"Thermique renouvelable et déchets";0,000548731
2021-01;"Corse";"Thermique renouvelable et déchets";0,000454243
2021-02;"Corse";"Thermique renouvelable et déchets";0,000373576
2021-03;"Corse";"Thermique renouvelable et déchets";0,000428649
2021-04;"Corse";"Thermique renouvelable et déchets";0,00039594
2021-05;"Corse";"Thermique renouvelable et déchets";0,000267499
2021-06;"Corse";"Thermique renouvelable et déchets";0,00028317
2021-07;"Corse";"Thermique renouvelable et déchets";0,000412486
2021-08;"Corse";"Thermique renouvelable et déchets";0,000330832
2021-09;"Corse";"Thermique renouvelable et déchets";0,00035499
2021-10;"Corse";"Thermique renouvelable et déchets";0,00029862
2021-11;"Corse";"Thermique renouvelable et déchets";0,00026439
2021-12;"Corse";"Thermique renouvelable et déchets";0,000223944
2022-01;"Corse";"Thermique renouvelable et déchets";0,0002300095065
2022-02;"Corse";"Thermique renouvelable et déchets";0,000237066004
2022-03;"Corse";"Thermique renouvelable et déchets";0,0003061955095
2022-04;"Corse";"Thermique renouvelable et déchets";0,000270255015
2022-05;"Corse";"Thermique renouvelable et déchets";0,0002378074945
2022-06;"Corse";"Thermique renouvelable et déchets";0,000174938505
2022-07;"Corse";"Thermique renouvelable et déchets";0,0001995554785
2022-08;"Corse";"Thermique renouvelable et déchets";0,0001898380015
2022-09;"Corse";"Thermique renouvelable et déchets";0,000171580995
2022-10;"Corse";"Thermique renouvelable et déchets";0,0001965114955
2022-11;"Corse";"Thermique renouvelable et déchets";0,000190566495
2022-12;"Corse";"Thermique renouvelable et déchets";0,0001654344915
2023-01;"Corse";"Thermique renouvelable et déchets";0,0001722829805
2023-02;"Corse";"Thermique renouvelable et déchets";0,00011579449
2023-03;"Corse";"Thermique renouvelable et déchets";0,0001375034915
2023-04;"Corse";"Thermique renouvelable et déchets";9,39051E-6
2023-05;"Corse";"Thermique renouvelable et déchets";9,711494E-6
2023-06;"Corse";"Thermique renouvelable et déchets";6,55125E-5
2023-07;"Corse";"Thermique renouvelable et déchets";0,0002314924845
2023-08;"Corse";"Thermique renouvelable et déchets";0,0001983964815
2023-09;"Corse";"Thermique renouvelable et déchets";0,000236641995
2023-10;"Corse";"Thermique renouvelable et déchets";0,000294828972
2023-11;"Corse";"Thermique renouvelable et déchets";0,00023243301
2023-12;"Corse";"Thermique renouvelable et déchets";0,000207158988
2024-01;"Corse";"Thermique renouvelable et déchets";0,0001303249765
2024-02;"Corse";"Thermique renouvelable et déchets";0,000197299499
2024-03;"Corse";"Thermique renouvelable et déchets";0,0001638099985
2024-04;"Corse";"Thermique renouvelable et déchets";0,000215835495
2024-05;"Corse";"Thermique renouvelable et déchets";0,0001150709925
2024-06;"Corse";"Thermique renouvelable et déchets";0,00015281751
2024-07;"Corse";"Thermique renouvelable et déchets";0,0002247559985
2024-08;"Corse";"Thermique renouvelable et déchets";0,000186451484
2024-09;"Corse";"Thermique renouvelable et déchets";0,000104197005
2024-10;"Corse";"Thermique renouvelable et déchets";0,0001975274895
2024-11;"Corse";"Thermique renouvelable et déchets";0,00019770051
2024-12;"Corse";"Thermique renouvelable et déchets";0,0002091054935
2025-01;"Corse";"Thermique renouvelable et déchets";0,0002224784905
2025-02;"Corse";"Thermique renouvelable et déchets";0,000215279512
2025-03;"Corse";"Thermique renouvelable et déchets";0,0002983264695
2025-04;"Corse";"Thermique renouvelable et déchets";0,000260086005
2025-05;"Corse";"Thermique renouvelable et déchets";0,000274079494
2025-06;"Corse";"Thermique renouvelable et déchets";0,000254272995
2025-07;"Corse";"Thermique renouvelable et déchets";0,0001611974735
2025-08;"Corse";"Thermique renouvelable et déchets";0,0001200534985
2025-09;"Corse";"Thermique renouvelable et déchets";0,00027348
2025-10;"Corse";"Thermique renouvelable et déchets";0,0001519099975
2025-11;"Corse";"Thermique renouvelable et déchets";0,000120053505
2014-01;"Corse";"Éolien";0,002519091
2014-02;"Corse";"Éolien";0,004080496
2014-03;"Corse";"Éolien";0,003274864
2014-04;"Corse";"Éolien";0,00297678
2014-05;"Corse";"Éolien";0,003546059
2014-06;"Corse";"Éolien";0,00202482
2014-07;"Corse";"Éolien";0,002606728
2014-08;"Corse";"Éolien";0,00268088
2014-09;"Corse";"Éolien";0,00149118
2014-10;"Corse";"Éolien";0,001485157
2014-11;"Corse";"Éolien";0,00280317
2014-12;"Corse";"Éolien";0,00181908
2015-01;"Corse";"Éolien";0,003452315
2015-02;"Corse";"Éolien";0,002581572
2015-03;"Corse";"Éolien";0,002376238
2015-04;"Corse";"Éolien";0,00092637
2015-05;"Corse";"Éolien";0,001408795
2015-06;"Corse";"Éolien";0,00076617
2015-07;"Corse";"Éolien";0,002032825
2015-08;"Corse";"Éolien";0,00107694
2015-09;"Corse";"Éolien";0,00348456
2015-10;"Corse";"Éolien";0,002581582
2015-11;"Corse";"Éolien";0,00196431
2015-12;"Corse";"Éolien";0,00153729
2016-01;"Corse";"Éolien";0,004149877
2016-02;"Corse";"Éolien";0,004321957
2016-03;"Corse";"Éolien";0,001872112
2016-04;"Corse";"Éolien";0,00469401
2016-05;"Corse";"Éolien";0,003477735
2016-06;"Corse";"Éolien";0,00175191
2016-07;"Corse";"Éolien";0,001827419
2016-08;"Corse";"Éolien";0,002322861
2016-09;"Corse";"Éolien";0,00136368
2016-10;"Corse";"Éolien";0,002641861
2016-11;"Corse";"Éolien";0,0030177
2016-12;"Corse";"Éolien";0,001501485
2017-01;"Corse";"Éolien";0,003042588
2017-02;"Corse";"Éolien";0,00172424
2017-03;"Corse";"Éolien";0,003018406
2017-04;"Corse";"Éolien";0,00221841
2017-05;"Corse";"Éolien";0,001995749
2017-06;"Corse";"Éolien";0,00145878
2017-07;"Corse";"Éolien";0,001801193
2017-08;"Corse";"Éolien";0,001006694
2017-09;"Corse";"Éolien";0,00038307
2017-10;"Corse";"Éolien";0,000914985
2017-11;"Corse";"Éolien";0,00258582
2017-12;"Corse";"Éolien";0,002224994
2018-01;"Corse";"Éolien";0,001601336
2018-02;"Corse";"Éolien";0,001236088
2018-03;"Corse";"Éolien";0,002750524
2018-04;"Corse";"Éolien";0,00177981
2018-05;"Corse";"Éolien";0,00048391
2018-06;"Corse";"Éolien";0,00046353
2018-07;"Corse";"Éolien";0,000963604
2018-08;"Corse";"Éolien";0,000762879
2018-09;"Corse";"Éolien";0,00062859
2018-10;"Corse";"Éolien";0,000735346
2018-11;"Corse";"Éolien";0,00059193
2018-12;"Corse";"Éolien";0,001252307
2019-01;"Corse";"Éolien";0,001013049
2019-02;"Corse";"Éolien";0,000821156
2019-03;"Corse";"Éolien";0,001664196
2019-04;"Corse";"Éolien";0,00085197
2019-05;"Corse";"Éolien";0,00136431
2019-06;"Corse";"Éolien";0,00023946
2019-07;"Corse";"Éolien";0,000672328
2019-08;"Corse";"Éolien";0,000228315
2019-09;"Corse";"Éolien";-8,16E-6
2019-10;"Corse";"Éolien";0,000147418
2019-11;"Corse";"Éolien";0,00112455
2019-12;"Corse";"Éolien";0,001080009
2020-01;"Corse";"Éolien";0,000734359
2020-02;"Corse";"Éolien";0,001573453
2020-03;"Corse";"Éolien";0,000980327
2020-04;"Corse";"Éolien";0,00071391
2020-05;"Corse";"Éolien";0,000994108
2020-06;"Corse";"Éolien";0,00151293
2020-07;"Corse";"Éolien";0,000420391
2020-08;"Corse";"Éolien";0,0008308
2020-09;"Corse";"Éolien";0,00070893
2020-10;"Corse";"Éolien";0,001137335
2020-11;"Corse";"Éolien";0,00048522
2020-12;"Corse";"Éolien";0,001195174
2021-01;"Corse";"Éolien";0,002059578
2021-02;"Corse";"Éolien";0,00104832
2021-03;"Corse";"Éolien";-3,003E-6
2021-04;"Corse";"Éolien";0,00039567
2021-05;"Corse";"Éolien";0,00166098
2021-06;"Corse";"Éolien";0,00040113
2021-07;"Corse";"Éolien";0,000968347
2021-08;"Corse";"Éolien";0,001047397
2021-09;"Corse";"Éolien";0,00066456
2021-10;"Corse";"Éolien";0,001075562
2021-11;"Corse";"Éolien";0,00114807
2021-12;"Corse";"Éolien";0,00151156
2022-01;"Corse";"Éolien";0,001075998003
2022-02;"Corse";"Éolien";0,001106473004
2022-03;"Corse";"Éolien";0,000274925019
2022-04;"Corse";"Éolien";0,001324512
2022-05;"Corse";"Éolien";0,000430091985
2022-06;"Corse";"Éolien";0,000617646
2022-07;"Corse";"Éolien";0,000430079988
2022-08;"Corse";"Éolien";0,000177131985
2022-09;"Corse";"Éolien";0,00128980599
2022-10;"Corse";"Éolien";0,000383670012
2022-11;"Corse";"Éolien";0,00124833201
2022-12;"Corse";"Éolien";0,001355976983
2023-01;"Corse";"Éolien";0,001713090008
2023-02;"Corse";"Éolien";0,000537406016
2023-03;"Corse";"Éolien";0,001144516993
2023-04;"Corse";"Éolien";0,00125074698
2023-05;"Corse";"Éolien";0,000659153
2023-06;"Corse";"Éolien";0,00025480401
2023-07;"Corse";"Éolien";0,000896598027
2023-08;"Corse";"Éolien";0,000807234978
2023-09;"Corse";"Éolien";0,00062837802
2023-10;"Corse";"Éolien";0,003172526019
2023-11;"Corse";"Éolien";0,003282081
2023-12;"Corse";"Éolien";0,003513606991
2024-01;"Corse";"Éolien";0,004246603975
2024-02;"Corse";"Éolien";0,002718528005
2024-03;"Corse";"Éolien";0,003876143993
2024-04;"Corse";"Éolien";0,002837034
2024-05;"Corse";"Éolien";0,002787315989
2024-06;"Corse";"Éolien";0,00295939401
2024-07;"Corse";"Éolien";0,001180018007
2024-08;"Corse";"Éolien";0,00099853201
2024-09;"Corse";"Éolien";0,00317808399
2024-10;"Corse";"Éolien";0,002872512018
2024-11;"Corse";"Éolien";0,00236810997
2024-12;"Corse";"Éolien";0,003664169992
2025-01;"Corse";"Éolien";0,003295172993
2025-02;"Corse";"Éolien";0,002092176016
2025-03;"Corse";"Éolien";0,003248793986
2025-04;"Corse";"Éolien";0,00171188499
2025-05;"Corse";"Éolien";0,001877465989
2025-06;"Corse";"Éolien";0,00115273299
2025-07;"Corse";"Éolien";0,002290813975
2025-08;"Corse";"Éolien";0,001821675971
2025-09;"Corse";"Éolien";0,00221101701
2025-10;"Corse";"Éolien";0,001317540021
2025-11;"Corse";"Éolien";0,00182167599
2014-01;"Corse";"Solaire";0,005869758
2014-02;"Corse";"Solaire";0,006580333
2014-03;"Corse";"Solaire";0,009752515
2014-04;"Corse";"Solaire";0,010079909
2014-05;"Corse";"Solaire";0,013101401
2014-06;"Corse";"Solaire";0,013779008
2014-07;"Corse";"Solaire";0,014158975
2014-08;"Corse";"Solaire";0,014544098
2014-09;"Corse";"Solaire";0,012086623
2014-10;"Corse";"Solaire";0,010957845
2014-11;"Corse";"Solaire";0,005973282
2014-12;"Corse";"Solaire";0,006728173
2015-01;"Corse";"Solaire";0,008077107
2015-02;"Corse";"Solaire";0,007693712
2015-03;"Corse";"Solaire";0,010651493
2015-04;"Corse";"Solaire";0,01484486
2015-05;"Corse";"Solaire";0,015322196
2015-06;"Corse";"Solaire";0,016624258
2015-07;"Corse";"Solaire";0,017664911
2015-08;"Corse";"Solaire";0,018511256
2015-09;"Corse";"Solaire";0,012934015
2015-10;"Corse";"Solaire";0,009472382
2015-11;"Corse";"Solaire";0,007798814
2015-12;"Corse";"Solaire";0,007965294
2016-01;"Corse";"Solaire";0,008179735
2016-02;"Corse";"Solaire";0,008225016
2016-03;"Corse";"Solaire";0,012299276
2016-04;"Corse";"Solaire";0,015012849
2016-05;"Corse";"Solaire";0,017488332
2016-06;"Corse";"Solaire";0,016658066
2016-07;"Corse";"Solaire";0,020445731
2016-08;"Corse";"Solaire";0,01690954
2016-09;"Corse";"Solaire";0,014831542
2016-10;"Corse";"Solaire";0,011126503
2016-11;"Corse";"Solaire";0,007785827
2016-12;"Corse";"Solaire";0,007604222
2017-01;"Corse";"Solaire";0,006535084
2017-02;"Corse";"Solaire";0,009009901
2017-03;"Corse";"Solaire";0,015165744
2017-04;"Corse";"Solaire";0,017378775
2017-05;"Corse";"Solaire";0,019014812
2017-06;"Corse";"Solaire";0,019052485
2017-07;"Corse";"Solaire";0,022122666
2017-08;"Corse";"Solaire";0,022412846
2017-09;"Corse";"Solaire";0,017648869
2017-10;"Corse";"Solaire";0,01577129
2017-11;"Corse";"Solaire";0,010755266
2017-12;"Corse";"Solaire";0,007604239
2018-01;"Corse";"Solaire";0,008870181
2018-02;"Corse";"Solaire";0,008511076
2018-03;"Corse";"Solaire";0,014152244
2018-04;"Corse";"Solaire";0,018468086
2018-05;"Corse";"Solaire";0,016949977
2018-06;"Corse";"Solaire";0,020653917
2018-07;"Corse";"Solaire";0,025258082
2018-08;"Corse";"Solaire";0,02159293
2018-09;"Corse";"Solaire";0,019178947
2018-10;"Corse";"Solaire";0,012507042
2018-11;"Corse";"Solaire";0,008831434
2018-12;"Corse";"Solaire";0,00940021
2019-01;"Corse";"Solaire";0,011557689
2019-02;"Corse";"Solaire";0,01563758
2019-03;"Corse";"Solaire";0,021452882
2019-04;"Corse";"Solaire";0,02053083
2019-05;"Corse";"Solaire";0,022235062
2019-06;"Corse";"Solaire";0,02784162
2019-07;"Corse";"Solaire";0,026591247
2019-08;"Corse";"Solaire";0,023104833
2019-09;"Corse";"Solaire";0,02109063
2019-10;"Corse";"Solaire";0,016355471
2019-11;"Corse";"Solaire";0,008735482
2019-12;"Corse";"Solaire";0,009717488
2020-01;"Corse";"Solaire";0,011677523
2020-02;"Corse";"Solaire";0,016521791
2020-03;"Corse";"Solaire";0,017970339
2020-04;"Corse";"Solaire";0,021585955
2020-05;"Corse";"Solaire";0,023142593
2020-06;"Corse";"Solaire";0,025700726
2020-07;"Corse";"Solaire";0,027856515
2020-08;"Corse";"Solaire";0,032275481
2020-09;"Corse";"Solaire";0,020483625
2020-10;"Corse";"Solaire";0,017707575
2020-11;"Corse";"Solaire";0,013005691
2020-12;"Corse";"Solaire";0,009674803
2021-01;"Corse";"Solaire";0,011197541
2021-02;"Corse";"Solaire";0,015265188
2021-03;"Corse";"Solaire";0,024291713
2021-04;"Corse";"Solaire";0,02345854
2021-05;"Corse";"Solaire";0,026955286
2021-06;"Corse";"Solaire";0,029260352
2021-07;"Corse";"Solaire";0,03113219
2021-08;"Corse";"Solaire";0,029512266
2021-09;"Corse";"Solaire";0,023712461
2021-10;"Corse";"Solaire";0,01881594
2021-11;"Corse";"Solaire";0,01031963
2021-12;"Corse";"Solaire";0,012196528
2022-01;"Corse";"Solaire";0,015875415041
2022-02;"Corse";"Solaire";0,020440581119
2022-03;"Corse";"Solaire";0,02139134804
2022-04;"Corse";"Solaire";0,025989814351
2022-05;"Corse";"Solaire";0,029194370017
2022-06;"Corse";"Solaire";0,029802483967
2022-07;"Corse";"Solaire";0,034794422946
2022-08;"Corse";"Solaire";0,029215222027
2022-09;"Corse";"Solaire";0,023764281697
2022-10;"Corse";"Solaire";0,02078154304
2022-11;"Corse";"Solaire";0,013874999334
2022-12;"Corse";"Solaire";0,011339507279
2023-01;"Corse";"Solaire";0,012186288602
2023-02;"Corse";"Solaire";0,017484807132
2023-03;"Corse";"Solaire";0,024551648278
2023-04;"Corse";"Solaire";0,028709959696
2023-05;"Corse";"Solaire";0,0261631665
2023-06;"Corse";"Solaire";0,029849596606
2023-07;"Corse";"Solaire";0,035610047946
2023-08;"Corse";"Solaire";0,032961718804
2023-09;"Corse";"Solaire";0,027317357101
2023-10;"Corse";"Solaire";0,020635255055
2023-11;"Corse";"Solaire";0,013045031986
2023-12;"Corse";"Solaire";0,01348419621
2024-01;"Corse";"Solaire";0,014911639983
2024-02;"Corse";"Solaire";0,01708038714
2024-03;"Corse";"Solaire";0,021835167122
2024-04;"Corse";"Solaire";0,027114270845
2024-05;"Corse";"Solaire";0,02976542494
2024-06;"Corse";"Solaire";0,031518189629
2024-07;"Corse";"Solaire";0,037848701069
2024-08;"Corse";"Solaire";0,033285283031
2024-09;"Corse";"Solaire";0,024449140113
2024-10;"Corse";"Solaire";0,017618508269
2024-11;"Corse";"Solaire";0,016857029102
2024-12;"Corse";"Solaire";0,014627765015
2025-01;"Corse";"Solaire";0,013196846154
2025-02;"Corse";"Solaire";0,017610721901
2025-03;"Corse";"Solaire";0,021362675031
2025-04;"Corse";"Solaire";0,024184974808
2025-05;"Corse";"Solaire";0,031181424028
2025-06;"Corse";"Solaire";0,038422300273
2025-07;"Corse";"Solaire";0,038523809432
2025-08;"Corse";"Solaire";0,036902591308
2025-09;"Corse";"Solaire";0,028530266667
2025-10;"Corse";"Solaire";0,022667946421
2025-11;"Corse";"Solaire";0,01732679935
2014-01;"Corse";"Hydraulique";0,093236282
2014-02;"Corse";"Hydraulique";0,086468592
2014-03;"Corse";"Hydraulique";0,079366332
2014-04;"Corse";"Hydraulique";0,07248813
2014-05;"Corse";"Hydraulique";0,050445804
2014-06;"Corse";"Hydraulique";0,02422308
2014-07;"Corse";"Hydraulique";0,012325166
2014-08;"Corse";"Hydraulique";0,011018981
2014-09;"Corse";"Hydraulique";0,0047751
2014-10;"Corse";"Hydraulique";0,000965645
2014-11;"Corse";"Hydraulique";0,02164773
2014-12;"Corse";"Hydraulique";0,036350786
2015-01;"Corse";"Hydraulique";0,028526169
2015-02;"Corse";"Hydraulique";0,064484952
2015-03;"Corse";"Hydraulique";0,08923303
2015-04;"Corse";"Hydraulique";0,06562929
2015-05;"Corse";"Hydraulique";0,02875777
2015-06;"Corse";"Hydraulique";0,01273089
2015-07;"Corse";"Hydraulique";0,009985255
2015-08;"Corse";"Hydraulique";0,008058109
2015-09;"Corse";"Hydraulique";0,0025521
2015-10;"Corse";"Hydraulique";0,01330964
2015-11;"Corse";"Hydraulique";0,01170522
2015-12;"Corse";"Hydraulique";0,012400713
2016-01;"Corse";"Hydraulique";0,079738324
2016-02;"Corse";"Hydraulique";0,092726514
2016-03;"Corse";"Hydraulique";0,092935554
2016-04;"Corse";"Hydraulique";0,04199841
2016-05;"Corse";"Hydraulique";0,027962713
2016-06;"Corse";"Hydraulique";0,01491861
2016-07;"Corse";"Hydraulique";0,007214816
2016-08;"Corse";"Hydraulique";0,007130124
2016-09;"Corse";"Hydraulique";0,0077967
2016-10;"Corse";"Hydraulique";0,005588057
2016-11;"Corse";"Hydraulique";0,04281903
2016-12;"Corse";"Hydraulique";0,050448904
2017-01;"Corse";"Hydraulique";0,064855565
2017-02;"Corse";"Hydraulique";0,099942164
2017-03;"Corse";"Hydraulique";0,069882402
2017-04;"Corse";"Hydraulique";0,04103679
2017-05;"Corse";"Hydraulique";0,018562304
2017-06;"Corse";"Hydraulique";0,00793275
2017-07;"Corse";"Hydraulique";0,005788227
2017-08;"Corse";"Hydraulique";0,005875988
2017-09;"Corse";"Hydraulique";0,00792276
2017-10;"Corse";"Hydraulique";0,001426245
2017-11;"Corse";"Hydraulique";0,00380814
2017-12;"Corse";"Hydraulique";0,055804433
2018-01;"Corse";"Hydraulique";0,082809091
2018-02;"Corse";"Hydraulique";0,054968228
2018-03;"Corse";"Hydraulique";0,117260851
2018-04;"Corse";"Hydraulique";0,09202494
2018-05;"Corse";"Hydraulique";0,086672187
2018-06;"Corse";"Hydraulique";0,03699897
2018-07;"Corse";"Hydraulique";0,013996252
2018-08;"Corse";"Hydraulique";0,014982238
2018-09;"Corse";"Hydraulique";0,00665058
2018-10;"Corse";"Hydraulique";0,020542381
2018-11;"Corse";"Hydraulique";0,06405486
2018-12;"Corse";"Hydraulique";0,049776514
2019-01;"Corse";"Hydraulique";0,023459467
2019-02;"Corse";"Hydraulique";0,064783768
2019-03;"Corse";"Hydraulique";0,019713739
2019-04;"Corse";"Hydraulique";0,02254095
2019-05;"Corse";"Hydraulique";0,052435632
2019-06;"Corse";"Hydraulique";0,01071291
2019-07;"Corse";"Hydraulique";0,009840268
2019-08;"Corse";"Hydraulique";0,008954598
2019-09;"Corse";"Hydraulique";0,00561438
2019-10;"Corse";"Hydraulique";0,001260418
2019-11;"Corse";"Hydraulique";0,08464551
2019-12;"Corse";"Hydraulique";0,099433864
2020-01;"Corse";"Hydraulique";0,056492478
2020-02;"Corse";"Hydraulique";0,036400249
2020-03;"Corse";"Hydraulique";0,078535377
2020-04;"Corse";"Hydraulique";0,05425728
2020-05;"Corse";"Hydraulique";0,053478441
2020-06;"Corse";"Hydraulique";0,02149722
2020-07;"Corse";"Hydraulique";0,008152504
2020-08;"Corse";"Hydraulique";0,008511732
2020-09;"Corse";"Hydraulique";0,01524459
2020-10;"Corse";"Hydraulique";0,055162439
2020-11;"Corse";"Hydraulique";0,02414163
2020-12;"Corse";"Hydraulique";0,087985657
2021-01;"Corse";"Hydraulique";0,098045839
2021-02;"Corse";"Hydraulique";0,096518772
2021-03;"Corse";"Hydraulique";0,066174304
2021-04;"Corse";"Hydraulique";0,04633479
2021-05;"Corse";"Hydraulique";0,069214568
2021-06;"Corse";"Hydraulique";0,02381265
2021-07;"Corse";"Hydraulique";0,00773388
2021-08;"Corse";"Hydraulique";0,008536873
2021-09;"Corse";"Hydraulique";0,00780429
2021-10;"Corse";"Hydraulique";0,004785879
2021-11;"Corse";"Hydraulique";0,03606816
2021-12;"Corse";"Hydraulique";0,071580457
2022-01;"Corse";"Hydraulique";0,045480640423
2022-02;"Corse";"Hydraulique";0,023657344548
2022-03;"Corse";"Hydraulique";0,019258650087
2022-04;"Corse";"Hydraulique";0,05085389199
2022-05;"Corse";"Hydraulique";0,046025251988
2022-06;"Corse";"Hydraulique";0,00524850603
2022-07;"Corse";"Hydraulique";0,005586057927
2022-08;"Corse";"Hydraulique";0,006774346052
2022-09;"Corse";"Hydraulique";0,00543018708
2022-10;"Corse";"Hydraulique";0,006649056018
2022-11;"Corse";"Hydraulique";0,03847160907
2022-12;"Corse";"Hydraulique";0,084442265984
2023-01;"Corse";"Hydraulique";0,087137830498
2023-02;"Corse";"Hydraulique";0,066112861976
2023-03;"Corse";"Hydraulique";0,086485756999
2023-04;"Corse";"Hydraulique";0,03616844595
2023-05;"Corse";"Hydraulique";0,047322470052
2023-06;"Corse";"Hydraulique";0,03899446914
2023-07;"Corse";"Hydraulique";0,010834847107
2023-08;"Corse";"Hydraulique";0,008090573037
2023-09;"Corse";"Hydraulique";0,01075946406
2023-10;"Corse";"Hydraulique";0,019019019064
2023-11;"Corse";"Hydraulique";0,07959070302
2023-12;"Corse";"Hydraulique";0,076247720931
2024-01;"Corse";"Hydraulique";0,045074294004
2024-02;"Corse";"Hydraulique";0,053711718003
2024-03;"Corse";"Hydraulique";0,090552746137
2024-04;"Corse";"Hydraulique";0,04671688809
2024-05;"Corse";"Hydraulique";0,04822451109
2024-06;"Corse";"Hydraulique";0,00827163702
2024-07;"Corse";"Hydraulique";0,012918724054
2024-08;"Corse";"Hydraulique";0,010461227078
2024-09;"Corse";"Hydraulique";0,01118368446
2024-10;"Corse";"Hydraulique";0,038115984962
2024-11;"Corse";"Hydraulique";0,02658337389
2024-12;"Corse";"Hydraulique";0,038526603026
2025-01;"Corse";"Hydraulique";0,06830221196
2025-02;"Corse";"Hydraulique";0,042525168
2025-03;"Corse";"Hydraulique";0,077637655035
2025-04;"Corse";"Hydraulique";0,08032017003
2025-05;"Corse";"Hydraulique";0,046542050911
2025-06;"Corse";"Hydraulique";0,00622215294
2025-07;"Corse";"Hydraulique";0,007468348973
2025-08;"Corse";"Hydraulique";0,013184502089
2025-09;"Corse";"Hydraulique";0,007311999
2025-10;"Corse";"Hydraulique";0,011786763022
2025-11;"Corse";"Hydraulique";0,013184502
2014-01;"Corse";"Production décarbonée";0,102649247
2014-02;"Corse";"Production décarbonée";0,098195605
2014-03;"Corse";"Production décarbonée";0,093541089
2014-04;"Corse";"Production décarbonée";0,086399519
2014-05;"Corse";"Production décarbonée";0,068145869
2014-06;"Corse";"Production décarbonée";0,040834448
2014-07;"Corse";"Production décarbonée";0,030109622
2014-08;"Corse";"Production décarbonée";0,029363152
2014-09;"Corse";"Production décarbonée";0,019226233
2014-10;"Corse";"Production décarbonée";0,013942533
2014-11;"Corse";"Production décarbonée";0,031268772
2014-12;"Corse";"Production décarbonée";0,045946862
2015-01;"Corse";"Production décarbonée";0,041137274
2015-02;"Corse";"Production décarbonée";0,075732536
2015-03;"Corse";"Production décarbonée";0,102658297
2015-04;"Corse";"Production décarbonée";0,08228438
2015-05;"Corse";"Production décarbonée";0,046361752
2015-06;"Corse";"Production décarbonée";0,031010878
2015-07;"Corse";"Production décarbonée";0,030668109
2015-08;"Corse";"Production décarbonée";0,028666329
2015-09;"Corse";"Production décarbonée";0,019374205
2015-10;"Corse";"Production décarbonée";0,026462603
2015-11;"Corse";"Production décarbonée";0,022392434
2015-12;"Corse";"Production décarbonée";0,022529652
2016-01;"Corse";"Production décarbonée";0,093349755
2016-02;"Corse";"Production décarbonée";0,106024645
2016-03;"Corse";"Production décarbonée";0,108057208
2016-04;"Corse";"Production décarbonée";0,062618019
2016-05;"Corse";"Production décarbonée";0,049849263
2016-06;"Corse";"Production décarbonée";0,034185386
2016-07;"Corse";"Production décarbonée";0,030396576
2016-08;"Corse";"Production décarbonée";0,026904188
2016-09;"Corse";"Production décarbonée";0,024548692
2016-10;"Corse";"Production décarbonée";0,020190169
2016-11;"Corse";"Production décarbonée";0,054155537
2016-12;"Corse";"Production décarbonée";0,059666831
2017-01;"Corse";"Production décarbonée";0,075063312
2017-02;"Corse";"Production décarbonée";0,111106441
2017-03;"Corse";"Production décarbonée";0,088659744
2017-04;"Corse";"Production décarbonée";0,061248615
2017-05;"Corse";"Production décarbonée";0,040373471
2017-06;"Corse";"Production décarbonée";0,029023285
2017-07;"Corse";"Production décarbonée";0,030386739
2017-08;"Corse";"Production décarbonée";0,030129583
2017-09;"Corse";"Production décarbonée";0,026739109
2017-10;"Corse";"Production décarbonée";0,018970139
2017-11;"Corse";"Production décarbonée";0,017870426
2017-12;"Corse";"Production décarbonée";0,066367653
2018-01;"Corse";"Production décarbonée";0,093920169
2018-02;"Corse";"Production décarbonée";0,06536152
2018-03;"Corse";"Production décarbonée";0,135001785
2018-04;"Corse";"Production décarbonée";0,113023976
2018-05;"Corse";"Production décarbonée";0,104928442
2018-06;"Corse";"Production décarbonée";0,058969617
2018-07;"Corse";"Production décarbonée";0,041021303
2018-08;"Corse";"Production décarbonée";0,038104491
2018-09;"Corse";"Production décarbonée";0,027225667
2018-10;"Corse";"Production décarbonée";0,034406596
2018-11;"Corse";"Production décarbonée";0,074007634
2018-12;"Corse";"Production décarbonée";0,060978227
2019-01;"Corse";"Production décarbonée";0,036755605
2019-02;"Corse";"Production décarbonée";0,081884068
2019-03;"Corse";"Production décarbonée";0,043519702
2019-04;"Corse";"Production décarbonée";0,04458225
2019-05;"Corse";"Production décarbonée";0,076718554
2019-06;"Corse";"Production décarbonée";0,03947253
2019-07;"Corse";"Production décarbonée";0,037742443
2019-08;"Corse";"Production décarbonée";0,032927741
2019-09;"Corse";"Production décarbonée";0,02724408
2019-10;"Corse";"Production décarbonée";0,018267238
2019-11;"Corse";"Production décarbonée";0,094953262
2019-12;"Corse";"Production décarbonée";0,110720882
2020-01;"Corse";"Production décarbonée";0,069518377
2020-02;"Corse";"Production décarbonée";0,054960218
2020-03;"Corse";"Production décarbonée";0,098029392
2020-04;"Corse";"Production décarbonée";0,077100985
2020-05;"Corse";"Production décarbonée";0,078208885
2020-06;"Corse";"Production décarbonée";0,049185716
2020-07;"Corse";"Production décarbonée";0,036930959
2020-08;"Corse";"Production décarbonée";0,042176633
2020-09;"Corse";"Production décarbonée";0,037006335
2020-10;"Corse";"Production décarbonée";0,074614121
2020-11;"Corse";"Production décarbonée";0,038046121
2020-12;"Corse";"Production décarbonée";0,099404365
2021-01;"Corse";"Production décarbonée";0,111757201
2021-02;"Corse";"Production décarbonée";0,113205856
2021-03;"Corse";"Production décarbonée";0,090891663
2021-04;"Corse";"Production décarbonée";0,07058494
2021-05;"Corse";"Production décarbonée";0,098098333
2021-06;"Corse";"Production décarbonée";0,053757302
2021-07;"Corse";"Production décarbonée";0,040246903
2021-08;"Corse";"Production décarbonée";0,039427368
2021-09;"Corse";"Production décarbonée";0,032536301
2021-10;"Corse";"Production décarbonée";0,024976001
2021-11;"Corse";"Production décarbonée";0,04780025
2021-12;"Corse";"Production décarbonée";0,085512489
2022-01;"Corse";"Production décarbonée";0,0626620629735
2022-02;"Corse";"Production décarbonée";0,045441464675
2022-03;"Corse";"Production décarbonée";0,0412311186555
2022-04;"Corse";"Production décarbonée";0,078438473356
2022-05;"Corse";"Production décarbonée";0,0758875214845
2022-06;"Corse";"Production décarbonée";0,035843574502
2022-07;"Corse";"Production décarbonée";0,0410101163395
2022-08;"Corse";"Production décarbonée";0,0363565380655
2022-09;"Corse";"Production décarbonée";0,030655855762
2022-10;"Corse";"Production décarbonée";0,0280107805655
2022-11;"Corse";"Production décarbonée";0,053785506909
2022-12;"Corse";"Production décarbonée";0,0973031847375
2023-01;"Corse";"Production décarbonée";0,1012094920885
2023-02;"Corse";"Production décarbonée";0,084250869614
2023-03;"Corse";"Production décarbonée";0,1123194257615
2023-04;"Corse";"Production décarbonée";0,066138543136
2023-05;"Corse";"Production décarbonée";0,074154501046
2023-06;"Corse";"Production décarbonée";0,069164382256
2023-07;"Corse";"Production décarbonée";0,0475729855645
2023-08;"Corse";"Production décarbonée";0,0420579233005
2023-09;"Corse";"Production décarbonée";0,038941841176
2023-10;"Corse";"Production décarbonée";0,04312162911
2023-11;"Corse";"Production décarbonée";0,096150249016
2023-12;"Corse";"Production décarbonée";0,09345268312
2024-01;"Corse";"Production décarbonée";0,0643628629385
2024-02;"Corse";"Production décarbonée";0,073707932647
2024-03;"Corse";"Production décarbonée";0,1164278672505
2024-04;"Corse";"Production décarbonée";0,07688402843
2024-05;"Corse";"Production décarbonée";0,0808923230115
2024-06;"Corse";"Production décarbonée";0,042902038169
2024-07;"Corse";"Production décarbonée";0,0521721991285
2024-08;"Corse";"Production décarbonée";0,044931493603
2024-09;"Corse";"Production décarbonée";0,038915105568
2024-10;"Corse";"Production décarbonée";0,0588045327385
2024-11;"Corse";"Production décarbonée";0,046006213472
2024-12;"Corse";"Production décarbonée";0,0570276435265
2025-01;"Corse";"Production décarbonée";0,0850167095975
2025-02;"Corse";"Production décarbonée";0,062443345429
2025-03;"Corse";"Production décarbonée";0,1025474505215
2025-04;"Corse";"Production décarbonée";0,106477115833
2025-05;"Corse";"Production décarbonée";0,079875020422
2025-06;"Corse";"Production décarbonée";0,046051459198
2025-07;"Corse";"Production décarbonée";0,0484441698535
2025-08;"Corse";"Production décarbonée";0,0520288228665
2025-09;"Corse";"Production décarbonée";0,038326762677
2025-10;"Corse";"Production décarbonée";0,0359241594615
2025-11;"Corse";"Production décarbonée";0,032453030845
